uid,id,page,set,section,number,standard,type,question,choices,correct_letter,correct_answer,drawing_answer,required_method,grading_note
G4:S1-M-Q1,S1-M-Q1,9,1,MAIN,1,4.OA.A.1,mc,Which statement matches 24 = 6 × 4?,A. 24 is 6 more than 4. | B. 6 is 4 times as many as 24. | C. 24 is 4 more than 6. | D. 24 is 6 times as many as 4.,D,24 is 6 times as many as 4.,,,
G4:S1-M-Q2,S1-M-Q2,10,1,MAIN,2,4.OA.A.1,sa,Write a comparison statement for 45 = 9 × 5.,,,45 is 9 times as many as 5.,,,"""45 is 5 times as many as 9"" is also correct. A statement with ""more than"" is not correct."
G4:S1-M-Q3,S1-M-Q3,11,1,MAIN,3,4.OA.A.1,tf,56 = 7 × 8 can mean that 56 is 8 times as many as 7.,A. True | B. False,A,True,,,
G4:S1-M-Q4,S1-M-Q4,12,1,MAIN,4,4.OA.A.1,tf,18 = 3 × 6 means that 18 is 3 more than 6.,A. True | B. False,B,False,,,
G4:S1-M-Q5,S1-M-Q5,13,1,MAIN,5,4.OA.A.1,mc,"Which equation means ""63 is 7 times as many as 9""?",A. 63 = 7 + 9 | B. 7 = 63 × 9 | C. 63 = 7 × 9 | D. 63 = 9 - 7,C,63 = 7 × 9,,,
G4:S1-B1-Q1,S1-B1-Q1,15,1,BACKWARD 1,1,3.OA.A.1,sa,What is the total in 4 groups of 6?,,,24,,,
G4:S1-B1-Q2,S1-B1-Q2,16,1,BACKWARD 1,2,3.OA.A.1,tf,5 × 3 can mean 5 groups with 3 objects in each group.,A. True | B. False,A,True,,,
G4:S1-B1-Q3,S1-B1-Q3,17,1,BACKWARD 1,3,3.OA.A.1,mc,Which expression shows 3 groups of 7?,A. 7 - 3 | B. 3 + 7 | C. 7 ÷ 3 | D. 3 × 7,D,3 × 7,,,
G4:S1-B1-Q4,S1-B1-Q4,18,1,BACKWARD 1,4,3.OA.A.1,sa,Write a multiplication equation for 6 groups of 2.,,,6 × 2 = 12,,,
G4:S1-B1-Q5,S1-B1-Q5,19,1,BACKWARD 1,5,3.OA.A.1,tf,2 × 8 means 2 more than 8.,A. True | B. False,B,False,,,
G4:S1-B2-Q1,S1-B2-Q1,21,1,BACKWARD 2,1,3.OA.C.7,sa,Multiply. 9 × 5,,,45,,,
G4:S1-B2-Q2,S1-B2-Q2,22,1,BACKWARD 2,2,3.OA.C.7,tf,7 × 8 = 54,A. True | B. False,B,False,,,
G4:S1-B2-Q3,S1-B2-Q3,23,1,BACKWARD 2,3,3.OA.C.7,mc,6 × 4 = ?,A. 10 | B. 20 | C. 24 | D. 28,C,24,,,
G4:S1-B2-Q4,S1-B2-Q4,24,1,BACKWARD 2,4,3.OA.C.7,sa,Multiply. 8 × 6,,,48,,,
G4:S1-B2-Q5,S1-B2-Q5,25,1,BACKWARD 2,5,3.OA.C.7,sa,Multiply. 7 × 9,,,63,,,
G4:S1-F1-Q1,S1-F1-Q1,27,1,FORWARD 1,1,5.NF.B.5.a,mc,"Without multiplying, how does 3 × 25 compare with 25?",A. It is 3 more. | B. It is smaller than 25. | C. It is equal to 25. | D. It is 3 times as large.,D,It is 3 times as large.,,,
G4:S1-F1-Q2,S1-F1-Q2,28,1,FORWARD 1,2,5.NF.B.5.a,tf,1/2 × 40 is less than 40.,A. True | B. False,A,True,,,
G4:S1-F1-Q3,S1-F1-Q3,29,1,FORWARD 1,3,5.NF.B.5.a,sa,"A rope is 12 feet long. A second rope is 2 1/2 times as long. Without multiplying, is the second rope longer or shorter than the first rope? Explain.",,,Longer,,,"Explanation: 2 1/2 is greater than 1, so 2 1/2 times 12 feet is more than 12 feet. The comparison and this reason are both required; computing 30 feet without comparing the scale factor with 1 is not full credit."
G4:S1-F1-Q4,S1-F1-Q4,30,1,FORWARD 1,4,5.NF.B.5.a,tf,5 × 18 is less than 18.,A. True | B. False,B,False,,,
G4:S1-F1-Q5,S1-F1-Q5,31,1,FORWARD 1,5,5.NF.B.5.a,mc,Which product is greater than 30?,A. 1/2 × 30 | B. 2 × 30 | C. 3/4 × 30 | D. 1/3 × 30,B,2 × 30,,,
G4:S1-F2-Q1,S1-F2-Q1,33,1,FORWARD 2,1,6.RP.A.1,sa,A class has 12 girls and 4 boys. Write the ratio of girls to boys.,,,12 : 4,,,"3 : 1, 12 to 4, and 12/4 are also correct."
G4:S1-F2-Q2,S1-F2-Q2,34,1,FORWARD 2,2,6.RP.A.1,tf,"If there are 3 times as many cats as dogs, the ratio of cats to dogs is 3 : 1.",A. True | B. False,A,True,,,
G4:S1-F2-Q3,S1-F2-Q3,35,1,FORWARD 2,3,6.RP.A.1,mc,A bag has 5 red marbles for every 2 blue marbles. Which statement describes the ratio?,A. There are 5 more red marbles than blue. | B. For every 5 red marbles there are 2 blue marbles. | C. There are 2 times as many red marbles as blue. | D. There are 7 red marbles.,B,For every 5 red marbles there are 2 blue marbles.,,,
G4:S1-F2-Q4,S1-F2-Q4,36,1,FORWARD 2,4,6.RP.A.1,sa,There are 18 apples and 6 pears. How many apples are there for every 1 pear?,,,3,,,
G4:S1-F2-Q5,S1-F2-Q5,37,1,FORWARD 2,5,6.RP.A.1,tf,The ratio 2 : 8 means there are 2 times as many of the first quantity as the second.,A. True | B. False,B,False,,,
G4:S2-M-Q1,S2-M-Q1,40,2,MAIN,1,4.OA.A.1,sa,Write an equation. 32 is 4 times as many as 8.,,,32 = 4 × 8,,,32 = 8 × 4 is also correct.
G4:S2-M-Q2,S2-M-Q2,41,2,MAIN,2,4.OA.A.1,mc,"Kai has 5 stickers. Lena has 3 times as many stickers as Kai. Which equation gives Lena's stickers, s?",A. s = 3 × 5 | B. s = 5 - 3 | C. s = 3 + 5 | D. s = 5 ÷ 3,A,s = 3 × 5,,,
G4:S2-M-Q3,S2-M-Q3,42,2,MAIN,3,4.OA.A.1,sa,Write an equation. 54 is 6 times as many as 9.,,,54 = 6 × 9,,,54 = 9 × 6 is also correct.
G4:S2-M-Q4,S2-M-Q4,43,2,MAIN,4,4.OA.A.1,tf,"""40 is 8 times as many as 5"" can be written as 40 = 8 + 5.",A. True | B. False,B,False,,,
G4:S2-M-Q5,S2-M-Q5,44,2,MAIN,5,4.OA.A.1,sa,"A tree is 7 times as tall as a 2-meter bush. Write an equation for the tree's height, t.",,,t = 7 × 2,,,t = 2 × 7 is also correct. (The tree is 14 meters tall.)
G4:S2-B1-Q1,S2-B1-Q1,46,2,BACKWARD 1,1,3.OA.A.3,sa,There are 6 boxes with 8 crayons in each box. How many crayons are there?,,,48,,,
G4:S2-B1-Q2,S2-B1-Q2,47,2,BACKWARD 1,2,3.OA.A.3,tf,5 bags with 9 apples in each bag hold 45 apples.,A. True | B. False,A,True,,,
G4:S2-B1-Q3,S2-B1-Q3,48,2,BACKWARD 1,3,3.OA.A.3,mc,A garden has 4 rows with 7 plants in each row. How many plants are there?,A. 21 | B. 32 | C. 28 | D. 11,C,28,,,
G4:S2-B1-Q4,S2-B1-Q4,49,2,BACKWARD 1,4,3.OA.A.3,sa,Each pack has 3 juice boxes. How many juice boxes are in 9 packs?,,,27,,,
G4:S2-B1-Q5,S2-B1-Q5,50,2,BACKWARD 1,5,3.OA.A.3,tf,8 teams with 5 players each have 13 players in all.,A. True | B. False,B,False,,,
G4:S2-B2-Q1,S2-B2-Q1,52,2,BACKWARD 2,1,3.OA.A.4,sa,Find the unknown number. ? × 6 = 30,,,5,,,
G4:S2-B2-Q2,S2-B2-Q2,53,2,BACKWARD 2,2,3.OA.A.4,tf,"If 4 × n = 36, then n = 8.",A. True | B. False,B,False,,,
G4:S2-B2-Q3,S2-B2-Q3,54,2,BACKWARD 2,3,3.OA.A.4,mc,8 × ? = 56,A. 8 | B. 7 | C. 6 | D. 48,B,7,,,
G4:S2-B2-Q4,S2-B2-Q4,55,2,BACKWARD 2,4,3.OA.A.4,sa,Find the unknown number. 3 × ? = 27,,,9,,,
G4:S2-B2-Q5,S2-B2-Q5,56,2,BACKWARD 2,5,3.OA.A.4,tf,"If m × 7 = 42, then m = 6.",A. True | B. False,A,True,,,
G4:S2-F1-Q1,S2-F1-Q1,58,2,FORWARD 1,1,5.OA.A.2,sa,Write an expression. 3 times the sum of 8 and 4,,,3 × (8 + 4),,,
G4:S2-F1-Q2,S2-F1-Q2,59,2,FORWARD 1,2,5.OA.A.2,mc,"Which expression means ""add 9 and 6, then multiply by 2""?",A. 9 × 6 + 2 | B. 9 + 6 × 2 | C. (9 + 6) × 2 | D. 2 + 9 × 6,C,(9 + 6) × 2,,,
G4:S2-F1-Q3,S2-F1-Q3,60,2,FORWARD 1,3,5.OA.A.2,tf,5 × (12 - 3) is 5 times as large as 12 - 3.,A. True | B. False,A,True,,,
G4:S2-F1-Q4,S2-F1-Q4,61,2,FORWARD 1,4,5.OA.A.2,sa,Write an expression. 4 times as large as 25 + 15,,,4 × (25 + 15),,,
G4:S2-F1-Q5,S2-F1-Q5,62,2,FORWARD 1,5,5.OA.A.2,tf,2 × (7 + 1) is 2 more than 7 + 1.,A. True | B. False,B,False,,,
G4:S2-F2-Q1,S2-F2-Q1,64,2,FORWARD 2,1,6.EE.A.2.a,sa,Write an expression for 5 times a number n.,,,5n,,,5 × n is also correct.
G4:S2-F2-Q2,S2-F2-Q2,65,2,FORWARD 2,2,6.EE.A.2.a,mc,"Which expression means ""8 more than y""?",A. y + 8 | B. 8 - y | C. y - 8 | D. 8y,A,y + 8,,,
G4:S2-F2-Q3,S2-F2-Q3,66,2,FORWARD 2,3,6.EE.A.2.a,sa,Maya has m marbles. Jo has 4 times as many marbles as Maya. Write an expression for Jo's marbles.,,,4m,,,4 × m is also correct.
G4:S2-F2-Q4,S2-F2-Q4,67,2,FORWARD 2,4,6.EE.A.2.a,tf,"""3 times the sum of x and 2"" can be written as 3(x + 2).",A. True | B. False,A,True,,,
G4:S2-F2-Q5,S2-F2-Q5,68,2,FORWARD 2,5,6.EE.A.2.a,tf,"""7 less than k"" can be written as 7 - k.",A. True | B. False,B,False,,,
G4:S3-M-Q1,S3-M-Q1,71,3,MAIN,1,4.OA.A.2,sa,A puppy weighs 6 pounds. Its mother weighs 8 times as much. How much does the mother weigh?,,,48 pounds,,,
G4:S3-M-Q2,S3-M-Q2,72,3,MAIN,2,4.OA.A.2,sa,Sam read 9 pages. Ana read 5 times as many pages as Sam. How many pages did Ana read?,,,45,,,
G4:S3-M-Q3,S3-M-Q3,73,3,MAIN,3,4.OA.A.2,mc,A red ribbon is 7 inches long. A blue ribbon is 6 times as long. How long is the blue ribbon?,A. 13 inches | B. 48 inches | C. 1 inch | D. 42 inches,D,42 inches,,,
G4:S3-M-Q4,S3-M-Q4,74,3,MAIN,4,4.OA.A.2,sa,A small tank holds 9 gallons. A large tank holds 7 times as much. How much does the large tank hold?,,,63,,,
G4:S3-M-Q5,S3-M-Q5,75,3,MAIN,5,4.OA.A.2,tf,A bike costs $80. A used car costs 100 times as much. The car costs $800.,A. True | B. False,B,False,,,
G4:S3-B1-Q1,S3-B1-Q1,77,3,BACKWARD 1,1,3.OA.A.3,sa,7 vans each carry 8 students. How many students are there in all?,,,56,,,
G4:S3-B1-Q2,S3-B1-Q2,78,3,BACKWARD 1,2,3.OA.A.3,sa,4 children each have 9 crayons. How many crayons are there in all?,,,36,,,
G4:S3-B1-Q3,S3-B1-Q3,79,3,BACKWARD 1,3,3.OA.A.3,tf,6 rows of 6 chairs make 36 chairs.,A. True | B. False,A,True,,,
G4:S3-B1-Q4,S3-B1-Q4,80,3,BACKWARD 1,4,3.OA.A.3,mc,A book has 9 chapters with 9 pages in each chapter. How many pages does it have?,A. 18 | B. 72 | C. 81 | D. 90,C,81,,,
G4:S3-B1-Q5,S3-B1-Q5,81,3,BACKWARD 1,5,3.OA.A.3,tf,5 piles with 8 cards in each pile make 45 cards.,A. True | B. False,B,False,,,
G4:S3-B2-Q1,S3-B2-Q1,83,3,BACKWARD 2,1,3.OA.B.5,tf,6 × 8 = 8 × 6,A. True | B. False,A,True,,,
G4:S3-B2-Q2,S3-B2-Q2,84,3,BACKWARD 2,2,3.OA.B.5,sa,Fill in the blank. 9 × 4 = 4 × ___,,,9,,,
G4:S3-B2-Q3,S3-B2-Q3,85,3,BACKWARD 2,3,3.OA.B.5,mc,Which is equal to 7 × 5?,A. 5 × 7 | B. 7 + 5 | C. 75 | D. 5 + 5 + 5,A,5 × 7,,,
G4:S3-B2-Q4,S3-B2-Q4,86,3,BACKWARD 2,4,3.OA.B.5,sa,3 × 9 = 27. What is 9 × 3?,,,27,,,
G4:S3-B2-Q5,S3-B2-Q5,87,3,BACKWARD 2,5,3.OA.B.5,tf,8 × 2 = 2 + 8,A. True | B. False,B,False,,,
G4:S3-F1-Q1,S3-F1-Q1,89,3,FORWARD 1,1,5.NF.B.6,sa,A pup weighs 6 pounds. An adult dog weighs 4 1/2 times as much. How much does the adult weigh?,,,27 pounds,,,
G4:S3-F1-Q2,S3-F1-Q2,90,3,FORWARD 1,2,5.NF.B.6,sa,A path is 12 miles long. Kim walked 2/3 of the path. How far did she walk?,,,8 miles,,,
G4:S3-F1-Q3,S3-F1-Q3,91,3,FORWARD 1,3,5.NF.B.6,mc,A red rope is 8 feet long. A blue rope is 1 1/4 times as long. How long is the blue rope?,A. 10 feet | B. 9 1/4 feet | C. 2 feet | D. 6 feet,A,10 feet,,,
G4:S3-F1-Q4,S3-F1-Q4,92,3,FORWARD 1,4,5.NF.B.6,tf,A 10-cm plant grows until it is 2 1/2 times as tall. It is then 25 cm tall.,A. True | B. False,A,True,,,
G4:S3-F1-Q5,S3-F1-Q5,93,3,FORWARD 1,5,5.NF.B.6,sa,A recipe uses 3 cups of flour. Mia makes 1/2 of the recipe. How much flour does she use?,,,1 1/2 cups,,,
G4:S3-F2-Q1,S3-F2-Q1,95,3,FORWARD 2,1,6.RP.A.3.b,sa,"5 notebooks cost $15. At the same price, how much do 8 notebooks cost?",,,$24,,,
G4:S3-F2-Q2,S3-F2-Q2,96,3,FORWARD 2,2,6.RP.A.3.b,tf,"If 4 pounds of grapes cost $10, then 1 pound costs $2.50.",A. True | B. False,A,True,,,
G4:S3-F2-Q3,S3-F2-Q3,97,3,FORWARD 2,3,6.RP.A.3.b,mc,A car goes 180 miles in 3 hours at a steady speed. How far does it go in 5 hours?,A. 240 miles | B. 360 miles | C. 300 miles | D. 185 miles,C,300 miles,,,
G4:S3-F2-Q4,S3-F2-Q4,98,3,FORWARD 2,4,6.RP.A.3.b,sa,A printer prints 42 pages in 6 minutes. How many pages does it print per minute?,,,7,,,
G4:S3-F2-Q5,S3-F2-Q5,99,3,FORWARD 2,5,6.RP.A.3.b,tf,"If 3 tickets cost $27, then 7 tickets cost $56.",A. True | B. False,B,False,,,
G4:S4-M-Q1,S4-M-Q1,102,4,MAIN,1,4.OA.A.2,sa,A dog weighs 48 pounds. That is 6 times as much as a cat weighs. How much does the cat weigh?,,,8 pounds,,,
G4:S4-M-Q2,S4-M-Q2,103,4,MAIN,2,4.OA.A.2,sa,Leo has 72 cards. That is 9 times as many cards as Ty has. How many cards does Ty have?,,,8,,,
G4:S4-M-Q3,S4-M-Q3,104,4,MAIN,3,4.OA.A.2,mc,A building is 60 feet tall. That is 5 times as tall as a tree. How tall is the tree?,A. 300 feet | B. 55 feet | C. 65 feet | D. 12 feet,D,12 feet,,,
G4:S4-M-Q4,S4-M-Q4,105,4,MAIN,4,4.OA.A.2,sa,A jacket costs $56. A hat costs $8. The jacket costs how many times as much as the hat?,,,7,,,
G4:S4-M-Q5,S4-M-Q5,106,4,MAIN,5,4.OA.A.2,tf,Mo ran 36 laps. That is 4 times as many laps as Ed ran. Ed ran 9 laps.,A. True | B. False,A,True,,,
G4:S4-B1-Q1,S4-B1-Q1,108,4,BACKWARD 1,1,3.OA.B.6,sa,Find 42 ÷ 6 by thinking 6 × ? = 42.,,,7,,,
G4:S4-B1-Q2,S4-B1-Q2,109,4,BACKWARD 1,2,3.OA.B.6,tf,54 ÷ 9 = 6 because 9 × 6 = 54.,A. True | B. False,A,True,,,
G4:S4-B1-Q3,S4-B1-Q3,110,4,BACKWARD 1,3,3.OA.B.6,mc,Which fact helps you find 63 ÷ 7?,A. 9 + 7 = 16 | B. 63 - 7 = 56 | C. 7 × 9 = 63 | D. 7 × 7 = 49,C,7 × 9 = 63,,,
G4:S4-B1-Q4,S4-B1-Q4,111,4,BACKWARD 1,4,3.OA.B.6,sa,Divide. 32 ÷ 8,,,4,,,
G4:S4-B1-Q5,S4-B1-Q5,112,4,BACKWARD 1,5,3.OA.B.6,tf,48 ÷ 6 = 9 because 6 × 9 = 48.,A. True | B. False,B,False,,,
G4:S4-B2-Q1,S4-B2-Q1,114,4,BACKWARD 2,1,3.OA.A.4,sa,Find the unknown number. 5 × ? = 40,,,8,,,
G4:S4-B2-Q2,S4-B2-Q2,115,4,BACKWARD 2,2,3.OA.A.4,tf,"If 27 ÷ ? = 3, the unknown number is 9.",A. True | B. False,A,True,,,
G4:S4-B2-Q3,S4-B2-Q3,116,4,BACKWARD 2,3,3.OA.A.4,mc,? × 9 = 72,A. 63 | B. 9 | C. 81 | D. 8,D,8,,,
G4:S4-B2-Q4,S4-B2-Q4,117,4,BACKWARD 2,4,3.OA.A.4,sa,Find the unknown number. ? ÷ 4 = 6,,,24,,,
G4:S4-B2-Q5,S4-B2-Q5,118,4,BACKWARD 2,5,3.OA.A.4,tf,"If 6 × ? = 36, the unknown number is 5.",A. True | B. False,B,False,,,
G4:S4-F1-Q1,S4-F1-Q1,120,4,FORWARD 1,1,5.NBT.B.6,sa,A truck carries 384 boxes. That is 12 times as many boxes as a van carries. How many boxes does the van carry?,,,32,,,
G4:S4-F1-Q2,S4-F1-Q2,121,4,FORWARD 1,2,5.NBT.B.6,mc,A school has 864 students in 24 classes of the same size. How many students are in each class?,A. 38 | B. 36 | C. 34 | D. 840,B,36,,,
G4:S4-F1-Q3,S4-F1-Q3,122,4,FORWARD 1,3,5.NBT.B.6,tf,"1,050 ÷ 15 = 70",A. True | B. False,A,True,,,
G4:S4-F1-Q4,S4-F1-Q4,123,4,FORWARD 1,4,5.NBT.B.6,sa,"Divide. 2,016 ÷ 36",,,56,,,
G4:S4-F1-Q5,S4-F1-Q5,124,4,FORWARD 1,5,5.NBT.B.6,tf,A farm has 630 trees in rows of 18 trees. There are 45 rows.,A. True | B. False,B,False,,,
G4:S4-F2-Q1,S4-F2-Q1,126,4,FORWARD 2,1,6.EE.B.7,sa,Solve for c. 6c = 48,,,8,,,
G4:S4-F2-Q2,S4-F2-Q2,127,4,FORWARD 2,2,6.EE.B.7,tf,The solution of 9x = 72 is x = 8.,A. True | B. False,A,True,,,
G4:S4-F2-Q3,S4-F2-Q3,128,4,FORWARD 2,3,6.EE.B.7,mc,Solve for n. 5n = 65,A. 325 | B. 60 | C. 70 | D. 13,D,13,,,
G4:S4-F2-Q4,S4-F2-Q4,129,4,FORWARD 2,4,6.EE.B.7,sa,"A dog weighs 48 pounds, which is 6 times the weight c of a cat. Write and solve an equation for c.",,,6c = 48; c = 8 pounds,,,Any equivalent equation is correct. Both parts are required.
G4:S4-F2-Q5,S4-F2-Q5,130,4,FORWARD 2,5,6.EE.B.7,tf,The solution of 4y = 36 is y = 32.,A. True | B. False,B,False,,,
G4:S5-M-Q1,S5-M-Q1,133,5,MAIN,1,4.OA.A.2,mc,Ana has 4 shells. Ben has 12 shells. Which statement is true?,A. Ben has 3 times as many shells as Ana. | B. Ben has 3 more shells than Ana. | C. Ana has 8 times as many shells as Ben. | D. Ben has 4 more shells than Ana.,A,Ben has 3 times as many shells as Ana.,,,
G4:S5-M-Q2,S5-M-Q2,134,5,MAIN,2,4.OA.A.2,sa,The red team scored 24 points. The blue team scored 6 points. How many more points did the red team score? How many times as many points?,,,18 more; 4 times as many,,,
G4:S5-M-Q3,S5-M-Q3,135,5,MAIN,3,4.OA.A.2,tf,"""8 more than 5"" is 40.",A. True | B. False,B,False,,,
G4:S5-M-Q4,S5-M-Q4,136,5,MAIN,4,4.OA.A.2,mc,Which question is answered by multiplying?,A. A cat is 3 years old. A dog is 4 times as old. How old is the dog? | B. A cat ate 4 treats and then 3 more. How many did it eat? | C. A cat is 3 years old. A dog is 4 years older. How old is the dog? | D. A cat is 7 years old. A dog is 3 years old. How much older is the cat?,A,A cat is 3 years old. A dog is 4 times as old. How old is the dog?,,,
G4:S5-M-Q5,S5-M-Q5,137,5,MAIN,5,4.OA.A.2,tf,"A pencil is 6 inches long. A ruler that is 2 times as long is 12 inches, but a crayon that is 2 inches longer than the pencil is 8 inches.",A. True | B. False,A,True,,,
G4:S5-B1-Q1,S5-B1-Q1,139,5,BACKWARD 1,1,2.OA.A.1,sa,Jo has 15 stamps. Ty has 9 stamps. How many more stamps does Jo have?,,,6,,,
G4:S5-B1-Q2,S5-B1-Q2,140,5,BACKWARD 1,2,2.OA.A.1,tf,Mia has 8 beads. That is 5 more beads than Kim has. Kim has 3 beads.,A. True | B. False,A,True,,,
G4:S5-B1-Q3,S5-B1-Q3,141,5,BACKWARD 1,3,2.OA.A.1,mc,A red rope is 34 cm long. A green rope is 18 cm long. How much longer is the red rope?,A. 14 cm | B. 16 cm | C. 52 cm | D. 26 cm,B,16 cm,,,
G4:S5-B1-Q4,S5-B1-Q4,142,5,BACKWARD 1,4,2.OA.A.1,sa,A tower has 27 blocks. Another tower has 8 more blocks. How many blocks does it have?,,,35,,,
G4:S5-B1-Q5,S5-B1-Q5,143,5,BACKWARD 1,5,2.OA.A.1,tf,Sam has 20 cards. Lee has 6 fewer cards. Lee has 26 cards.,A. True | B. False,B,False,,,
G4:S5-B2-Q1,S5-B2-Q1,145,5,BACKWARD 2,1,3.OA.C.7,sa,Multiply. 4 × 9,,,36,,,
G4:S5-B2-Q2,S5-B2-Q2,146,5,BACKWARD 2,2,3.OA.C.7,tf,6 × 7 = 42,A. True | B. False,A,True,,,
G4:S5-B2-Q3,S5-B2-Q3,147,5,BACKWARD 2,3,3.OA.C.7,mc,3 × 8 = ?,A. 21 | B. 24 | C. 11 | D. 32,B,24,,,
G4:S5-B2-Q4,S5-B2-Q4,148,5,BACKWARD 2,4,3.OA.C.7,sa,Multiply. 5 × 6,,,30,,,
G4:S5-B2-Q5,S5-B2-Q5,149,5,BACKWARD 2,5,3.OA.C.7,tf,8 × 8 = 16,A. True | B. False,B,False,,,
G4:S5-F1-Q1,S5-F1-Q1,151,5,FORWARD 1,1,5.OA.A.2,tf,6 × (25 + 9) is 6 times as large as 25 + 9.,A. True | B. False,A,True,,,
G4:S5-F1-Q2,S5-F1-Q2,152,5,FORWARD 1,2,5.OA.A.2,mc,How does 4 × (17 - 3) compare with 17 - 3?,A. It is 4 times as large. | B. It is the same. | C. It is 4 less. | D. It is 4 more.,A,It is 4 times as large.,,,
G4:S5-F1-Q3,S5-F1-Q3,153,5,FORWARD 1,3,5.OA.A.2,tf,(48 + 6) + 3 is 3 times as large as 48 + 6.,A. True | B. False,B,False,,,
G4:S5-F1-Q4,S5-F1-Q4,154,5,FORWARD 1,4,5.OA.A.2,sa,"Without calculating, how does 10 × (325 + 19) compare with 325 + 19?",,,It is 10 times as large.,,,
G4:S5-F1-Q5,S5-F1-Q5,155,5,FORWARD 1,5,5.OA.A.2,mc,Which expression is 2 more than 9 × 7?,A. 9 × (7 + 2) | B. 2 × 9 × 7 | C. 9 × 7 + 2 | D. (9 + 2) × 7,C,9 × 7 + 2,,,
G4:S5-F2-Q1,S5-F2-Q1,157,5,FORWARD 2,1,6.EE.C.9,mc,Which equation shows that y is always 4 times x?,A. y = 4x | B. y = x + 4 | C. y = x - 4 | D. x = 4y,A,y = 4x,,,
G4:S5-F2-Q2,S5-F2-Q2,158,5,FORWARD 2,2,6.EE.C.9,tf,The table fits the equation y = 5x.,A. True | B. False,B,False,,,
G4:S5-F2-Q3,S5-F2-Q3,159,5,FORWARD 2,3,6.EE.C.9,sa,Write an equation for y in terms of x.,,,y = 3x,,,
G4:S5-F2-Q4,S5-F2-Q4,160,5,FORWARD 2,4,6.EE.C.9,sa,Write an equation for y in terms of x.,,,y = x + 3,,,
G4:S5-F2-Q5,S5-F2-Q5,161,5,FORWARD 2,5,6.EE.C.9,tf,"In y = x + 6, y is always 6 more than x.",A. True | B. False,A,True,,,
G4:S6-M-Q1,S6-M-Q1,164,6,MAIN,1,4.OA.A.3,sa,A school bought 8 packs of 24 pencils. It gave away 57 pencils. Write an equation with a letter for the number of pencils left. Then solve it.,,,p = 8 × 24 - 57; p = 135,,,Any equivalent equation with a letter is correct. 8 × 24 = 192 and 192 - 57 = 135. Both parts are required.
G4:S6-M-Q2,S6-M-Q2,165,6,MAIN,2,4.OA.A.3,sa,Ty has $250. He buys 3 games that cost $45 each. Write an equation with a letter for the money left. Then solve it.,,,m = 250 - 3 × 45; m = $115,,,Any equivalent equation with a letter is correct. 3 × 45 = 135 and 250 - 135 = 115. Both parts are required.
G4:S6-M-Q3,S6-M-Q3,166,6,MAIN,3,4.OA.A.3,mc,"A farmer has 6 crates with 35 apples in each crate. She sells 98 apples. Which equation gives the number of apples left, a?",A. a = 6 × 35 - 98 | B. a = 6 + 35 - 98 | C. a = 98 - 6 × 35 | D. a = 6 × (35 - 98),A,a = 6 × 35 - 98,,,
G4:S6-M-Q4,S6-M-Q4,167,6,MAIN,4,4.OA.A.3,sa,Tickets cost $9 for adults and $6 for children. A group buys 4 adult tickets and 7 child tickets. Write an equation with a letter for the total cost. Then solve it.,,,c = 4 × 9 + 7 × 6; c = $78,,,Any equivalent equation with a letter is correct. 36 + 42 = 78. Both parts are required.
G4:S6-M-Q5,S6-M-Q5,168,6,MAIN,5,4.OA.A.3,tf,"A baker makes 128 rolls and puts them in bags of 8. She sells 11 bags. The equation b = 128 ÷ 8 - 11 gives the bags left, and b = 5.",A. True | B. False,A,True,,,
G4:S6-B2-Q1,S6-B2-Q1,170,6,BACKWARD 2,1,3.NBT.A.2,sa,Subtract. 725 - 257,,,468,,,
G4:S6-B2-Q2,S6-B2-Q2,171,6,BACKWARD 2,2,3.NBT.A.2,sa,Subtract. 803 - 469,,,334,,,
G4:S6-B2-Q3,S6-B2-Q3,172,6,BACKWARD 2,3,3.NBT.A.2,tf,825 - 475 = 350,A. True | B. False,A,True,,,
G4:S6-B2-Q4,S6-B2-Q4,173,6,BACKWARD 2,4,3.NBT.A.2,mc,612 - 238 = ?,A. 484 | B. 374 | C. 386 | D. 850,B,374,,,
G4:S6-B2-Q5,S6-B2-Q5,174,6,BACKWARD 2,5,3.NBT.A.2,tf,900 - 345 = 665,A. True | B. False,B,False,,,
G4:S6-B3-Q1,S6-B3-Q1,176,6,BACKWARD 3,1,3.OA.A.3,sa,There are 8 packs with 6 pencils in each pack. Write an equation with a symbol for the total number of pencils. Then find the total.,,,8 × 6 = p; p = 48,,,Any equation with a symbol for the total (such as 8 × 6 = ? or p = 6 × 8) is correct. Both parts are required.
G4:S6-B3-Q2,S6-B3-Q2,177,6,BACKWARD 3,2,3.OA.A.3,tf,"Ann buys 3 packs with 8 beads in each pack. The equation 3 × 8 = b gives the number of beads she buys, and b = 24.",A. True | B. False,A,True,,,
G4:S6-B3-Q3,S6-B3-Q3,178,6,BACKWARD 3,3,3.OA.A.3,mc,"There are 7 rows with 6 chairs in each row. Which equation gives the number of chairs, c?",A. 7 - 6 = c | B. 7 + 6 = c | C. 7 ÷ 6 = c | D. 7 × 6 = c,D,7 × 6 = c,,,
G4:S6-B3-Q4,S6-B3-Q4,179,6,BACKWARD 3,4,3.OA.A.3,sa,Leo has 3 boxes with 9 markers in each box. How many markers does he have?,,,27,,,
G4:S6-B3-Q5,S6-B3-Q5,180,6,BACKWARD 3,5,3.OA.A.3,tf,6 bags with 9 oranges in each bag hold 15 oranges.,A. True | B. False,B,False,,,
G4:S6-F1-Q1,S6-F1-Q1,182,6,FORWARD 1,1,5.OA.A.1,sa,Evaluate. 8 × 24 - 57,,,135,,,
G4:S6-F1-Q2,S6-F1-Q2,183,6,FORWARD 1,2,5.OA.A.1,sa,Evaluate. 250 - 3 × 45,,,115,,,
G4:S6-F1-Q3,S6-F1-Q3,184,6,FORWARD 1,3,5.OA.A.1,mc,Evaluate. (36 + 12) ÷ 6,A. 38 | B. 8 | C. 12 | D. 42,B,8,,,
G4:S6-F1-Q4,S6-F1-Q4,185,6,FORWARD 1,4,5.OA.A.1,tf,4 × (9 + 6) = 42,A. True | B. False,B,False,,,
G4:S6-F1-Q5,S6-F1-Q5,186,6,FORWARD 1,5,5.OA.A.1,sa,Evaluate. [40 - (5 × 6)] × 3,,,30,,,
G4:S6-F2-Q1,S6-F2-Q1,188,6,FORWARD 2,1,6.EE.B.6,sa,Pens cost $3 each. Write an expression for the cost of p pens.,,,3p,,,3 × p is also correct.
G4:S6-F2-Q2,S6-F2-Q2,189,6,FORWARD 2,2,6.EE.B.6,mc,Ty has 40 stickers and gives away s stickers. Which expression shows how many he has left?,A. 40 - s | B. s - 40 | C. 40s | D. 40 + s,A,40 - s,,,
G4:S6-F2-Q3,S6-F2-Q3,190,6,FORWARD 2,3,6.EE.B.6,sa,A movie ticket costs $9 and a popcorn costs $4. Write an expression for the cost of t tickets and one popcorn.,,,9t + 4,,,
G4:S6-F2-Q4,S6-F2-Q4,191,6,FORWARD 2,4,6.EE.B.6,tf,"If n is the number of packs with 12 cards in each pack, then 12n is the total number of cards.",A. True | B. False,A,True,,,
G4:S6-F2-Q5,S6-F2-Q5,192,6,FORWARD 2,5,6.EE.B.6,tf,The expression 5 + b means 5 times b.,A. True | B. False,B,False,,,
G4:S7-M-Q1,S7-M-Q1,195,7,MAIN,1,4.OA.A.3,sa,29 students ride in cars that hold 4 students each. How many cars are needed?,,,8,,,"29 ÷ 4 = 7 R 1. The 1 extra student needs another car, so 8 cars."
G4:S7-M-Q2,S7-M-Q2,196,7,MAIN,2,4.OA.A.3,sa,A baker has 50 muffins. She puts 6 muffins in each box. How many boxes can she fill completely?,,,8,,,50 ÷ 6 = 8 R 2. The 2 left over do not fill a box.
G4:S7-M-Q3,S7-M-Q3,197,7,MAIN,3,4.OA.A.3,mc,Ella shares 35 stickers equally among 4 friends. How many stickers are left over?,A. 8 | B. 3 | C. 4 | D. 1,B,3,,,
G4:S7-M-Q4,S7-M-Q4,198,7,MAIN,4,4.OA.A.3,sa,"A rope 46 feet long is cut into 5-foot pieces. How many full pieces are there, and how much rope is left over?",,,9 pieces; 1 foot,,,
G4:S7-M-Q5,S7-M-Q5,199,7,MAIN,5,4.OA.A.3,tf,70 people need tables that seat 8 people each. They need 8 tables.,A. True | B. False,B,False,,,
G4:S7-B1-Q1,S7-B1-Q1,201,7,BACKWARD 1,1,3.OA.A.2,sa,24 pencils are shared equally by 6 students. How many pencils does each student get?,,,4,,,
G4:S7-B1-Q2,S7-B1-Q2,202,7,BACKWARD 1,2,3.OA.A.2,tf,30 ÷ 5 can mean 30 objects put into groups of 5.,A. True | B. False,A,True,,,
G4:S7-B1-Q3,S7-B1-Q3,203,7,BACKWARD 1,3,3.OA.A.2,mc,Which question does 18 ÷ 3 answer?,A. What is 3 more than 18? | B. How many groups of 3 are in 18? | C. What is 18 take away 3? | D. How many are in 18 groups of 3?,B,How many groups of 3 are in 18?,,,
G4:S7-B1-Q4,S7-B1-Q4,204,7,BACKWARD 1,4,3.OA.A.2,sa,40 crayons are put into boxes of 8. How many boxes are filled?,,,5,,,
G4:S7-B1-Q5,S7-B1-Q5,205,7,BACKWARD 1,5,3.OA.A.2,tf,12 ÷ 4 means 12 groups of 4.,A. True | B. False,B,False,,,
G4:S7-B2-Q1,S7-B2-Q1,207,7,BACKWARD 2,1,3.OA.C.7,sa,Divide. 56 ÷ 7,,,8,,,
G4:S7-B2-Q2,S7-B2-Q2,208,7,BACKWARD 2,2,3.OA.C.7,tf,45 ÷ 5 = 9,A. True | B. False,A,True,,,
G4:S7-B2-Q3,S7-B2-Q3,209,7,BACKWARD 2,3,3.OA.C.7,mc,64 ÷ 8 = ?,A. 56 | B. 7 | C. 9 | D. 8,D,8,,,
G4:S7-B2-Q4,S7-B2-Q4,210,7,BACKWARD 2,4,3.OA.C.7,sa,Divide. 36 ÷ 4,,,9,,,
G4:S7-B2-Q5,S7-B2-Q5,211,7,BACKWARD 2,5,3.OA.C.7,tf,81 ÷ 9 = 8,A. True | B. False,B,False,,,
G4:S7-F1-Q1,S7-F1-Q1,213,7,FORWARD 1,1,5.NF.B.3,sa,3 friends share 7 pizzas equally. How much pizza does each friend get? Write a mixed number.,,,2 1/3 pizzas,,,
G4:S7-F1-Q2,S7-F1-Q2,214,7,FORWARD 1,2,5.NF.B.3,tf,"When 9 feet of ribbon is cut into 4 equal pieces, each piece is 2 1/4 feet long.",A. True | B. False,A,True,,,
G4:S7-F1-Q3,S7-F1-Q3,215,7,FORWARD 1,3,5.NF.B.3,mc,5 sandwiches are shared equally by 2 people. How much does each person get?,A. 2/5 sandwich | B. 2 sandwiches | C. 2 1/2 sandwiches | D. 3 sandwiches,C,2 1/2 sandwiches,,,
G4:S7-F1-Q4,S7-F1-Q4,216,7,FORWARD 1,4,5.NF.B.3,sa,Write 17 ÷ 5 as a mixed number.,,,3 2/5,,,
G4:S7-F1-Q5,S7-F1-Q5,217,7,FORWARD 1,5,5.NF.B.3,tf,11 ÷ 4 = 2 1/4,A. True | B. False,B,False,,,
G4:S7-F2-Q1,S7-F2-Q1,219,7,FORWARD 2,1,6.NS.B.2,work,"Use the standard algorithm to divide. Show your work. 4,368 ÷ 52",,,84,,"The standard division algorithm with every step shown (divide, multiply, subtract, bring down). A correct quotient without the algorithm earns partial credit.",
G4:S7-F2-Q2,S7-F2-Q2,220,7,FORWARD 2,2,6.NS.B.2,sa,"Divide. 7,695 ÷ 81",,,95,,,
G4:S7-F2-Q3,S7-F2-Q3,221,7,FORWARD 2,3,6.NS.B.2,mc,"Divide. 9,072 ÷ 36",A. 25 | B. 252 | C. 242 | D. 262,B,252,,,
G4:S7-F2-Q4,S7-F2-Q4,222,7,FORWARD 2,4,6.NS.B.2,sa,"Divide. Write the quotient and the remainder. 1,000 ÷ 23",,,43 R 11,,,
G4:S7-F2-Q5,S7-F2-Q5,223,7,FORWARD 2,5,6.NS.B.2,tf,"3,240 ÷ 45 = 72",A. True | B. False,A,True,,,
G4:S65-M-Q1,S65-M-Q1,226,65,MAIN,1,4.OA.A.3,sa,"32 students are going on a trip, but 3 students stay home. The rest ride in cars that hold 4 students each. Write an equation with a letter for the number of students who ride. Then find how many cars are needed.",,,"s = 32 - 3, so s = 29; 8 cars",,,"Any equivalent equation with a letter is correct. 29 ÷ 4 = 7 R 1, and the 1 extra student needs another car, so 8 cars (not 7, and not 7 R 1). Both parts are required."
G4:S65-M-Q2,S65-M-Q2,227,65,MAIN,2,4.OA.A.3,sa,A baker makes 4 trays of 15 muffins. She packs all the muffins in boxes that hold 8 muffins each. How many boxes can she fill completely? How many muffins are left over?,,,7 full boxes; 4 muffins left over,,,4 × 15 = 60 and 60 ÷ 8 = 7 R 4. Both parts are required.
G4:S65-M-Q3,S65-M-Q3,228,65,MAIN,3,4.OA.A.3,mc,"A class has $100. It buys a game for $30, then spends the rest on puzzles that cost $9 each. How many puzzles can it buy?",A. 8 | B. 11 | C. 9 | D. 7,D,7,,,
G4:S65-M-Q4,S65-M-Q4,229,65,MAIN,4,4.OA.A.3,sa,Ms. Ruiz has 3 bags with 18 apples in each bag. She puts all the apples in baskets that hold 5 apples each. Write an equation with a letter for the number of apples. Then find the fewest baskets she needs.,,,"a = 3 × 18, so a = 54; 11 baskets",,,"Any equivalent equation with a letter is correct. 54 ÷ 5 = 10 R 4, and the 4 extra apples need an 11th basket. Both parts are required."
G4:S65-M-Q5,S65-M-Q5,230,65,MAIN,5,4.OA.A.3,tf,"Ty has 50 feet of ribbon. He uses 8 feet for a bow and cuts the rest into 5-foot pieces. He gets 8 full pieces, and 2 feet are left over.",A. True | B. False,A,True,,,
G4:S65-B1-Q1,S65-B1-Q1,232,65,BACKWARD 1,1,3.OA.A.3,sa,28 students ride in 4 cars with the same number of students in each car. How many students ride in each car?,,,7,,,
G4:S65-B1-Q2,S65-B1-Q2,233,65,BACKWARD 1,2,3.OA.A.3,tf,48 muffins packed 8 to a box fill 6 boxes.,A. True | B. False,A,True,,,
G4:S65-B1-Q3,S65-B1-Q3,234,65,BACKWARD 1,3,3.OA.A.3,mc,A coach puts 45 balls into 5 bins with the same number in each bin. How many balls are in each bin?,A. 40 | B. 8 | C. 9 | D. 50,C,9,,,
G4:S65-B1-Q4,S65-B1-Q4,235,65,BACKWARD 1,4,3.OA.A.3,sa,Ty cuts 36 feet of rope into 4-foot pieces. How many pieces does he get?,,,9,,,
G4:S65-B1-Q5,S65-B1-Q5,236,65,BACKWARD 1,5,3.OA.A.3,tf,63 apples shared equally by 9 baskets puts 8 apples in each basket.,A. True | B. False,B,False,,,
G4:S65-B2-Q1,S65-B2-Q1,238,65,BACKWARD 2,1,3.NBT.A.2,sa,Subtract. 100 - 28,,,72,,,
G4:S65-B2-Q2,S65-B2-Q2,239,65,BACKWARD 2,2,3.NBT.A.2,tf,250 - 76 = 174,A. True | B. False,A,True,,,
G4:S65-B2-Q3,S65-B2-Q3,240,65,BACKWARD 2,3,3.NBT.A.2,mc,512 - 145 = ?,A. 433 | B. 657 | C. 377 | D. 367,D,367,,,
G4:S65-B2-Q4,S65-B2-Q4,241,65,BACKWARD 2,4,3.NBT.A.2,sa,Subtract. 403 - 167,,,236,,,
G4:S65-B2-Q5,S65-B2-Q5,242,65,BACKWARD 2,5,3.NBT.A.2,tf,600 - 254 = 356,A. True | B. False,B,False,,,
G4:S65-F1-Q1,S65-F1-Q1,244,65,FORWARD 1,1,5.NBT.B.6,sa,"A school has 412 students, and 20 are absent. The rest ride buses that hold 48 students each. How many buses are needed?",,,9,,,"412 - 20 = 392 and 392 ÷ 48 = 8 R 8. The 8 extra students need another bus, so 9 buses."
G4:S65-F1-Q2,S65-F1-Q2,245,65,FORWARD 1,2,5.NBT.B.6,tf,A farm packs 4 crates of 96 eggs into cartons of 12. It fills exactly 32 cartons.,A. True | B. False,A,True,,,
G4:S65-F1-Q3,S65-F1-Q3,246,65,FORWARD 1,3,5.NBT.B.6,mc,A club has $500. It spends $86 on snacks and the rest on tickets that cost $25 each. How many tickets can it buy?,A. 414 | B. 16 | C. 17 | D. 20,B,16,,,
G4:S65-F1-Q4,S65-F1-Q4,247,65,FORWARD 1,4,5.NBT.B.6,sa,A printer makes 3 boxes of 250 cards. The cards are tied in stacks of 35. How many full stacks are there? How many cards are left over?,,,21 full stacks; 15 cards left over,,,3 × 250 = 750 and 750 ÷ 35 = 21 R 15. Both parts are required.
G4:S65-F1-Q5,S65-F1-Q5,248,65,FORWARD 1,5,5.NBT.B.6,tf,"A hall has 340 seats, and 15 are closed. The open seats are split into rows of 26. There are 13 full rows.",A. True | B. False,B,False,,,
G4:S65-F2-Q1,S65-F2-Q1,250,65,FORWARD 2,1,6.NS.B.2,work,"A theater has 2,450 seats, and 90 are closed for repairs. The open seats are sold in blocks of 24. Use the standard algorithm to find how many full blocks can be sold. Show your work.",,,98,,"The standard division algorithm with every step shown (divide, multiply, subtract, bring down). A correct quotient without the algorithm earns partial credit.","2,450 - 90 = 2,360 and 2,360 ÷ 24 = 98 R 8, so 98 full blocks."
G4:S65-F2-Q2,S65-F2-Q2,251,65,FORWARD 2,2,6.NS.B.2,sa,"A factory makes 6 batches of 1,250 bolts. It packs them in boxes that hold 144 bolts each. How many boxes are needed to pack every bolt?",,,53,,,"6 × 1,250 = 7,500 and 7,500 ÷ 144 = 52 R 12. The 12 extra bolts need another box, so 53 boxes."
G4:S65-F2-Q3,S65-F2-Q3,252,65,FORWARD 2,3,6.NS.B.2,mc,"A charity has $5,000. It spends $310 on shipping and the rest on blankets that cost $45 each. How many blankets can it buy?","A. 104 | B. 105 | C. 111 | D. 4,690",A,104,,,
G4:S65-F2-Q4,S65-F2-Q4,253,65,FORWARD 2,4,6.NS.B.2,sa,"1,000 runners sign up for a race, and 64 do not start. The starters run in waves of 36. How many waves are needed so every starter runs?",,,26,,,"1,000 - 64 = 936 and 936 ÷ 36 = 26 with no remainder, so 26 waves."
G4:S65-F2-Q5,S65-F2-Q5,254,65,FORWARD 2,5,6.NS.B.2,tf,"A school orders 3 cases of 1,200 pencils and shares them equally among 28 classes. Each class gets 128 pencils, and 16 pencils are left over.",A. True | B. False,A,True,,,
G4:S8-M-Q1,S8-M-Q1,257,8,MAIN,1,4.OA.A.3,sa,Round each number to the nearest hundred. Then estimate the sum. 512 + 289,,,500 and 300; 800,,,"Both parts are required. The exact sum, 801, is not the estimate asked for."
G4:S8-M-Q2,S8-M-Q2,258,8,MAIN,2,4.OA.A.3,sa,Mia says 48 × 6 = 188. Round 48 to the nearest ten and estimate 48 × 6. Is her answer reasonable?,,,300; no,,,"50 × 6 = 300, which is far from 188 (the exact product is 288). Both parts are required."
G4:S8-M-Q3,S8-M-Q3,259,8,MAIN,3,4.OA.A.3,mc,Round each number to the nearest ten. Which is the estimate of 73 + 28 + 41?,A. 150 | B. 142 | C. 140 | D. 130,C,140,,,
G4:S8-M-Q4,S8-M-Q4,260,8,MAIN,4,4.OA.A.3,sa,"A store had 1,215 shirts and sold 487 of them. Round each number to the nearest hundred to estimate how many shirts are left.",,,700,,,"1,200 - 500 = 700. The exact answer, 728, is not the estimate asked for."
G4:S8-M-Q5,S8-M-Q5,261,8,MAIN,5,4.OA.A.3,tf,"Rounding each number to the nearest hundred, 395 + 612 is about 900.",A. True | B. False,B,False,,,
G4:S8-B1-Q1,S8-B1-Q1,263,8,BACKWARD 1,1,3.NBT.A.1,sa,Round 67 to the nearest ten.,,,70,,,
G4:S8-B1-Q2,S8-B1-Q2,264,8,BACKWARD 1,2,3.NBT.A.1,tf,348 rounded to the nearest hundred is 400.,A. True | B. False,B,False,,,
G4:S8-B1-Q3,S8-B1-Q3,265,8,BACKWARD 1,3,3.NBT.A.1,mc,Round 452 to the nearest ten.,A. 400 | B. 460 | C. 500 | D. 450,D,450,,,
G4:S8-B1-Q4,S8-B1-Q4,266,8,BACKWARD 1,4,3.NBT.A.1,sa,Round 815 to the nearest hundred.,,,800,,,
G4:S8-B1-Q5,S8-B1-Q5,267,8,BACKWARD 1,5,3.NBT.A.1,tf,75 rounded to the nearest ten is 80.,A. True | B. False,A,True,,,
G4:S8-B2-Q1,S8-B2-Q1,269,8,BACKWARD 2,1,3.OA.D.8,tf,"Rounding each number to the nearest ten, 38 + 51 is about 90.",A. True | B. False,A,True,,,
G4:S8-B2-Q2,S8-B2-Q2,270,8,BACKWARD 2,2,3.OA.D.8,mc,Leo says 297 + 102 = 499. Rounding to the nearest hundred gives 300 + 100 = 400. What does the estimate show?,A. An estimate cannot check a sum. | B. His answer is too big. | C. His answer is correct. | D. His answer is too small.,B,His answer is too big.,,,
G4:S8-B2-Q3,S8-B2-Q3,271,8,BACKWARD 2,3,3.OA.D.8,sa,Round each number to the nearest ten. Then estimate. 62 - 29,,,30,,,
G4:S8-B2-Q4,S8-B2-Q4,272,8,BACKWARD 2,4,3.OA.D.8,tf,"Rounding each number to the nearest hundred, 710 - 290 is about 600.",A. True | B. False,B,False,,,
G4:S8-B2-Q5,S8-B2-Q5,273,8,BACKWARD 2,5,3.OA.D.8,sa,Round each number to the nearest ten. Then estimate. 47 + 33,,,80,,,
G4:S8-F1-Q1,S8-F1-Q1,275,8,FORWARD 1,1,5.NBT.A.4,sa,Round each number to the nearest whole number. Then estimate. 4.8 + 7.3,,,12,,,
G4:S8-F1-Q2,S8-F1-Q2,276,8,FORWARD 1,2,5.NBT.A.4,tf,"Rounding each number to the nearest whole number, 9.6 - 3.2 is about 7.",A. True | B. False,A,True,,,
G4:S8-F1-Q3,S8-F1-Q3,277,8,FORWARD 1,3,5.NBT.A.4,mc,Round 6.47 to the nearest tenth.,A. 6.4 | B. 6 | C. 6.5 | D. 7,C,6.5,,,
G4:S8-F1-Q4,S8-F1-Q4,278,8,FORWARD 1,4,5.NBT.A.4,sa,Round each number to the nearest whole number. Then estimate. 2.9 × 4.1,,,12,,,
G4:S8-F1-Q5,S8-F1-Q5,279,8,FORWARD 1,5,5.NBT.A.4,tf,"Rounding each number to the nearest whole number, 12.5 + 6.5 is about 18.",A. True | B. False,B,False,,,
G4:S8-F2-Q1,S8-F2-Q1,281,8,FORWARD 2,1,6.NS.B.3,sa,Round each number to the nearest whole number. Use your estimate to decide whether 18.75 + 6.4 = 25.15 is reasonable.,,,25; yes,,,19 + 6 = 25. Both parts are required.
G4:S8-F2-Q2,S8-F2-Q2,282,8,FORWARD 2,2,6.NS.B.3,tf,"Rounding each number to the nearest whole number, 3.9 × 5.2 is about 20, so a product of 202.8 is not reasonable.",A. True | B. False,A,True,,,
G4:S8-F2-Q3,S8-F2-Q3,283,8,FORWARD 2,3,6.NS.B.3,mc,"Ann computed 45.6 ÷ 3.8 = 1.2. Rounding each number to the nearest whole number gives 46 ÷ 4, which equals 11.5. What does this show?",A. Her answer is too large. | B. The estimate cannot be used. | C. Her answer is far too small. | D. Her answer is correct.,C,Her answer is far too small.,,,
G4:S8-F2-Q4,S8-F2-Q4,284,8,FORWARD 2,4,6.NS.B.3,sa,Multiply. 12.4 × 3.5,,,43.4,,,
G4:S8-F2-Q5,S8-F2-Q5,285,8,FORWARD 2,5,6.NS.B.3,tf,"Rounding each number to the nearest whole number, 7.1 × 2.9 is about 21, so a product of 2.059 is reasonable.",A. True | B. False,B,False,,,
G4:S9-M-Q1,S9-M-Q1,288,9,MAIN,1,4.OA.B.4,sa,List all the factor pairs of 24.,,,"1 × 24, 2 × 12, 3 × 8, 4 × 6",,,"All four pairs are required, in any order."
G4:S9-M-Q2,S9-M-Q2,289,9,MAIN,2,4.OA.B.4,sa,List all the factor pairs of 45.,,,"1 × 45, 3 × 15, 5 × 9",,,All three pairs are required.
G4:S9-M-Q3,S9-M-Q3,290,9,MAIN,3,4.OA.B.4,mc,Which is NOT a factor pair of 60?,A. 7 × 9 | B. 5 × 12 | C. 6 × 10 | D. 4 × 15,A,7 × 9,,,
G4:S9-M-Q4,S9-M-Q4,291,9,MAIN,4,4.OA.B.4,tf,36 has exactly 5 factor pairs.,A. True | B. False,A,True,,,
G4:S9-M-Q5,S9-M-Q5,292,9,MAIN,5,4.OA.B.4,sa,How many factors does 18 have? List them.,,,"6; 1, 2, 3, 6, 9, 18",,,
G4:S9-B1-Q1,S9-B1-Q1,294,9,BACKWARD 1,1,3.OA.B.6,sa,Find 24 ÷ 4 by finding the unknown factor. 4 × ? = 24,,,6,,,
G4:S9-B1-Q2,S9-B1-Q2,295,9,BACKWARD 1,2,3.OA.B.6,tf,32 ÷ 8 = 4 because 8 × 4 = 32.,A. True | B. False,A,True,,,
G4:S9-B1-Q3,S9-B1-Q3,296,9,BACKWARD 1,3,3.OA.B.6,mc,Which unknown-factor equation helps you find 45 ÷ 5?,A. 5 × ? = 45 | B. 5 - ? = 45 | C. 45 + ? = 5 | D. 45 × 5 = ?,A,5 × ? = 45,,,
G4:S9-B1-Q4,S9-B1-Q4,297,9,BACKWARD 1,4,3.OA.B.6,sa,Write the unknown-factor equation for 28 ÷ 7. Then find the quotient.,,,7 × ? = 28; 4,,,? × 7 = 28 is also correct. Both parts are required.
G4:S9-B1-Q5,S9-B1-Q5,298,9,BACKWARD 1,5,3.OA.B.6,tf,48 ÷ 6 = 7 because 6 × 7 = 48.,A. True | B. False,B,False,,,
G4:S9-B2-Q1,S9-B2-Q1,300,9,BACKWARD 2,1,2.OA.C.4,sa,How many dots are in the array?,,,15,,,
G4:S9-B2-Q2,S9-B2-Q2,301,9,BACKWARD 2,2,2.OA.C.4,tf,An array with 4 rows of 5 dots has 20 dots.,A. True | B. False,A,True,,,
G4:S9-B2-Q3,S9-B2-Q3,302,9,BACKWARD 2,3,2.OA.C.4,mc,Which addition equation matches an array with 2 rows of 4?,A. 4 - 2 = 2 | B. 2 + 2 = 4 | C. 4 + 4 = 8 | D. 2 + 4 = 6,C,4 + 4 = 8,,,
G4:S9-B2-Q4,S9-B2-Q4,303,9,BACKWARD 2,4,2.OA.C.4,sa,Write an addition equation for the array.,,,4 + 4 + 4 = 12,,,
G4:S9-B2-Q5,S9-B2-Q5,304,9,BACKWARD 2,5,2.OA.C.4,tf,An array with 5 rows of 3 dots has 8 dots.,A. True | B. False,B,False,,,
G4:S9-F1-Q1,S9-F1-Q1,306,9,FORWARD 1,1,5.NF.A.1,sa,Find the least common denominator of 1/4 and 1/6.,,,12,,,
G4:S9-F1-Q2,S9-F1-Q2,307,9,FORWARD 1,2,5.NF.A.1,tf,2/3 and 3/4 can both be written with a denominator of 12.,A. True | B. False,A,True,,,
G4:S9-F1-Q3,S9-F1-Q3,308,9,FORWARD 1,3,5.NF.A.1,mc,Which is a common denominator of 1/3 and 2/5?,A. 3 | B. 15 | C. 10 | D. 8,B,15,,,
G4:S9-F1-Q4,S9-F1-Q4,309,9,FORWARD 1,4,5.NF.A.1,sa,Rewrite 1/2 and 1/3 as fractions with a common denominator.,,,3/6 and 2/6,,,"Any common denominator is correct (for example, 6/12 and 4/12)."
G4:S9-F1-Q5,S9-F1-Q5,310,9,FORWARD 1,5,5.NF.A.1,tf,A common denominator of 1/4 and 1/10 is 14.,A. True | B. False,B,False,,,
G4:S9-F2-Q1,S9-F2-Q1,312,9,FORWARD 2,1,6.NS.B.4,sa,Find the greatest common factor of 24 and 36.,,,12,,,
G4:S9-F2-Q2,S9-F2-Q2,313,9,FORWARD 2,2,6.NS.B.4,sa,Find the greatest common factor of 18 and 45.,,,9,,,
G4:S9-F2-Q3,S9-F2-Q3,314,9,FORWARD 2,3,6.NS.B.4,mc,What is the greatest common factor of 16 and 40?,A. 2 | B. 16 | C. 4 | D. 8,D,8,,,
G4:S9-F2-Q4,S9-F2-Q4,315,9,FORWARD 2,4,6.NS.B.4,tf,The greatest common factor of 14 and 35 is 7.,A. True | B. False,A,True,,,
G4:S9-F2-Q5,S9-F2-Q5,316,9,FORWARD 2,5,6.NS.B.4,tf,The greatest common factor of 20 and 30 is 5.,A. True | B. False,B,False,,,
G4:S10-M-Q1,S10-M-Q1,319,10,MAIN,1,4.OA.B.4,sa,List the first six positive multiples of 7.,,,"7, 14, 21, 28, 35, 42",,,
G4:S10-M-Q2,S10-M-Q2,320,10,MAIN,2,4.OA.B.4,tf,"Because 6 is a factor of 42, 42 is a multiple of 6.",A. True | B. False,A,True,,,
G4:S10-M-Q3,S10-M-Q3,321,10,MAIN,3,4.OA.B.4,mc,Which number is a multiple of 9?,A. 39 | B. 19 | C. 54 | D. 92,C,54,,,
G4:S10-M-Q4,S10-M-Q4,322,10,MAIN,4,4.OA.B.4,sa,Is 84 a multiple of 6? Explain.,,,Yes,,,"6 × 14 = 84 (or 84 ÷ 6 = 14 with no remainder), so 6 is a factor of 84 and 84 is a multiple of 6."
G4:S10-M-Q5,S10-M-Q5,323,10,MAIN,5,4.OA.B.4,tf,70 is a multiple of 4.,A. True | B. False,B,False,,,
G4:S10-B1-Q1,S10-B1-Q1,325,10,BACKWARD 1,1,3.OA.D.9,sa,"Skip count by 6. 6, 12, 18, ___, ___",,,"24, 30",,,
G4:S10-B1-Q2,S10-B1-Q2,326,10,BACKWARD 1,2,3.OA.D.9,tf,Every number in the 5s row of the multiplication table ends in 0 or 5.,A. True | B. False,A,True,,,
G4:S10-B1-Q3,S10-B1-Q3,327,10,BACKWARD 1,3,3.OA.D.9,mc,Which number is in the 4s row of the multiplication table?,A. 18 | B. 30 | C. 28 | D. 26,C,28,,,
G4:S10-B1-Q4,S10-B1-Q4,328,10,BACKWARD 1,4,3.OA.D.9,sa,"What comes next? 9, 18, 27, 36, ___",,,45,,,
G4:S10-B1-Q5,S10-B1-Q5,329,10,BACKWARD 1,5,3.OA.D.9,tf,Every number in the 3s row of the multiplication table is odd.,A. True | B. False,B,False,,,
G4:S10-B2-Q1,S10-B2-Q1,331,10,BACKWARD 2,1,2.OA.C.3,tf,16 is even.,A. True | B. False,A,True,,,
G4:S10-B2-Q2,S10-B2-Q2,332,10,BACKWARD 2,2,2.OA.C.3,sa,Is 13 odd or even?,,,Odd,,,
G4:S10-B2-Q3,S10-B2-Q3,333,10,BACKWARD 2,3,2.OA.C.3,mc,Which number is even?,A. 7 | B. 18 | C. 15 | D. 11,B,18,,,
G4:S10-B2-Q4,S10-B2-Q4,334,10,BACKWARD 2,4,2.OA.C.3,sa,Write 14 as the sum of two equal addends.,,,7 + 7,,,
G4:S10-B2-Q5,S10-B2-Q5,335,10,BACKWARD 2,5,2.OA.C.3,tf,An even number of objects cannot be put into two equal groups.,A. True | B. False,B,False,,,
G4:S10-F1-Q1,S10-F1-Q1,337,10,FORWARD 1,1,5.OA.B.3,sa,Pattern A starts at 0 and adds 4. Pattern B starts at 0 and adds 12. Write the first five terms of each pattern.,,,"Pattern A: 0, 4, 8, 12, 16; Pattern B: 0, 12, 24, 36, 48",,,
G4:S10-F1-Q2,S10-F1-Q2,338,10,FORWARD 1,2,5.OA.B.3,tf,Pattern A starts at 0 and adds 4. Pattern B starts at 0 and adds 12. Each term of B is 3 times the matching term of A.,A. True | B. False,A,True,,,
G4:S10-F1-Q3,S10-F1-Q3,339,10,FORWARD 1,3,5.OA.B.3,mc,"Pattern A: 0, 5, 10, 15. Pattern B: 0, 10, 20, 30. Which ordered pair (A, B) comes from the patterns?","A. (15, 30) | B. (15, 20) | C. (30, 15) | D. (10, 30)",A,"(15, 30)",,,
G4:S10-F1-Q4,S10-F1-Q4,340,10,FORWARD 1,4,5.OA.B.3,sa,Pattern A starts at 0 and adds 2. Pattern B starts at 0 and adds 10. What is the 5th term of Pattern B?,,,40,,,
G4:S10-F1-Q5,S10-F1-Q5,341,10,FORWARD 1,5,5.OA.B.3,tf,"Each term of Pattern B is 4 times the matching term of Pattern A. When A is 9, B is 13.",A. True | B. False,B,False,,,
G4:S10-F2-Q1,S10-F2-Q1,343,10,FORWARD 2,1,6.NS.B.4,sa,Find the least common multiple of 6 and 8.,,,24,,,
G4:S10-F2-Q2,S10-F2-Q2,344,10,FORWARD 2,2,6.NS.B.4,sa,Find the least common multiple of 5 and 7.,,,35,,,
G4:S10-F2-Q3,S10-F2-Q3,345,10,FORWARD 2,3,6.NS.B.4,mc,What is the least common multiple of 4 and 10?,A. 20 | B. 2 | C. 14 | D. 40,A,20,,,
G4:S10-F2-Q4,S10-F2-Q4,346,10,FORWARD 2,4,6.NS.B.4,tf,The least common multiple of 9 and 12 is 36.,A. True | B. False,A,True,,,
G4:S10-F2-Q5,S10-F2-Q5,347,10,FORWARD 2,5,6.NS.B.4,tf,The least common multiple of 3 and 6 is 18.,A. True | B. False,B,False,,,
G4:S11-M-Q1,S11-M-Q1,350,11,MAIN,1,4.OA.B.4,mc,Which number is neither prime nor composite?,A. 29 | B. 9 | C. 1 | D. 2,C,1,,,
G4:S11-M-Q2,S11-M-Q2,351,11,MAIN,2,4.OA.B.4,tf,51 is a prime number.,A. True | B. False,B,False,,,
G4:S11-M-Q3,S11-M-Q3,352,11,MAIN,3,4.OA.B.4,sa,Is 39 prime or composite? Explain.,,,Composite,,,"39 = 3 × 13, so 39 has factors other than 1 and itself."
G4:S11-M-Q4,S11-M-Q4,353,11,MAIN,4,4.OA.B.4,sa,List all the prime numbers between 20 and 40.,,,"23, 29, 31, 37",,,All four are required.
G4:S11-M-Q5,S11-M-Q5,354,11,MAIN,5,4.OA.B.4,tf,A composite number has more than two factors.,A. True | B. False,A,True,,,
G4:S11-B1-Q1,S11-B1-Q1,356,11,BACKWARD 1,1,3.OA.A.4,sa,Find the unknown number. ? × 3 = 21,,,7,,,
G4:S11-B1-Q2,S11-B1-Q2,357,11,BACKWARD 1,2,3.OA.A.4,tf,"If 7 × ? = 49, the unknown number is 7.",A. True | B. False,A,True,,,
G4:S11-B1-Q3,S11-B1-Q3,358,11,BACKWARD 1,3,3.OA.A.4,mc,9 × ? = 54,A. 7 | B. 45 | C. 6 | D. 5,C,6,,,
G4:S11-B1-Q4,S11-B1-Q4,359,11,BACKWARD 1,4,3.OA.A.4,sa,Find the unknown number. 35 ÷ ? = 5,,,7,,,
G4:S11-B1-Q5,S11-B1-Q5,360,11,BACKWARD 1,5,3.OA.A.4,tf,"If ? × 4 = 32, the unknown number is 9.",A. True | B. False,B,False,,,
G4:S11-B2-Q1,S11-B2-Q1,362,11,BACKWARD 2,1,2.OA.C.4,sa,Write an addition equation for the array.,,,5 + 5 = 10,,,2 + 2 + 2 + 2 + 2 = 10 (adding the columns) is also correct.
G4:S11-B2-Q2,S11-B2-Q2,363,11,BACKWARD 2,2,2.OA.C.4,tf,5 dots can make a rectangle only as 1 row of 5 or 5 rows of 1.,A. True | B. False,A,True,,,
G4:S11-B2-Q3,S11-B2-Q3,364,11,BACKWARD 2,3,2.OA.C.4,mc,Which array has 12 dots?,A. 3 rows of 4 | B. 4 rows of 4 | C. 3 rows of 5 | D. 2 rows of 5,A,3 rows of 4,,,
G4:S11-B2-Q4,S11-B2-Q4,365,11,BACKWARD 2,4,2.OA.C.4,sa,How many dots are in an array with 4 rows of 4?,,,16,,,
G4:S11-B2-Q5,S11-B2-Q5,366,11,BACKWARD 2,5,2.OA.C.4,tf,An array with 2 rows of 3 dots has 5 dots.,A. True | B. False,B,False,,,
G4:S11-F1-Q1,S11-F1-Q1,368,11,FORWARD 1,1,5.OA.A.1,sa,Evaluate. 2 × 3 × 7,,,42,,,
G4:S11-F1-Q2,S11-F1-Q2,369,11,FORWARD 1,2,5.OA.A.1,sa,Evaluate. 2 × (5 × 5),,,50,,,
G4:S11-F1-Q3,S11-F1-Q3,370,11,FORWARD 1,3,5.OA.A.1,mc,Evaluate. (2 × 2) × (3 × 3),A. 10 | B. 36 | C. 24 | D. 12,B,36,,,
G4:S11-F1-Q4,S11-F1-Q4,371,11,FORWARD 1,4,5.OA.A.1,tf,3 × (2 × 11) = 66,A. True | B. False,A,True,,,
G4:S11-F1-Q5,S11-F1-Q5,372,11,FORWARD 1,5,5.OA.A.1,tf,[2 × (3 + 5)] × 2 = 22,A. True | B. False,B,False,,,
G4:S11-F2-Q1,S11-F2-Q1,374,11,FORWARD 2,1,6.EE.A.1,sa,Evaluate. 2³ × 3,,,24,,,
G4:S11-F2-Q2,S11-F2-Q2,375,11,FORWARD 2,2,6.EE.A.1,sa,Write 2 × 2 × 2 × 2 × 5 using an exponent.,,,2⁴ × 5,,,
G4:S11-F2-Q3,S11-F2-Q3,376,11,FORWARD 2,3,6.EE.A.1,mc,Which expression equals 72?,A. 6² | B. 2² × 3³ | C. 2³ × 3² | D. 2 × 3 × 6,C,2³ × 3²,,,
G4:S11-F2-Q4,S11-F2-Q4,377,11,FORWARD 2,4,6.EE.A.1,tf,3² × 5 = 45,A. True | B. False,A,True,,,
G4:S11-F2-Q5,S11-F2-Q5,378,11,FORWARD 2,5,6.EE.A.1,tf,2⁵ = 10,A. True | B. False,B,False,,,
G4:S12-M-Q1,S12-M-Q1,381,12,MAIN,1,4.OA.C.5,sa,"The rule is ""add 7."" The pattern starts at 4. Write the first five terms.",,,"4, 11, 18, 25, 32",,,
G4:S12-M-Q2,S12-M-Q2,382,12,MAIN,2,4.OA.C.5,sa,"The rule is ""multiply by 3."" The pattern starts at 2. Write the first four terms.",,,"2, 6, 18, 54",,,
G4:S12-M-Q3,S12-M-Q3,383,12,MAIN,3,4.OA.C.5,mc,"Which pattern follows the rule ""subtract 6,"" starting at 50?","A. 50, 45, 40, 35 | B. 50, 44, 38, 32 | C. 50, 56, 62, 68 | D. 44, 38, 32, 26",B,"50, 44, 38, 32",,,
G4:S12-M-Q4,S12-M-Q4,384,12,MAIN,4,4.OA.C.5,tf,"The rule ""add 9,"" starting at 15, gives 15, 24, 33, 43.",A. True | B. False,B,False,,,
G4:S12-M-Q5,S12-M-Q5,385,12,MAIN,5,4.OA.C.5,sa,"In a shape pattern, each figure has 2 more squares than the one before. The 1st figure has 3 squares. How many squares are in the 6th figure?",,,13,,,"3, 5, 7, 9, 11, 13."
G4:S12-B1-Q1,S12-B1-Q1,387,12,BACKWARD 1,1,3.OA.D.9,sa,"What comes next? 12, 16, 20, 24, ___",,,28,,,
G4:S12-B1-Q2,S12-B1-Q2,388,12,BACKWARD 1,2,3.OA.D.9,tf,"The pattern 5, 10, 15, 20 adds 5 each time.",A. True | B. False,A,True,,,
G4:S12-B1-Q3,S12-B1-Q3,389,12,BACKWARD 1,3,3.OA.D.9,mc,"What is the rule for 30, 27, 24, 21?",A. Add 3 | B. Multiply by 3 | C. Subtract 3 | D. Subtract 2,C,Subtract 3,,,
G4:S12-B1-Q4,S12-B1-Q4,390,12,BACKWARD 1,4,3.OA.D.9,sa,"What comes next? 7, 14, 21, 28, ___",,,35,,,
G4:S12-B1-Q5,S12-B1-Q5,391,12,BACKWARD 1,5,3.OA.D.9,tf,"The pattern 2, 4, 8, 16 adds 2 each time.",A. True | B. False,B,False,,,
G4:S12-B2-Q1,S12-B2-Q1,393,12,BACKWARD 2,1,2.NBT.B.8,sa,What is 10 more than 347?,,,357,,,
G4:S12-B2-Q2,S12-B2-Q2,394,12,BACKWARD 2,2,2.NBT.B.8,tf,100 less than 612 is 512.,A. True | B. False,A,True,,,
G4:S12-B2-Q3,S12-B2-Q3,395,12,BACKWARD 2,3,2.NBT.B.8,mc,What is 100 more than 285?,A. 295 | B. 385 | C. 185 | D. 286,B,385,,,
G4:S12-B2-Q4,S12-B2-Q4,396,12,BACKWARD 2,4,2.NBT.B.8,sa,What is 10 less than 503?,,,493,,,
G4:S12-B2-Q5,S12-B2-Q5,397,12,BACKWARD 2,5,2.NBT.B.8,tf,10 more than 790 is 890.,A. True | B. False,B,False,,,
G4:S12-F1-Q1,S12-F1-Q1,399,12,FORWARD 1,1,5.OA.B.3,sa,"Pattern A starts at 1 and adds 1. Pattern B starts at 5 and adds 5. Write the first four ordered pairs (A, B).",,,"(1, 5), (2, 10), (3, 15), (4, 20)",,,
G4:S12-F1-Q2,S12-F1-Q2,400,12,FORWARD 1,2,5.OA.B.3,tf,"Pattern A is 0, 3, 6, 9 and Pattern B is 0, 9, 18, 27. Each B term is 3 times the matching A term.",A. True | B. False,A,True,,,
G4:S12-F1-Q3,S12-F1-Q3,401,12,FORWARD 1,3,5.OA.B.3,mc,Pattern A starts at 0 and adds 2. Pattern B starts at 0 and adds 8. What is the B term when the A term is 6?,A. 14 | B. 12 | C. 48 | D. 24,D,24,,,
G4:S12-F1-Q4,S12-F1-Q4,402,12,FORWARD 1,4,5.OA.B.3,plot,"Graph the ordered pairs (0, 0), (1, 3), (2, 6), and (3, 9) from two patterns.",,,"Points plotted at (0, 0), (1, 3), (2, 6), (3, 9)",,,
G4:S12-F1-Q5,S12-F1-Q5,403,12,FORWARD 1,5,5.OA.B.3,tf,"Pattern A starts at 0 and adds 5. Pattern B starts at 0 and adds 10. The 4th pair is (20, 40).",A. True | B. False,B,False,,,
G4:S12-F2-Q1,S12-F2-Q1,405,12,FORWARD 2,1,6.EE.C.9,sa,"Figure 1 has 4 tiles, and each figure has 4 more tiles than the one before. Write an equation for the tiles t in figure n.",,,t = 4n,,,
G4:S12-F2-Q2,S12-F2-Q2,406,12,FORWARD 2,2,6.EE.C.9,mc,"In t = 4n, which variable depends on the other?",A. t | B. n | C. 4 | D. Neither,A,t,,,
G4:S12-F2-Q3,S12-F2-Q3,407,12,FORWARD 2,3,6.EE.C.9,sa,Write an equation for y in terms of x.,,,y = 6x,,,
G4:S12-F2-Q4,S12-F2-Q4,408,12,FORWARD 2,4,6.EE.C.9,tf,"In c = 8h, when h increases by 1, c increases by 8.",A. True | B. False,A,True,,,
G4:S12-F2-Q5,S12-F2-Q5,409,12,FORWARD 2,5,6.EE.C.9,tf,"The table x: 1, 2, 3 and y: 3, 5, 7 fits y = 3x.",A. True | B. False,B,False,,,
G4:S13-M-Q1,S13-M-Q1,412,13,MAIN,1,4.OA.C.5,sa,"The rule is ""add 4,"" starting at 2: 2, 6, 10, 14, 18. What do you notice about every term? Explain why it happens.",,,Every term is even.,,,"Why: the pattern starts at an even number and adding 4 (an even number) to an even number always gives an even number. Another true feature with a correct reason (for example, the ones digits repeat 2, 6, 0, 4, 8) is also correct."
G4:S13-M-Q2,S13-M-Q2,413,13,MAIN,2,4.OA.C.5,mc,"The rule is ""add 5,"" starting at 3: 3, 8, 13, 18, 23. Which statement is true?",A. Every term is a multiple of 5. | B. Every term is even. | C. The ones digits alternate between 3 and 8. | D. Every term is odd.,C,The ones digits alternate between 3 and 8.,,,
G4:S13-M-Q3,S13-M-Q3,414,13,MAIN,3,4.OA.C.5,tf,"The rule ""add 2,"" starting at 7, makes only odd numbers.",A. True | B. False,A,True,,,
G4:S13-M-Q4,S13-M-Q4,415,13,MAIN,4,4.OA.C.5,tf,"The rule ""add 6,"" starting at 1, makes terms that alternate between odd and even.",A. True | B. False,B,False,,,
G4:S13-M-Q5,S13-M-Q5,416,13,MAIN,5,4.OA.C.5,sa,"The rule is ""multiply by 2,"" starting at 3: 3, 6, 12, 24, 48. After the first term, are the terms odd or even? Explain why.",,,Even,,,"Each term after the first is 2 times a whole number, and 2 times any whole number is even."
G4:S13-B1-Q1,S13-B1-Q1,418,13,BACKWARD 1,1,3.OA.D.9,tf,4 times any whole number is even.,A. True | B. False,A,True,,,
G4:S13-B1-Q2,S13-B1-Q2,419,13,BACKWARD 1,2,3.OA.D.9,mc,Why is every product in the 6s row of the multiplication table even?,"A. The 6s row has 10 products. | B. 6 is greater than 5. | C. Every number is even. | D. 6 is 2 × 3, so every product is 2 times a number.",D,"6 is 2 × 3, so every product is 2 times a number.",,,
G4:S13-B1-Q3,S13-B1-Q3,420,13,BACKWARD 1,3,3.OA.D.9,sa,"The 10s row is 10, 20, 30, 40, ... What is the same about every product?",,,They all end in 0.,,,
G4:S13-B1-Q4,S13-B1-Q4,421,13,BACKWARD 1,4,3.OA.D.9,tf,Every product in the 9s row of the multiplication table is odd.,A. True | B. False,B,False,,,
G4:S13-B1-Q5,S13-B1-Q5,422,13,BACKWARD 1,5,3.OA.D.9,sa,Is the sum of two odd numbers odd or even?,,,Even,,,
G4:S13-B2-Q1,S13-B2-Q1,424,13,BACKWARD 2,1,2.OA.C.3,tf,11 is odd.,A. True | B. False,A,True,,,
G4:S13-B2-Q2,S13-B2-Q2,425,13,BACKWARD 2,2,2.OA.C.3,sa,Is 16 odd or even?,,,Even,,,
G4:S13-B2-Q3,S13-B2-Q3,426,13,BACKWARD 2,3,2.OA.C.3,mc,Which number is odd?,A. 10 | B. 8 | C. 14 | D. 17,D,17,,,
G4:S13-B2-Q4,S13-B2-Q4,427,13,BACKWARD 2,4,2.OA.C.3,sa,Write 18 as the sum of two equal addends.,,,9 + 9,,,
G4:S13-B2-Q5,S13-B2-Q5,428,13,BACKWARD 2,5,2.OA.C.3,tf,Adding two even numbers can give an odd number.,A. True | B. False,B,False,,,
G4:S13-F1-Q1,S13-F1-Q1,430,13,FORWARD 1,1,5.OA.B.3,sa,Pattern A starts at 0 and adds 6. Pattern B starts at 0 and adds 2. Explain why each term of A is 3 times the matching term of B.,,,"Both start at 0 and take the same number of steps, and A adds 6, which is 3 × 2, at every step, so A has always added 3 times as much.",,,Must connect the rule amounts (6 = 3 × 2) to the same start of 0 and the same number of steps.
G4:S13-F1-Q2,S13-F1-Q2,431,13,FORWARD 1,2,5.OA.B.3,tf,Pattern A starts at 0 and adds 4. Pattern B starts at 0 and adds 8. Each B term is 2 times the A term because B adds twice as much at every step.,A. True | B. False,A,True,,,
G4:S13-F1-Q3,S13-F1-Q3,432,13,FORWARD 1,3,5.OA.B.3,mc,Pattern A starts at 2 and adds 2. Pattern B starts at 2 and adds 6. Why is B NOT always 3 times A?,"A. A has more terms. | B. Both rules add even numbers. | C. B adds less than A. | D. They start at the same number, not at 0.",D,"They start at the same number, not at 0.",,,
G4:S13-F1-Q4,S13-F1-Q4,433,13,FORWARD 1,4,5.OA.B.3,sa,Pattern A starts at 0 and adds 7. Pattern B starts at 0 and adds 21. What is the B term when the A term is 35?,,,105,,,
G4:S13-F1-Q5,S13-F1-Q5,434,13,FORWARD 1,5,5.OA.B.3,tf,Two patterns start at 0 and add 5 and 10. Each B term is 5 more than the matching A term.,A. True | B. False,B,False,,,
G4:S13-F2-Q1,S13-F2-Q1,436,13,FORWARD 2,1,6.EE.A.2.c,sa,Evaluate 4n + 2 when n = 6.,,,26,,,
G4:S13-F2-Q2,S13-F2-Q2,437,13,FORWARD 2,2,6.EE.A.2.c,tf,The expression 2n gives an even number for every whole number n.,A. True | B. False,A,True,,,
G4:S13-F2-Q3,S13-F2-Q3,438,13,FORWARD 2,3,6.EE.A.2.c,mc,"The nth term of 5, 9, 13, 17, ... is 4n + 1. What is the 10th term?",A. 40 | B. 45 | C. 41 | D. 14,C,41,,,
G4:S13-F2-Q4,S13-F2-Q4,439,13,FORWARD 2,4,6.EE.A.2.c,sa,Evaluate 3n - 1 when n = 12.,,,35,,,
G4:S13-F2-Q5,S13-F2-Q5,440,13,FORWARD 2,5,6.EE.A.2.c,tf,"When n = 5, 2n + 1 = 12.",A. True | B. False,B,False,,,
G4:S14-M-Q1,S14-M-Q1,443,14,MAIN,1,4.NBT.A.1,tf,"In 4,440, the 4 in the hundreds place is worth 10 times the 4 in the tens place.",A. True | B. False,A,True,,,
G4:S14-M-Q2,S14-M-Q2,444,14,MAIN,2,4.NBT.A.1,mc,"The 8 in 8,325 is worth how many times the 8 in 825?",A. 10 times | B. 8 times | C. The same | D. 100 times,A,10 times,,,
G4:S14-M-Q3,S14-M-Q3,445,14,MAIN,3,4.NBT.A.1,sa,"What is the value of the 6 in 62,904?",,,"60,000",,,
G4:S14-M-Q4,S14-M-Q4,446,14,MAIN,4,4.NBT.A.1,sa,"Write the number that is 10 times as much as 3,070.",,,"30,700",,,
G4:S14-M-Q5,S14-M-Q5,447,14,MAIN,5,4.NBT.A.1,tf,"In 5,555, the 5 in the tens place is worth 10 times the 5 in the hundreds place.",A. True | B. False,B,False,,,
G4:S14-B1-Q1,S14-B1-Q1,449,14,BACKWARD 1,1,2.NBT.A.1,sa,How many tens make 1 hundred?,,,10,,,
G4:S14-B1-Q2,S14-B1-Q2,450,14,BACKWARD 1,2,2.NBT.A.1,tf,"In 472, the 7 means 7 tens.",A. True | B. False,A,True,,,
G4:S14-B1-Q3,S14-B1-Q3,451,14,BACKWARD 1,3,2.NBT.A.1,mc,What is the value of the 3 in 360?,"A. 3,000 | B. 30 | C. 3 | D. 300",D,300,,,
G4:S14-B1-Q4,S14-B1-Q4,452,14,BACKWARD 1,4,2.NBT.A.1,sa,"Write the number with 5 hundreds, 0 tens, and 8 ones.",,,508,,,
G4:S14-B1-Q5,S14-B1-Q5,453,14,BACKWARD 1,5,2.NBT.A.1,tf,"In 914, the 1 means 1 hundred.",A. True | B. False,B,False,,,
G4:S14-B2-Q1,S14-B2-Q1,455,14,BACKWARD 2,1,3.NBT.A.3,sa,Multiply. 6 × 40,,,240,,,
G4:S14-B2-Q2,S14-B2-Q2,456,14,BACKWARD 2,2,3.NBT.A.3,tf,3 × 70 = 210,A. True | B. False,A,True,,,
G4:S14-B2-Q3,S14-B2-Q3,457,14,BACKWARD 2,3,3.NBT.A.3,mc,9 × 50 = ?,"A. 45 | B. 59 | C. 4,500 | D. 450",D,450,,,
G4:S14-B2-Q4,S14-B2-Q4,458,14,BACKWARD 2,4,3.NBT.A.3,sa,Multiply. 8 × 30,,,240,,,
G4:S14-B2-Q5,S14-B2-Q5,459,14,BACKWARD 2,5,3.NBT.A.3,tf,"5 × 80 = 4,000",A. True | B. False,B,False,,,
G4:S14-F1-Q1,S14-F1-Q1,461,14,FORWARD 1,1,5.NBT.A.1,tf,"In 3.33, the 3 in the ones place is worth 10 times the 3 in the tenths place.",A. True | B. False,A,True,,,
G4:S14-F1-Q2,S14-F1-Q2,462,14,FORWARD 1,2,5.NBT.A.1,sa,What is 1/10 of 70?,,,7,,,
G4:S14-F1-Q3,S14-F1-Q3,463,14,FORWARD 1,3,5.NBT.A.1,mc,"In 6.66, the 6 in the hundredths place is worth what part of the 6 in the tenths place?",A. 1/10 | B. The same amount | C. 10 times as much | D. 1/100,A,1/10,,,
G4:S14-F1-Q4,S14-F1-Q4,464,14,FORWARD 1,4,5.NBT.A.1,sa,What is 10 times 0.4?,,,4,,,
G4:S14-F1-Q5,S14-F1-Q5,465,14,FORWARD 1,5,5.NBT.A.1,tf,"In 2.22, the 2 in the tenths place is worth 10 times the 2 in the ones place.",A. True | B. False,B,False,,,
G4:S14-F2-Q1,S14-F2-Q1,467,14,FORWARD 2,1,6.EE.A.1,sa,Write 10 × 10 × 10 using an exponent.,,,10³,,,
G4:S14-F2-Q2,S14-F2-Q2,468,14,FORWARD 2,2,6.EE.A.1,tf,"10⁴ = 10,000",A. True | B. False,A,True,,,
G4:S14-F2-Q3,S14-F2-Q3,469,14,FORWARD 2,3,6.EE.A.1,mc,Evaluate. 10²,"A. 12 | B. 20 | C. 1,000 | D. 100",D,100,,,
G4:S14-F2-Q4,S14-F2-Q4,470,14,FORWARD 2,4,6.EE.A.1,sa,Evaluate. 4 × 10³,,,"4,000",,,
G4:S14-F2-Q5,S14-F2-Q5,471,14,FORWARD 2,5,6.EE.A.1,tf,10⁵ has 4 zeros.,A. True | B. False,B,False,,,
G4:S15-M-Q1,S15-M-Q1,474,15,MAIN,1,4.NBT.A.1,sa,"Use place value to find 5,000 ÷ 500.",,,10,,,
G4:S15-M-Q2,S15-M-Q2,475,15,MAIN,2,4.NBT.A.1,tf,900 ÷ 90 = 10 because 9 hundreds is 10 times 9 tens.,A. True | B. False,A,True,,,
G4:S15-M-Q3,S15-M-Q3,476,15,MAIN,3,4.NBT.A.1,mc,"Which statement explains why 3,000 ÷ 300 = 10?","A. 3,000 - 300 = 10 | B. 3 thousands is 10 times 3 hundreds. | C. 3,000 has one more zero. | D. 300 ÷ 3,000 = 10",B,3 thousands is 10 times 3 hundreds.,,,
G4:S15-M-Q4,S15-M-Q4,477,15,MAIN,4,4.NBT.A.1,sa,"4,000 is how many times as much as 400? Explain using place value.",,,10 times,,,"4 thousands = 40 hundreds, which is 10 groups of 4 hundreds. Saying only ""it has one more zero"" is not a place-value explanation."
G4:S15-M-Q5,S15-M-Q5,478,15,MAIN,5,4.NBT.A.1,tf,60 ÷ 6 = 100,A. True | B. False,B,False,,,
G4:S15-B1-Q1,S15-B1-Q1,480,15,BACKWARD 1,1,2.NBT.A.1.a,tf,100 can be thought of as a bundle of 10 tens.,A. True | B. False,A,True,,,
G4:S15-B1-Q2,S15-B1-Q2,481,15,BACKWARD 1,2,2.NBT.A.1.a,sa,How many tens make 1 hundred?,,,10,,,
G4:S15-B1-Q3,S15-B1-Q3,482,15,BACKWARD 1,3,2.NBT.A.1.a,mc,Which shows the same amount as 1 hundred?,A. 10 tens | B. 1 ten | C. 100 tens | D. 10 ones,A,10 tens,,,
G4:S15-B1-Q4,S15-B1-Q4,483,15,BACKWARD 1,4,2.NBT.A.1.a,sa,Fill in the blank. 10 tens = ___ hundred,,,1,,,
G4:S15-B1-Q5,S15-B1-Q5,484,15,BACKWARD 1,5,2.NBT.A.1.a,tf,"A bundle of 10 tens is the same amount as 1,000.",A. True | B. False,B,False,,,
G4:S15-B2-Q1,S15-B2-Q1,486,15,BACKWARD 2,1,3.NBT.A.3,sa,Multiply. 4 × 90,,,360,,,
G4:S15-B2-Q2,S15-B2-Q2,487,15,BACKWARD 2,2,3.NBT.A.3,tf,7 × 60 = 420,A. True | B. False,A,True,,,
G4:S15-B2-Q3,S15-B2-Q3,488,15,BACKWARD 2,3,3.NBT.A.3,mc,2 × 80 = ?,"A. 160 | B. 82 | C. 16 | D. 1,600",A,160,,,
G4:S15-B2-Q4,S15-B2-Q4,489,15,BACKWARD 2,4,3.NBT.A.3,sa,Multiply. 9 × 20,,,180,,,
G4:S15-B2-Q5,S15-B2-Q5,490,15,BACKWARD 2,5,3.NBT.A.3,tf,"6 × 50 = 3,000",A. True | B. False,B,False,,,
G4:S15-F1-Q1,S15-F1-Q1,492,15,FORWARD 1,1,5.NBT.A.2,sa,"Divide. 4,500 ÷ 100",,,45,,,
G4:S15-F1-Q2,S15-F1-Q2,493,15,FORWARD 1,2,5.NBT.A.2,tf,"7,000 ÷ 10³ = 7",A. True | B. False,A,True,,,
G4:S15-F1-Q3,S15-F1-Q3,494,15,FORWARD 1,3,5.NBT.A.2,mc,Divide. 36 ÷ 10,A. 360 | B. 3.6 | C. 36 | D. 0.36,B,3.6,,,
G4:S15-F1-Q4,S15-F1-Q4,495,15,FORWARD 1,4,5.NBT.A.2,sa,Divide. 820 ÷ 10²,,,8.2,,,
G4:S15-F1-Q5,S15-F1-Q5,496,15,FORWARD 1,5,5.NBT.A.2,tf,50 ÷ 10 = 500,A. True | B. False,B,False,,,
G4:S15-F2-Q1,S15-F2-Q1,498,15,FORWARD 2,1,6.NS.B.3,sa,Divide. 4.5 ÷ 0.45,,,10,,,
G4:S15-F2-Q2,S15-F2-Q2,499,15,FORWARD 2,2,6.NS.B.3,tf,0.8 ÷ 0.08 = 10,A. True | B. False,A,True,,,
G4:S15-F2-Q3,S15-F2-Q3,500,15,FORWARD 2,3,6.NS.B.3,mc,Divide. 6 ÷ 0.6,A. 10 | B. 0.1 | C. 1 | D. 100,A,10,,,
G4:S15-F2-Q4,S15-F2-Q4,501,15,FORWARD 2,4,6.NS.B.3,sa,Divide. 2.4 ÷ 0.3,,,8,,,
G4:S15-F2-Q5,S15-F2-Q5,502,15,FORWARD 2,5,6.NS.B.3,tf,1.2 ÷ 0.12 = 100,A. True | B. False,B,False,,,
G4:S16-M-Q1,S16-M-Q1,505,16,MAIN,1,4.NBT.A.2,sa,"Write the number in standard form. forty-six thousand, two hundred eight",,,"46,208",,,
G4:S16-M-Q2,S16-M-Q2,506,16,MAIN,2,4.NBT.A.2,sa,"Write 309,051 in words.",,,"three hundred nine thousand, fifty-one",,,
G4:S16-M-Q3,S16-M-Q3,507,16,MAIN,3,4.NBT.A.2,mc,"Which is 72,016 in words?","A. seventy-two thousand, sixteen | B. seven thousand, two hundred sixteen | C. seventy-two thousand, one hundred six | D. seventy-two thousand, one hundred sixty",A,"seventy-two thousand, sixteen",,,
G4:S16-M-Q4,S16-M-Q4,508,16,MAIN,4,4.NBT.A.2,tf,"Six hundred thousand, forty is written 600,400.",A. True | B. False,B,False,,,
G4:S16-M-Q5,S16-M-Q5,509,16,MAIN,5,4.NBT.A.2,sa,"Write the number in standard form. ninety thousand, nine hundred",,,"90,900",,,
G4:S16-B1-Q1,S16-B1-Q1,511,16,BACKWARD 1,1,2.NBT.A.3,sa,Write the number in standard form. four hundred seventeen,,,417,,,
G4:S16-B1-Q2,S16-B1-Q2,512,16,BACKWARD 1,2,2.NBT.A.3,tf,Six hundred five is written 650.,A. True | B. False,B,False,,,
G4:S16-B1-Q3,S16-B1-Q3,513,16,BACKWARD 1,3,2.NBT.A.3,mc,Which is 238 in words?,A. two hundred thirty-eight | B. three hundred twenty-eight | C. two hundred eighty-three | D. twenty-three eight,A,two hundred thirty-eight,,,
G4:S16-B1-Q4,S16-B1-Q4,514,16,BACKWARD 1,4,2.NBT.A.3,sa,Write 702 in words.,,,seven hundred two,,,
G4:S16-B1-Q5,S16-B1-Q5,515,16,BACKWARD 1,5,2.NBT.A.3,tf,Nine hundred ninety is written 990.,A. True | B. False,A,True,,,
G4:S16-B2-Q1,S16-B2-Q1,517,16,BACKWARD 2,1,2.NBT.A.1,sa,What digit is in the tens place of 586?,,,8,,,
G4:S16-B2-Q2,S16-B2-Q2,518,16,BACKWARD 2,2,2.NBT.A.1,tf,"In 249, the 2 is worth 200.",A. True | B. False,A,True,,,
G4:S16-B2-Q3,S16-B2-Q3,519,16,BACKWARD 2,3,2.NBT.A.1,mc,"Which number has 7 hundreds, 3 tens, and 0 ones?",A. 730 | B. 703 | C. 73 | D. 370,A,730,,,
G4:S16-B2-Q4,S16-B2-Q4,520,16,BACKWARD 2,4,2.NBT.A.1,sa,How many hundreds are in 600?,,,6,,,
G4:S16-B2-Q5,S16-B2-Q5,521,16,BACKWARD 2,5,2.NBT.A.1,tf,"In 381, the 8 is worth 8.",A. True | B. False,B,False,,,
G4:S16-F1-Q1,S16-F1-Q1,523,16,FORWARD 1,1,5.NBT.A.3.a,sa,Write the number in standard form. four and twenty-five thousandths,,,4.025,,,
G4:S16-F1-Q2,S16-F1-Q2,524,16,FORWARD 1,2,5.NBT.A.3.a,tf,"0.6 is read ""six tenths.""",A. True | B. False,A,True,,,
G4:S16-F1-Q3,S16-F1-Q3,525,16,FORWARD 1,3,5.NBT.A.3.a,mc,Which is 3.48 in words?,A. thirty-four and eight tenths | B. three hundred forty-eight | C. three and forty-eight tenths | D. three and forty-eight hundredths,D,three and forty-eight hundredths,,,
G4:S16-F1-Q4,S16-F1-Q4,526,16,FORWARD 1,4,5.NBT.A.3.a,sa,Write 12.307 in words.,,,twelve and three hundred seven thousandths,,,
G4:S16-F1-Q5,S16-F1-Q5,527,16,FORWARD 1,5,5.NBT.A.3.a,tf,Five and nine hundredths is written 5.9.,A. True | B. False,B,False,,,
G4:S16-F2-Q1,S16-F2-Q1,529,16,FORWARD 2,1,6.NS.C.5,sa,A diver is 30 feet below sea level. Write the diver's position as an integer.,,,-30,,,
G4:S16-F2-Q2,S16-F2-Q2,530,16,FORWARD 2,2,6.NS.C.5,tf,A gain of 8 yards can be written as +8.,A. True | B. False,A,True,,,
G4:S16-F2-Q3,S16-F2-Q3,531,16,FORWARD 2,3,6.NS.C.5,mc,Which integer shows a temperature of 12 degrees below zero?,A. -12 | B. 12 | C. 0 | D. -21,A,-12,,,
G4:S16-F2-Q4,S16-F2-Q4,532,16,FORWARD 2,4,6.NS.C.5,sa,A deposit of $45 is written as +45. How is a withdrawal of $45 written?,,,-45,,,
G4:S16-F2-Q5,S16-F2-Q5,533,16,FORWARD 2,5,6.NS.C.5,tf,-5 means 5 more than zero.,A. True | B. False,B,False,,,
G4:S17-M-Q1,S17-M-Q1,536,17,MAIN,1,4.NBT.A.2,sa,"Write 7,345 in expanded form.",,,"7,000 + 300 + 40 + 5",,,
G4:S17-M-Q2,S17-M-Q2,537,17,MAIN,2,4.NBT.A.2,sa,"Write the number. 50,000 + 2,000 + 80 + 6",,,"52,086",,,
G4:S17-M-Q3,S17-M-Q3,538,17,MAIN,3,4.NBT.A.2,mc,"Which is the expanded form of 40,209?","A. 40,000 + 2,000 + 9 | B. 40,000 + 20 + 9 | C. 40,000 + 200 + 9 | D. 4,000 + 200 + 9",C,"40,000 + 200 + 9",,,
G4:S17-M-Q4,S17-M-Q4,539,17,MAIN,4,4.NBT.A.2,tf,"600,000 + 3,000 + 70 = 630,070",A. True | B. False,B,False,,,
G4:S17-M-Q5,S17-M-Q5,540,17,MAIN,5,4.NBT.A.2,sa,"Write 18,504 in expanded form.",,,"10,000 + 8,000 + 500 + 4",,,
G4:S17-B1-Q1,S17-B1-Q1,542,17,BACKWARD 1,1,2.NBT.A.3,sa,Write 846 in expanded form.,,,800 + 40 + 6,,,
G4:S17-B1-Q2,S17-B1-Q2,543,17,BACKWARD 1,2,2.NBT.A.3,tf,300 + 9 = 390,A. True | B. False,B,False,,,
G4:S17-B1-Q3,S17-B1-Q3,544,17,BACKWARD 1,3,2.NBT.A.3,mc,Which number is 500 + 20 + 7?,"A. 527 | B. 572 | C. 257 | D. 5,207",A,527,,,
G4:S17-B1-Q4,S17-B1-Q4,545,17,BACKWARD 1,4,2.NBT.A.3,sa,Write the number. 900 + 60,,,960,,,
G4:S17-B1-Q5,S17-B1-Q5,546,17,BACKWARD 1,5,2.NBT.A.3,tf,200 + 40 + 1 = 241,A. True | B. False,A,True,,,
G4:S17-B2-Q1,S17-B2-Q1,548,17,BACKWARD 2,1,1.NBT.B.2,sa,How many tens and ones are in 47?,,,4 tens and 7 ones,,,
G4:S17-B2-Q2,S17-B2-Q2,549,17,BACKWARD 2,2,1.NBT.B.2,tf,63 is 6 tens and 3 ones.,A. True | B. False,A,True,,,
G4:S17-B2-Q3,S17-B2-Q3,550,17,BACKWARD 2,3,1.NBT.B.2,mc,Which number is 8 tens and 2 ones?,A. 28 | B. 10 | C. 82 | D. 802,C,82,,,
G4:S17-B2-Q4,S17-B2-Q4,551,17,BACKWARD 2,4,1.NBT.B.2,sa,Write the number that is 5 tens and 0 ones.,,,50,,,
G4:S17-B2-Q5,S17-B2-Q5,552,17,BACKWARD 2,5,1.NBT.B.2,tf,91 is 1 ten and 9 ones.,A. True | B. False,B,False,,,
G4:S17-F1-Q1,S17-F1-Q1,554,17,FORWARD 1,1,5.NBT.A.3.a,sa,Write 3.46 in expanded form.,,,3 × 1 + 4 × (1/10) + 6 × (1/100),,,3 + 0.4 + 0.06 is also correct.
G4:S17-F1-Q2,S17-F1-Q2,555,17,FORWARD 1,2,5.NBT.A.3.a,tf,2 + 0.5 + 0.03 = 2.53,A. True | B. False,A,True,,,
G4:S17-F1-Q3,S17-F1-Q3,556,17,FORWARD 1,3,5.NBT.A.3.a,mc,Which number is 7 × 1 + 2 × (1/10) + 9 × (1/1000)?,A. 7.029 | B. 7.209 | C. 72.9 | D. 7.29,B,7.209,,,
G4:S17-F1-Q4,S17-F1-Q4,557,17,FORWARD 1,4,5.NBT.A.3.a,sa,Write the number. 5 × 10 + 1 × 1 + 8 × (1/100),,,51.08,,,
G4:S17-F1-Q5,S17-F1-Q5,558,17,FORWARD 1,5,5.NBT.A.3.a,tf,4 × (1/10) + 1 × (1/100) = 0.041,A. True | B. False,B,False,,,
G4:S17-F2-Q1,S17-F2-Q1,560,17,FORWARD 2,1,6.EE.A.1,sa,"Write 6,000 + 400 + 70 + 2 using powers of 10.",,,6 × 10³ + 4 × 10² + 7 × 10¹ + 2,,,Writing the last term as 2 × 10⁰ is also correct.
G4:S17-F2-Q2,S17-F2-Q2,561,17,FORWARD 2,2,6.EE.A.1,tf,"3 × 10⁴ = 30,000",A. True | B. False,A,True,,,
G4:S17-F2-Q3,S17-F2-Q3,562,17,FORWARD 2,3,6.EE.A.1,mc,Which number equals 5 × 10³ + 8 × 10?,"A. 580 | B. 5,008 | C. 5,800 | D. 5,080",D,"5,080",,,
G4:S17-F2-Q4,S17-F2-Q4,563,17,FORWARD 2,4,6.EE.A.1,sa,Evaluate. 2 × 10³ + 9 × 10²,,,"2,900",,,
G4:S17-F2-Q5,S17-F2-Q5,564,17,FORWARD 2,5,6.EE.A.1,tf,7 × 10² = 70,A. True | B. False,B,False,,,
G4:S18-M-Q1,S18-M-Q1,567,18,MAIN,1,4.NBT.A.2,sa,"Write >, =, or <. 45,621 ___ 45,612",,,>,,,
G4:S18-M-Q2,S18-M-Q2,568,18,MAIN,2,4.NBT.A.2,mc,Which comparison is true?,"A. 80,099 > 80,100 | B. 80,099 = 80,100 | C. 80,100 < 80,099 | D. 80,099 < 80,100",D,"80,099 < 80,100",,,
G4:S18-M-Q3,S18-M-Q3,569,18,MAIN,3,4.NBT.A.2,tf,"305,000 < 350,000",A. True | B. False,A,True,,,
G4:S18-M-Q4,S18-M-Q4,570,18,MAIN,4,4.NBT.A.2,sa,"Order from least to greatest. 27,450   24,750   27,045",,,"24,750, 27,045, 27,450",,,
G4:S18-M-Q5,S18-M-Q5,571,18,MAIN,5,4.NBT.A.2,tf,"9,998 > 10,001",A. True | B. False,B,False,,,
G4:S18-B1-Q1,S18-B1-Q1,573,18,BACKWARD 1,1,2.NBT.A.4,sa,"Write >, =, or <. 482 ___ 428",,,>,,,
G4:S18-B1-Q2,S18-B1-Q2,574,18,BACKWARD 1,2,2.NBT.A.4,tf,309 < 390,A. True | B. False,A,True,,,
G4:S18-B1-Q3,S18-B1-Q3,575,18,BACKWARD 1,3,2.NBT.A.4,mc,Which number is greatest?,A. 170 | B. 699 | C. 701 | D. 710,D,710,,,
G4:S18-B1-Q4,S18-B1-Q4,576,18,BACKWARD 1,4,2.NBT.A.4,sa,"Write >, =, or <. 555 ___ 555",,,=,,,
G4:S18-B1-Q5,S18-B1-Q5,577,18,BACKWARD 1,5,2.NBT.A.4,tf,640 > 664,A. True | B. False,B,False,,,
G4:S18-B2-Q1,S18-B2-Q1,579,18,BACKWARD 2,1,1.NBT.B.3,sa,"Write >, =, or <. 67 ___ 76",,,<,,,
G4:S18-B2-Q2,S18-B2-Q2,580,18,BACKWARD 2,2,1.NBT.B.3,tf,58 > 49,A. True | B. False,A,True,,,
G4:S18-B2-Q3,S18-B2-Q3,581,18,BACKWARD 2,3,1.NBT.B.3,mc,Which number is less than 35?,A. 35 | B. 53 | C. 29 | D. 40,C,29,,,
G4:S18-B2-Q4,S18-B2-Q4,582,18,BACKWARD 2,4,1.NBT.B.3,sa,"Write >, =, or <. 90 ___ 19",,,>,,,
G4:S18-B2-Q5,S18-B2-Q5,583,18,BACKWARD 2,5,1.NBT.B.3,tf,42 < 24,A. True | B. False,B,False,,,
G4:S18-F1-Q1,S18-F1-Q1,585,18,FORWARD 1,1,5.NBT.A.3.b,sa,"Write >, =, or <. 0.45 ___ 0.405",,,>,,,
G4:S18-F1-Q2,S18-F1-Q2,586,18,FORWARD 1,2,5.NBT.A.3.b,tf,3.09 < 3.1,A. True | B. False,A,True,,,
G4:S18-F1-Q3,S18-F1-Q3,587,18,FORWARD 1,3,5.NBT.A.3.b,mc,Which decimal is greatest?,A. 2.5 | B. 2.09 | C. 2.405 | D. 2.48,A,2.5,,,
G4:S18-F1-Q4,S18-F1-Q4,588,18,FORWARD 1,4,5.NBT.A.3.b,sa,"Write >, =, or <. 6.70 ___ 6.7",,,=,,,
G4:S18-F1-Q5,S18-F1-Q5,589,18,FORWARD 1,5,5.NBT.A.3.b,tf,0.125 > 0.13,A. True | B. False,B,False,,,
G4:S18-F2-Q1,S18-F2-Q1,591,18,FORWARD 2,1,6.NS.C.7.a,sa,"Write >, =, or <. -8 ___ -3",,,<,,,
G4:S18-F2-Q2,S18-F2-Q2,592,18,FORWARD 2,2,6.NS.C.7.a,tf,-2 > -10,A. True | B. False,A,True,,,
G4:S18-F2-Q3,S18-F2-Q3,593,18,FORWARD 2,3,6.NS.C.7.a,mc,Which number is least?,A. 0 | B. -5 | C. 5 | D. -15,D,-15,,,
G4:S18-F2-Q4,S18-F2-Q4,594,18,FORWARD 2,4,6.NS.C.7.a,sa,"Order from least to greatest. 4, -6, 0, -1",,,"-6, -1, 0, 4",,,
G4:S18-F2-Q5,S18-F2-Q5,595,18,FORWARD 2,5,6.NS.C.7.a,tf,-7 > 2,A. True | B. False,B,False,,,
G4:S19-M-Q1,S19-M-Q1,598,19,MAIN,1,4.NBT.A.3,sa,"Round 46,829 to the nearest thousand.",,,"47,000",,,
G4:S19-M-Q2,S19-M-Q2,599,19,MAIN,2,4.NBT.A.3,sa,"Round 352,618 to the nearest ten thousand.",,,"350,000",,,
G4:S19-M-Q3,S19-M-Q3,600,19,MAIN,3,4.NBT.A.3,mc,"Round 7,950 to the nearest hundred.","A. 7,900 | B. 7,960 | C. 7,000 | D. 8,000",D,"8,000",,,
G4:S19-M-Q4,S19-M-Q4,601,19,MAIN,4,4.NBT.A.3,tf,"128,476 rounded to the nearest hundred thousand is 200,000.",A. True | B. False,B,False,,,
G4:S19-M-Q5,S19-M-Q5,602,19,MAIN,5,4.NBT.A.3,sa,"A stadium has 63,548 seats. Round the number of seats to the nearest thousand.",,,"64,000",,,
G4:S19-B1-Q1,S19-B1-Q1,604,19,BACKWARD 1,1,3.NBT.A.1,sa,Round 84 to the nearest ten.,,,80,,,
G4:S19-B1-Q2,S19-B1-Q2,605,19,BACKWARD 1,2,3.NBT.A.1,tf,652 rounded to the nearest hundred is 700.,A. True | B. False,A,True,,,
G4:S19-B1-Q3,S19-B1-Q3,606,19,BACKWARD 1,3,3.NBT.A.1,mc,Round 345 to the nearest ten.,A. 400 | B. 350 | C. 300 | D. 340,B,350,,,
G4:S19-B1-Q4,S19-B1-Q4,607,19,BACKWARD 1,4,3.NBT.A.1,sa,Round 961 to the nearest hundred.,,,"1,000",,,
G4:S19-B1-Q5,S19-B1-Q5,608,19,BACKWARD 1,5,3.NBT.A.1,tf,26 rounded to the nearest ten is 20.,A. True | B. False,B,False,,,
G4:S19-B2-Q1,S19-B2-Q1,610,19,BACKWARD 2,1,2.NBT.A.2,sa,"Skip-count by 100s. 300, 400, 500, ___",,,600,,,
G4:S19-B2-Q2,S19-B2-Q2,611,19,BACKWARD 2,2,2.NBT.A.2,tf,"Counting by 10s from 470 gives 480, 490, 500.",A. True | B. False,A,True,,,
G4:S19-B2-Q3,S19-B2-Q3,612,19,BACKWARD 2,3,2.NBT.A.2,mc,"What comes next when counting by 5s? 85, 90, 95, ___",A. 96 | B. 105 | C. 100 | D. 99,C,100,,,
G4:S19-B2-Q4,S19-B2-Q4,613,19,BACKWARD 2,4,2.NBT.A.2,sa,"Skip-count by 10s. 620, 630, 640, ___",,,650,,,
G4:S19-B2-Q5,S19-B2-Q5,614,19,BACKWARD 2,5,2.NBT.A.2,tf,"Counting by 100s from 700 gives 800, 900, 990.",A. True | B. False,B,False,,,
G4:S19-F1-Q1,S19-F1-Q1,616,19,FORWARD 1,1,5.NBT.A.4,sa,Round 3.468 to the nearest tenth.,,,3.5,,,
G4:S19-F1-Q2,S19-F1-Q2,617,19,FORWARD 1,2,5.NBT.A.4,sa,Round 14.729 to the nearest whole number.,,,15,,,
G4:S19-F1-Q3,S19-F1-Q3,618,19,FORWARD 1,3,5.NBT.A.4,mc,Round 0.638 to the nearest hundredth.,A. 0.6 | B. 0.64 | C. 0.7 | D. 0.63,B,0.64,,,
G4:S19-F1-Q4,S19-F1-Q4,619,19,FORWARD 1,4,5.NBT.A.4,tf,5.95 rounded to the nearest tenth is 6.0.,A. True | B. False,A,True,,,
G4:S19-F1-Q5,S19-F1-Q5,620,19,FORWARD 1,5,5.NBT.A.4,tf,8.249 rounded to the nearest tenth is 8.3.,A. True | B. False,B,False,,,
G4:S19-F2-Q1,S19-F2-Q1,622,19,FORWARD 2,1,6.NS.B.3,sa,Divide. Round the quotient to the nearest tenth. 10 ÷ 3,,,3.3,,,
G4:S19-F2-Q2,S19-F2-Q2,623,19,FORWARD 2,2,6.NS.B.3,tf,"7.25 × 4.2, rounded to the nearest whole number, is 30.",A. True | B. False,A,True,,,
G4:S19-F2-Q3,S19-F2-Q3,624,19,FORWARD 2,3,6.NS.B.3,mc,Divide. Round the quotient to the nearest hundredth. 2 ÷ 7,A. 0.27 | B. 0.29 | C. 0.28 | D. 0.3,B,0.29,,,
G4:S19-F2-Q4,S19-F2-Q4,625,19,FORWARD 2,4,6.NS.B.3,sa,Multiply. Round the product to the nearest whole number. 3.6 × 2.4,,,9,,,
G4:S19-F2-Q5,S19-F2-Q5,626,19,FORWARD 2,5,6.NS.B.3,tf,"15 ÷ 4, rounded to the nearest whole number, is 3.",A. True | B. False,B,False,,,
G4:S20-M-Q1,S20-M-Q1,629,20,MAIN,1,4.NBT.B.4,work,"Use the standard algorithm to add. Show your work. 4,587 + 2,946",,,"7,533",,"The standard algorithm: digits lined up by place value and added from the ones place to the left, with each regrouping shown. Another method earns partial credit.",
G4:S20-M-Q2,S20-M-Q2,630,20,MAIN,2,4.NBT.B.4,work,"Use the standard algorithm to add. Show your work. 38,209 + 15,894",,,"54,103",,"The standard algorithm: digits lined up by place value and added from the ones place to the left, with each regrouping shown. Another method earns partial credit.",
G4:S20-M-Q3,S20-M-Q3,631,20,MAIN,3,4.NBT.B.4,mc,"Add. 6,078 + 3,945","A. 9,023 | B. 9,923 | C. 10,013 | D. 10,023",D,"10,023",,,
G4:S20-M-Q4,S20-M-Q4,632,20,MAIN,4,4.NBT.B.4,work,"A library had 12,486 books. It got 3,758 more. Use the standard algorithm to find how many books it has now. Show your work.",,,"16,244",,"The standard algorithm: digits lined up by place value and added from the ones place to the left, with each regrouping shown. Another method earns partial credit.",
G4:S20-M-Q5,S20-M-Q5,633,20,MAIN,5,4.NBT.B.4,tf,"In the standard algorithm for 3,685 + 1,476, you regroup 11 ones as 1 ten and 1 one.",A. True | B. False,A,True,,,
G4:S20-B1-Q1,S20-B1-Q1,635,20,BACKWARD 1,1,3.NBT.A.2,sa,Add. 356 + 478,,,834,,,
G4:S20-B1-Q2,S20-B1-Q2,636,20,BACKWARD 1,2,3.NBT.A.2,tf,609 + 295 = 904,A. True | B. False,A,True,,,
G4:S20-B1-Q3,S20-B1-Q3,637,20,BACKWARD 1,3,3.NBT.A.2,mc,147 + 268 = ?,A. 415 | B. 315 | C. 405 | D. 425,A,415,,,
G4:S20-B1-Q4,S20-B1-Q4,638,20,BACKWARD 1,4,3.NBT.A.2,sa,Add. 523 + 389,,,912,,,
G4:S20-B1-Q5,S20-B1-Q5,639,20,BACKWARD 1,5,3.NBT.A.2,tf,480 + 360 = 740,A. True | B. False,B,False,,,
G4:S20-B2-Q1,S20-B2-Q1,641,20,BACKWARD 2,1,2.NBT.B.7,tf,7 ones and 5 ones make 1 ten and 2 ones.,A. True | B. False,A,True,,,
G4:S20-B2-Q2,S20-B2-Q2,642,20,BACKWARD 2,2,2.NBT.B.7,sa,Rename 16 tens as hundreds and tens.,,,1 hundred and 6 tens,,,
G4:S20-B2-Q3,S20-B2-Q3,643,20,BACKWARD 2,3,2.NBT.B.7,mc,"Add the hundreds, the tens, and the ones. 248 + 135",A. 483 | B. 373 | C. 383 | D. 313,C,383,,,
G4:S20-B2-Q4,S20-B2-Q4,644,20,BACKWARD 2,4,2.NBT.B.7,sa,Add. 200 + 70 + 4 + 300 + 20 + 9,,,603,,,
G4:S20-B2-Q5,S20-B2-Q5,645,20,BACKWARD 2,5,2.NBT.B.7,tf,12 ones is the same as 2 tens.,A. True | B. False,B,False,,,
G4:S20-F1-Q1,S20-F1-Q1,647,20,FORWARD 1,1,5.NBT.B.7,sa,Add. 35.68 + 7.45,,,43.13,,,
G4:S20-F1-Q2,S20-F1-Q2,648,20,FORWARD 1,2,5.NBT.B.7,sa,Add. 4.9 + 12.36,,,17.26,,,
G4:S20-F1-Q3,S20-F1-Q3,649,20,FORWARD 1,3,5.NBT.B.7,mc,Add. 0.75 + 0.48,A. 1.13 | B. 12.3 | C. 1.23 | D. 0.123,C,1.23,,,
G4:S20-F1-Q4,S20-F1-Q4,650,20,FORWARD 1,4,5.NBT.B.7,tf,6.07 + 3.9 = 9.97,A. True | B. False,A,True,,,
G4:S20-F1-Q5,S20-F1-Q5,651,20,FORWARD 1,5,5.NBT.B.7,tf,2.5 + 1.75 = 3.80,A. True | B. False,B,False,,,
G4:S20-F2-Q1,S20-F2-Q1,653,20,FORWARD 2,1,6.NS.B.3,sa,Add. 128.406 + 75.89,,,204.296,,,
G4:S20-F2-Q2,S20-F2-Q2,654,20,FORWARD 2,2,6.NS.B.3,sa,Add. 9.075 + 0.98,,,10.055,,,
G4:S20-F2-Q3,S20-F2-Q3,655,20,FORWARD 2,3,6.NS.B.3,mc,Add. 46.3 + 8.759,A. 55.059 | B. 131.89 | C. 55.159 | D. 54.059,A,55.059,,,
G4:S20-F2-Q4,S20-F2-Q4,656,20,FORWARD 2,4,6.NS.B.3,tf,0.625 + 0.375 = 1,A. True | B. False,A,True,,,
G4:S20-F2-Q5,S20-F2-Q5,657,20,FORWARD 2,5,6.NS.B.3,tf,12.48 + 3.6 = 12.84,A. True | B. False,B,False,,,
G4:S21-M-Q1,S21-M-Q1,660,21,MAIN,1,4.NBT.B.4,work,"Use the standard algorithm to subtract. Show your work. 8,253 - 4,678",,,"3,575",,"The standard algorithm: digits lined up by place value and subtracted from the ones place to the left, with each regrouping (renaming) shown. Another method earns partial credit.",
G4:S21-M-Q2,S21-M-Q2,661,21,MAIN,2,4.NBT.B.4,work,"Use the standard algorithm to subtract. Show your work. 60,000 - 27,438",,,"32,562",,"The standard algorithm: digits lined up by place value and subtracted from the ones place to the left, with each regrouping (renaming) shown. Another method earns partial credit.",
G4:S21-M-Q3,S21-M-Q3,662,21,MAIN,3,4.NBT.B.4,mc,"Subtract. 7,012 - 3,456","A. 4,656 | B. 3,556 | C. 4,444 | D. 3,566",B,"3,556",,,
G4:S21-M-Q4,S21-M-Q4,663,21,MAIN,4,4.NBT.B.4,work,"A school raised $15,250. It spent $8,795. Use the standard algorithm to find how much money is left. Show your work.",,,"$6,455",,"The standard algorithm: digits lined up by place value and subtracted from the ones place to the left, with each regrouping (renaming) shown. Another method earns partial credit.",
G4:S21-M-Q5,S21-M-Q5,664,21,MAIN,5,4.NBT.B.4,tf,"To find 5,042 - 1,317 with the standard algorithm, you rename 1 ten as 10 ones.",A. True | B. False,A,True,,,
G4:S21-B1-Q1,S21-B1-Q1,666,21,BACKWARD 1,1,3.NBT.A.2,sa,Subtract. 732 - 485,,,247,,,
G4:S21-B1-Q2,S21-B1-Q2,667,21,BACKWARD 1,2,3.NBT.A.2,tf,600 - 278 = 322,A. True | B. False,A,True,,,
G4:S21-B1-Q3,S21-B1-Q3,668,21,BACKWARD 1,3,3.NBT.A.2,mc,514 - 296 = ?,A. 222 | B. 228 | C. 218 | D. 318,C,218,,,
G4:S21-B1-Q4,S21-B1-Q4,669,21,BACKWARD 1,4,3.NBT.A.2,sa,Subtract. 905 - 467,,,438,,,
G4:S21-B1-Q5,S21-B1-Q5,670,21,BACKWARD 1,5,3.NBT.A.2,tf,840 - 390 = 550,A. True | B. False,B,False,,,
G4:S21-B2-Q1,S21-B2-Q1,672,21,BACKWARD 2,1,2.NBT.B.7,tf,"To find 52 - 8, you can rename 1 ten as 10 ones.",A. True | B. False,A,True,,,
G4:S21-B2-Q2,S21-B2-Q2,673,21,BACKWARD 2,2,2.NBT.B.7,sa,Rename 4 hundreds 2 tens as 3 hundreds and how many tens?,,,12,,,
G4:S21-B2-Q3,S21-B2-Q3,674,21,BACKWARD 2,3,2.NBT.B.7,mc,Which shows 300 renamed so you can subtract 126?,A. 2 hundreds 10 ones | B. 3 hundreds 10 tens | C. 30 tens 1 one | D. 2 hundreds 9 tens 10 ones,D,2 hundreds 9 tens 10 ones,,,
G4:S21-B2-Q4,S21-B2-Q4,675,21,BACKWARD 2,4,2.NBT.B.7,sa,Subtract. 400 - 158,,,242,,,
G4:S21-B2-Q5,S21-B2-Q5,676,21,BACKWARD 2,5,2.NBT.B.7,tf,6 tens 3 ones = 5 tens 3 ones,A. True | B. False,B,False,,,
G4:S21-F1-Q1,S21-F1-Q1,678,21,FORWARD 1,1,5.NBT.B.7,sa,Subtract. 42.5 - 18.76,,,23.74,,,
G4:S21-F1-Q2,S21-F1-Q2,679,21,FORWARD 1,2,5.NBT.B.7,sa,Subtract. 9 - 3.45,,,5.55,,,
G4:S21-F1-Q3,S21-F1-Q3,680,21,FORWARD 1,3,5.NBT.B.7,mc,Subtract. 6.03 - 2.8,A. 3.22 | B. 3.75 | C. 4.23 | D. 3.23,D,3.23,,,
G4:S21-F1-Q4,S21-F1-Q4,681,21,FORWARD 1,4,5.NBT.B.7,tf,10 - 0.25 = 9.75,A. True | B. False,A,True,,,
G4:S21-F1-Q5,S21-F1-Q5,682,21,FORWARD 1,5,5.NBT.B.7,tf,5.4 - 2.15 = 3.35,A. True | B. False,B,False,,,
G4:S21-F2-Q1,S21-F2-Q1,684,21,FORWARD 2,1,6.NS.B.3,sa,Subtract. 100 - 36.875,,,63.125,,,
G4:S21-F2-Q2,S21-F2-Q2,685,21,FORWARD 2,2,6.NS.B.3,sa,Subtract. 15.06 - 8.3,,,6.76,,,
G4:S21-F2-Q3,S21-F2-Q3,686,21,FORWARD 2,3,6.NS.B.3,mc,Subtract. 4.2 - 1.375,A. 2.825 | B. 2.925 | C. 3.825 | D. 3.175,A,2.825,,,
G4:S21-F2-Q4,S21-F2-Q4,687,21,FORWARD 2,4,6.NS.B.3,tf,50.5 - 0.505 = 49.995,A. True | B. False,A,True,,,
G4:S21-F2-Q5,S21-F2-Q5,688,21,FORWARD 2,5,6.NS.B.3,tf,8 - 0.08 = 0.72,A. True | B. False,B,False,,,
G4:S22-M-Q1,S22-M-Q1,691,22,MAIN,1,4.NBT.B.5,sa,"Multiply. 4,236 × 7",,,"29,652",,,
G4:S22-M-Q2,S22-M-Q2,692,22,MAIN,2,4.NBT.B.5,sa,Multiply. 608 × 5,,,"3,040",,,
G4:S22-M-Q3,S22-M-Q3,693,22,MAIN,3,4.NBT.B.5,mc,"Multiply. 3,049 × 6","A. 3,055 | B. 18,254 | C. 18,924 | D. 18,294",D,"18,294",,,
G4:S22-M-Q4,S22-M-Q4,694,22,MAIN,4,4.NBT.B.5,sa,"A theater sells 1,275 tickets each night for 8 nights. How many tickets does it sell?",,,"10,200",,,
G4:S22-M-Q5,S22-M-Q5,695,22,MAIN,5,4.NBT.B.5,tf,"2,513 × 4 = 10,042",A. True | B. False,B,False,,,
G4:S22-B1-Q1,S22-B1-Q1,697,22,BACKWARD 1,1,3.OA.C.7,sa,Multiply. 7 × 6,,,42,,,
G4:S22-B1-Q2,S22-B1-Q2,698,22,BACKWARD 1,2,3.OA.C.7,tf,9 × 8 = 72,A. True | B. False,A,True,,,
G4:S22-B1-Q3,S22-B1-Q3,699,22,BACKWARD 1,3,3.OA.C.7,mc,4 × 7 = ?,A. 24 | B. 32 | C. 11 | D. 28,D,28,,,
G4:S22-B1-Q4,S22-B1-Q4,700,22,BACKWARD 1,4,3.OA.C.7,sa,Multiply. 6 × 9,,,54,,,
G4:S22-B1-Q5,S22-B1-Q5,701,22,BACKWARD 1,5,3.OA.C.7,tf,8 × 7 = 54,A. True | B. False,B,False,,,
G4:S22-B2-Q1,S22-B2-Q1,703,22,BACKWARD 2,1,3.NBT.A.3,sa,Multiply. 7 × 80,,,560,,,
G4:S22-B2-Q2,S22-B2-Q2,704,22,BACKWARD 2,2,3.NBT.A.3,tf,5 × 60 = 300,A. True | B. False,A,True,,,
G4:S22-B2-Q3,S22-B2-Q3,705,22,BACKWARD 2,3,3.NBT.A.3,mc,3 × 90 = ?,"A. 27 | B. 2,700 | C. 93 | D. 270",D,270,,,
G4:S22-B2-Q4,S22-B2-Q4,706,22,BACKWARD 2,4,3.NBT.A.3,sa,Multiply. 4 × 70,,,280,,,
G4:S22-B2-Q5,S22-B2-Q5,707,22,BACKWARD 2,5,3.NBT.A.3,tf,"8 × 40 = 3,200",A. True | B. False,B,False,,,
G4:S22-F1-Q1,S22-F1-Q1,709,22,FORWARD 1,1,5.NBT.B.5,work,"Use the standard algorithm to multiply. Show your work. 3,214 × 26",,,"83,564",,"The standard algorithm: one partial product for each digit of the second factor (with regrouping), each lined up by place value, then the partial products added. Another method earns partial credit.",
G4:S22-F1-Q2,S22-F1-Q2,710,22,FORWARD 1,2,5.NBT.B.5,sa,Multiply. 507 × 48,,,"24,336",,,
G4:S22-F1-Q3,S22-F1-Q3,711,22,FORWARD 1,3,5.NBT.B.5,mc,"Multiply. 1,250 × 34","A. 42,500 | B. 8,750 | C. 42,050 | D. 41,500",A,"42,500",,,
G4:S22-F1-Q4,S22-F1-Q4,712,22,FORWARD 1,4,5.NBT.B.5,sa,Multiply. 289 × 75,,,"21,675",,,
G4:S22-F1-Q5,S22-F1-Q5,713,22,FORWARD 1,5,5.NBT.B.5,tf,"406 × 52 = 21,112",A. True | B. False,A,True,,,
G4:S22-F2-Q1,S22-F2-Q1,715,22,FORWARD 2,1,6.NS.B.3,sa,Multiply. 4.236 × 7,,,29.652,,,
G4:S22-F2-Q2,S22-F2-Q2,716,22,FORWARD 2,2,6.NS.B.3,sa,Multiply. 6.08 × 0.5,,,3.04,,,
G4:S22-F2-Q3,S22-F2-Q3,717,22,FORWARD 2,3,6.NS.B.3,mc,Multiply. 30.49 × 0.6,A. 18.94 | B. 18.294 | C. 182.94 | D. 1.8294,B,18.294,,,
G4:S22-F2-Q4,S22-F2-Q4,718,22,FORWARD 2,4,6.NS.B.3,tf,2.5 × 1.6 = 4,A. True | B. False,A,True,,,
G4:S22-F2-Q5,S22-F2-Q5,719,22,FORWARD 2,5,6.NS.B.3,tf,0.7 × 0.08 = 0.56,A. True | B. False,B,False,,,
G4:S23-M-Q1,S23-M-Q1,722,23,MAIN,1,4.NBT.B.5,sa,Multiply. 34 × 27,,,918,,,
G4:S23-M-Q2,S23-M-Q2,723,23,MAIN,2,4.NBT.B.5,sa,Multiply. 58 × 63,,,"3,654",,,
G4:S23-M-Q3,S23-M-Q3,724,23,MAIN,3,4.NBT.B.5,mc,Multiply. 46 × 19,A. 414 | B. 884 | C. 864 | D. 874,D,874,,,
G4:S23-M-Q4,S23-M-Q4,725,23,MAIN,4,4.NBT.B.5,sa,A box holds 24 cans. How many cans are in 36 boxes?,,,864,,,
G4:S23-M-Q5,S23-M-Q5,726,23,MAIN,5,4.NBT.B.5,tf,"72 × 15 = 1,008",A. True | B. False,B,False,,,
G4:S23-B1-Q1,S23-B1-Q1,728,23,BACKWARD 1,1,3.NBT.A.3,sa,Multiply. 3 × 40,,,120,,,
G4:S23-B1-Q2,S23-B1-Q2,729,23,BACKWARD 1,2,3.NBT.A.3,tf,6 × 90 = 540,A. True | B. False,A,True,,,
G4:S23-B1-Q3,S23-B1-Q3,730,23,BACKWARD 1,3,3.NBT.A.3,mc,8 × 20 = ?,"A. 28 | B. 1,600 | C. 160 | D. 16",C,160,,,
G4:S23-B1-Q4,S23-B1-Q4,731,23,BACKWARD 1,4,3.NBT.A.3,sa,Multiply. 9 × 70,,,630,,,
G4:S23-B1-Q5,S23-B1-Q5,732,23,BACKWARD 1,5,3.NBT.A.3,tf,"4 × 50 = 2,000",A. True | B. False,B,False,,,
G4:S23-B2-Q1,S23-B2-Q1,734,23,BACKWARD 2,1,3.OA.B.5,tf,8 × 7 = 8 × 5 + 8 × 2,A. True | B. False,A,True,,,
G4:S23-B2-Q2,S23-B2-Q2,735,23,BACKWARD 2,2,3.OA.B.5,sa,Fill in the blank. 6 × 9 = 6 × 5 + 6 × ___,,,4,,,
G4:S23-B2-Q3,S23-B2-Q3,736,23,BACKWARD 2,3,3.OA.B.5,mc,Which expression is equal to 4 × 8?,A. 4 × 5 × 3 | B. 4 × 5 + 4 × 3 | C. 4 × 5 + 3 | D. 4 + 5 × 3,B,4 × 5 + 4 × 3,,,
G4:S23-B2-Q4,S23-B2-Q4,737,23,BACKWARD 2,4,3.OA.B.5,sa,Find 7 × 6 by adding 7 × 3 + 7 × 3.,,,42,,,
G4:S23-B2-Q5,S23-B2-Q5,738,23,BACKWARD 2,5,3.OA.B.5,tf,9 × 6 = 9 × 3 + 3,A. True | B. False,B,False,,,
G4:S23-F1-Q1,S23-F1-Q1,740,23,FORWARD 1,1,5.NBT.B.5,work,Use the standard algorithm to multiply. Show your work. 427 × 53,,,"22,631",,"The standard algorithm: one partial product for each digit of the second factor (with regrouping), each lined up by place value, then the partial products added. Another method earns partial credit.",
G4:S23-F1-Q2,S23-F1-Q2,741,23,FORWARD 1,2,5.NBT.B.5,sa,Multiply. 86 × 145,,,"12,470",,,
G4:S23-F1-Q3,S23-F1-Q3,742,23,FORWARD 1,3,5.NBT.B.5,mc,Multiply. 312 × 64,"A. 18,968 | B. 19,968 | C. 19,868 | D. 1,248",B,"19,968",,,
G4:S23-F1-Q4,S23-F1-Q4,743,23,FORWARD 1,4,5.NBT.B.5,sa,"Multiply. 2,005 × 18",,,"36,090",,,
G4:S23-F1-Q5,S23-F1-Q5,744,23,FORWARD 1,5,5.NBT.B.5,tf,"95 × 95 = 9,025",A. True | B. False,A,True,,,
G4:S23-F2-Q1,S23-F2-Q1,746,23,FORWARD 2,1,6.NS.B.3,sa,Multiply. 3.4 × 2.7,,,9.18,,,
G4:S23-F2-Q2,S23-F2-Q2,747,23,FORWARD 2,2,6.NS.B.3,sa,Multiply. 0.58 × 6.3,,,3.654,,,
G4:S23-F2-Q3,S23-F2-Q3,748,23,FORWARD 2,3,6.NS.B.3,mc,Multiply. 4.6 × 0.19,A. 4.79 | B. 0.874 | C. 0.0874 | D. 8.74,B,0.874,,,
G4:S23-F2-Q4,S23-F2-Q4,749,23,FORWARD 2,4,6.NS.B.3,tf,2.4 × 3.6 = 8.64,A. True | B. False,A,True,,,
G4:S23-F2-Q5,S23-F2-Q5,750,23,FORWARD 2,5,6.NS.B.3,tf,7.2 × 1.5 = 1.08,A. True | B. False,B,False,,,
G4:S24-M-Q1,S24-M-Q1,753,24,MAIN,1,4.NBT.B.5,plot_text,Complete the area model for 7 × 38 by writing the area of each part. Then write the product.,,,266,Areas written in the parts: 210 (7 × 30) and 56 (7 × 8),,"Grade both: the two areas must be 210 and 56, and the product 210 + 56 = 266."
G4:S24-M-Q2,S24-M-Q2,754,24,MAIN,2,4.NBT.B.5,sa,The area model shows 24 × 13. Write the four partial products and the total.,,,"200, 40, 60, 12; 312",,,The partial products may be listed in any order. Both parts are required.
G4:S24-M-Q3,S24-M-Q3,755,24,MAIN,3,4.NBT.B.5,mc,Which equation matches the area model?,"A. 6 × 453 = 2,400 + 50 + 3 | B. 6 × 453 = 2,400 + 300 + 18 | C. 6 × 453 = 6 × 400 + 53 | D. 6 + 453 = 2,718",B,"6 × 453 = 2,400 + 300 + 18",,,
G4:S24-M-Q4,S24-M-Q4,756,24,MAIN,4,4.NBT.B.5,work,"Use an area model or equations to multiply. Show your model or equations. 9 × 2,146",,,"19,314",,"Any valid area model or chain of equations that shows how the product is found. Examples: place-value parts 9 × 2,000 = 18,000, 9 × 100 = 900, 9 × 40 = 360 and 9 × 6 = 54, then 18,000 + 900 + 360 + 54 = 19,314; or (10 - 1) × 2,146 = 21,460 - 2,146 = 19,314. The answer without a valid model or equations earns partial credit.",
G4:S24-M-Q5,S24-M-Q5,757,24,MAIN,5,4.NBT.B.5,sa,Explain why 15 × 12 = 15 × 10 + 15 × 2.,,,"12 = 10 + 2, so 15 groups of 12 are 15 groups of 10 plus 15 groups of 2; 150 + 30 = 180.",,,Must show 12 split into 10 + 2 and that multiplying each part and adding gives the same product. An array or area model split into 10 and 2 is also a correct explanation.
G4:S24-B1-Q1,S24-B1-Q1,759,24,BACKWARD 1,1,3.MD.C.7.c,tf,A rectangle that is 4 by (5 + 3) has an area of 4 × 5 + 4 × 3.,A. True | B. False,A,True,,,
G4:S24-B1-Q2,S24-B1-Q2,760,24,BACKWARD 1,2,3.MD.C.7.c,sa,A 6-by-9 rectangle is split into a 6-by-5 part and a 6-by-4 part. What is the total area?,,,54 square units,,,
G4:S24-B1-Q3,S24-B1-Q3,761,24,BACKWARD 1,3,3.MD.C.7.c,mc,A 3-by-8 rectangle is split into a 3-by-5 part and a 3-by-3 part. Which expression gives its area?,A. 3 × 8 + 3 | B. 3 × 5 × 3 | C. 3 + 5 + 3 | D. 3 × 5 + 3 × 3,D,3 × 5 + 3 × 3,,,
G4:S24-B1-Q4,S24-B1-Q4,762,24,BACKWARD 1,4,3.MD.C.7.c,sa,Fill in the blank. 7 × 9 = 7 × 5 + 7 × ___,,,4,,,
G4:S24-B1-Q5,S24-B1-Q5,763,24,BACKWARD 1,5,3.MD.C.7.c,tf,5 × 7 = 5 × 4 + 3,A. True | B. False,B,False,,,
G4:S24-B2-Q1,S24-B2-Q1,765,24,BACKWARD 2,1,3.OA.B.5,sa,Write a multiplication equation for the array.,,,4 × 6 = 24,,,6 × 4 = 24 is also correct.
G4:S24-B2-Q2,S24-B2-Q2,766,24,BACKWARD 2,2,3.OA.B.5,mc,The dashed line splits the array into two parts. Which equation matches?,A. 4 × 7 = 4 + 5 + 2 | B. 4 × 7 = 4 × 5 × 2 | C. 4 × 7 = 4 × 5 + 4 × 2 | D. 4 + 7 = 4 × 5 + 2,C,4 × 7 = 4 × 5 + 4 × 2,,,
G4:S24-B2-Q3,S24-B2-Q3,767,24,BACKWARD 2,3,3.OA.B.5,tf,An array of 3 rows of 9 can be split into 3 rows of 5 and 3 rows of 4.,A. True | B. False,A,True,,,
G4:S24-B2-Q4,S24-B2-Q4,768,24,BACKWARD 2,4,3.OA.B.5,sa,An array of 6 rows of 8 is split into 6 rows of 5 and 6 rows of 3. How many dots are in the whole array?,,,48,,,
G4:S24-B2-Q5,S24-B2-Q5,769,24,BACKWARD 2,5,3.OA.B.5,tf,"An array of 5 rows of 6, split into two arrays of 5 rows of 3, has 33 dots.",A. True | B. False,B,False,,,
G4:S24-F1-Q1,S24-F1-Q1,771,24,FORWARD 1,1,5.NBT.B.7,sa,An area model splits 3 × 2.4 into 3 × 2 and 3 × 0.4. What is the product?,,,7.2,,,
G4:S24-F1-Q2,S24-F1-Q2,772,24,FORWARD 1,2,5.NBT.B.7,tf,4 × 1.25 = 4 × 1 + 4 × 0.25 = 5,A. True | B. False,A,True,,,
G4:S24-F1-Q3,S24-F1-Q3,773,24,FORWARD 1,3,5.NBT.B.7,mc,Which shows 6 × 3.5 broken apart by place value?,A. 6 × 3 × 0.5 | B. 6 × 3 + 0.5 | C. 6 + 3 + 0.5 | D. 6 × 3 + 6 × 0.5,D,6 × 3 + 6 × 0.5,,,
G4:S24-F1-Q4,S24-F1-Q4,774,24,FORWARD 1,4,5.NBT.B.7,sa,Multiply. 5 × 0.36,,,1.8,,,
G4:S24-F1-Q5,S24-F1-Q5,775,24,FORWARD 1,5,5.NBT.B.7,tf,2 × 4.3 = 8.3,A. True | B. False,B,False,,,
G4:S24-F2-Q1,S24-F2-Q1,777,24,FORWARD 2,1,6.NS.B.4,sa,Use the factor 4 to write 36 + 8 as a product.,,,4(9 + 2),,,
G4:S24-F2-Q2,S24-F2-Q2,778,24,FORWARD 2,2,6.NS.B.4,tf,7(10 + 3) = 70 + 21,A. True | B. False,A,True,,,
G4:S24-F2-Q3,S24-F2-Q3,779,24,FORWARD 2,3,6.NS.B.4,mc,Which expression equals 5 × 47?,A. 5(40 + 7) | B. 5 × 40 + 7 | C. 5 + 40 × 7 | D. (5 + 40) × 7,A,5(40 + 7),,,
G4:S24-F2-Q4,S24-F2-Q4,780,24,FORWARD 2,4,6.NS.B.4,sa,Use the greatest common factor to write 24 + 60 as a product.,,,12(2 + 5),,,
G4:S24-F2-Q5,S24-F2-Q5,781,24,FORWARD 2,5,6.NS.B.4,tf,3(12 + 5) = 36 + 5,A. True | B. False,B,False,,,
G4:S25-M-Q1,S25-M-Q1,784,25,MAIN,1,4.NBT.B.6,sa,Divide. 952 ÷ 7,,,136,,,
G4:S25-M-Q2,S25-M-Q2,785,25,MAIN,2,4.NBT.B.6,sa,"Divide. 4,815 ÷ 5",,,963,,,
G4:S25-M-Q3,S25-M-Q3,786,25,MAIN,3,4.NBT.B.6,mc,"Divide. 2,184 ÷ 6","A. 364 | B. 354 | C. 2,178 | D. 374",A,364,,,
G4:S25-M-Q4,S25-M-Q4,787,25,MAIN,4,4.NBT.B.6,sa,"Divide. Write the quotient and the remainder. 1,357 ÷ 4",,,339 R 1,,,"Quotient 339 and remainder 1. The question asks for a remainder, so a mixed number or decimal is not accepted."
G4:S25-M-Q5,S25-M-Q5,788,25,MAIN,5,4.NBT.B.6,tf,"3,600 ÷ 9 = 40",A. True | B. False,B,False,,,
G4:S25-B1-Q1,S25-B1-Q1,790,25,BACKWARD 1,1,3.OA.C.7,sa,Divide. 42 ÷ 7,,,6,,,
G4:S25-B1-Q2,S25-B1-Q2,791,25,BACKWARD 1,2,3.OA.C.7,tf,72 ÷ 8 = 9,A. True | B. False,A,True,,,
G4:S25-B1-Q3,S25-B1-Q3,792,25,BACKWARD 1,3,3.OA.C.7,mc,54 ÷ 6 = ?,A. 48 | B. 7 | C. 8 | D. 9,D,9,,,
G4:S25-B1-Q4,S25-B1-Q4,793,25,BACKWARD 1,4,3.OA.C.7,sa,Divide. 27 ÷ 3,,,9,,,
G4:S25-B1-Q5,S25-B1-Q5,794,25,BACKWARD 1,5,3.OA.C.7,tf,63 ÷ 9 = 8,A. True | B. False,B,False,,,
G4:S25-B2-Q1,S25-B2-Q1,796,25,BACKWARD 2,1,3.OA.A.2,sa,28 marbles are shared equally by 4 children. How many marbles does each child get?,,,7,,,
G4:S25-B2-Q2,S25-B2-Q2,797,25,BACKWARD 2,2,3.OA.A.2,tf,"When 45 is split into 5 equal groups, each group has 9.",A. True | B. False,A,True,,,
G4:S25-B2-Q3,S25-B2-Q3,798,25,BACKWARD 2,3,3.OA.A.2,mc,Which expression shows 32 shared equally among 8 people?,A. 32 - 8 | B. 32 × 8 | C. 32 ÷ 8 | D. 8 ÷ 32,C,32 ÷ 8,,,
G4:S25-B2-Q4,S25-B2-Q4,799,25,BACKWARD 2,4,3.OA.A.2,sa,48 stickers are put into groups of 6. How many groups are there?,,,8,,,
G4:S25-B2-Q5,S25-B2-Q5,800,25,BACKWARD 2,5,3.OA.A.2,tf,20 shared equally by 4 people gives each person 16.,A. True | B. False,B,False,,,
G4:S25-F1-Q1,S25-F1-Q1,802,25,FORWARD 1,1,5.NBT.B.6,sa,"Divide. 1,736 ÷ 28",,,62,,,
G4:S25-F1-Q2,S25-F1-Q2,803,25,FORWARD 1,2,5.NBT.B.6,sa,"Divide. 5,904 ÷ 72",,,82,,,
G4:S25-F1-Q3,S25-F1-Q3,804,25,FORWARD 1,3,5.NBT.B.6,mc,"Divide. 3,360 ÷ 48",A. 70 | B. 7 | C. 68 | D. 700,A,70,,,
G4:S25-F1-Q4,S25-F1-Q4,805,25,FORWARD 1,4,5.NBT.B.6,sa,"Divide. Write the quotient and the remainder. 2,000 ÷ 37",,,54 R 2,,,
G4:S25-F1-Q5,S25-F1-Q5,806,25,FORWARD 1,5,5.NBT.B.6,tf,"1,125 ÷ 25 = 54",A. True | B. False,B,False,,,
G4:S25-F2-Q1,S25-F2-Q1,808,25,FORWARD 2,1,6.NS.B.2,work,"Use the standard algorithm to divide. Show your work. 9,516 ÷ 39",,,244,,"The standard division algorithm with every step shown (divide, multiply, subtract, bring down). A correct quotient without the algorithm earns partial credit.",
G4:S25-F2-Q2,S25-F2-Q2,809,25,FORWARD 2,2,6.NS.B.2,sa,"Divide. 27,648 ÷ 72",,,384,,,
G4:S25-F2-Q3,S25-F2-Q3,810,25,FORWARD 2,3,6.NS.B.2,mc,"Divide. 15,525 ÷ 45","A. 355 | B. 345 | C. 3,450 | D. 335",B,345,,,
G4:S25-F2-Q4,S25-F2-Q4,811,25,FORWARD 2,4,6.NS.B.2,sa,"Divide. 8,184 ÷ 62",,,132,,,
G4:S25-F2-Q5,S25-F2-Q5,812,25,FORWARD 2,5,6.NS.B.2,tf,"20,808 ÷ 51 = 408",A. True | B. False,A,True,,,
G4:S26-M-Q1,S26-M-Q1,815,26,MAIN,1,4.NBT.B.6,plot_text,Complete the area model for 744 ÷ 6 by writing the missing length of each part. Then write the quotient.,,,124,"Lengths written on the parts: 100, 20 and 4",,"Grade both: the lengths 100, 20 and 4 (6 × 100 = 600, 6 × 20 = 120, 6 × 4 = 24), and the quotient 124."
G4:S26-M-Q2,S26-M-Q2,816,26,MAIN,2,4.NBT.B.6,sa,Explain how these equations show 852 ÷ 4. 4 × 200 = 800 4 × 13 = 52 800 + 52 = 852,,,213,,,"Explanation: 852 is split into 800 and 52; 4 goes into them 200 times and 13 times, so 4 goes into 852 a total of 213 times."
G4:S26-M-Q3,S26-M-Q3,817,26,MAIN,3,4.NBT.B.6,mc,"Ana finds 3,515 ÷ 5 by thinking 3,500 ÷ 5 = 700 and 15 ÷ 5 = 3. What is the quotient?","A. 7,003 | B. 73 | C. 703 | D. 730",C,703,,,
G4:S26-M-Q4,S26-M-Q4,818,26,MAIN,4,4.NBT.B.6,work,"Use an area model or equations to divide. Show your model or equations. 1,792 ÷ 8",,,224,,"Any valid area model or chain of equations that shows how the quotient is found. Examples: split 1,792 into parts that 8 divides, 8 × 200 = 1,600 and 8 × 24 = 192, with 1,600 + 192 = 1,792, so the quotient is 224; or divide by 2 three times, 1,792 ÷ 2 = 896, 896 ÷ 2 = 448, 448 ÷ 2 = 224. The answer without a valid model or equations earns partial credit.",
G4:S26-M-Q5,S26-M-Q5,819,26,MAIN,5,4.NBT.B.6,tf,"To find 636 ÷ 3, you can divide each place: 600 ÷ 3 = 200, 30 ÷ 3 = 10, and 6 ÷ 3 = 2. The quotient is 212.",A. True | B. False,A,True,,,
G4:S26-B1-Q1,S26-B1-Q1,821,26,BACKWARD 1,1,3.OA.B.6,sa,Find 56 ÷ 8 by thinking 8 × ? = 56.,,,7,,,
G4:S26-B1-Q2,S26-B1-Q2,822,26,BACKWARD 1,2,3.OA.B.6,tf,36 ÷ 9 = 4 because 9 × 4 = 36.,A. True | B. False,A,True,,,
G4:S26-B1-Q3,S26-B1-Q3,823,26,BACKWARD 1,3,3.OA.B.6,mc,Which fact helps you find 45 ÷ 5?,A. 5 × 9 = 45 | B. 45 - 5 = 40 | C. 9 + 5 = 14 | D. 5 × 5 = 25,A,5 × 9 = 45,,,
G4:S26-B1-Q4,S26-B1-Q4,824,26,BACKWARD 1,4,3.OA.B.6,sa,Find the unknown factor. 7 × ? = 63,,,9,,,
G4:S26-B1-Q5,S26-B1-Q5,825,26,BACKWARD 1,5,3.OA.B.6,tf,24 ÷ 3 = 6 because 3 × 6 = 24.,A. True | B. False,B,False,,,
G4:S26-B2-Q1,S26-B2-Q1,827,26,BACKWARD 2,1,3.MD.C.7.b,sa,A rectangle has an area of 48 square units. One side is 6 units long. How long is the other side?,,,8 units,,,
G4:S26-B2-Q2,S26-B2-Q2,828,26,BACKWARD 2,2,3.MD.C.7.b,tf,A rectangle that is 7 units by 5 units has an area of 35 square units.,A. True | B. False,A,True,,,
G4:S26-B2-Q3,S26-B2-Q3,829,26,BACKWARD 2,3,3.MD.C.7.b,mc,A rectangle has an area of 36 square feet and a width of 4 feet. What is its length?,A. 32 feet | B. 40 feet | C. 9 feet | D. 8 feet,C,9 feet,,,
G4:S26-B2-Q4,S26-B2-Q4,830,26,BACKWARD 2,4,3.MD.C.7.b,sa,What is the area of a rectangle that is 8 cm by 6 cm?,,,48 square cm,,,
G4:S26-B2-Q5,S26-B2-Q5,831,26,BACKWARD 2,5,3.MD.C.7.b,tf,A rectangle with an area of 30 square units and one side of 5 units has another side of 25 units.,A. True | B. False,B,False,,,
G4:S26-F1-Q1,S26-F1-Q1,833,26,FORWARD 1,1,5.NBT.B.6,sa,"The area model shows 1,575 ÷ 25. What is the quotient?",,,63,,,
G4:S26-F1-Q2,S26-F1-Q2,834,26,FORWARD 1,2,5.NBT.B.6,tf,"An area model for 2,016 ÷ 48 can use parts with areas 1,920 and 96, so the quotient is 40 + 2 = 42.",A. True | B. False,A,True,,,
G4:S26-F1-Q3,S26-F1-Q3,835,26,FORWARD 1,3,5.NBT.B.6,mc,"Which equations show 1,410 ÷ 30?","A. 1,410 - 30 = 1,380 | B. 30 × 40 = 1,200; 30 × 7 = 210; 40 + 7 = 47 | C. 30 × 47 = 1,140 | D. 30 × 4 = 120; 30 × 7 = 210; 4 + 7 = 11",B,"30 × 40 = 1,200; 30 × 7 = 210; 40 + 7 = 47",,,
G4:S26-F1-Q4,S26-F1-Q4,836,26,FORWARD 1,4,5.NBT.B.6,sa,"Divide. 2,262 ÷ 39",,,58,,,
G4:S26-F1-Q5,S26-F1-Q5,837,26,FORWARD 1,5,5.NBT.B.6,tf,"An area model for 1,344 ÷ 32 with parts 32 × 40 and 32 × 3 shows a quotient of 43.",A. True | B. False,B,False,,,
G4:S26-F2-Q1,S26-F2-Q1,839,26,FORWARD 2,1,6.NS.B.2,work,"Use the standard algorithm to divide. Show your work. 6,912 ÷ 24",,,288,,"The standard division algorithm with every step shown (divide, multiply, subtract, bring down). A correct quotient without the algorithm earns partial credit.",
G4:S26-F2-Q2,S26-F2-Q2,840,26,FORWARD 2,2,6.NS.B.2,mc,"In the standard algorithm for 4,284 ÷ 12, the first step uses 12 × 300 = 3,600. What does the 300 stand for?",A. Part of the quotient | B. The remainder | C. Part of the divisor | D. The dividend,A,Part of the quotient,,,
G4:S26-F2-Q3,S26-F2-Q3,841,26,FORWARD 2,3,6.NS.B.2,tf,"The steps of the standard algorithm for 3,705 ÷ 15 match the partial quotients 200 + 40 + 7.",A. True | B. False,A,True,,,
G4:S26-F2-Q4,S26-F2-Q4,842,26,FORWARD 2,4,6.NS.B.2,sa,"Divide. 10,488 ÷ 76",,,138,,,
G4:S26-F2-Q5,S26-F2-Q5,843,26,FORWARD 2,5,6.NS.B.2,tf,"5,616 ÷ 52 = 118",A. True | B. False,B,False,,,
G4:S27-M-Q1,S27-M-Q1,846,27,MAIN,1,4.NF.A.1,sa,The bars show 2/3 and 8/12 of the same whole. Explain how the model shows that 2/3 = 8/12.,,,"Each third is split into 4 equal parts, so each new part is 1/4 the size of a third. There are 4 times as many parts (12) and 4 times as many shaded parts (8), and the whole and the shaded amount stay the same.",,,"Must connect both the number and the size of the parts: the number of parts and the number of shaded parts are both multiplied by 4, each new part is 1/4 the size of an original third, and the whole and the shaded amount stay the same. Any equivalent visual explanation that connects number and size of parts is correct."
G4:S27-M-Q2,S27-M-Q2,847,27,MAIN,2,4.NF.A.1,mc,A bar shows 3/5 shaded. Each fifth is cut into 2 equal parts. Which fraction now names the shaded part?,A. 6/10 | B. 3/10 | C. 6/5 | D. 5/10,A,6/10,,,
G4:S27-M-Q3,S27-M-Q3,848,27,MAIN,3,4.NF.A.1,tf,3/4 = 9/12 because the numerator and the denominator were both multiplied by 3.,A. True | B. False,A,True,,,
G4:S27-M-Q4,S27-M-Q4,849,27,MAIN,4,4.NF.A.1,plot_text,The bar shows 1/2 shaded. Draw lines to split each part into 3 equal parts. Then write the equivalent fraction.,,,3/6,"Each half split into 3 equal parts (6 parts in all), with 3 of them shaded",,"Grade both: each half split into 3 equal parts, and the fraction 3/6."
G4:S27-M-Q5,S27-M-Q5,850,27,MAIN,5,4.NF.A.1,tf,2/5 = 4/5 because the numerator was multiplied by 2.,A. True | B. False,B,False,,,
G4:S27-B1-Q1,S27-B1-Q1,852,27,BACKWARD 1,1,3.NF.A.3.b,tf,1/2 = 2/4,A. True | B. False,A,True,,,
G4:S27-B1-Q2,S27-B1-Q2,853,27,BACKWARD 1,2,3.NF.A.3.b,sa,The bars show the same whole. What fraction of the second bar names the same amount as 1/3?,,,2/6,,,
G4:S27-B1-Q3,S27-B1-Q3,854,27,BACKWARD 1,3,3.NF.A.3.b,mc,Which fraction is equivalent to 3/4?,A. 3/8 | B. 4/6 | C. 6/8 | D. 4/3,C,6/8,,,
G4:S27-B1-Q4,S27-B1-Q4,855,27,BACKWARD 1,4,3.NF.A.3.b,sa,Find the missing number. 1/4 = (?)/8,,,2,,,
G4:S27-B1-Q5,S27-B1-Q5,856,27,BACKWARD 1,5,3.NF.A.3.b,tf,2/3 = 2/6,A. True | B. False,B,False,,,
G4:S27-B2-Q1,S27-B2-Q1,858,27,BACKWARD 2,1,3.NF.A.3.a,tf,1/2 and 2/4 are at the same point on a number line.,A. True | B. False,A,True,,,
G4:S27-B2-Q2,S27-B2-Q2,859,27,BACKWARD 2,2,3.NF.A.3.a,mc,Which fraction is at the same point on the number line as 3/4?,A. 7/8 | B. 3/8 | C. 4/8 | D. 6/8,D,6/8,,,
G4:S27-B2-Q3,S27-B2-Q3,860,27,BACKWARD 2,3,3.NF.A.3.a,sa,Name a fraction in eighths that is at the same point as 1/2.,,,4/8,,,
G4:S27-B2-Q4,S27-B2-Q4,861,27,BACKWARD 2,4,3.NF.A.3.a,tf,1/3 and 2/6 are at different points on a number line.,A. True | B. False,B,False,,,
G4:S27-B2-Q5,S27-B2-Q5,862,27,BACKWARD 2,5,3.NF.A.3.a,sa,What fraction in sixths is at the same point as 2/3?,,,4/6,,,
G4:S27-F1-Q1,S27-F1-Q1,864,27,FORWARD 1,1,5.NF.A.1,sa,Add. 1/3 + 1/4,,,7/12,,,
G4:S27-F1-Q2,S27-F1-Q2,865,27,FORWARD 1,2,5.NF.A.1,tf,2/5 + 3/10 = 7/10,A. True | B. False,A,True,,,
G4:S27-F1-Q3,S27-F1-Q3,866,27,FORWARD 1,3,5.NF.A.1,mc,Add. 1/2 + 3/8,A. 7/8 | B. 4/8 | C. 3/16 | D. 4/10,A,7/8,,,
G4:S27-F1-Q4,S27-F1-Q4,867,27,FORWARD 1,4,5.NF.A.1,sa,Add. 5/6 + 1/12,,,11/12,,,
G4:S27-F1-Q5,S27-F1-Q5,868,27,FORWARD 1,5,5.NF.A.1,tf,1/2 + 1/3 = 2/5,A. True | B. False,B,False,,,
G4:S27-F2-Q1,S27-F2-Q1,870,27,FORWARD 2,1,6.RP.A.3.a,sa,Find the missing value. 2 : 3 = 8 : ?,,,12,,,
G4:S27-F2-Q2,S27-F2-Q2,871,27,FORWARD 2,2,6.RP.A.3.a,tf,3 : 4 and 9 : 12 are equivalent ratios.,A. True | B. False,A,True,,,
G4:S27-F2-Q3,S27-F2-Q3,872,27,FORWARD 2,3,6.RP.A.3.a,mc,Which ratio is equivalent to 5 : 2?,A. 5 : 4 | B. 7 : 4 | C. 15 : 6 | D. 10 : 2,C,15 : 6,,,
G4:S27-F2-Q4,S27-F2-Q4,873,27,FORWARD 2,4,6.RP.A.3.a,sa,The table shows equivalent ratios. Find the missing value.,,,9,,,
G4:S27-F2-Q5,S27-F2-Q5,874,27,FORWARD 2,5,6.RP.A.3.a,tf,4 : 6 and 6 : 8 are equivalent ratios.,A. True | B. False,B,False,,,
G4:S28-M-Q1,S28-M-Q1,877,28,MAIN,1,4.NF.A.1,sa,Find the missing number. 3/5 = (?)/10,,,6,,,
G4:S28-M-Q2,S28-M-Q2,878,28,MAIN,2,4.NF.A.1,sa,Find the missing number. 8/12 = 2/(?),,,3,,,
G4:S28-M-Q3,S28-M-Q3,879,28,MAIN,3,4.NF.A.1,mc,Which fraction is equivalent to 4/6?,A. 2/6 | B. 6/8 | C. 8/12 | D. 4/12,C,8/12,,,
G4:S28-M-Q4,S28-M-Q4,880,28,MAIN,4,4.NF.A.1,tf,30/100 = 3/100,A. True | B. False,B,False,,,
G4:S28-M-Q5,S28-M-Q5,881,28,MAIN,5,4.NF.A.1,sa,Write two fractions that are equivalent to 1/4.,,,2/8 and 3/12,,,"Any two fractions equal to 1/4 are correct, for example 2/8, 3/12, or 25/100."
G4:S28-B1-Q1,S28-B1-Q1,883,28,BACKWARD 1,1,3.NF.A.3.b,sa,Find the missing number. 1/3 = (?)/6,,,2,,,
G4:S28-B1-Q2,S28-B1-Q2,884,28,BACKWARD 1,2,3.NF.A.3.b,tf,3/6 = 1/2,A. True | B. False,A,True,,,
G4:S28-B1-Q3,S28-B1-Q3,885,28,BACKWARD 1,3,3.NF.A.3.b,mc,Which fraction is equal to 1/4?,A. 4/1 | B. 2/4 | C. 1/8 | D. 2/8,D,2/8,,,
G4:S28-B1-Q4,S28-B1-Q4,886,28,BACKWARD 1,4,3.NF.A.3.b,sa,Find the missing number. 2/4 = (?)/8,,,4,,,
G4:S28-B1-Q5,S28-B1-Q5,887,28,BACKWARD 1,5,3.NF.A.3.b,tf,3/8 = 3/4,A. True | B. False,B,False,,,
G4:S28-B2-Q1,S28-B2-Q1,889,28,BACKWARD 2,1,3.NF.A.3.c,sa,Write 3 as a fraction with a denominator of 1.,,,3/1,,,
G4:S28-B2-Q2,S28-B2-Q2,890,28,BACKWARD 2,2,3.NF.A.3.c,tf,4/4 = 1,A. True | B. False,A,True,,,
G4:S28-B2-Q3,S28-B2-Q3,891,28,BACKWARD 2,3,3.NF.A.3.c,mc,Which fraction is equal to 2?,A. 2/2 | B. 3/6 | C. 6/3 | D. 2/3,C,6/3,,,
G4:S28-B2-Q4,S28-B2-Q4,892,28,BACKWARD 2,4,3.NF.A.3.c,sa,Write 1 as a fraction with a denominator of 8.,,,8/8,,,
G4:S28-B2-Q5,S28-B2-Q5,893,28,BACKWARD 2,5,3.NF.A.3.c,tf,6/6 = 6,A. True | B. False,B,False,,,
G4:S28-F1-Q1,S28-F1-Q1,895,28,FORWARD 1,1,5.NF.B.5.b,tf,"3/4 × (2/2) = 6/8, and 6/8 = 3/4 because 2/2 = 1.",A. True | B. False,A,True,,,
G4:S28-F1-Q2,S28-F1-Q2,896,28,FORWARD 1,2,5.NF.B.5.b,mc,"To rewrite 2/5 as 6/15, by which whole number must you multiply BOTH its numerator and its denominator?",A. 3 | B. 15 | C. 6 | D. 5,A,3,,,"Multiplying the numerator and the denominator by 3 is multiplying by 3/3, which equals 1, so the value stays the same."
G4:S28-F1-Q3,S28-F1-Q3,897,28,FORWARD 1,3,5.NF.B.5.b,sa,By which whole number must you multiply BOTH the numerator and the denominator of 5/8 to write 20/32?,,,4,,,"Multiplying by 4/4, which equals 1, keeps the value the same: 5 × 4 = 20 and 8 × 4 = 32."
G4:S28-F1-Q4,S28-F1-Q4,898,28,FORWARD 1,4,5.NF.B.5.b,tf,1/2 × (3/4) = 3/8 shows that 1/2 = 3/8.,A. True | B. False,B,False,,,
G4:S28-F1-Q5,S28-F1-Q5,899,28,FORWARD 1,5,5.NF.B.5.b,sa,Explain why multiplying a fraction by 5/5 does not change its value.,,,"5/5 = 1, and multiplying a number by 1 does not change it.",,,
G4:S28-F2-Q1,S28-F2-Q1,901,28,FORWARD 2,1,6.RP.A.3.c,sa,Write 3/4 as a percent.,,,75%,,,
G4:S28-F2-Q2,S28-F2-Q2,902,28,FORWARD 2,2,6.RP.A.3.c,tf,2/5 = 40%,A. True | B. False,A,True,,,
G4:S28-F2-Q3,S28-F2-Q3,903,28,FORWARD 2,3,6.RP.A.3.c,mc,Which percent is equal to 7/10?,A. 0.7% | B. 17% | C. 70% | D. 7%,C,70%,,,
G4:S28-F2-Q4,S28-F2-Q4,904,28,FORWARD 2,4,6.RP.A.3.c,sa,Write 35% as a fraction with a denominator of 100.,,,35/100,,,The denominator must be 100. An equal fraction with another denominator (such as 7/20) is not the form asked for.
G4:S28-F2-Q5,S28-F2-Q5,905,28,FORWARD 2,5,6.RP.A.3.c,tf,1/8 = 18%,A. True | B. False,B,False,,,
G4:S29-M-Q1,S29-M-Q1,908,29,MAIN,1,4.NF.A.2,sa,"Write >, =, or <. 3/4 ___ 5/8",,,>,,,
G4:S29-M-Q2,S29-M-Q2,909,29,MAIN,2,4.NF.A.2,sa,"Write >, =, or <. 2/5 ___ 3/10",,,>,,,
G4:S29-M-Q3,S29-M-Q3,910,29,MAIN,3,4.NF.A.2,mc,Which comparison is true?,A. 3/8 > 3/5 | B. 3/5 > 3/8 | C. 3/5 < 3/8 | D. 3/5 = 3/8,B,3/5 > 3/8,,,
G4:S29-M-Q4,S29-M-Q4,911,29,MAIN,4,4.NF.A.2,sa,"Compare 5/6 and 7/12. Write >, =, or <, and explain how you know.",,,5/6 > 7/12,,,"5/6 = 10/12, and 10/12 > 7/12 because they have the same denominator and 10 parts are more than 7. Both parts are required."
G4:S29-M-Q5,S29-M-Q5,912,29,MAIN,5,4.NF.A.2,tf,4/10 < 35/100,A. True | B. False,B,False,,,
G4:S29-B1-Q1,S29-B1-Q1,914,29,BACKWARD 1,1,3.NF.A.3.d,sa,"Write >, =, or <. 3/8 ___ 5/8",,,<,,,
G4:S29-B1-Q2,S29-B1-Q2,915,29,BACKWARD 1,2,3.NF.A.3.d,tf,1/3 > 1/6,A. True | B. False,A,True,,,
G4:S29-B1-Q3,S29-B1-Q3,916,29,BACKWARD 1,3,3.NF.A.3.d,mc,Which fraction is greatest?,A. 2/6 | B. 2/3 | C. 2/4 | D. 2/8,B,2/3,,,
G4:S29-B1-Q4,S29-B1-Q4,917,29,BACKWARD 1,4,3.NF.A.3.d,sa,"Write >, =, or <. 4/6 ___ 4/8",,,>,,,
G4:S29-B1-Q5,S29-B1-Q5,918,29,BACKWARD 1,5,3.NF.A.3.d,tf,3/4 < 2/4,A. True | B. False,B,False,,,
G4:S29-B2-Q1,S29-B2-Q1,920,29,BACKWARD 2,1,3.NF.A.2,sa,What fraction is at point A?,,,3/4,,,
G4:S29-B2-Q2,S29-B2-Q2,921,29,BACKWARD 2,2,3.NF.A.2,tf,"On a number line, 5/6 is closer to 1 than 1/6 is.",A. True | B. False,A,True,,,
G4:S29-B2-Q3,S29-B2-Q3,922,29,BACKWARD 2,3,3.NF.A.2,mc,Into how many equal parts is the space from 0 to 1 divided?,A. 4 | B. 7 | C. 8 | D. 9,C,8,,,
G4:S29-B2-Q4,S29-B2-Q4,923,29,BACKWARD 2,4,3.NF.A.2,sa,What fraction is at point B?,,,1/3,,,
G4:S29-B2-Q5,S29-B2-Q5,924,29,BACKWARD 2,5,3.NF.A.2,tf,2/2 is at the same point as 2 on a number line.,A. True | B. False,B,False,,,
G4:S29-F1-Q1,S29-F1-Q1,926,29,FORWARD 1,1,5.NF.B.5.a,tf,3/4 × 9 is less than 9.,A. True | B. False,A,True,,,
G4:S29-F1-Q2,S29-F1-Q2,927,29,FORWARD 1,2,5.NF.B.5.a,mc,Which product is greater than 12?,A. 5/4 × 12 | B. 3/4 × 12 | C. 1/2 × 12 | D. 1 × 12,A,5/4 × 12,,,
G4:S29-F1-Q3,S29-F1-Q3,928,29,FORWARD 1,3,5.NF.B.5.a,sa,"Without multiplying, is 7/8 × 20 greater than, less than, or equal to 20?",,,Less than 20,,,
G4:S29-F1-Q4,S29-F1-Q4,929,29,FORWARD 1,4,5.NF.B.5.a,tf,6/6 × 15 is greater than 15.,A. True | B. False,B,False,,,
G4:S29-F1-Q5,S29-F1-Q5,930,29,FORWARD 1,5,5.NF.B.5.a,sa,"Without multiplying, which is greater: 2/3 × 30 or 4/3 × 30?",,,4/3 × 30,,,
G4:S29-F2-Q1,S29-F2-Q1,932,29,FORWARD 2,1,6.NS.C.7.a,sa,"Write >, =, or <. -1/2 ___ -3/4",,,>,,,
G4:S29-F2-Q2,S29-F2-Q2,933,29,FORWARD 2,2,6.NS.C.7.a,tf,-2/3 < 1/3,A. True | B. False,A,True,,,
G4:S29-F2-Q3,S29-F2-Q3,934,29,FORWARD 2,3,6.NS.C.7.a,mc,Which number is least?,A. -5/6 | B. 0 | C. 1/4 | D. -1/2,A,-5/6,,,
G4:S29-F2-Q4,S29-F2-Q4,935,29,FORWARD 2,4,6.NS.C.7.a,sa,"Order from least to greatest. 1/2, -3/4, -1/4",,,"-3/4, -1/4, 1/2",,,
G4:S29-F2-Q5,S29-F2-Q5,936,29,FORWARD 2,5,6.NS.C.7.a,tf,-1/4 < -1/2,A. True | B. False,B,False,,,
G4:S30-M-Q1,S30-M-Q1,939,30,MAIN,1,4.NF.A.2,mc,Which fraction is greater than 1/2?,A. 2/5 | B. 3/8 | C. 5/8 | D. 4/10,C,5/8,,,
G4:S30-M-Q2,S30-M-Q2,940,30,MAIN,2,4.NF.A.2,sa,"Compare 3/8 and 4/6 by comparing each one to 1/2. Write >, =, or <.",,,3/8 < 4/6,,,"3/8 is less than 1/2 (which is 4/8) and 4/6 is more than 1/2 (which is 3/6), so 3/8 < 4/6. Both parts are required."
G4:S30-M-Q3,S30-M-Q3,941,30,MAIN,3,4.NF.A.2,tf,5/12 < 1/2,A. True | B. False,A,True,,,
G4:S30-M-Q4,S30-M-Q4,942,30,MAIN,4,4.NF.A.2,tf,Ben ate 1/2 of a small pizza and Kim ate 1/2 of a large pizza. They ate the same amount of pizza.,A. True | B. False,B,False,,,
G4:S30-M-Q5,S30-M-Q5,943,30,MAIN,5,4.NF.A.2,sa,Explain why 2/3 of a small cake and 2/3 of a large cake are not the same amount of cake.,,,"The two wholes are different sizes, so 2/3 of the large cake is more cake.",,,Must say that fractions can be compared only when they refer to the same whole (wholes of the same size).
G4:S30-B1-Q1,S30-B1-Q1,945,30,BACKWARD 1,1,3.NF.A.3.d,tf,1/4 of a pizza is less than 1/2 of the same pizza.,A. True | B. False,A,True,,,
G4:S30-B1-Q2,S30-B1-Q2,946,30,BACKWARD 1,2,3.NF.A.3.d,sa,"Write >, =, or <. 2/6 ___ 5/6",,,<,,,
G4:S30-B1-Q3,S30-B1-Q3,947,30,BACKWARD 1,3,3.NF.A.3.d,mc,Which fraction of the same bar is greatest?,A. 1/8 | B. 1/4 | C. 1/3 | D. 1/2,D,1/2,,,
G4:S30-B1-Q4,S30-B1-Q4,948,30,BACKWARD 1,4,3.NF.A.3.d,sa,"Write >, =, or <. 3/4 ___ 3/6",,,>,,,
G4:S30-B1-Q5,S30-B1-Q5,949,30,BACKWARD 1,5,3.NF.A.3.d,tf,1/8 of a ribbon is more than 1/3 of the same ribbon.,A. True | B. False,B,False,,,
G4:S30-B2-Q1,S30-B2-Q1,951,30,BACKWARD 2,1,3.G.A.2,sa,A square is split into 4 equal parts. What fraction of its area is each part?,,,1/4,,,
G4:S30-B2-Q2,S30-B2-Q2,952,30,BACKWARD 2,2,3.G.A.2,tf,A rectangle cut into 6 equal parts has parts that are each 1/6 of its area.,A. True | B. False,A,True,,,
G4:S30-B2-Q3,S30-B2-Q3,953,30,BACKWARD 2,3,3.G.A.2,mc,A circle is cut into 8 equal parts. What fraction of the area is 1 part?,A. 8/1 | B. 7/8 | C. 1/4 | D. 1/8,D,1/8,,,
G4:S30-B2-Q4,S30-B2-Q4,954,30,BACKWARD 2,4,3.G.A.2,sa,What fraction of the shape is shaded?,,,1/3,,,
G4:S30-B2-Q5,S30-B2-Q5,955,30,BACKWARD 2,5,3.G.A.2,tf,A shape cut into 2 parts of different sizes is cut into halves.,A. True | B. False,B,False,,,
G4:S30-F1-Q1,S30-F1-Q1,957,30,FORWARD 1,1,5.NF.A.2,tf,"3/5 + 4/7 is greater than 1, because each fraction is greater than 1/2.",A. True | B. False,A,True,,,
G4:S30-F1-Q2,S30-F1-Q2,958,30,FORWARD 1,2,5.NF.A.2,mc,Which is the best estimate of 7/8 + 1/12?,A. About 1 | B. About 0 | C. About 2 | D. About 1/2,A,About 1,,,
G4:S30-F1-Q3,S30-F1-Q3,959,30,FORWARD 1,3,5.NF.A.2,sa,Use benchmark fractions to decide whether 2/5 + 3/8 is more or less than 1.,,,Less than 1,,,"Both fractions are less than 1/2, so their sum is less than 1/2 + 1/2 = 1."
G4:S30-F1-Q4,S30-F1-Q4,960,30,FORWARD 1,4,5.NF.A.2,tf,"5/6 - 1/4 is about 1, because both fractions are close to 1.",A. True | B. False,B,False,,,
G4:S30-F1-Q5,S30-F1-Q5,961,30,FORWARD 1,5,5.NF.A.2,sa,"Use the benchmarks 0, 1/2, and 1 to estimate 9/10 + 5/12.",,,About 1 1/2,,,9/10 is close to 1 and 5/12 is close to 1/2.
G4:S30-F2-Q1,S30-F2-Q1,963,30,FORWARD 2,1,6.NS.C.7.b,sa,Write an inequality that compares -3/4°C and -1/2°C.,,,-3/4 < -1/2,,,-1/2 > -3/4 is also correct.
G4:S30-F2-Q2,S30-F2-Q2,964,30,FORWARD 2,2,6.NS.C.7.b,tf,A temperature of -1/4°F is warmer than -3/4°F.,A. True | B. False,A,True,,,
G4:S30-F2-Q3,S30-F2-Q3,965,30,FORWARD 2,3,6.NS.C.7.b,mc,Which statement is true?,A. -2/3 < -1/3 | B. -2/3 > -1/3 | C. -1/3 < -2/3 | D. 1/3 < -2/3,A,-2/3 < -1/3,,,
G4:S30-F2-Q4,S30-F2-Q4,966,30,FORWARD 2,4,6.NS.C.7.b,sa,A diver at -2 1/2 m is deeper than a diver at -1 1/2 m. Write an inequality for the two positions.,,,-2 1/2 < -1 1/2,,,-1 1/2 > -2 1/2 is also correct.
G4:S30-F2-Q5,S30-F2-Q5,967,30,FORWARD 2,5,6.NS.C.7.b,tf,-1/8 < -7/8,A. True | B. False,B,False,,,
G4:S31-M-Q1,S31-M-Q1,970,31,MAIN,1,4.NF.B.3.a,sa,A pizza is cut into 8 equal slices. Jo eats 3 slices and Al eats 2 slices. What fraction of the pizza did they eat in all?,,,5/8,,,
G4:S31-M-Q2,S31-M-Q2,971,31,MAIN,2,4.NF.B.3.a,tf,"2/5 + 1/5 means joining 2 fifths and 1 fifth of the same whole, which makes 3/5.",A. True | B. False,A,True,,,
G4:S31-M-Q3,S31-M-Q3,972,31,MAIN,3,4.NF.B.3.a,mc,A ribbon is cut into 10 equal pieces. 3 pieces are used and 7 are left. Which equation shows this?,A. 10/10 - 3/10 = 7/20 | B. 3/10 - 10/10 = 7/10 | C. 10/10 - 3/10 = 7/0 | D. 10/10 - 3/10 = 7/10,D,10/10 - 3/10 = 7/10,,,
G4:S31-M-Q4,S31-M-Q4,973,31,MAIN,4,4.NF.B.3.a,tf,"3/4 + 1/4 = 4/8, because you add the numerators and add the denominators.",A. True | B. False,B,False,,,
G4:S31-M-Q5,S31-M-Q5,974,31,MAIN,5,4.NF.B.3.a,plot_text,Shade the bar to show 2/6 + 3/6. Then write the sum.,,,5/6,5 of the 6 parts shaded,,"Grade both: 5 of the 6 parts shaded (2 parts and 3 parts), and the sum 5/6."
G4:S31-B1-Q1,S31-B1-Q1,976,31,BACKWARD 1,1,3.NF.A.1,tf,3/8 is 3 parts of size 1/8.,A. True | B. False,A,True,,,
G4:S31-B1-Q2,S31-B1-Q2,977,31,BACKWARD 1,2,3.NF.A.1,sa,How many (1/6)s make 5/6?,,,5,,,
G4:S31-B1-Q3,S31-B1-Q3,978,31,BACKWARD 1,3,3.NF.A.1,mc,What fraction is 2 parts of size 1/3?,A. 2/3 | B. 1/6 | C. 3/2 | D. 2/6,A,2/3,,,
G4:S31-B1-Q4,S31-B1-Q4,979,31,BACKWARD 1,4,3.NF.A.1,sa,What fraction of the bar is shaded?,,,3/4,,,
G4:S31-B1-Q5,S31-B1-Q5,980,31,BACKWARD 1,5,3.NF.A.1,tf,4/6 means 6 parts of size 1/4.,A. True | B. False,B,False,,,
G4:S31-B2-Q1,S31-B2-Q1,982,31,BACKWARD 2,1,1.OA.A.1,sa,Sam has 7 marbles. He gets 6 more. How many marbles does he have?,,,13,,,
G4:S31-B2-Q2,S31-B2-Q2,983,31,BACKWARD 2,2,1.OA.A.1,tf,There are 15 birds. 8 fly away. 7 birds are left.,A. True | B. False,A,True,,,
G4:S31-B2-Q3,S31-B2-Q3,984,31,BACKWARD 2,3,1.OA.A.1,mc,9 red apples and 5 green apples are put together. How many apples are there?,A. 14 | B. 13 | C. 4 | D. 45,A,14,,,
G4:S31-B2-Q4,S31-B2-Q4,985,31,BACKWARD 2,4,1.OA.A.1,sa,A box has 12 crayons. 4 are taken out. How many crayons are left?,,,8,,,
G4:S31-B2-Q5,S31-B2-Q5,986,31,BACKWARD 2,5,1.OA.A.1,tf,6 cats and 7 dogs make 12 pets.,A. True | B. False,B,False,,,
G4:S31-F1-Q1,S31-F1-Q1,988,31,FORWARD 1,1,5.NF.A.1,sa,Add. 1/4 + 2/3,,,11/12,,,
G4:S31-F1-Q2,S31-F1-Q2,989,31,FORWARD 1,2,5.NF.A.1,sa,Add. 3/10 + 1/2,,,4/5,,,8/10 is also correct.
G4:S31-F1-Q3,S31-F1-Q3,990,31,FORWARD 1,3,5.NF.A.1,mc,Add. 3/8 + 1/2,A. 4/10 | B. 4/8 | C. 7/8 | D. 1 1/8,C,7/8,,,
G4:S31-F1-Q4,S31-F1-Q4,991,31,FORWARD 1,4,5.NF.A.1,tf,1/6 + 1/3 = 1/2,A. True | B. False,A,True,,,
G4:S31-F1-Q5,S31-F1-Q5,992,31,FORWARD 1,5,5.NF.A.1,tf,1/5 + 1/2 = 2/7,A. True | B. False,B,False,,,
G4:S31-F2-Q1,S31-F2-Q1,994,31,FORWARD 2,1,6.EE.B.7,sa,Solve for x. x + 1/4 = 3/4,,,1/2,,,2/4 is also correct.
G4:S31-F2-Q2,S31-F2-Q2,995,31,FORWARD 2,2,6.EE.B.7,tf,The solution of y - 2/5 = 1/5 is y = 3/5.,A. True | B. False,A,True,,,
G4:S31-F2-Q3,S31-F2-Q3,996,31,FORWARD 2,3,6.EE.B.7,mc,Solve for n. n + 3/8 = 1,A. 1 3/8 | B. 3/8 | C. 5/8 | D. 8/5,C,5/8,,,
G4:S31-F2-Q4,S31-F2-Q4,997,31,FORWARD 2,4,6.EE.B.7,sa,Solve for m. 5/6 = m + 1/6,,,4/6,,,2/3 is also correct.
G4:S31-F2-Q5,S31-F2-Q5,998,31,FORWARD 2,5,6.EE.B.7,tf,The solution of x + 1/3 = 2/3 is x = 1.,A. True | B. False,B,False,,,
G4:S32-M-Q1,S32-M-Q1,1001,32,MAIN,1,4.NF.B.3.b,sa,Write 4/5 as a sum of unit fractions.,,,1/5 + 1/5 + 1/5 + 1/5,,,
G4:S32-M-Q2,S32-M-Q2,1002,32,MAIN,2,4.NF.B.3.b,sa,"Write 7/10 as a sum of two fractions with a denominator of 10, in two different ways.",,,3/10 + 4/10; 5/10 + 2/10,,,Any two different pairs of tenths that add to 7/10 are correct (for example 1/10 + 6/10 and 2/10 + 5/10).
G4:S32-M-Q3,S32-M-Q3,1003,32,MAIN,3,4.NF.B.3.b,mc,Which sum is equal to 5/6?,A. 1/6 + 5/6 | B. 2/6 + 3/6 | C. 2/3 + 3/3 | D. 4/6 + 2/6,B,2/6 + 3/6,,,
G4:S32-M-Q4,S32-M-Q4,1004,32,MAIN,4,4.NF.B.3.b,tf,1 2/3 = 3/3 + 2/3,A. True | B. False,A,True,,,
G4:S32-M-Q5,S32-M-Q5,1005,32,MAIN,5,4.NF.B.3.b,plot_text,The bar shows 6/8 shaded. Circle a group of 2 eighths and a group of 4 eighths to show 6/8 = 2/8 + 4/8. Then write another way to decompose 6/8.,,,3/8 + 3/8,The 6 shaded eighths circled as a group of 2 and a group of 4,,"Grade both: the two circled groups (2 and 4 eighths), and any other correct sum of eighths equal to 6/8, such as 1/8 + 5/8 or 1/8 + 1/8 + 4/8."
G4:S32-B1-Q1,S32-B1-Q1,1007,32,BACKWARD 1,1,3.NF.A.1,sa,How many (1/8)s make 7/8?,,,7,,,
G4:S32-B1-Q2,S32-B1-Q2,1008,32,BACKWARD 1,2,3.NF.A.1,tf,1/4 + 1/4 + 1/4 = 3/4,A. True | B. False,A,True,,,
G4:S32-B1-Q3,S32-B1-Q3,1009,32,BACKWARD 1,3,3.NF.A.1,mc,What fraction is 5 parts of size 1/6?,A. 5/1 | B. 5/6 | C. 1/6 | D. 6/6,B,5/6,,,
G4:S32-B1-Q4,S32-B1-Q4,1010,32,BACKWARD 1,4,3.NF.A.1,sa,Write 2/3 as a sum of unit fractions.,,,1/3 + 1/3,,,
G4:S32-B1-Q5,S32-B1-Q5,1011,32,BACKWARD 1,5,3.NF.A.1,tf,1/2 + 1/2 = 2/4,A. True | B. False,B,False,,,
G4:S32-B2-Q1,S32-B2-Q1,1013,32,BACKWARD 2,1,K.OA.A.3,sa,Write 7 as the sum of two numbers in two different ways.,,,3 + 4; 5 + 2,,,Any two different pairs that add to 7 are correct.
G4:S32-B2-Q2,S32-B2-Q2,1014,32,BACKWARD 2,2,K.OA.A.3,tf,6 = 2 + 4,A. True | B. False,A,True,,,
G4:S32-B2-Q3,S32-B2-Q3,1015,32,BACKWARD 2,3,K.OA.A.3,mc,Which pair of numbers makes 9?,A. 5 and 3 | B. 5 and 4 | C. 7 and 3 | D. 6 and 4,B,5 and 4,,,
G4:S32-B2-Q4,S32-B2-Q4,1016,32,BACKWARD 2,4,K.OA.A.3,sa,Fill in the blank. 8 = 5 + ___,,,3,,,
G4:S32-B2-Q5,S32-B2-Q5,1017,32,BACKWARD 2,5,K.OA.A.3,tf,10 = 6 + 3,A. True | B. False,B,False,,,
G4:S32-F1-Q1,S32-F1-Q1,1019,32,FORWARD 1,1,5.NF.A.1,sa,Add. 1 1/2 + 2 1/3,,,3 5/6,,,
G4:S32-F1-Q2,S32-F1-Q2,1020,32,FORWARD 1,2,5.NF.A.1,sa,Add. 3 3/4 + 1 1/6,,,4 11/12,,,
G4:S32-F1-Q3,S32-F1-Q3,1021,32,FORWARD 1,3,5.NF.A.1,mc,Add. 2 2/5 + 1 1/2,A. 3 3/7 | B. 4 1/10 | C. 3 9/10 | D. 3 3/10,C,3 9/10,,,
G4:S32-F1-Q4,S32-F1-Q4,1022,32,FORWARD 1,4,5.NF.A.1,tf,2 1/2 + 1 3/4 = 4 1/4,A. True | B. False,A,True,,,
G4:S32-F1-Q5,S32-F1-Q5,1023,32,FORWARD 1,5,5.NF.A.1,tf,1 2/3 + 1 1/6 = 2 3/9,A. True | B. False,B,False,,,
G4:S32-F2-Q1,S32-F2-Q1,1025,32,FORWARD 2,1,6.NS.A.1,sa,How many (1/8)s are in 3/4?,,,6,,,
G4:S32-F2-Q2,S32-F2-Q2,1026,32,FORWARD 2,2,6.NS.A.1,tf,2/3 ÷ 1/6 = 4,A. True | B. False,A,True,,,
G4:S32-F2-Q3,S32-F2-Q3,1027,32,FORWARD 2,3,6.NS.A.1,mc,Divide. 5/6 ÷ 5/12,A. 10 | B. 25/72 | C. 1/2 | D. 2,D,2,,,
G4:S32-F2-Q4,S32-F2-Q4,1028,32,FORWARD 2,4,6.NS.A.1,sa,Divide. 9/10 ÷ 3/10,,,3,,,
G4:S32-F2-Q5,S32-F2-Q5,1029,32,FORWARD 2,5,6.NS.A.1,tf,1/2 ÷ 1/4 = 1/8,A. True | B. False,B,False,,,
G4:S33-M-Q1,S33-M-Q1,1032,33,MAIN,1,4.NF.B.3.c,sa,Add. 2 3/8 + 1 4/8,,,3 7/8,,,
G4:S33-M-Q2,S33-M-Q2,1033,33,MAIN,2,4.NF.B.3.c,sa,Add. 3 4/5 + 2 3/5,,,6 2/5,,,32/5 is also correct.
G4:S33-M-Q3,S33-M-Q3,1034,33,MAIN,3,4.NF.B.3.c,mc,Add. 1 5/6 + 4 2/6,A. 6 1/6 | B. 5 7/12 | C. 6 7/12 | D. 5 1/6,A,6 1/6,,,
G4:S33-M-Q4,S33-M-Q4,1035,33,MAIN,4,4.NF.B.3.c,tf,2 1/4 + 1 3/4 = 3 4/8,A. True | B. False,B,False,,,
G4:S33-M-Q5,S33-M-Q5,1036,33,MAIN,5,4.NF.B.3.c,sa,A plant grew 1 7/10 inches in May and 2 6/10 inches in June. How much did it grow in all?,,,4 3/10 inches,,,43/10 inches is also correct.
G4:S33-B1-Q1,S33-B1-Q1,1038,33,BACKWARD 1,1,3.NF.A.3.c,sa,Write 2 as a fraction with a denominator of 4.,,,8/4,,,
G4:S33-B1-Q2,S33-B1-Q2,1039,33,BACKWARD 1,2,3.NF.A.3.c,tf,3/3 = 1,A. True | B. False,A,True,,,
G4:S33-B1-Q3,S33-B1-Q3,1040,33,BACKWARD 1,3,3.NF.A.3.c,mc,Which fraction is equal to 1?,A. 0/6 | B. 6/6 | C. 6/1 | D. 1/6,B,6/6,,,
G4:S33-B1-Q4,S33-B1-Q4,1041,33,BACKWARD 1,4,3.NF.A.3.c,sa,How many halves are in 3 wholes?,,,6,,,
G4:S33-B1-Q5,S33-B1-Q5,1042,33,BACKWARD 1,5,3.NF.A.3.c,tf,8/4 = 4,A. True | B. False,B,False,,,
G4:S33-B2-Q1,S33-B2-Q1,1044,33,BACKWARD 2,1,3.NF.A.2,sa,What number is at point A? Write it as a fraction or a mixed number.,,,5/4,,,1 1/4 is also correct.
G4:S33-B2-Q2,S33-B2-Q2,1045,33,BACKWARD 2,2,3.NF.A.2,tf,3/2 is between 1 and 2 on a number line.,A. True | B. False,A,True,,,
G4:S33-B2-Q3,S33-B2-Q3,1046,33,BACKWARD 2,3,3.NF.A.2,mc,Which fraction is at the same point as 1 on a number line?,A. 1/4 | B. 4/1 | C. 3/4 | D. 4/4,D,4/4,,,
G4:S33-B2-Q4,S33-B2-Q4,1047,33,BACKWARD 2,4,3.NF.A.2,sa,What number is at point B? Write it as a fraction or a mixed number.,,,5/3,,,1 2/3 is also correct.
G4:S33-B2-Q5,S33-B2-Q5,1048,33,BACKWARD 2,5,3.NF.A.2,tf,7/8 is greater than 1.,A. True | B. False,B,False,,,
G4:S33-F1-Q1,S33-F1-Q1,1050,33,FORWARD 1,1,5.NF.A.1,sa,Add. 3 1/4 + 1 2/3,,,4 11/12,,,
G4:S33-F1-Q2,S33-F1-Q2,1051,33,FORWARD 1,2,5.NF.A.1,sa,Add. 2 5/6 + 1 1/2,,,4 1/3,,,4 2/6 is also correct.
G4:S33-F1-Q3,S33-F1-Q3,1052,33,FORWARD 1,3,5.NF.A.1,mc,Add. 1 3/10 + 2 1/2,A. 3 4/5 | B. 4 4/5 | C. 3 2/5 | D. 3 4/12,A,3 4/5,,,
G4:S33-F1-Q4,S33-F1-Q4,1053,33,FORWARD 1,4,5.NF.A.1,tf,4 3/8 + 2 1/4 = 6 5/8,A. True | B. False,A,True,,,
G4:S33-F1-Q5,S33-F1-Q5,1054,33,FORWARD 1,5,5.NF.A.1,tf,1 1/2 + 1 1/3 = 2 2/5,A. True | B. False,B,False,,,
G4:S33-F2-Q1,S33-F2-Q1,1056,33,FORWARD 2,1,6.EE.B.7,sa,Solve for x. x + 1 1/2 = 4 1/4,,,2 3/4,,,
G4:S33-F2-Q2,S33-F2-Q2,1057,33,FORWARD 2,2,6.EE.B.7,tf,The solution of y - 2 1/3 = 1 2/3 is y = 4.,A. True | B. False,A,True,,,
G4:S33-F2-Q3,S33-F2-Q3,1058,33,FORWARD 2,3,6.EE.B.7,mc,Solve for n. n + 3 3/8 = 6,A. 2 3/8 | B. 2 5/8 | C. 3 5/8 | D. 9 3/8,B,2 5/8,,,
G4:S33-F2-Q4,S33-F2-Q4,1059,33,FORWARD 2,4,6.EE.B.7,sa,"A board was 6 1/2 feet long. After a piece was cut off, 4 3/4 feet were left. Write and solve an equation for the length p of the piece.",,,6 1/2 - p = 4 3/4; p = 1 3/4 feet,,,Any equivalent equation is correct. Both parts are required.
G4:S33-F2-Q5,S33-F2-Q5,1060,33,FORWARD 2,5,6.EE.B.7,tf,The solution of x + 2 1/2 = 5 is x = 3 1/2.,A. True | B. False,B,False,,,
G4:S34-M-Q1,S34-M-Q1,1063,34,MAIN,1,4.NF.B.3.c,sa,Subtract. 5 7/8 - 2 3/8,,,3 4/8,,,3 1/2 is also correct.
G4:S34-M-Q2,S34-M-Q2,1064,34,MAIN,2,4.NF.B.3.c,sa,Subtract. 4 1/5 - 1 3/5,,,2 3/5,,,
G4:S34-M-Q3,S34-M-Q3,1065,34,MAIN,3,4.NF.B.3.c,mc,Subtract. 6 - 2 5/6,A. 3 5/6 | B. 4 5/6 | C. 4 1/6 | D. 3 1/6,D,3 1/6,,,
G4:S34-M-Q4,S34-M-Q4,1066,34,MAIN,4,4.NF.B.3.c,tf,3 2/10 - 1 7/10 = 1 5/10,A. True | B. False,A,True,,,
G4:S34-M-Q5,S34-M-Q5,1067,34,MAIN,5,4.NF.B.3.c,sa,A jug had 3 1/4 liters of water. Lee poured out 1 3/4 liters. How much water is left?,,,1 2/4 liters,,,1 1/2 liters is also correct.
G4:S34-B1-Q1,S34-B1-Q1,1069,34,BACKWARD 1,1,3.NF.A.3.c,sa,Write 1 as a fraction with a denominator of 6.,,,6/6,,,
G4:S34-B1-Q2,S34-B1-Q2,1070,34,BACKWARD 1,2,3.NF.A.3.c,tf,4/4 = 1,A. True | B. False,A,True,,,
G4:S34-B1-Q3,S34-B1-Q3,1071,34,BACKWARD 1,3,3.NF.A.3.c,mc,Which fraction is equal to 3?,A. 4/3 | B. 3/4 | C. 4/4 | D. 12/4,D,12/4,,,
G4:S34-B1-Q4,S34-B1-Q4,1072,34,BACKWARD 1,4,3.NF.A.3.c,sa,How many thirds are in 2 wholes?,,,6,,,
G4:S34-B1-Q5,S34-B1-Q5,1073,34,BACKWARD 1,5,3.NF.A.3.c,tf,2/2 = 2,A. True | B. False,B,False,,,
G4:S34-B2-Q1,S34-B2-Q1,1075,34,BACKWARD 2,1,2.NBT.B.5,sa,Subtract. 62 - 37,,,25,,,
G4:S34-B2-Q2,S34-B2-Q2,1076,34,BACKWARD 2,2,2.NBT.B.5,tf,80 - 26 = 54,A. True | B. False,A,True,,,
G4:S34-B2-Q3,S34-B2-Q3,1077,34,BACKWARD 2,3,2.NBT.B.5,mc,71 - 48 = ?,A. 119 | B. 23 | C. 33 | D. 27,B,23,,,
G4:S34-B2-Q4,S34-B2-Q4,1078,34,BACKWARD 2,4,2.NBT.B.5,sa,Subtract. 95 - 59,,,36,,,
G4:S34-B2-Q5,S34-B2-Q5,1079,34,BACKWARD 2,5,2.NBT.B.5,tf,43 - 18 = 35,A. True | B. False,B,False,,,
G4:S34-F1-Q1,S34-F1-Q1,1081,34,FORWARD 1,1,5.NF.A.1,sa,Subtract. 5 1/2 - 2 1/3,,,3 1/6,,,
G4:S34-F1-Q2,S34-F1-Q2,1082,34,FORWARD 1,2,5.NF.A.1,sa,Subtract. 4 - 1 3/8,,,2 5/8,,,
G4:S34-F1-Q3,S34-F1-Q3,1083,34,FORWARD 1,3,5.NF.A.1,mc,Subtract. 3 1/4 - 1 2/3,A. 2 1/12 | B. 1 7/12 | C. 1 5/12 | D. 2 7/12,B,1 7/12,,,
G4:S34-F1-Q4,S34-F1-Q4,1084,34,FORWARD 1,4,5.NF.A.1,tf,6 1/2 - 3 3/4 = 2 3/4,A. True | B. False,A,True,,,
G4:S34-F1-Q5,S34-F1-Q5,1085,34,FORWARD 1,5,5.NF.A.1,tf,2 5/6 - 1 1/2 = 1 4/4,A. True | B. False,B,False,,,
G4:S34-F2-Q1,S34-F2-Q1,1087,34,FORWARD 2,1,6.EE.B.7,sa,Solve for x. x - 2 1/4 = 3 1/2,,,5 3/4,,,
G4:S34-F2-Q2,S34-F2-Q2,1088,34,FORWARD 2,2,6.EE.B.7,tf,The solution of y + 1 5/6 = 4 is y = 2 1/6.,A. True | B. False,A,True,,,
G4:S34-F2-Q3,S34-F2-Q3,1089,34,FORWARD 2,3,6.EE.B.7,mc,Solve for n. 7 1/3 - n = 2 2/3,A. 4 2/3 | B. 10 | C. 4 1/3 | D. 5 1/3,A,4 2/3,,,
G4:S34-F2-Q4,S34-F2-Q4,1090,34,FORWARD 2,4,6.EE.B.7,sa,"A tank had some water. After 3 1/2 gallons were used, 5 1/4 gallons were left. Write and solve an equation for the starting amount w.",,,w - 3 1/2 = 5 1/4; w = 8 3/4 gallons,,,Any equivalent equation is correct. Both parts are required.
G4:S34-F2-Q5,S34-F2-Q5,1091,34,FORWARD 2,5,6.EE.B.7,tf,The solution of x - 1 1/2 = 1 1/2 is x = 0.,A. True | B. False,B,False,,,
G4:S35-M-Q1,S35-M-Q1,1094,35,MAIN,1,4.NF.B.3.d,sa,Mia ran 3/10 mile in the morning and 5/10 mile in the afternoon. How far did she run in all?,,,8/10 mile,,,4/5 mile is also correct.
G4:S35-M-Q2,S35-M-Q2,1095,35,MAIN,2,4.NF.B.3.d,sa,A jug had 4/12 liter of juice. Tom poured in 5/12 liter more. How much juice is in the jug now?,,,9/12 liter,,,3/4 liter is also correct.
G4:S35-M-Q3,S35-M-Q3,1096,35,MAIN,3,4.NF.B.3.d,mc,Ty used 1 2/4 cups of rice on Monday and 2 3/4 cups on Tuesday. How many cups did he use in all?,A. 3 1/4 cups | B. 3 5/8 cups | C. 4 1/4 cups | D. 4 5/8 cups,C,4 1/4 cups,,,
G4:S35-M-Q4,S35-M-Q4,1097,35,MAIN,4,4.NF.B.3.d,tf,"Ann sews a 3/8-yard ribbon to a 4/8-yard ribbon, end to end. The new ribbon is 7/8 yard long.",A. True | B. False,A,True,,,
G4:S35-M-Q5,S35-M-Q5,1098,35,MAIN,5,4.NF.B.3.d,sa,A painter used 2/6 of a can of paint on a door and 3/6 of the can on a fence. What fraction of the can did the painter use in all?,,,5/6,,,
G4:S35-B1-Q1,S35-B1-Q1,1100,35,BACKWARD 1,1,2.OA.A.1,sa,A shelf has 46 books. 18 more books are put on it. How many books are on the shelf now?,,,64,,,
G4:S35-B1-Q2,S35-B1-Q2,1101,35,BACKWARD 1,2,2.OA.A.1,tf,Kim had 25 stickers and got 17 more. She has 42 stickers.,A. True | B. False,A,True,,,
G4:S35-B1-Q3,S35-B1-Q3,1102,35,BACKWARD 1,3,2.OA.A.1,mc,A class has 14 boys and 15 girls. How many students are in the class?,A. 39 | B. 19 | C. 1 | D. 29,D,29,,,
G4:S35-B1-Q4,S35-B1-Q4,1103,35,BACKWARD 1,4,2.OA.A.1,sa,Jo had 50 cents. She found 23 more cents. How much money does she have now?,,,73 cents,,,
G4:S35-B1-Q5,S35-B1-Q5,1104,35,BACKWARD 1,5,2.OA.A.1,tf,A bus had 36 people. 9 more got on. Now 44 people are on the bus.,A. True | B. False,B,False,,,
G4:S35-B2-Q1,S35-B2-Q1,1106,35,BACKWARD 2,1,3.NF.A.1,sa,A pie is cut into 6 equal pieces. 5 pieces are eaten. What fraction of the pie is eaten?,,,5/6,,,
G4:S35-B2-Q2,S35-B2-Q2,1107,35,BACKWARD 2,2,3.NF.A.1,tf,A pizza is cut into 8 equal slices and 3 are left. 3/8 of the pizza is left.,A. True | B. False,A,True,,,
G4:S35-B2-Q3,S35-B2-Q3,1108,35,BACKWARD 2,3,3.NF.A.1,mc,A bar is cut into 4 equal parts. What fraction of the bar is 1 part?,A. 3/4 | B. 1/3 | C. 1/4 | D. 4/1,C,1/4,,,
G4:S35-B2-Q4,S35-B2-Q4,1109,35,BACKWARD 2,4,3.NF.A.1,sa,A garden has 3 equal sections. Beans fill 2 of them. What fraction of the garden is beans?,,,2/3,,,
G4:S35-B2-Q5,S35-B2-Q5,1110,35,BACKWARD 2,5,3.NF.A.1,tf,A board cut into 2 equal pieces has pieces that are each 1/3 of the board.,A. True | B. False,B,False,,,
G4:S35-F1-Q1,S35-F1-Q1,1112,35,FORWARD 1,1,5.NF.A.2,sa,Ana walked 1/2 mile and then 1/3 mile. How far did she walk in all?,,,5/6 mile,,,
G4:S35-F1-Q2,S35-F1-Q2,1113,35,FORWARD 1,2,5.NF.A.2,sa,Ben drank 2/3 cup of milk and then 1/4 cup more. How much milk did he drink in all?,,,11/12 cup,,,
G4:S35-F1-Q3,S35-F1-Q3,1114,35,FORWARD 1,3,5.NF.A.2,mc,Lu read 1/4 of a book on Monday and 3/8 of it on Tuesday. What fraction of the book did she read?,A. 4/12 | B. 5/8 | C. 4/8 | D. 3/32,B,5/8,,,
G4:S35-F1-Q4,S35-F1-Q4,1115,35,FORWARD 1,4,5.NF.A.2,tf,A 1/2-meter board and a 1/3-meter board laid end to end are 5/6 meter long.,A. True | B. False,A,True,,,
G4:S35-F1-Q5,S35-F1-Q5,1116,35,FORWARD 1,5,5.NF.A.2,tf,Sam ate 1/2 of a pizza and Lee ate 1/3 of it. They ate 2/5 of the pizza.,A. True | B. False,B,False,,,
G4:S35-F2-Q1,S35-F2-Q1,1118,35,FORWARD 2,1,6.NS.A.1,sa,How many 1/4-cup servings are in 3/4 cup?,,,3,,,
G4:S35-F2-Q2,S35-F2-Q2,1119,35,FORWARD 2,2,6.NS.A.1,tf,A 9/10-mile path is split into 3/10-mile sections. There are 3 sections.,A. True | B. False,A,True,,,
G4:S35-F2-Q3,S35-F2-Q3,1120,35,FORWARD 2,3,6.NS.A.1,mc,How many 2/3-foot pieces can be cut from 4 feet of ribbon?,A. 6 | B. 8 | C. 1/6 | D. 8/3,A,6,,,
G4:S35-F2-Q4,S35-F2-Q4,1121,35,FORWARD 2,4,6.NS.A.1,sa,3/4 pound of nuts is shared equally among 3 bags. How much is in each bag?,,,1/4 pound,,,
G4:S35-F2-Q5,S35-F2-Q5,1122,35,FORWARD 2,5,6.NS.A.1,tf,1/2 cup of oats fills a 1/6-cup scoop exactly 2 times.,A. True | B. False,B,False,,,
G4:S66-M-Q1,S66-M-Q1,1125,66,MAIN,1,4.NF.B.3.d,sa,A jug had 11/12 liter of juice. Tom drank 4/12 liter. How much juice is left?,,,7/12 liter,,,
G4:S66-M-Q2,S66-M-Q2,1126,66,MAIN,2,4.NF.B.3.d,tf,A ribbon is 7/8 yard long. Ann cuts off 3/8 yard. 4/8 yard is left.,A. True | B. False,A,True,,,
G4:S66-M-Q3,S66-M-Q3,1127,66,MAIN,3,4.NF.B.3.d,sa,A painter used 2/6 of a can of paint on a door and 3/6 of the can on a fence. What fraction of the can is left?,,,1/6,,,
G4:S66-M-Q4,S66-M-Q4,1128,66,MAIN,4,4.NF.B.3.d,mc,A trail is 3 1/4 miles long. Rosa has hiked 1 3/4 miles. How much farther does she have to hike?,A. 1 1/4 miles | B. 2 2/4 miles | C. 1 2/4 miles | D. 5 miles,C,1 2/4 miles,,,
G4:S66-M-Q5,S66-M-Q5,1129,66,MAIN,5,4.NF.B.3.d,sa,A bag held 2 1/8 pounds of flour. Dee used 5/8 pound. How much flour is left?,,,1 4/8 pounds,,,1 1/2 pounds and 12/8 pounds are also correct.
G4:S66-B1-Q1,S66-B1-Q1,1131,66,BACKWARD 1,1,2.OA.A.1,sa,A shelf has 46 books. 18 are taken. How many books are left?,,,28,,,
G4:S66-B1-Q2,S66-B1-Q2,1132,66,BACKWARD 1,2,2.OA.A.1,sa,Jo had 50 cents. She spent 23 cents. How much money is left?,,,27 cents,,,
G4:S66-B1-Q3,S66-B1-Q3,1133,66,BACKWARD 1,3,2.OA.A.1,tf,A bus had 36 people. 9 got off. 25 people are still on the bus.,A. True | B. False,B,False,,,
G4:S66-B1-Q4,S66-B1-Q4,1134,66,BACKWARD 1,4,2.OA.A.1,mc,A tree had 72 apples. 35 apples fell. How many apples are still on the tree?,A. 37 | B. 107 | C. 43 | D. 47,A,37,,,
G4:S66-B1-Q5,S66-B1-Q5,1135,66,BACKWARD 1,5,2.OA.A.1,tf,Lee had 64 cards and gave away 27. He has 37 cards left.,A. True | B. False,A,True,,,
G4:S66-B2-Q1,S66-B2-Q1,1137,66,BACKWARD 2,1,3.NF.A.3.c,sa,Write 1 as a fraction with a denominator of 8.,,,8/8,,,
G4:S66-B2-Q2,S66-B2-Q2,1138,66,BACKWARD 2,2,3.NF.A.3.c,tf,6/6 = 1,A. True | B. False,A,True,,,
G4:S66-B2-Q3,S66-B2-Q3,1139,66,BACKWARD 2,3,3.NF.A.3.c,mc,Which fraction is equal to 2?,A. 2/4 | B. 8/4 | C. 4/4 | D. 4/8,B,8/4,,,
G4:S66-B2-Q4,S66-B2-Q4,1140,66,BACKWARD 2,4,3.NF.A.3.c,sa,How many fourths are in 1 whole?,,,4,,,
G4:S66-B2-Q5,S66-B2-Q5,1141,66,BACKWARD 2,5,3.NF.A.3.c,tf,3/3 = 3,A. True | B. False,B,False,,,
G4:S66-F1-Q1,S66-F1-Q1,1143,66,FORWARD 1,1,5.NF.A.2,sa,A jug had 3/4 gallon of milk. Ben used 2/3 gallon. How much milk is left?,,,1/12 gallon,,,
G4:S66-F1-Q2,S66-F1-Q2,1144,66,FORWARD 1,2,5.NF.A.2,tf,A board is 5/6 meter long. 1/2 meter is cut off. 1/3 meter is left.,A. True | B. False,A,True,,,
G4:S66-F1-Q3,S66-F1-Q3,1145,66,FORWARD 1,3,5.NF.A.2,mc,A pitcher holds 7/8 quart of lemonade. Kai pours out 1/2 quart. How much lemonade is left?,A. 6/8 quart | B. 5/8 quart | C. 1/8 quart | D. 3/8 quart,D,3/8 quart,,,
G4:S66-F1-Q4,S66-F1-Q4,1146,66,FORWARD 1,4,5.NF.A.2,sa,Ari has 5/6 hour to practice. He has practiced for 1/4 hour. How much longer does he have to practice?,,,7/12 hour,,,
G4:S66-F1-Q5,S66-F1-Q5,1147,66,FORWARD 1,5,5.NF.A.2,tf,A rope is 9/10 meter long. 2/5 meter is cut off. 7/10 meter is left.,A. True | B. False,B,False,,,
G4:S66-F2-Q1,S66-F2-Q1,1149,66,FORWARD 2,1,6.EE.B.7,sa,"A jug had 11/12 liter of juice. After Tom drank some, 4/12 liter was left. Write and solve an equation for the amount j that Tom drank.",,,11/12 - j = 4/12; j = 7/12 liter,,,Any equivalent equation (such as j + 4/12 = 11/12) is correct. Both parts are required.
G4:S66-F2-Q2,S66-F2-Q2,1150,66,FORWARD 2,2,6.EE.B.7,tf,The solution of x + 2/5 = 9/10 is x = 1/2.,A. True | B. False,A,True,,,
G4:S66-F2-Q3,S66-F2-Q3,1151,66,FORWARD 2,3,6.EE.B.7,mc,"A trail is 4 1/2 miles long. After hiking h miles, Rosa has 1 3/4 miles left. Which value of h solves h + 1 3/4 = 4 1/2?",A. 3 1/4 | B. 2 1/4 | C. 2 3/4 | D. 6 1/4,C,2 3/4,,,
G4:S66-F2-Q4,S66-F2-Q4,1152,66,FORWARD 2,4,6.EE.B.7,sa,Solve for y. y + 3/8 = 2,,,1 5/8,,,13/8 is also correct.
G4:S66-F2-Q5,S66-F2-Q5,1153,66,FORWARD 2,5,6.EE.B.7,tf,The solution of n + 1/6 = 2/3 is n = 1/3.,A. True | B. False,B,False,,,
G4:S36-M-Q1,S36-M-Q1,1156,36,MAIN,1,4.NF.B.4.a,sa,Write 7/8 as a whole number times 1/8.,,,7 × 1/8,,,
G4:S36-M-Q2,S36-M-Q2,1157,36,MAIN,2,4.NF.B.4.a,mc,Which equation shows 3/5 as a multiple of 1/5?,A. 3/5 = 1/5 ÷ 3 | B. 3/5 = 3 + 1/5 | C. 3/5 = 5 × (1/3) | D. 3/5 = 3 × (1/5),D,3/5 = 3 × (1/5),,,
G4:S36-M-Q3,S36-M-Q3,1158,36,MAIN,3,4.NF.B.4.a,tf,9/4 = 9 × (1/4),A. True | B. False,A,True,,,
G4:S36-M-Q4,S36-M-Q4,1159,36,MAIN,4,4.NF.B.4.a,plot_text,Shade the tape diagram to show 4 × (1/6). Then write the product as a fraction.,,,4/6,4 of the 6 equal parts shaded,,"Grade both: 4 of the 6 parts shaded, and the fraction 4/6 (or 2/3)."
G4:S36-M-Q5,S36-M-Q5,1160,36,MAIN,5,4.NF.B.4.a,tf,6/10 = 10 × (1/6),A. True | B. False,B,False,,,
G4:S36-B1-Q1,S36-B1-Q1,1162,36,BACKWARD 1,1,3.NF.A.1,sa,How many (1/4)s make 3/4?,,,3,,,
G4:S36-B1-Q2,S36-B1-Q2,1163,36,BACKWARD 1,2,3.NF.A.1,tf,5/8 is 5 parts of size 1/8.,A. True | B. False,A,True,,,
G4:S36-B1-Q3,S36-B1-Q3,1164,36,BACKWARD 1,3,3.NF.A.1,mc,What fraction is 4 parts of size 1/6?,A. 4/8 | B. 1/6 | C. 4/6 | D. 6/4,C,4/6,,,
G4:S36-B1-Q4,S36-B1-Q4,1165,36,BACKWARD 1,4,3.NF.A.1,sa,What fraction of the bar is shaded?,,,5/8,,,
G4:S36-B1-Q5,S36-B1-Q5,1166,36,BACKWARD 1,5,3.NF.A.1,tf,2/3 is 3 parts of size 1/2.,A. True | B. False,B,False,,,
G4:S36-B2-Q1,S36-B2-Q1,1168,36,BACKWARD 2,1,3.OA.A.1,sa,What is the total in 5 groups of 3?,,,15,,,
G4:S36-B2-Q2,S36-B2-Q2,1169,36,BACKWARD 2,2,3.OA.A.1,tf,4 × 6 can mean 4 groups of 6.,A. True | B. False,A,True,,,
G4:S36-B2-Q3,S36-B2-Q3,1170,36,BACKWARD 2,3,3.OA.A.1,mc,Which expression shows 7 groups of 2?,A. 7 × 2 | B. 2 ÷ 7 | C. 7 - 2 | D. 7 + 2,A,7 × 2,,,
G4:S36-B2-Q4,S36-B2-Q4,1171,36,BACKWARD 2,4,3.OA.A.1,sa,Write a multiplication expression for 3 groups of 9.,,,3 × 9,,,
G4:S36-B2-Q5,S36-B2-Q5,1172,36,BACKWARD 2,5,3.OA.A.1,tf,6 × 3 means 6 + 3.,A. True | B. False,B,False,,,
G4:S36-F1-Q1,S36-F1-Q1,1174,36,FORWARD 1,1,5.NF.B.4.a,sa,Multiply. 2/3 × (3/4),,,6/12,,,1/2 is also correct.
G4:S36-F1-Q2,S36-F1-Q2,1175,36,FORWARD 1,2,5.NF.B.4.a,tf,1/4 of 4/5 is 1/5.,A. True | B. False,A,True,,,
G4:S36-F1-Q3,S36-F1-Q3,1176,36,FORWARD 1,3,5.NF.B.4.a,mc,What is 2/5 of 5/6?,A. 12/25 | B. 25/12 | C. 7/11 | D. 1/3,D,1/3,,,
G4:S36-F1-Q4,S36-F1-Q4,1177,36,FORWARD 1,4,5.NF.B.4.a,sa,What is 1/3 of 3/4 yard? Think of 3/4 as 3 parts of size 1/4.,,,1/4 yard,,,3/12 yard is also correct. Splitting 3/4 into 3 equal parts gives parts of 1/4.
G4:S36-F1-Q5,S36-F1-Q5,1178,36,FORWARD 1,5,5.NF.B.4.a,tf,1/2 × (2/3) = 3/5,A. True | B. False,B,False,,,
G4:S36-F2-Q1,S36-F2-Q1,1180,36,FORWARD 2,1,6.NS.A.1,sa,How many (1/5)s are in 4/5?,,,4,,,
G4:S36-F2-Q2,S36-F2-Q2,1181,36,FORWARD 2,2,6.NS.A.1,tf,7/8 ÷ 1/8 = 7,A. True | B. False,A,True,,,
G4:S36-F2-Q3,S36-F2-Q3,1182,36,FORWARD 2,3,6.NS.A.1,mc,Divide. 3/4 ÷ 1/8,A. 3/32 | B. 6 | C. 3 | D. 1/6,B,6,,,
G4:S36-F2-Q4,S36-F2-Q4,1183,36,FORWARD 2,4,6.NS.A.1,sa,Divide. 2 ÷ 1/3,,,6,,,
G4:S36-F2-Q5,S36-F2-Q5,1184,36,FORWARD 2,5,6.NS.A.1,tf,2/3 ÷ 1/3 = 2/9,A. True | B. False,B,False,,,
G4:S37-M-Q1,S37-M-Q1,1187,37,MAIN,1,4.NF.B.4.b,sa,Multiply. 4 × (2/3),,,8/3,,,2 2/3 is also correct.
G4:S37-M-Q2,S37-M-Q2,1188,37,MAIN,2,4.NF.B.4.b,sa,Multiply. 5 × (3/8),,,15/8,,,1 7/8 is also correct.
G4:S37-M-Q3,S37-M-Q3,1189,37,MAIN,3,4.NF.B.4.b,mc,Which is equal to 3 × (4/5)?,A. 12 × (1/5) | B. 7 × (1/5) | C. 3 × (1/5) | D. 12/15,A,12 × (1/5),,,
G4:S37-M-Q4,S37-M-Q4,1190,37,MAIN,4,4.NF.B.4.b,tf,6 × (2/12) = 12/72,A. True | B. False,B,False,,,
G4:S37-M-Q5,S37-M-Q5,1191,37,MAIN,5,4.NF.B.4.b,sa,Explain why 2 × (3/10) = 6 × (1/10).,,,"3/10 is 3 × 1/10, so 2 groups of 3/10 are 2 × 3 = 6 copies of 1/10.",,,Must use 3/10 = 3 × 1/10 (or a model with tenths) to show that 2 groups of 3 tenths is 6 tenths.
G4:S37-B1-Q1,S37-B1-Q1,1193,37,BACKWARD 1,1,3.OA.B.5,tf,(2 × 3) × 5 = 2 × (3 × 5),A. True | B. False,A,True,,,
G4:S37-B1-Q2,S37-B1-Q2,1194,37,BACKWARD 1,2,3.OA.B.5,sa,Fill in the blank. 4 × (2 × 3) = (4 × 2) × ___,,,3,,,
G4:S37-B1-Q3,S37-B1-Q3,1195,37,BACKWARD 1,3,3.OA.B.5,mc,Which is equal to 3 × 2 × 4?,A. 6 × 4 | B. 5 × 4 | C. 9 × 4 | D. 3 + 8,A,6 × 4,,,
G4:S37-B1-Q4,S37-B1-Q4,1196,37,BACKWARD 1,4,3.OA.B.5,sa,Multiply. 2 × 4 × 5,,,40,,,
G4:S37-B1-Q5,S37-B1-Q5,1197,37,BACKWARD 1,5,3.OA.B.5,tf,(3 × 2) × 4 = 3 + 2 + 4,A. True | B. False,B,False,,,
G4:S37-B2-Q1,S37-B2-Q1,1199,37,BACKWARD 2,1,3.NF.A.1,sa,How many (1/3)s make 2/3?,,,2,,,
G4:S37-B2-Q2,S37-B2-Q2,1200,37,BACKWARD 2,2,3.NF.A.1,tf,6/8 is 6 parts of size 1/8.,A. True | B. False,A,True,,,
G4:S37-B2-Q3,S37-B2-Q3,1201,37,BACKWARD 2,3,3.NF.A.1,mc,What fraction is 3 parts of size 1/4?,A. 1/4 | B. 3/4 | C. 3/8 | D. 4/3,B,3/4,,,
G4:S37-B2-Q4,S37-B2-Q4,1202,37,BACKWARD 2,4,3.NF.A.1,sa,What fraction is 5 parts of size 1/6?,,,5/6,,,
G4:S37-B2-Q5,S37-B2-Q5,1203,37,BACKWARD 2,5,3.NF.A.1,tf,3/6 is 6 parts of size 1/3.,A. True | B. False,B,False,,,
G4:S37-F1-Q1,S37-F1-Q1,1205,37,FORWARD 1,1,5.NF.B.4.a,sa,Multiply. 2/3 × (3/5),,,2/5,,,6/15 is also correct.
G4:S37-F1-Q2,S37-F1-Q2,1206,37,FORWARD 1,2,5.NF.B.4.a,tf,1/2 × (3/4) = 3/8,A. True | B. False,A,True,,,
G4:S37-F1-Q3,S37-F1-Q3,1207,37,FORWARD 1,3,5.NF.B.4.a,mc,Multiply. 3/4 × (2/5),A. 3/10 | B. 5/9 | C. 5/20 | D. 6/9,A,3/10,,,
G4:S37-F1-Q4,S37-F1-Q4,1208,37,FORWARD 1,4,5.NF.B.4.a,sa,What is 1/3 of 6/7?,,,2/7,,,6/21 is also correct.
G4:S37-F1-Q5,S37-F1-Q5,1209,37,FORWARD 1,5,5.NF.B.4.a,tf,2/5 × (1/2) = 3/7,A. True | B. False,B,False,,,
G4:S37-F2-Q1,S37-F2-Q1,1211,37,FORWARD 2,1,6.NS.A.1,sa,Divide. 2/3 ÷ 1/6,,,4,,,
G4:S37-F2-Q2,S37-F2-Q2,1212,37,FORWARD 2,2,6.NS.A.1,tf,3/4 ÷ 3/8 = 2,A. True | B. False,A,True,,,
G4:S37-F2-Q3,S37-F2-Q3,1213,37,FORWARD 2,3,6.NS.A.1,mc,Divide. 4/5 ÷ 2/5,A. 2 | B. 1/2 | C. 4 | D. 8/25,A,2,,,
G4:S37-F2-Q4,S37-F2-Q4,1214,37,FORWARD 2,4,6.NS.A.1,sa,Divide. 5/6 ÷ 1/3,,,2 1/2,,,5/2 is also correct.
G4:S37-F2-Q5,S37-F2-Q5,1215,37,FORWARD 2,5,6.NS.A.1,tf,1/2 ÷ 1/8 = 1/16,A. True | B. False,B,False,,,
G4:S38-M-Q1,S38-M-Q1,1218,38,MAIN,1,4.NF.B.4.c,sa,Each glass holds 3/4 cup of milk. How much milk is in 6 glasses?,,,18/4 cups,,,"4 2/4, 4 1/2, and 9/2 cups are also correct."
G4:S38-M-Q2,S38-M-Q2,1219,38,MAIN,2,4.NF.B.4.c,sa,A snail crawls 2/5 meter each hour. How far does it crawl in 4 hours?,,,8/5 meters,,,1 3/5 meters is also correct.
G4:S38-M-Q3,S38-M-Q3,1220,38,MAIN,3,4.NF.B.4.c,mc,Each of 3 friends eats 5/8 of a sandwich. How many sandwiches do they eat in all?,A. 1 7/8 | B. 8/8 | C. 15/24 | D. 3 5/8,A,1 7/8,,,
G4:S38-M-Q4,S38-M-Q4,1221,38,MAIN,4,4.NF.B.4.c,tf,A runner runs 7/10 mile each day for 5 days. She runs 3 5/10 miles in all.,A. True | B. False,A,True,,,
G4:S38-M-Q5,S38-M-Q5,1222,38,MAIN,5,4.NF.B.4.c,sa,"A recipe uses 2/3 cup of flour for each batch. How much flour do 5 batches use, and between which two whole numbers is that amount?",,,10/3 cups (3 1/3 cups); between 3 and 4,,,Both parts are required.
G4:S38-B1-Q1,S38-B1-Q1,1224,38,BACKWARD 1,1,3.OA.A.3,sa,Each bag holds 6 oranges. How many oranges are in 7 bags?,,,42,,,
G4:S38-B1-Q2,S38-B1-Q2,1225,38,BACKWARD 1,2,3.OA.A.3,tf,9 boxes with 4 pens in each box hold 36 pens.,A. True | B. False,A,True,,,
G4:S38-B1-Q3,S38-B1-Q3,1226,38,BACKWARD 1,3,3.OA.A.3,mc,A spider has 8 legs. How many legs do 5 spiders have?,A. 35 | B. 45 | C. 13 | D. 40,D,40,,,
G4:S38-B1-Q4,S38-B1-Q4,1227,38,BACKWARD 1,4,3.OA.A.3,sa,Each row has 9 seats. How many seats are in 3 rows?,,,27,,,
G4:S38-B1-Q5,S38-B1-Q5,1228,38,BACKWARD 1,5,3.OA.A.3,tf,6 packs of 5 cards is 11 cards.,A. True | B. False,B,False,,,
G4:S38-B2-Q1,S38-B2-Q1,1230,38,BACKWARD 2,1,3.NF.A.2,sa,Start at 0 and make 3 jumps of 1/4 on the number line. Where do you land?,,,3/4,,,
G4:S38-B2-Q2,S38-B2-Q2,1231,38,BACKWARD 2,2,3.NF.A.2,tf,5 jumps of 1/8 from 0 land on 5/8.,A. True | B. False,A,True,,,
G4:S38-B2-Q3,S38-B2-Q3,1232,38,BACKWARD 2,3,3.NF.A.2,mc,How many jumps of 1/3 from 0 reach 1?,A. 3 | B. 2 | C. 6 | D. 1,A,3,,,
G4:S38-B2-Q4,S38-B2-Q4,1233,38,BACKWARD 2,4,3.NF.A.2,sa,Where do 4 jumps of 1/6 from 0 land?,,,4/6,,,2/3 is also correct.
G4:S38-B2-Q5,S38-B2-Q5,1234,38,BACKWARD 2,5,3.NF.A.2,tf,2 jumps of 1/2 from 0 land on 2/4.,A. True | B. False,B,False,,,
G4:S38-F1-Q1,S38-F1-Q1,1236,38,FORWARD 1,1,5.NF.B.6,sa,A recipe uses 3/4 cup of oats per batch. How many cups of oats are in 2 1/2 batches?,,,1 7/8 cups,,,
G4:S38-F1-Q2,S38-F1-Q2,1237,38,FORWARD 1,2,5.NF.B.6,sa,A garden is 7 1/2 m long. 3/5 of its length is planted. How many meters are planted?,,,4 1/2 m,,,9/2 m and 4.5 m are also correct.
G4:S38-F1-Q3,S38-F1-Q3,1238,38,FORWARD 1,3,5.NF.B.6,mc,A bottle holds 1 1/2 liters. It is 2/3 full. How many liters are in the bottle?,A. 1/2 liter | B. 2 1/6 liters | C. 1 liter | D. 3/4 liter,C,1 liter,,,
G4:S38-F1-Q4,S38-F1-Q4,1239,38,FORWARD 1,4,5.NF.B.6,tf,A board is 4 1/2 feet long. Half of the board is 2 1/4 feet long.,A. True | B. False,A,True,,,
G4:S38-F1-Q5,S38-F1-Q5,1240,38,FORWARD 1,5,5.NF.B.6,tf,2/3 of a 4 1/2-mile trail is 2 miles.,A. True | B. False,B,False,,,
G4:S38-F2-Q1,S38-F2-Q1,1242,38,FORWARD 2,1,6.RP.A.3.c,sa,What is 25% of 36?,,,9,,,
G4:S38-F2-Q2,S38-F2-Q2,1243,38,FORWARD 2,2,6.RP.A.3.c,tf,50% of 18 is 9.,A. True | B. False,A,True,,,
G4:S38-F2-Q3,S38-F2-Q3,1244,38,FORWARD 2,3,6.RP.A.3.c,mc,What is 75% of 40?,A. 10 | B. 35 | C. 25 | D. 30,D,30,,,
G4:S38-F2-Q4,S38-F2-Q4,1245,38,FORWARD 2,4,6.RP.A.3.c,sa,A class has 20 students. 40% of them walk to school. How many students walk?,,,8,,,
G4:S38-F2-Q5,S38-F2-Q5,1246,38,FORWARD 2,5,6.RP.A.3.c,tf,10% of 70 is 10.,A. True | B. False,B,False,,,
G4:S39-M-Q1,S39-M-Q1,1249,39,MAIN,1,4.NF.C.5,sa,Write 6/10 as an equivalent fraction with a denominator of 100.,,,60/100,,,
G4:S39-M-Q2,S39-M-Q2,1250,39,MAIN,2,4.NF.C.5,sa,Find the missing number. 4/10 = (?)/100,,,40,,,
G4:S39-M-Q3,S39-M-Q3,1251,39,MAIN,3,4.NF.C.5,mc,Which fraction is equivalent to 9/10?,A. 90/100 | B. 19/100 | C. 9/100 | D. 99/100,A,90/100,,,
G4:S39-M-Q4,S39-M-Q4,1252,39,MAIN,4,4.NF.C.5,tf,50/100 = 5/100,A. True | B. False,B,False,,,
G4:S39-M-Q5,S39-M-Q5,1253,39,MAIN,5,4.NF.C.5,sa,Write 70/100 as an equivalent fraction with a denominator of 10.,,,7/10,,,
G4:S39-B1-Q1,S39-B1-Q1,1255,39,BACKWARD 1,1,3.NF.A.3.b,sa,Find the missing number. 1/2 = (?)/8,,,4,,,
G4:S39-B1-Q2,S39-B1-Q2,1256,39,BACKWARD 1,2,3.NF.A.3.b,tf,2/4 = 4/8,A. True | B. False,A,True,,,
G4:S39-B1-Q3,S39-B1-Q3,1257,39,BACKWARD 1,3,3.NF.A.3.b,mc,Which fraction is equal to 2/3?,A. 3/6 | B. 2/6 | C. 3/2 | D. 4/6,D,4/6,,,
G4:S39-B1-Q4,S39-B1-Q4,1258,39,BACKWARD 1,4,3.NF.A.3.b,sa,Find the missing number. 3/4 = 6/(?),,,8,,,
G4:S39-B1-Q5,S39-B1-Q5,1259,39,BACKWARD 1,5,3.NF.A.3.b,tf,1/3 = 3/6,A. True | B. False,B,False,,,
G4:S39-B2-Q1,S39-B2-Q1,1261,39,BACKWARD 2,1,2.NBT.A.1.a,sa,How many tens are in 100?,,,10,,,
G4:S39-B2-Q2,S39-B2-Q2,1262,39,BACKWARD 2,2,2.NBT.A.1.a,tf,10 tens make 1 hundred.,A. True | B. False,A,True,,,
G4:S39-B2-Q3,S39-B2-Q3,1263,39,BACKWARD 2,3,2.NBT.A.1.a,mc,A hundred flat is cut into rods of ten. How many rods are there?,A. 1 | B. 10 | C. 20 | D. 100,B,10,,,
G4:S39-B2-Q4,S39-B2-Q4,1264,39,BACKWARD 2,4,2.NBT.A.1.a,sa,Mia has 9 bundles of ten straws. How many more bundles of ten does she need to make 1 hundred?,,,1,,,
G4:S39-B2-Q5,S39-B2-Q5,1265,39,BACKWARD 2,5,2.NBT.A.1.a,tf,"10 tens make 1,000.",A. True | B. False,B,False,,,
G4:S39-F1-Q1,S39-F1-Q1,1267,39,FORWARD 1,1,5.NBT.B.7,sa,Add. 0.6 + 0.25,,,0.85,,,
G4:S39-F1-Q2,S39-F1-Q2,1268,39,FORWARD 1,2,5.NBT.B.7,tf,0.3 + 0.07 = 0.37,A. True | B. False,A,True,,,
G4:S39-F1-Q3,S39-F1-Q3,1269,39,FORWARD 1,3,5.NBT.B.7,mc,Add. 0.4 + 0.58,A. 0.62 | B. 9.8 | C. 0.98 | D. 0.098,C,0.98,,,
G4:S39-F1-Q4,S39-F1-Q4,1270,39,FORWARD 1,4,5.NBT.B.7,sa,Add. 1.7 + 0.15,,,1.85,,,
G4:S39-F1-Q5,S39-F1-Q5,1271,39,FORWARD 1,5,5.NBT.B.7,tf,0.5 + 0.05 = 0.10,A. True | B. False,B,False,,,
G4:S39-F2-Q1,S39-F2-Q1,1273,39,FORWARD 2,1,6.RP.A.3.c,sa,Write 6/10 as a percent.,,,60%,,,
G4:S39-F2-Q2,S39-F2-Q2,1274,39,FORWARD 2,2,6.RP.A.3.c,tf,45/100 = 45%,A. True | B. False,A,True,,,
G4:S39-F2-Q3,S39-F2-Q3,1275,39,FORWARD 2,3,6.RP.A.3.c,mc,Which percent is equal to 3/10?,A. 3% | B. 13% | C. 30% | D. 0.3%,C,30%,,,
G4:S39-F2-Q4,S39-F2-Q4,1276,39,FORWARD 2,4,6.RP.A.3.c,sa,Write 8% as a fraction with a denominator of 100.,,,8/100,,,
G4:S39-F2-Q5,S39-F2-Q5,1277,39,FORWARD 2,5,6.RP.A.3.c,tf,9/10 = 9%,A. True | B. False,B,False,,,
G4:S67-M-Q1,S67-M-Q1,1280,67,MAIN,1,4.NF.C.5,sa,Add. 2/10 + 45/100,,,65/100,,,
G4:S67-M-Q2,S67-M-Q2,1281,67,MAIN,2,4.NF.C.5,mc,7/10 + 9/100 = ?,A. 79/100 | B. 16/110 | C. 79/10 | D. 16/100,A,79/100,,,
G4:S67-M-Q3,S67-M-Q3,1282,67,MAIN,3,4.NF.C.5,sa,Add. 8/10 + 15/100,,,95/100,,,
G4:S67-M-Q4,S67-M-Q4,1283,67,MAIN,4,4.NF.C.5,tf,3/10 + 4/100 = 34/100,A. True | B. False,A,True,,,
G4:S67-M-Q5,S67-M-Q5,1284,67,MAIN,5,4.NF.C.5,sa,A jar is 4/10 full of sand. Ali pours in another 35/100 of a jar. What fraction of the jar is full now?,,,75/100,,,3/4 is also correct.
G4:S67-B1-Q1,S67-B1-Q1,1286,67,BACKWARD 1,1,2.NBT.B.5,sa,Add. 20 + 45,,,65,,,
G4:S67-B1-Q2,S67-B1-Q2,1287,67,BACKWARD 1,2,2.NBT.B.5,tf,70 + 9 = 79,A. True | B. False,A,True,,,
G4:S67-B1-Q3,S67-B1-Q3,1288,67,BACKWARD 1,3,2.NBT.B.5,mc,80 + 15 = ?,A. 23 | B. 95 | C. 815 | D. 85,B,95,,,
G4:S67-B1-Q4,S67-B1-Q4,1289,67,BACKWARD 1,4,2.NBT.B.5,sa,Add. 30 + 34,,,64,,,
G4:S67-B1-Q5,S67-B1-Q5,1290,67,BACKWARD 1,5,2.NBT.B.5,tf,40 + 35 = 85,A. True | B. False,B,False,,,
G4:S67-B2-Q1,S67-B2-Q1,1292,67,BACKWARD 2,1,3.NF.A.3.b,sa,Find the missing number. 1/2 = (?)/4,,,2,,,
G4:S67-B2-Q2,S67-B2-Q2,1293,67,BACKWARD 2,2,3.NF.A.3.b,tf,3/6 = 1/2,A. True | B. False,A,True,,,
G4:S67-B2-Q3,S67-B2-Q3,1294,67,BACKWARD 2,3,3.NF.A.3.b,mc,Which fraction is equal to 1/4?,A. 2/4 | B. 1/8 | C. 4/1 | D. 2/8,D,2/8,,,
G4:S67-B2-Q4,S67-B2-Q4,1295,67,BACKWARD 2,4,3.NF.A.3.b,sa,Find the missing number. 2/3 = (?)/6,,,4,,,
G4:S67-B2-Q5,S67-B2-Q5,1296,67,BACKWARD 2,5,3.NF.A.3.b,tf,2/8 = 1/2,A. True | B. False,B,False,,,
G4:S67-F1-Q1,S67-F1-Q1,1298,67,FORWARD 1,1,5.NBT.B.7,sa,A beetle crawls 0.4 meter and then 0.35 meter. How far does it crawl in all?,,,0.75 meter,,,
G4:S67-F1-Q2,S67-F1-Q2,1299,67,FORWARD 1,2,5.NBT.B.7,tf,0.8 + 0.12 = 0.92,A. True | B. False,A,True,,,
G4:S67-F1-Q3,S67-F1-Q3,1300,67,FORWARD 1,3,5.NBT.B.7,mc,A cup holds 0.25 liter of water. Ty pours in 0.5 liter more. How much water is in the cup now?,A. 0.30 liter | B. 0.075 liter | C. 0.75 liter | D. 7.5 liters,C,0.75 liter,,,
G4:S67-F1-Q4,S67-F1-Q4,1301,67,FORWARD 1,4,5.NBT.B.7,sa,Add. 2.6 + 0.08,,,2.68,,,
G4:S67-F1-Q5,S67-F1-Q5,1302,67,FORWARD 1,5,5.NBT.B.7,tf,0.9 + 0.09 = 0.18,A. True | B. False,B,False,,,
G4:S67-F2-Q1,S67-F2-Q1,1304,67,FORWARD 2,1,6.NS.B.3,sa,Add. 12.6 + 3.45,,,16.05,,,
G4:S67-F2-Q2,S67-F2-Q2,1305,67,FORWARD 2,2,6.NS.B.3,tf,7.08 + 2.9 = 9.98,A. True | B. False,A,True,,,
G4:S67-F2-Q3,S67-F2-Q3,1306,67,FORWARD 2,3,6.NS.B.3,mc,Add. 0.75 + 18.3,A. 0.933 | B. 19.05 | C. 19.8 | D. 18.105,B,19.05,,,
G4:S67-F2-Q4,S67-F2-Q4,1307,67,FORWARD 2,4,6.NS.B.3,sa,Add. 45.2 + 6.875,,,52.075,,,
G4:S67-F2-Q5,S67-F2-Q5,1308,67,FORWARD 2,5,6.NS.B.3,tf,3.4 + 1.25 = 4.59,A. True | B. False,B,False,,,
G4:S40-M-Q1,S40-M-Q1,1311,40,MAIN,1,4.NF.C.6,sa,Write 47/100 as a decimal.,,,0.47,,,
G4:S40-M-Q2,S40-M-Q2,1312,40,MAIN,2,4.NF.C.6,sa,Write 0.8 as a fraction with a denominator of 10.,,,8/10,,,
G4:S40-M-Q3,S40-M-Q3,1313,40,MAIN,3,4.NF.C.6,mc,What decimal does the shaded part of the grid show?,A. 0.36 | B. 3.6 | C. 36 | D. 0.036,A,0.36,,,
G4:S40-M-Q4,S40-M-Q4,1314,40,MAIN,4,4.NF.C.6,tf,5/100 = 0.5,A. True | B. False,B,False,,,
G4:S40-M-Q5,S40-M-Q5,1315,40,MAIN,5,4.NF.C.6,sa,A ribbon is 93/100 meter long. Write its length as a decimal.,,,0.93 meter,,,
G4:S40-B1-Q1,S40-B1-Q1,1317,40,BACKWARD 1,1,2.MD.C.8,sa,How many cents are 3 dimes and 4 pennies?,,,34 cents,,,
G4:S40-B1-Q2,S40-B1-Q2,1318,40,BACKWARD 1,2,2.MD.C.8,tf,10 dimes are worth 1 dollar.,A. True | B. False,A,True,,,
G4:S40-B1-Q3,S40-B1-Q3,1319,40,BACKWARD 1,3,2.MD.C.8,mc,Which coins make 25 cents?,A. 2 dimes and 5 pennies | B. 2 dimes and 2 pennies | C. 25 dimes | D. 1 dime and 5 pennies,A,2 dimes and 5 pennies,,,
G4:S40-B1-Q4,S40-B1-Q4,1320,40,BACKWARD 1,4,2.MD.C.8,sa,How many pennies make 1 dollar?,,,100,,,
G4:S40-B1-Q5,S40-B1-Q5,1321,40,BACKWARD 1,5,2.MD.C.8,tf,7 dimes are worth 7 cents.,A. True | B. False,B,False,,,
G4:S40-B2-Q1,S40-B2-Q1,1323,40,BACKWARD 2,1,2.NBT.A.1,sa,"How many hundreds, tens, and ones are in 245?",,,"2 hundreds, 4 tens, 5 ones",,,
G4:S40-B2-Q2,S40-B2-Q2,1324,40,BACKWARD 2,2,2.NBT.A.1,tf,"In 307, the 0 means 0 tens.",A. True | B. False,A,True,,,
G4:S40-B2-Q3,S40-B2-Q3,1325,40,BACKWARD 2,3,2.NBT.A.1,mc,What is the value of the 5 in 452?,A. 45 | B. 500 | C. 5 | D. 50,D,50,,,
G4:S40-B2-Q4,S40-B2-Q4,1326,40,BACKWARD 2,4,2.NBT.A.1,sa,Write the number that is 6 tens and 2 ones.,,,62,,,
G4:S40-B2-Q5,S40-B2-Q5,1327,40,BACKWARD 2,5,2.NBT.A.1,tf,"In 180, the 8 means 8 ones.",A. True | B. False,B,False,,,
G4:S40-F1-Q1,S40-F1-Q1,1329,40,FORWARD 1,1,5.NBT.A.3.a,sa,Write 125/1000 as a decimal.,,,0.125,,,
G4:S40-F1-Q2,S40-F1-Q2,1330,40,FORWARD 1,2,5.NBT.A.3.a,tf,0.009 = 9/1000,A. True | B. False,A,True,,,
G4:S40-F1-Q3,S40-F1-Q3,1331,40,FORWARD 1,3,5.NBT.A.3.a,mc,Which decimal is equal to 4/1000?,A. 0.04 | B. 0.004 | C. 4.000 | D. 0.4,B,0.004,,,
G4:S40-F1-Q4,S40-F1-Q4,1332,40,FORWARD 1,4,5.NBT.A.3.a,sa,"Write 0.375 as a fraction with a denominator of 1,000.",,,375/1000,,,
G4:S40-F1-Q5,S40-F1-Q5,1333,40,FORWARD 1,5,5.NBT.A.3.a,tf,72/1000 = 0.72,A. True | B. False,B,False,,,
G4:S40-F2-Q1,S40-F2-Q1,1335,40,FORWARD 2,1,6.RP.A.3.c,sa,Write 0.35 as a percent.,,,35%,,,
G4:S40-F2-Q2,S40-F2-Q2,1336,40,FORWARD 2,2,6.RP.A.3.c,tf,0.07 = 7%,A. True | B. False,A,True,,,
G4:S40-F2-Q3,S40-F2-Q3,1337,40,FORWARD 2,3,6.RP.A.3.c,mc,Which decimal is equal to 60%?,A. 0.6 | B. 60 | C. 0.06 | D. 6.0,A,0.6,,,
G4:S40-F2-Q4,S40-F2-Q4,1338,40,FORWARD 2,4,6.RP.A.3.c,sa,Write 120% as a decimal.,,,1.2,,,
G4:S40-F2-Q5,S40-F2-Q5,1339,40,FORWARD 2,5,6.RP.A.3.c,tf,0.5 = 5%,A. True | B. False,B,False,,,
G4:S41-M-Q1,S41-M-Q1,1342,41,MAIN,1,4.NF.C.6,sa,What decimal is at point A?,,,0.7,,,
G4:S41-M-Q2,S41-M-Q2,1343,41,MAIN,2,4.NF.C.6,mc,Which point is at 0.35?,A. Point A | B. Point B | C. Point C | D. Point D,C,Point C,,,
G4:S41-M-Q3,S41-M-Q3,1344,41,MAIN,3,4.NF.C.6,plot,Mark and label 0.4 and 0.85 on the number line.,,,"0.4 marked at the 8th small tick after 0 and 0.85 marked at the 17th (halfway between 0.8 and 0.9), each labeled",,,
G4:S41-M-Q4,S41-M-Q4,1345,41,MAIN,4,4.NF.C.6,tf,0.5 is halfway between 0 and 1 on a number line.,A. True | B. False,A,True,,,
G4:S41-M-Q5,S41-M-Q5,1346,41,MAIN,5,4.NF.C.6,sa,What decimal is at point B?,,,2.6,,,
G4:S41-B1-Q1,S41-B1-Q1,1348,41,BACKWARD 1,1,3.NF.A.2,sa,What fraction is at point A?,,,4/6,,,2/3 is also correct.
G4:S41-B1-Q2,S41-B1-Q2,1349,41,BACKWARD 1,2,3.NF.A.2,tf,1/2 is halfway between 0 and 1 on a number line.,A. True | B. False,A,True,,,
G4:S41-B1-Q3,S41-B1-Q3,1350,41,BACKWARD 1,3,3.NF.A.2,mc,Into how many equal parts is the space from 0 to 1 divided?,A. 2 | B. 5 | C. 3 | D. 4,D,4,,,
G4:S41-B1-Q4,S41-B1-Q4,1351,41,BACKWARD 1,4,3.NF.A.2,sa,What fraction is at point B?,,,3/8,,,
G4:S41-B1-Q5,S41-B1-Q5,1352,41,BACKWARD 1,5,3.NF.A.2,tf,3/4 is to the left of 1/4 on a number line.,A. True | B. False,B,False,,,
G4:S41-B2-Q1,S41-B2-Q1,1354,41,BACKWARD 2,1,2.MD.B.6,sa,What number is at point P?,,,7,,,
G4:S41-B2-Q2,S41-B2-Q2,1355,41,BACKWARD 2,2,2.MD.B.6,tf,"On a number line, 12 is to the right of 9.",A. True | B. False,A,True,,,
G4:S41-B2-Q3,S41-B2-Q3,1356,41,BACKWARD 2,3,2.MD.B.6,mc,Which number is halfway between 20 and 30 on a number line?,A. 24 | B. 25 | C. 50 | D. 15,B,25,,,
G4:S41-B2-Q4,S41-B2-Q4,1357,41,BACKWARD 2,4,2.MD.B.6,sa,What number is at point Q?,,,43,,,
G4:S41-B2-Q5,S41-B2-Q5,1358,41,BACKWARD 2,5,2.MD.B.6,tf,The distance from 3 to 8 on a number line is 11.,A. True | B. False,B,False,,,
G4:S41-F1-Q1,S41-F1-Q1,1360,41,FORWARD 1,1,5.NBT.A.4,sa,Round 2.68 to the nearest tenth.,,,2.7,,,
G4:S41-F1-Q2,S41-F1-Q2,1361,41,FORWARD 1,2,5.NBT.A.4,tf,"On a number line, 4.17 is closer to 4.2 than to 4.1.",A. True | B. False,A,True,,,
G4:S41-F1-Q3,S41-F1-Q3,1362,41,FORWARD 1,3,5.NBT.A.4,mc,Which number is closest to 5?,A. 5.1 | B. 4.8 | C. 5.09 | D. 4.96,D,4.96,,,
G4:S41-F1-Q4,S41-F1-Q4,1363,41,FORWARD 1,4,5.NBT.A.4,sa,Round 0.734 to the nearest hundredth.,,,0.73,,,
G4:S41-F1-Q5,S41-F1-Q5,1364,41,FORWARD 1,5,5.NBT.A.4,tf,6.25 rounded to the nearest whole number is 7.,A. True | B. False,B,False,,,
G4:S41-F2-Q1,S41-F2-Q1,1366,41,FORWARD 2,1,6.NS.C.6.c,sa,What number is at point A?,,,-1.5,,,
G4:S41-F2-Q2,S41-F2-Q2,1367,41,FORWARD 2,2,6.NS.C.6.c,tf,-0.5 is halfway between -1 and 0 on a number line.,A. True | B. False,A,True,,,
G4:S41-F2-Q3,S41-F2-Q3,1368,41,FORWARD 2,3,6.NS.C.6.c,mc,Which point is at -0.75?,A. Point A | B. Point B | C. Point C | D. Point D,A,Point A,,,
G4:S41-F2-Q4,S41-F2-Q4,1369,41,FORWARD 2,4,6.NS.C.6.c,plot,Mark and label -1.2 and 0.8 on the number line.,,,"-1.2 marked one small tick to the left of -1 and 0.8 marked one small tick to the left of 1, each labeled",,,
G4:S41-F2-Q5,S41-F2-Q5,1370,41,FORWARD 2,5,6.NS.C.6.c,tf,-1.25 is to the right of -1 on a number line.,A. True | B. False,B,False,,,
G4:S42-M-Q1,S42-M-Q1,1373,42,MAIN,1,4.NF.C.7,sa,"Write >, =, or <. 0.6 ___ 0.58",,,>,,,
G4:S42-M-Q2,S42-M-Q2,1374,42,MAIN,2,4.NF.C.7,mc,Which comparison is true?,A. 0.1 < 0.09 | B. 0.09 < 0.1 | C. 0.09 > 0.1 | D. 0.09 = 0.1,B,0.09 < 0.1,,,
G4:S42-M-Q3,S42-M-Q3,1375,42,MAIN,3,4.NF.C.7,tf,0.40 = 0.4,A. True | B. False,A,True,,,
G4:S42-M-Q4,S42-M-Q4,1376,42,MAIN,4,4.NF.C.7,sa,"Compare 0.3 and 0.25. Write >, =, or <, and explain using place value or a model.",,,0.3 > 0.25,,,"0.3 = 0.30 = 30 hundredths, which is more than 25 hundredths (or a hundredths grid shows 30 squares against 25). Both parts are required."
G4:S42-M-Q5,S42-M-Q5,1377,42,MAIN,5,4.NF.C.7,tf,Jo has 0.5 of a large pizza and Sam has 0.5 of a small pizza. They have the same amount of pizza.,A. True | B. False,B,False,,,
G4:S42-B1-Q1,S42-B1-Q1,1379,42,BACKWARD 1,1,3.NF.A.3.d,sa,"Write >, =, or <. 5/8 ___ 3/8",,,>,,,
G4:S42-B1-Q2,S42-B1-Q2,1380,42,BACKWARD 1,2,3.NF.A.3.d,tf,1/6 < 1/2,A. True | B. False,A,True,,,
G4:S42-B1-Q3,S42-B1-Q3,1381,42,BACKWARD 1,3,3.NF.A.3.d,mc,Which fraction is least?,A. 2/6 | B. 2/3 | C. 2/8 | D. 2/4,C,2/8,,,
G4:S42-B1-Q4,S42-B1-Q4,1382,42,BACKWARD 1,4,3.NF.A.3.d,sa,"Write >, =, or <. 2/4 ___ 2/4",,,=,,,
G4:S42-B1-Q5,S42-B1-Q5,1383,42,BACKWARD 1,5,3.NF.A.3.d,tf,1/8 > 1/4,A. True | B. False,B,False,,,
G4:S42-B2-Q1,S42-B2-Q1,1385,42,BACKWARD 2,1,2.NBT.A.4,sa,"Write >, =, or <. 630 ___ 603",,,>,,,
G4:S42-B2-Q2,S42-B2-Q2,1386,42,BACKWARD 2,2,2.NBT.A.4,tf,458 < 485,A. True | B. False,A,True,,,
G4:S42-B2-Q3,S42-B2-Q3,1387,42,BACKWARD 2,3,2.NBT.A.4,mc,Which number is least?,A. 901 | B. 910 | C. 291 | D. 199,D,199,,,
G4:S42-B2-Q4,S42-B2-Q4,1388,42,BACKWARD 2,4,2.NBT.A.4,sa,"Write >, =, or <. 777 ___ 787",,,<,,,
G4:S42-B2-Q5,S42-B2-Q5,1389,42,BACKWARD 2,5,2.NBT.A.4,tf,350 > 530,A. True | B. False,B,False,,,
G4:S42-F1-Q1,S42-F1-Q1,1391,42,FORWARD 1,1,5.NBT.A.3.b,sa,"Write >, =, or <. 0.307 ___ 0.37",,,<,,,
G4:S42-F1-Q2,S42-F1-Q2,1392,42,FORWARD 1,2,5.NBT.A.3.b,tf,4.5 > 4.485,A. True | B. False,A,True,,,
G4:S42-F1-Q3,S42-F1-Q3,1393,42,FORWARD 1,3,5.NBT.A.3.b,mc,Which decimal is least?,A. 0.1 | B. 0.19 | C. 0.109 | D. 0.099,D,0.099,,,
G4:S42-F1-Q4,S42-F1-Q4,1394,42,FORWARD 1,4,5.NBT.A.3.b,sa,"Write >, =, or <. 2.500 ___ 2.5",,,=,,,
G4:S42-F1-Q5,S42-F1-Q5,1395,42,FORWARD 1,5,5.NBT.A.3.b,tf,0.62 < 0.602,A. True | B. False,B,False,,,
G4:S42-F2-Q1,S42-F2-Q1,1397,42,FORWARD 2,1,6.NS.C.7.b,sa,Write an inequality that compares -1.5°C and -0.5°C.,,,-1.5 < -0.5,,,-0.5 > -1.5 is also correct.
G4:S42-F2-Q2,S42-F2-Q2,1398,42,FORWARD 2,2,6.NS.C.7.b,tf,A depth of -3.2 m is deeper than a depth of -2.3 m.,A. True | B. False,A,True,,,
G4:S42-F2-Q3,S42-F2-Q3,1399,42,FORWARD 2,3,6.NS.C.7.b,mc,Which statement is true?,A. 0.3 < -0.8 | B. -0.3 < -0.8 | C. -0.8 < -0.3 | D. -0.8 > -0.3,C,-0.8 < -0.3,,,
G4:S42-F2-Q4,S42-F2-Q4,1400,42,FORWARD 2,4,6.NS.C.7.b,sa,"Order from least to greatest. -0.4, 0.2, -1.1",,,"-1.1, -0.4, 0.2",,,
G4:S42-F2-Q5,S42-F2-Q5,1401,42,FORWARD 2,5,6.NS.C.7.b,tf,-2.75 > -2.5,A. True | B. False,B,False,,,
G4:S43-M-Q1,S43-M-Q1,1404,43,MAIN,1,4.MD.A.1,mc,Which unit is best for measuring the length of a river?,A. Centimeters | B. Kilometers | C. Grams | D. Liters,B,Kilometers,,,
G4:S43-M-Q2,S43-M-Q2,1405,43,MAIN,2,4.MD.A.1,tf,"1 kilogram is 1,000 times as heavy as 1 gram.",A. True | B. False,A,True,,,
G4:S43-M-Q3,S43-M-Q3,1406,43,MAIN,3,4.MD.A.1,sa,Convert. 5 kilometers = ___ meters,,,"5,000",,,
G4:S43-M-Q4,S43-M-Q4,1407,43,MAIN,4,4.MD.A.1,mc,Which is heaviest?,A. 1 gram | B. 1 kilogram | C. 100 grams | D. 500 grams,B,1 kilogram,,,
G4:S43-M-Q5,S43-M-Q5,1408,43,MAIN,5,4.MD.A.1,tf,1 liter is less than 1 milliliter.,A. True | B. False,B,False,,,
G4:S43-B1-Q1,S43-B1-Q1,1410,43,BACKWARD 1,1,3.MD.A.2,mc,Which object has a mass of about 1 kilogram?,A. A grape | B. A car | C. A large book | D. A paper clip,C,A large book,,,
G4:S43-B1-Q2,S43-B1-Q2,1411,43,BACKWARD 1,2,3.MD.A.2,tf,A spoonful of water is about 1 liter.,A. True | B. False,B,False,,,
G4:S43-B1-Q3,S43-B1-Q3,1412,43,BACKWARD 1,3,3.MD.A.2,sa,Would you measure the mass of a pencil in grams or in kilograms?,,,Grams,,,
G4:S43-B1-Q4,S43-B1-Q4,1413,43,BACKWARD 1,4,3.MD.A.2,tf,A bucket can hold about 10 liters of water.,A. True | B. False,A,True,,,
G4:S43-B1-Q5,S43-B1-Q5,1414,43,BACKWARD 1,5,3.MD.A.2,sa,A bag of flour has a mass of 2 kg. A bag of sugar has a mass of 3 kg. What is their total mass?,,,5 kg,,,
G4:S43-B2-Q1,S43-B2-Q1,1416,43,BACKWARD 2,1,2.MD.A.2,tf,A desk measured in inches gives a larger number than the same desk measured in feet.,A. True | B. False,A,True,,,
G4:S43-B2-Q2,S43-B2-Q2,1417,43,BACKWARD 2,2,2.MD.A.2,mc,A table is 2 meters long. About how many centimeters long is it?,"A. 200 | B. 20 | C. 2,000 | D. 2",A,200,,,
G4:S43-B2-Q3,S43-B2-Q3,1418,43,BACKWARD 2,3,2.MD.A.2,sa,A rope is 3 feet long. Is it longer or shorter than 3 inches?,,,Longer,,,
G4:S43-B2-Q4,S43-B2-Q4,1419,43,BACKWARD 2,4,2.MD.A.2,tf,A book measured in centimeters gives a smaller number than the same book measured in meters.,A. True | B. False,B,False,,,
G4:S43-B2-Q5,S43-B2-Q5,1420,43,BACKWARD 2,5,2.MD.A.2,sa,Which is longer: 1 foot or 1 inch?,,,1 foot,,,
G4:S43-F1-Q1,S43-F1-Q1,1422,43,FORWARD 1,1,5.MD.A.1,sa,Convert. 3.5 kilometers = ___ meters,,,"3,500",,,
G4:S43-F1-Q2,S43-F1-Q2,1423,43,FORWARD 1,2,5.MD.A.1,tf,"2,500 grams = 2.5 kilograms",A. True | B. False,A,True,,,
G4:S43-F1-Q3,S43-F1-Q3,1424,43,FORWARD 1,3,5.MD.A.1,mc,How many ounces are in 2 1/2 pounds?,A. 32 | B. 20 | C. 36 | D. 40,D,40,,,
G4:S43-F1-Q4,S43-F1-Q4,1425,43,FORWARD 1,4,5.MD.A.1,sa,Convert. 90 minutes = ___ hours,,,1 1/2,,,1.5 is also correct.
G4:S43-F1-Q5,S43-F1-Q5,1426,43,FORWARD 1,5,5.MD.A.1,tf,400 centimeters = 40 meters,A. True | B. False,B,False,,,
G4:S43-F2-Q1,S43-F2-Q1,1428,43,FORWARD 2,1,6.RP.A.3.d,sa,There are 12 inches in 1 foot. How many feet are in 54 inches?,,,4 1/2,,,4.5 is also correct.
G4:S43-F2-Q2,S43-F2-Q2,1429,43,FORWARD 2,2,6.RP.A.3.d,tf,"If 1 mile is about 1.6 km, then 5 miles is about 8 km.",A. True | B. False,A,True,,,
G4:S43-F2-Q3,S43-F2-Q3,1430,43,FORWARD 2,3,6.RP.A.3.d,mc,There are 4 quarts in 1 gallon. How many gallons are in 26 quarts?,A. 104 | B. 6 1/2 | C. 30 | D. 22,B,6 1/2,,,
G4:S43-F2-Q4,S43-F2-Q4,1431,43,FORWARD 2,4,6.RP.A.3.d,sa,There are 2 cups in 1 pint. How many pints are in 15 cups?,,,7 1/2,,,7.5 is also correct.
G4:S43-F2-Q5,S43-F2-Q5,1432,43,FORWARD 2,5,6.RP.A.3.d,tf,"If 1 inch = 2.54 cm, then 10 inches = 2.54 cm.",A. True | B. False,B,False,,,
G4:S44-M-Q1,S44-M-Q1,1435,44,MAIN,1,4.MD.A.1,sa,Complete the table.,,,300; 400,,,
G4:S44-M-Q2,S44-M-Q2,1436,44,MAIN,2,4.MD.A.1,sa,How many ounces are in 5 pounds?,,,80,,,
G4:S44-M-Q3,S44-M-Q3,1437,44,MAIN,3,4.MD.A.1,mc,A song is 3 minutes long. How many seconds is that?,A. 300 | B. 30 | C. 180 | D. 63,C,180,,,
G4:S44-M-Q4,S44-M-Q4,1438,44,MAIN,4,4.MD.A.1,tf,4 liters = 400 milliliters,A. True | B. False,B,False,,,
G4:S44-M-Q5,S44-M-Q5,1439,44,MAIN,5,4.MD.A.1,sa,Complete the table.,,,"2,000; 4,000",,,
G4:S44-B1-Q1,S44-B1-Q1,1441,44,BACKWARD 1,1,3.NBT.A.3,sa,Multiply. 4 × 60,,,240,,,
G4:S44-B1-Q2,S44-B1-Q2,1442,44,BACKWARD 1,2,3.NBT.A.3,tf,2 × 50 = 100,A. True | B. False,A,True,,,
G4:S44-B1-Q3,S44-B1-Q3,1443,44,BACKWARD 1,3,3.NBT.A.3,mc,8 × 60 = ?,"A. 480 | B. 48 | C. 4,800 | D. 68",A,480,,,
G4:S44-B1-Q4,S44-B1-Q4,1444,44,BACKWARD 1,4,3.NBT.A.3,sa,Multiply. 3 × 70,,,210,,,
G4:S44-B1-Q5,S44-B1-Q5,1445,44,BACKWARD 1,5,3.NBT.A.3,tf,"6 × 60 = 3,600",A. True | B. False,B,False,,,
G4:S44-B2-Q1,S44-B2-Q1,1447,44,BACKWARD 2,1,3.OA.D.9,sa,"What comes next? 16, 32, 48, ___",,,64,,,
G4:S44-B2-Q2,S44-B2-Q2,1448,44,BACKWARD 2,2,3.OA.D.9,tf,"In 15, 30, 45, 60, each number is 15 more than the one before.",A. True | B. False,A,True,,,
G4:S44-B2-Q3,S44-B2-Q3,1449,44,BACKWARD 2,3,3.OA.D.9,mc,"What is the rule for 10, 20, 30, 40?",A. Add 10 | B. Add 1 | C. Multiply by 2 | D. Add 20,A,Add 10,,,
G4:S44-B2-Q4,S44-B2-Q4,1450,44,BACKWARD 2,4,3.OA.D.9,sa,"What comes next? 12, 24, 36, ___",,,48,,,
G4:S44-B2-Q5,S44-B2-Q5,1451,44,BACKWARD 2,5,3.OA.D.9,tf,"The pattern 5, 10, 20, 40 adds 5 each time.",A. True | B. False,B,False,,,
G4:S44-F1-Q1,S44-F1-Q1,1453,44,FORWARD 1,1,5.MD.A.1,sa,Convert. 48 ounces = ___ pounds,,,3,,,
G4:S44-F1-Q2,S44-F1-Q2,1454,44,FORWARD 1,2,5.MD.A.1,tf,"2,000 milliliters = 2 liters",A. True | B. False,A,True,,,
G4:S44-F1-Q3,S44-F1-Q3,1455,44,FORWARD 1,3,5.MD.A.1,mc,Convert. 250 centimeters = ___ meters,"A. 2,500 | B. 0.25 | C. 25 | D. 2.5",D,2.5,,,
G4:S44-F1-Q4,S44-F1-Q4,1456,44,FORWARD 1,4,5.MD.A.1,sa,Convert. 150 seconds = ___ minutes,,,2 1/2,,,2.5 is also correct.
G4:S44-F1-Q5,S44-F1-Q5,1457,44,FORWARD 1,5,5.MD.A.1,tf,36 inches = 4 feet,A. True | B. False,B,False,,,
G4:S44-F2-Q1,S44-F2-Q1,1459,44,FORWARD 2,1,6.RP.A.3.d,sa,Complete the table.,,,15,,,
G4:S44-F2-Q2,S44-F2-Q2,1460,44,FORWARD 2,2,6.RP.A.3.d,tf,"A table with the pairs (1, 1,000), (2, 2,000), and (3, 3,000) converts kilograms to grams.",A. True | B. False,A,True,,,
G4:S44-F2-Q3,S44-F2-Q3,1461,44,FORWARD 2,3,6.RP.A.3.d,mc,There are 16 ounces in 1 pound. How many pounds are 40 ounces?,A. 640 | B. 2 1/2 | C. 24 | D. 3,B,2 1/2,,,
G4:S44-F2-Q4,S44-F2-Q4,1462,44,FORWARD 2,4,6.RP.A.3.d,sa,"1 liter = 1,000 milliliters. How many liters are 3,500 milliliters?",,,3.5,,,3 1/2 is also correct.
G4:S44-F2-Q5,S44-F2-Q5,1463,44,FORWARD 2,5,6.RP.A.3.d,tf,"Because 1 meter = 100 cm, 0.75 meter = 7.5 cm.",A. True | B. False,B,False,,,
G4:S45-M-Q1,S45-M-Q1,1466,45,MAIN,1,4.MD.A.2,sa,A movie started at 3:45 p.m. and ended at 5:20 p.m. How long was the movie?,,,1 hour 35 minutes,,,95 minutes is also correct.
G4:S45-M-Q2,S45-M-Q2,1467,45,MAIN,2,4.MD.A.2,sa,Ty biked 2 km 350 m on Monday and 1 km 900 m on Tuesday. How far did he bike in all? Give the answer in meters.,,,"4,250",,,
G4:S45-M-Q3,S45-M-Q3,1468,45,MAIN,3,4.MD.A.2,mc,"A race is 3 km long. Ana has run 1,850 m. How many more meters must she run?","A. 1,150 m | B. 4,850 m | C. 1,250 m | D. 2,150 m",A,"1,150 m",,,
G4:S45-M-Q4,S45-M-Q4,1469,45,MAIN,4,4.MD.A.2,tf,Soccer practice starts at 4:30 p.m. and lasts 1 hour 15 minutes. It ends at 5:45 p.m.,A. True | B. False,A,True,,,
G4:S45-M-Q5,S45-M-Q5,1470,45,MAIN,5,4.MD.A.2,sa,A bus trip takes 45 minutes each way. How long does a round trip take? Write the answer in hours and minutes.,,,1 hour 30 minutes,,,"The answer must be in hours and minutes, as the question asks; 90 minutes alone is not the form asked for."
G4:S45-B1-Q1,S45-B1-Q1,1472,45,BACKWARD 1,1,3.MD.A.1,sa,A class starts at 9:10 and ends at 9:55. How many minutes long is it?,,,45,,,
G4:S45-B1-Q2,S45-B1-Q2,1473,45,BACKWARD 1,2,3.MD.A.1,tf,From 2:30 to 3:15 is 45 minutes.,A. True | B. False,A,True,,,
G4:S45-B1-Q3,S45-B1-Q3,1474,45,BACKWARD 1,3,3.MD.A.1,mc,Jo started reading at 7:20 and read for 25 minutes. What time did she stop?,A. 7:35 | B. 7:45 | C. 8:45 | D. 7:25,B,7:45,,,
G4:S45-B1-Q4,S45-B1-Q4,1475,45,BACKWARD 1,4,3.MD.A.1,sa,A show begins at 4:05 and lasts 50 minutes. What time does it end?,,,4:55,,,
G4:S45-B1-Q5,S45-B1-Q5,1476,45,BACKWARD 1,5,3.MD.A.1,tf,From 10:40 to 11:00 is 40 minutes.,A. True | B. False,B,False,,,
G4:S45-B2-Q1,S45-B2-Q1,1478,45,BACKWARD 2,1,2.MD.B.5,sa,A ribbon is 64 cm long. Mia cuts off 28 cm. How long is the ribbon now?,,,36 cm,,,
G4:S45-B2-Q2,S45-B2-Q2,1479,45,BACKWARD 2,2,2.MD.B.5,tf,A 45-inch board and a 37-inch board laid end to end are 82 inches long.,A. True | B. False,A,True,,,
G4:S45-B2-Q3,S45-B2-Q3,1480,45,BACKWARD 2,3,2.MD.B.5,mc,A path is 90 m long. Sam has walked 55 m. How far is left?,A. 45 m | B. 35 m | C. 25 m | D. 145 m,B,35 m,,,
G4:S45-B2-Q4,S45-B2-Q4,1481,45,BACKWARD 2,4,2.MD.B.5,sa,A tree was 38 feet tall. It grew 6 feet. How tall is it now?,,,44 feet,,,
G4:S45-B2-Q5,S45-B2-Q5,1482,45,BACKWARD 2,5,2.MD.B.5,tf,Cutting 17 cm from a 50-cm rope leaves 37 cm.,A. True | B. False,B,False,,,
G4:S45-F1-Q1,S45-F1-Q1,1484,45,FORWARD 1,1,5.MD.A.1,sa,A runner ran 1.5 km and then 800 m. How many meters did she run in all?,,,"2,300",,,
G4:S45-F1-Q2,S45-F1-Q2,1485,45,FORWARD 1,2,5.MD.A.1,tf,A trip of 2 hours 30 minutes takes 150 minutes.,A. True | B. False,A,True,,,
G4:S45-F1-Q3,S45-F1-Q3,1486,45,FORWARD 1,3,5.MD.A.1,mc,A 4-yard rope has 5 feet cut off. How many feet are left?,A. 17 feet | B. 1 foot | C. 7 feet | D. 9 feet,C,7 feet,,,
G4:S45-F1-Q4,S45-F1-Q4,1487,45,FORWARD 1,4,5.MD.A.1,sa,A train ride lasts 2 1/4 hours. How many minutes is that?,,,135,,,
G4:S45-F1-Q5,S45-F1-Q5,1488,45,FORWARD 1,5,5.MD.A.1,tf,"3 km - 1,200 m = 2,800 m",A. True | B. False,B,False,,,
G4:S45-F2-Q1,S45-F2-Q1,1490,45,FORWARD 2,1,6.RP.A.3.b,sa,A car travels 150 miles in 3 hours at a constant speed. What is its speed in miles per hour?,,,50,,,
G4:S45-F2-Q2,S45-F2-Q2,1491,45,FORWARD 2,2,6.RP.A.3.b,tf,Walking 6 km in 2 hours is a speed of 3 km per hour.,A. True | B. False,A,True,,,
G4:S45-F2-Q3,S45-F2-Q3,1492,45,FORWARD 2,3,6.RP.A.3.b,mc,A cyclist rides 12 miles per hour. How far does she ride in 2.5 hours?,A. 14.5 miles | B. 30 miles | C. 24 miles | D. 36 miles,B,30 miles,,,
G4:S45-F2-Q4,S45-F2-Q4,1493,45,FORWARD 2,4,6.RP.A.3.b,sa,"A train goes 240 km in 4 hours. At this rate, how long does it take to go 420 km?",,,7 hours,,,
G4:S45-F2-Q5,S45-F2-Q5,1494,45,FORWARD 2,5,6.RP.A.3.b,tf,"At 60 miles per hour, a car goes 90 miles in 2 hours.",A. True | B. False,B,False,,,
G4:S46-M-Q1,S46-M-Q1,1497,46,MAIN,1,4.MD.A.2,sa,A jug holds 2 liters of juice. Ella pours 6 cups of 250 milliliters each. How many milliliters are left in the jug?,,,500,,,
G4:S46-M-Q2,S46-M-Q2,1498,46,MAIN,2,4.MD.A.2,sa,A box of apples has a mass of 3 kg 400 g. Another box has a mass of 2 kg 750 g. What is their total mass in grams?,,,"6,150",,,
G4:S46-M-Q3,S46-M-Q3,1499,46,MAIN,3,4.MD.A.2,mc,Jo buys 3 notebooks that cost $2.45 each. How much does she spend?,A. $7.35 | B. $6.35 | C. $5.35 | D. $7.45,A,$7.35,,,
G4:S46-M-Q4,S46-M-Q4,1500,46,MAIN,4,4.MD.A.2,tf,Lee pays for items that cost $3.60 and $4.15 with a $10 bill. His change is $3.25.,A. True | B. False,B,False,,,
G4:S46-M-Q5,S46-M-Q5,1501,46,MAIN,5,4.MD.A.2,sa,A cat has a mass of 4 kg. A dog has 6 times as much mass. What is the dog's mass in grams?,,,"24,000",,,
G4:S46-B1-Q1,S46-B1-Q1,1503,46,BACKWARD 1,1,3.MD.A.2,sa,A pot holds 8 liters. 3 liters are poured out. How many liters are left?,,,5,,,
G4:S46-B1-Q2,S46-B1-Q2,1504,46,BACKWARD 1,2,3.MD.A.2,tf,Four 5-kg bags have a total mass of 20 kg.,A. True | B. False,A,True,,,
G4:S46-B1-Q3,S46-B1-Q3,1505,46,BACKWARD 1,3,3.MD.A.2,mc,45 liters of water are shared equally among 9 buckets. How many liters go in each bucket?,A. 54 | B. 9 | C. 5 | D. 36,C,5,,,
G4:S46-B1-Q4,S46-B1-Q4,1506,46,BACKWARD 1,4,3.MD.A.2,sa,A melon has a mass of 900 g. A pear has a mass of 200 g. How much more mass does the melon have?,,,700,,,
G4:S46-B1-Q5,S46-B1-Q5,1507,46,BACKWARD 1,5,3.MD.A.2,tf,Two 35-liter tubs hold 60 liters in all.,A. True | B. False,B,False,,,
G4:S46-B2-Q1,S46-B2-Q1,1509,46,BACKWARD 2,1,2.MD.C.8,sa,"How much money is 2 quarters, 1 dime, and 3 pennies?",,,63 cents,,,
G4:S46-B2-Q2,S46-B2-Q2,1510,46,BACKWARD 2,2,2.MD.C.8,tf,3 quarters are worth 75 cents.,A. True | B. False,A,True,,,
G4:S46-B2-Q3,S46-B2-Q3,1511,46,BACKWARD 2,3,2.MD.C.8,mc,Ben has 2 dollar bills and 4 dimes. How much money does he have?,A. $2.04 | B. $2.40 | C. $6.00 | D. $2.10,B,$2.40,,,
G4:S46-B2-Q4,S46-B2-Q4,1512,46,BACKWARD 2,4,2.MD.C.8,sa,A toy costs 85 cents. Ann pays with 1 dollar. How much change does she get?,,,15 cents,,,
G4:S46-B2-Q5,S46-B2-Q5,1513,46,BACKWARD 2,5,2.MD.C.8,tf,5 nickels and 2 dimes are worth 50 cents.,A. True | B. False,B,False,,,
G4:S46-F1-Q1,S46-F1-Q1,1515,46,FORWARD 1,1,5.NBT.B.7,sa,Pens cost $1.25 each. How much do 8 pens cost?,,,$10.00,,,
G4:S46-F1-Q2,S46-F1-Q2,1516,46,FORWARD 1,2,5.NBT.B.7,tf,A $20 bill pays for 3 shirts that cost $5.99 each. The change is $2.03.,A. True | B. False,A,True,,,
G4:S46-F1-Q3,S46-F1-Q3,1517,46,FORWARD 1,3,5.NBT.B.7,mc,A 2.4-liter bottle is shared equally among 6 cups. How many liters go in each cup?,A. 1.4 | B. 0.4 | C. 4 | D. 0.04,B,0.4,,,
G4:S46-F1-Q4,S46-F1-Q4,1518,46,FORWARD 1,4,5.NBT.B.7,sa,Grapes cost $2.80 per pound. How much do 3.5 pounds cost?,,,$9.80,,,
G4:S46-F1-Q5,S46-F1-Q5,1519,46,FORWARD 1,5,5.NBT.B.7,tf,A 1.5-kg bag and a 0.75-kg bag have a total mass of 1.125 kg.,A. True | B. False,B,False,,,
G4:S46-F2-Q1,S46-F2-Q1,1521,46,FORWARD 2,1,6.RP.A.3.b,sa,A 12-pack of water costs $4.80. What is the price of 1 bottle?,,,$0.40,,,
G4:S46-F2-Q2,S46-F2-Q2,1522,46,FORWARD 2,2,6.RP.A.3.b,tf,4 kg of rice for $6 costs $1.50 per kilogram.,A. True | B. False,A,True,,,
G4:S46-F2-Q3,S46-F2-Q3,1523,46,FORWARD 2,3,6.RP.A.3.b,mc,Which is the best buy?,A. 2 liters for $3.20 | B. 3 liters for $4.50 | C. 4 liters for $6.40 | D. 1 liter for $1.70,B,3 liters for $4.50,,,
G4:S46-F2-Q4,S46-F2-Q4,1524,46,FORWARD 2,4,6.RP.A.3.b,sa,5 pounds of apples cost $8.75. How much does 1 pound cost?,,,$1.75,,,
G4:S46-F2-Q5,S46-F2-Q5,1525,46,FORWARD 2,5,6.RP.A.3.b,tf,A pack of 6 juice boxes for $3.60 costs $0.70 per box.,A. True | B. False,B,False,,,
G4:S47-M-Q1,S47-M-Q1,1528,47,MAIN,1,4.MD.A.2,sa,A board is 6 feet long. Jo cuts off 3/4 foot. How long is the board now?,,,5 1/4 feet,,,
G4:S47-M-Q2,S47-M-Q2,1529,47,MAIN,2,4.MD.A.2,sa,Ana ran 0.5 km before lunch and 0.25 km after lunch. How far did she run in all?,,,0.75 km,,,75/100 km is also correct.
G4:S47-M-Q3,S47-M-Q3,1530,47,MAIN,3,4.MD.A.2,mc,The number line shows a 2-mile hike. Lu has hiked to point A. How much farther must she hike to reach the end?,A. 1/4 mile | B. 2 miles | C. 3/4 mile | D. 1 1/4 miles,C,3/4 mile,,,
G4:S47-M-Q4,S47-M-Q4,1531,47,MAIN,4,4.MD.A.2,tf,A jug has 2 liters of water. Lee pours out 1/4 liter. 1 3/4 liters are left.,A. True | B. False,A,True,,,
G4:S47-M-Q5,S47-M-Q5,1532,47,MAIN,5,4.MD.A.2,plot_text,A rope is 3 meters long. Use the number line to show 1/2 meter being cut off. How much rope is left?,,,2 1/2 meters,"The 1/2 meter that is cut off is shown: a jump from 3 back to 2 1/2, or the interval from 2 1/2 to 3 marked and labeled as the 1/2 meter cut off, with the remaining 2 1/2 meters shown",,"Grade both: the number line shows the removed 1/2 meter (a jump from 3 to 2 1/2, or the interval from 2 1/2 to 3 marked as cut off), and the answer 2 1/2 meters. A bar from 0 to 2 1/2 alone does not show the cut."
G4:S47-B1-Q1,S47-B1-Q1,1534,47,BACKWARD 1,1,3.MD.A.1,sa,Ty starts at 3:00 and works for 40 minutes. Use the number line. What time does he finish?,,,3:40,,,
G4:S47-B1-Q2,S47-B1-Q2,1535,47,BACKWARD 1,2,3.MD.A.1,tf,"On a number line from 1:00 to 2:00, 1:30 is halfway.",A. True | B. False,A,True,,,
G4:S47-B1-Q3,S47-B1-Q3,1536,47,BACKWARD 1,3,3.MD.A.1,mc,A game started at 6:15 and lasted 35 minutes. What time did it end?,A. 6:40 | B. 6:35 | C. 7:50 | D. 6:50,D,6:50,,,
G4:S47-B1-Q4,S47-B1-Q4,1537,47,BACKWARD 1,4,3.MD.A.1,sa,How many minutes are there from 8:20 to 9:00?,,,40,,,
G4:S47-B1-Q5,S47-B1-Q5,1538,47,BACKWARD 1,5,3.MD.A.1,tf,From 4:45 to 5:05 is 30 minutes.,A. True | B. False,B,False,,,
G4:S47-B2-Q1,S47-B2-Q1,1540,47,BACKWARD 2,1,3.NF.A.2,sa,What fraction is at point A?,,,5/8,,,
G4:S47-B2-Q2,S47-B2-Q2,1541,47,BACKWARD 2,2,3.NF.A.2,tf,3/3 and 1 are at the same point on a number line.,A. True | B. False,A,True,,,
G4:S47-B2-Q3,S47-B2-Q3,1542,47,BACKWARD 2,3,3.NF.A.2,mc,Which fraction is closest to 0?,A. 1/8 | B. 3/4 | C. 1/2 | D. 7/8,A,1/8,,,
G4:S47-B2-Q4,S47-B2-Q4,1543,47,BACKWARD 2,4,3.NF.A.2,sa,What fraction is at point B?,,,2/4,,,1/2 is also correct.
G4:S47-B2-Q5,S47-B2-Q5,1544,47,BACKWARD 2,5,3.NF.A.2,tf,1/4 is to the right of 3/4 on a number line.,A. True | B. False,B,False,,,
G4:S47-F1-Q1,S47-F1-Q1,1546,47,FORWARD 1,1,5.NF.A.2,sa,A board is 5 feet long. 2/3 foot is cut off. How long is the board now?,,,4 1/3 feet,,,
G4:S47-F1-Q2,S47-F1-Q2,1547,47,FORWARD 1,2,5.NF.A.2,tf,A jug had 1 1/2 liters. 3/4 liter was used. 3/4 liter is left.,A. True | B. False,A,True,,,
G4:S47-F1-Q3,S47-F1-Q3,1548,47,FORWARD 1,3,5.NF.A.2,mc,Ann walked 1/2 km and then 3/5 km. How far did she walk in all?,A. 1 1/5 km | B. 1 1/10 km | C. 4/10 km | D. 4/7 km,B,1 1/10 km,,,
G4:S47-F1-Q4,S47-F1-Q4,1549,47,FORWARD 1,4,5.NF.A.2,sa,A rope is 4 1/2 m long. A piece 1 2/3 m long is cut off. How much rope is left?,,,2 5/6 m,,,
G4:S47-F1-Q5,S47-F1-Q5,1550,47,FORWARD 1,5,5.NF.A.2,tf,3/8 kg + 1/4 kg = 4/12 kg,A. True | B. False,B,False,,,
G4:S47-F2-Q1,S47-F2-Q1,1552,47,FORWARD 2,1,6.NS.C.8,sa,"Find the distance between (2, 5) and (2, -3).",,,8 units,,,
G4:S47-F2-Q2,S47-F2-Q2,1553,47,FORWARD 2,2,6.NS.C.8,tf,"The distance between (-4, 1) and (3, 1) is 7 units.",A. True | B. False,A,True,,,
G4:S47-F2-Q3,S47-F2-Q3,1554,47,FORWARD 2,3,6.NS.C.8,mc,"On a map grid, a school is at (-2, 4) and a park is at (5, 4). How many units apart are they?",A. 6 | B. 7 | C. 9 | D. 3,B,7,,,
G4:S47-F2-Q4,S47-F2-Q4,1555,47,FORWARD 2,4,6.NS.C.8,sa,"Find the distance between (-6, -2) and (-6, 3).",,,5 units,,,
G4:S47-F2-Q5,S47-F2-Q5,1556,47,FORWARD 2,5,6.NS.C.8,tf,"The distance between (0, -5) and (0, 5) is 0 units.",A. True | B. False,B,False,,,
G4:S48-M-Q1,S48-M-Q1,1559,48,MAIN,1,4.MD.A.3,sa,Find the area of the rectangle.,,,36 square meters,,,
G4:S48-M-Q2,S48-M-Q2,1560,48,MAIN,2,4.MD.A.3,sa,Find the area of the rectangle.,,,60 square inches,,,
G4:S48-M-Q3,S48-M-Q3,1561,48,MAIN,3,4.MD.A.3,mc,A rectangular rug is 8 feet by 6 feet. What is its area?,A. 96 square feet | B. 14 square feet | C. 48 square feet | D. 28 square feet,C,48 square feet,,,
G4:S48-M-Q4,S48-M-Q4,1562,48,MAIN,4,4.MD.A.3,tf,A square with sides of 7 cm has an area of 28 square cm.,A. True | B. False,B,False,,,
G4:S48-M-Q5,S48-M-Q5,1563,48,MAIN,5,4.MD.A.3,sa,A garden is 15 m long and 8 m wide. What is its area?,,,120 square meters,,,
G4:S48-B1-Q1,S48-B1-Q1,1565,48,BACKWARD 1,1,3.MD.C.7.b,sa,A rectangle is 6 units by 7 units. What is its area?,,,42 square units,,,
G4:S48-B1-Q2,S48-B1-Q2,1566,48,BACKWARD 1,2,3.MD.C.7.b,tf,A 5-by-9 rectangle has an area of 45 square units.,A. True | B. False,A,True,,,
G4:S48-B1-Q3,S48-B1-Q3,1567,48,BACKWARD 1,3,3.MD.C.7.b,mc,Which equation gives the area of a 4-by-8 rectangle?,A. 8 - 4 = 4 | B. 4 + 8 = 12 | C. 2 × (4 + 8) = 24 | D. 4 × 8 = 32,D,4 × 8 = 32,,,
G4:S48-B1-Q4,S48-B1-Q4,1568,48,BACKWARD 1,4,3.MD.C.7.b,sa,Find the area of the rectangle.,,,30 square cm,,,
G4:S48-B1-Q5,S48-B1-Q5,1569,48,BACKWARD 1,5,3.MD.C.7.b,tf,A 3-by-9 rectangle has an area of 12 square units.,A. True | B. False,B,False,,,
G4:S48-B3-Q1,S48-B3-Q1,1571,48,BACKWARD 3,1,3.MD.C.7.a,sa,A rectangle is covered by 4 rows of 6 unit squares with no gaps or overlaps. What is its area?,,,24 square units,,,
G4:S48-B3-Q2,S48-B3-Q2,1572,48,BACKWARD 3,2,3.MD.C.7.a,tf,A rectangle covered by 3 rows of 5 square centimeters has an area of 15 square centimeters.,A. True | B. False,A,True,,,
G4:S48-B3-Q3,S48-B3-Q3,1573,48,BACKWARD 3,3,3.MD.C.7.a,mc,Each small square is 1 square unit. What is the area of the rectangle?,A. 12 square units | B. 14 square units | C. 24 square units | D. 7 square units,A,12 square units,,,
G4:S48-B3-Q4,S48-B3-Q4,1574,48,BACKWARD 3,4,3.MD.C.7.a,sa,A rug is covered by 2 rows of 9 one-foot squares. What is its area?,,,18 square feet,,,
G4:S48-B3-Q5,S48-B3-Q5,1575,48,BACKWARD 3,5,3.MD.C.7.a,tf,A rectangle covered by 5 rows of 5 unit squares has an area of 10 square units.,A. True | B. False,B,False,,,
G4:S48-F1-Q1,S48-F1-Q1,1577,48,FORWARD 1,1,5.NF.B.4.b,sa,Find the area of a rectangle that is 3/4 m by 2/3 m.,,,1/2 square meter,,,6/12 square meter is also correct.
G4:S48-F1-Q2,S48-F1-Q2,1578,48,FORWARD 1,2,5.NF.B.4.b,tf,A rectangle that is 2 1/2 ft by 4 ft has an area of 10 square feet.,A. True | B. False,A,True,,,
G4:S48-F1-Q3,S48-F1-Q3,1579,48,FORWARD 1,3,5.NF.B.4.b,mc,A square has sides that are 1/2 inch long. What is its area?,A. 2 square inches | B. 1 square inch | C. 1/4 square inch | D. 1/2 square inch,C,1/4 square inch,,,
G4:S48-F1-Q4,S48-F1-Q4,1580,48,FORWARD 1,4,5.NF.B.4.b,sa,Find the area of a rectangle that is 1 1/2 yd by 2/3 yd.,,,1 square yard,,,
G4:S48-F1-Q5,S48-F1-Q5,1581,48,FORWARD 1,5,5.NF.B.4.b,tf,A 1/3-by-1/3 square has an area of 2/3 square unit.,A. True | B. False,B,False,,,
G4:S48-F2-Q1,S48-F2-Q1,1583,48,FORWARD 2,1,6.G.A.1,sa,A triangle has a base of 10 cm and a height of 6 cm. What is its area?,,,30 square cm,,,
G4:S48-F2-Q2,S48-F2-Q2,1584,48,FORWARD 2,2,6.G.A.1,tf,A parallelogram with a base of 8 m and a height of 5 m has an area of 40 square meters.,A. True | B. False,A,True,,,
G4:S48-F2-Q3,S48-F2-Q3,1585,48,FORWARD 2,3,6.G.A.1,mc,A right triangle has legs that are 4 ft and 9 ft long. What is its area?,A. 26 square feet | B. 18 square feet | C. 36 square feet | D. 13 square feet,B,18 square feet,,,
G4:S48-F2-Q4,S48-F2-Q4,1586,48,FORWARD 2,4,6.G.A.1,sa,Find the area of the triangle.,,,20 square inches,,,
G4:S48-F2-Q5,S48-F2-Q5,1587,48,FORWARD 2,5,6.G.A.1,tf,A triangle with a base of 6 units and a height of 4 units has an area of 24 square units.,A. True | B. False,B,False,,,
G4:S68-M-Q1,S68-M-Q1,1590,68,MAIN,1,4.MD.A.3,sa,Find the perimeter of the rectangle.,,,34 inches,,,
G4:S68-M-Q2,S68-M-Q2,1591,68,MAIN,2,4.MD.A.3,tf,A square with sides of 7 cm has a perimeter of 49 cm.,A. True | B. False,B,False,,,
G4:S68-M-Q3,S68-M-Q3,1592,68,MAIN,3,4.MD.A.3,sa,A garden is 15 m long and 8 m wide. What is its perimeter?,,,46 meters,,,
G4:S68-M-Q4,S68-M-Q4,1593,68,MAIN,4,4.MD.A.3,mc,A rectangular field is 40 yards long and 25 yards wide. What is its perimeter?,"A. 1,000 yards | B. 105 yards | C. 65 yards | D. 130 yards",D,130 yards,,,
G4:S68-M-Q5,S68-M-Q5,1594,68,MAIN,5,4.MD.A.3,sa,Write a formula for the perimeter P of a rectangle with length l and width w. Then use it to find the perimeter of a rectangle that is 11 cm by 6 cm.,,,P = 2 × l + 2 × w; 34 cm,,,P = 2 × (l + w) and P = l + w + l + w are also correct. Both parts are required.
G4:S68-B1-Q1,S68-B1-Q1,1596,68,BACKWARD 1,1,3.MD.D.8,sa,"A triangle has sides of 5 cm, 7 cm, and 9 cm. What is its perimeter?",,,21 cm,,,
G4:S68-B1-Q2,S68-B1-Q2,1597,68,BACKWARD 1,2,3.MD.D.8,tf,A square with sides of 4 m has a perimeter of 16 m.,A. True | B. False,A,True,,,
G4:S68-B1-Q3,S68-B1-Q3,1598,68,BACKWARD 1,3,3.MD.D.8,mc,What is the perimeter of a rectangle that is 6 ft by 2 ft?,A. 8 feet | B. 12 feet | C. 16 feet | D. 14 feet,C,16 feet,,,
G4:S68-B1-Q4,S68-B1-Q4,1599,68,BACKWARD 1,4,3.MD.D.8,sa,A pentagon has five sides that are each 3 inches long. What is its perimeter?,,,15 inches,,,
G4:S68-B1-Q5,S68-B1-Q5,1600,68,BACKWARD 1,5,3.MD.D.8,tf,A rectangle that is 5 units by 3 units has a perimeter of 15 units.,A. True | B. False,B,False,,,
G4:S68-B2-Q1,S68-B2-Q1,1602,68,BACKWARD 2,1,2.NBT.B.6,sa,Add. 12 + 5 + 12 + 5,,,34,,,
G4:S68-B2-Q2,S68-B2-Q2,1603,68,BACKWARD 2,2,2.NBT.B.6,tf,25 + 40 + 25 + 40 = 130,A. True | B. False,A,True,,,
G4:S68-B2-Q3,S68-B2-Q3,1604,68,BACKWARD 2,3,2.NBT.B.6,mc,9 + 9 + 3 + 3 = ?,A. 24 | B. 12 | C. 21 | D. 81,A,24,,,
G4:S68-B2-Q4,S68-B2-Q4,1605,68,BACKWARD 2,4,2.NBT.B.6,sa,Add. 15 + 8 + 15 + 8,,,46,,,
G4:S68-B2-Q5,S68-B2-Q5,1606,68,BACKWARD 2,5,2.NBT.B.6,tf,14 + 6 + 14 + 6 = 30,A. True | B. False,B,False,,,
G4:S68-F1-Q1,S68-F1-Q1,1608,68,FORWARD 1,1,5.NF.A.2,sa,A rectangle is 3/4 m long and 1/2 m wide. What is its perimeter?,,,2 1/2 m,,,5/2 m is also correct.
G4:S68-F1-Q2,S68-F1-Q2,1609,68,FORWARD 1,2,5.NF.A.2,tf,A square with sides of 2/3 foot has a perimeter of 2 2/3 feet.,A. True | B. False,A,True,,,
G4:S68-F1-Q3,S68-F1-Q3,1610,68,FORWARD 1,3,5.NF.A.2,mc,A rectangular card is 2 1/2 inches long and 1 1/4 inches wide. What is its perimeter?,A. 3 3/4 inches | B. 3 1/8 inches | C. 6 1/2 inches | D. 7 1/2 inches,D,7 1/2 inches,,,
G4:S68-F1-Q4,S68-F1-Q4,1611,68,FORWARD 1,4,5.NF.A.2,sa,"A triangle has sides of 1/2 yd, 2/3 yd, and 5/6 yd. What is its perimeter?",,,2 yards,,,
G4:S68-F1-Q5,S68-F1-Q5,1612,68,FORWARD 1,5,5.NF.A.2,tf,A rectangle that is 1/3 m by 1/4 m has a perimeter of 7/12 m.,A. True | B. False,B,False,,,
G4:S68-F2-Q1,S68-F2-Q1,1614,68,FORWARD 2,1,6.EE.A.2.c,sa,Use P = 2l + 2w to find the perimeter when l = 8.5 cm and w = 4 cm.,,,25 cm,,,
G4:S68-F2-Q2,S68-F2-Q2,1615,68,FORWARD 2,2,6.EE.A.2.c,tf,"For a square, P = 4s. When s = 2.25 m, P = 9 m.",A. True | B. False,A,True,,,
G4:S68-F2-Q3,S68-F2-Q3,1616,68,FORWARD 2,3,6.EE.A.2.c,mc,Use P = 2(l + w). What is P when l = 12 and w = 7.5?,A. 19.5 | B. 90 | C. 39 | D. 29,C,39,,,
G4:S68-F2-Q4,S68-F2-Q4,1617,68,FORWARD 2,4,6.EE.A.2.c,sa,Evaluate 2l + 2w when l = 3/4 and w = 1/2.,,,2 1/2,,,5/2 and 2.5 are also correct.
G4:S68-F2-Q5,S68-F2-Q5,1618,68,FORWARD 2,5,6.EE.A.2.c,tf,"When l = 10 and w = 3, 2l + 2w = 23.",A. True | B. False,B,False,,,
G4:S49-M-Q1,S49-M-Q1,1621,49,MAIN,1,4.MD.A.3,sa,A rectangle has an area of 72 square feet and a length of 9 feet. What is its width?,,,8 feet,,,
G4:S49-M-Q2,S49-M-Q2,1622,49,MAIN,2,4.MD.A.3,sa,A rectangle has an area of 63 square cm and a length of 9 cm. What is its width?,,,7 cm,,,
G4:S49-M-Q3,S49-M-Q3,1623,49,MAIN,3,4.MD.A.3,mc,A rectangular patio has an area of 96 square meters. One side is 12 m long. How long is the other side?,A. 36 m | B. 108 m | C. 84 m | D. 8 m,D,8 m,,,
G4:S49-M-Q4,S49-M-Q4,1624,49,MAIN,4,4.MD.A.3,tf,"A square has an area of 36 square inches, so each side is 6 inches long.",A. True | B. False,A,True,,,
G4:S49-M-Q5,S49-M-Q5,1625,49,MAIN,5,4.MD.A.3,sa,A rectangle has an area of 54 square units and a width of 6 units. Write an equation with a letter for the length. Then solve it.,,,6 × l = 54; l = 9 units,,,Any equivalent equation (for example 54 ÷ 6 = l) is correct. Both parts are required.
G4:S49-B2-Q1,S49-B2-Q1,1627,49,BACKWARD 2,1,3.OA.A.4,sa,Find the unknown number. 8 × ? = 64,,,8,,,
G4:S49-B2-Q2,S49-B2-Q2,1628,49,BACKWARD 2,2,3.OA.A.4,tf,"If 9 × w = 45, then w = 5.",A. True | B. False,A,True,,,
G4:S49-B2-Q3,S49-B2-Q3,1629,49,BACKWARD 2,3,3.OA.A.4,mc,? × 7 = 56,A. 7 | B. 8 | C. 49 | D. 63,B,8,,,
G4:S49-B2-Q4,S49-B2-Q4,1630,49,BACKWARD 2,4,3.OA.A.4,sa,Find the unknown number. 6 × ? = 42,,,7,,,
G4:S49-B2-Q5,S49-B2-Q5,1631,49,BACKWARD 2,5,3.OA.A.4,tf,"If 4 × n = 28, then n = 6.",A. True | B. False,B,False,,,
G4:S49-B3-Q1,S49-B3-Q1,1633,49,BACKWARD 3,1,3.MD.C.7.b,sa,A rectangle is 8 cm long and 7 cm wide. What is its area?,,,56 square cm,,,
G4:S49-B3-Q2,S49-B3-Q2,1634,49,BACKWARD 3,2,3.MD.C.7.b,tf,A 9-by-6 rectangle has an area of 54 square units.,A. True | B. False,A,True,,,
G4:S49-B3-Q3,S49-B3-Q3,1635,49,BACKWARD 3,3,3.MD.C.7.b,mc,A rug is 5 feet by 8 feet. What is its area?,A. 45 square feet | B. 40 square feet | C. 13 square feet | D. 26 square feet,B,40 square feet,,,
G4:S49-B3-Q4,S49-B3-Q4,1636,49,BACKWARD 3,4,3.MD.C.7.b,sa,A garden is 9 m long and 4 m wide. What is its area?,,,36 square meters,,,
G4:S49-B3-Q5,S49-B3-Q5,1637,49,BACKWARD 3,5,3.MD.C.7.b,tf,A 7-by-7 square has an area of 14 square units.,A. True | B. False,B,False,,,
G4:S49-F1-Q1,S49-F1-Q1,1639,49,FORWARD 1,1,5.MD.C.5.b,sa,A box has a volume of 60 cubic inches. It is 5 in. long and 3 in. wide. How tall is it?,,,4 inches,,,
G4:S49-F1-Q2,S49-F1-Q2,1640,49,FORWARD 1,2,5.MD.C.5.b,tf,A prism with a volume of 48 cubic cm and a base area of 12 square cm is 4 cm tall.,A. True | B. False,A,True,,,
G4:S49-F1-Q3,S49-F1-Q3,1641,49,FORWARD 1,3,5.MD.C.5.b,mc,A tank holds 120 cubic feet. Its base is 6 ft by 5 ft. How deep is the tank?,A. 20 feet | B. 4 feet | C. 10 feet | D. 109 feet,B,4 feet,,,
G4:S49-F1-Q4,S49-F1-Q4,1642,49,FORWARD 1,4,5.MD.C.5.b,sa,A prism has a volume of 90 cubic meters and a height of 5 m. What is the area of its base?,,,18 square meters,,,
G4:S49-F1-Q5,S49-F1-Q5,1643,49,FORWARD 1,5,5.MD.C.5.b,tf,A box that is 4 units by 3 units at the base and has a volume of 36 cubic units is 4 units tall.,A. True | B. False,B,False,,,
G4:S49-F2-Q1,S49-F2-Q1,1645,49,FORWARD 2,1,6.EE.B.7,sa,A rectangle has an area of 7.5 square meters and a length of 3 m. Write and solve an equation for its width w.,,,3w = 7.5; w = 2.5 m,,,Any equivalent equation is correct. Both parts are required.
G4:S49-F2-Q2,S49-F2-Q2,1646,49,FORWARD 2,2,6.EE.B.7,tf,A triangle has an area of 24 square units and a base of 8 units. Solving 4h = 24 gives a height of 6 units.,A. True | B. False,A,True,,,
G4:S49-F2-Q3,S49-F2-Q3,1647,49,FORWARD 2,3,6.EE.B.7,mc,Solve for b. 12b = 84,"A. 1,008 | B. 7 | C. 72 | D. 96",B,7,,,
G4:S49-F2-Q4,S49-F2-Q4,1648,49,FORWARD 2,4,6.EE.B.7,sa,Solve for x. (1/2)x = 9,,,18,,,
G4:S49-F2-Q5,S49-F2-Q5,1649,49,FORWARD 2,5,6.EE.B.7,tf,The solution of 4w = 30 is w = 26.,A. True | B. False,B,False,,,
G4:S69-M-Q1,S69-M-Q1,1652,69,MAIN,1,4.MD.A.3,sa,A rectangle has a perimeter of 30 cm and a length of 10 cm. What is its width?,,,5 cm,,,
G4:S69-M-Q2,S69-M-Q2,1653,69,MAIN,2,4.MD.A.3,tf,"A square has a perimeter of 36 inches, so each side is 9 inches long.",A. True | B. False,A,True,,,
G4:S69-M-Q3,S69-M-Q3,1654,69,MAIN,3,4.MD.A.3,mc,A rectangular garden has a perimeter of 50 m. Its length is 15 m. What is its width?,A. 20 m | B. 10 m | C. 25 m | D. 35 m,B,10 m,,,
G4:S69-M-Q4,S69-M-Q4,1655,69,MAIN,4,4.MD.A.3,sa,A rectangle has a perimeter of 64 inches and a width of 12 inches. Write an equation with a letter for the length. Then solve it.,,,2 × l + 2 × 12 = 64; l = 20 inches,,,Any equivalent equation with a letter (for example 64 = 2 × (l + 12)) is correct. Both parts are required.
G4:S69-M-Q5,S69-M-Q5,1656,69,MAIN,5,4.MD.A.3,tf,"A rectangle has a perimeter of 26 feet and a length of 8 feet, so its width is 18 feet.",A. True | B. False,B,False,,,
G4:S69-B1-Q1,S69-B1-Q1,1658,69,BACKWARD 1,1,3.MD.D.8,sa,A triangle has a perimeter of 20 cm. Its two known sides add to 14 cm. How long is the third side?,,,6 cm,,,
G4:S69-B1-Q2,S69-B1-Q2,1659,69,BACKWARD 1,2,3.MD.D.8,tf,A square with a perimeter of 12 m has sides that are 3 m long.,A. True | B. False,A,True,,,
G4:S69-B1-Q3,S69-B1-Q3,1660,69,BACKWARD 1,3,3.MD.D.8,mc,A rectangle has a perimeter of 14 ft. Its two lengths and one width add to 12 ft. How long is the other width?,A. 2 ft | B. 7 ft | C. 9 ft | D. 4 ft,A,2 ft,,,
G4:S69-B1-Q4,S69-B1-Q4,1661,69,BACKWARD 1,4,3.MD.D.8,sa,A rectangle has a perimeter of 18 in. Its two widths and one length add to 13 in. How long is the other length?,,,5 inches,,,
G4:S69-B1-Q5,S69-B1-Q5,1662,69,BACKWARD 1,5,3.MD.D.8,tf,A square with a perimeter of 20 units has sides that are 10 units long.,A. True | B. False,B,False,,,
G4:S69-B2-Q1,S69-B2-Q1,1664,69,BACKWARD 2,1,2.NBT.B.5,sa,Find the unknown number. 20 + ? = 30,,,10,,,
G4:S69-B2-Q2,S69-B2-Q2,1665,69,BACKWARD 2,2,2.NBT.B.5,tf,"If 24 + n = 64, then n = 40.",A. True | B. False,A,True,,,
G4:S69-B2-Q3,S69-B2-Q3,1666,69,BACKWARD 2,3,2.NBT.B.5,mc,? + 30 = 50,A. 30 | B. 25 | C. 80 | D. 20,D,20,,,
G4:S69-B2-Q4,S69-B2-Q4,1667,69,BACKWARD 2,4,2.NBT.B.5,sa,Find the unknown number. ? + 16 = 26,,,10,,,
G4:S69-B2-Q5,S69-B2-Q5,1668,69,BACKWARD 2,5,2.NBT.B.5,tf,"If 36 + n = 50, then n = 24.",A. True | B. False,B,False,,,
G4:S69-F1-Q1,S69-F1-Q1,1670,69,FORWARD 1,1,5.NF.A.2,sa,A rectangle has a perimeter of 5 m. Its length is 1 1/2 m. What is its width?,,,1 m,,,
G4:S69-F1-Q2,S69-F1-Q2,1671,69,FORWARD 1,2,5.NF.A.2,tf,"A square has a perimeter of 3 feet, so each side is 3/4 foot long.",A. True | B. False,A,True,,,
G4:S69-F1-Q3,S69-F1-Q3,1672,69,FORWARD 1,3,5.NF.A.2,mc,A rectangle has a perimeter of 7 inches. Its width is 1 1/4 inches. What is its length?,A. 1 1/4 inches | B. 5 3/4 inches | C. 2 1/4 inches | D. 4 1/2 inches,C,2 1/4 inches,,,
G4:S69-F1-Q4,S69-F1-Q4,1673,69,FORWARD 1,4,5.NF.A.2,sa,A triangle has a perimeter of 2 yd. Two of its sides are 1/2 yd and 2/3 yd long. How long is the third side?,,,5/6 yard,,,
G4:S69-F1-Q5,S69-F1-Q5,1674,69,FORWARD 1,5,5.NF.A.2,tf,"A rectangle has a perimeter of 4 m and a length of 3/4 m, so its width is 1 1/2 m.",A. True | B. False,B,False,,,
G4:S69-F2-Q1,S69-F2-Q1,1676,69,FORWARD 2,1,6.EE.B.7,sa,A square has a perimeter of 18.4 cm. Write and solve an equation for its side length s.,,,4s = 18.4; s = 4.6 cm,,,Any equivalent equation is correct. Both parts are required.
G4:S69-F2-Q2,S69-F2-Q2,1677,69,FORWARD 2,2,6.EE.B.7,tf,"A rectangle has a perimeter of 30 m, and its two widths total 12 m. Solving 2w = 12 gives w = 6 m.",A. True | B. False,A,True,,,
G4:S69-F2-Q3,S69-F2-Q3,1678,69,FORWARD 2,3,6.EE.B.7,mc,"A triangle has a perimeter of 15.5 in., and two of its sides total 9.25 in. Solve x + 9.25 = 15.5 for the third side x.",A. 24.75 in. | B. 6.75 in. | C. 6.25 in. | D. 5.25 in.,C,6.25 in.,,,
G4:S69-F2-Q4,S69-F2-Q4,1679,69,FORWARD 2,4,6.EE.B.7,sa,Solve for w. 2w = 13,,,6.5,,,6 1/2 is also correct.
G4:S69-F2-Q5,S69-F2-Q5,1680,69,FORWARD 2,5,6.EE.B.7,tf,A regular hexagon has a perimeter of 27 feet. Solving 6s = 27 gives s = 21 feet.,A. True | B. False,B,False,,,
G4:S50-M-Q1,S50-M-Q1,1683,50,MAIN,1,4.MD.B.4,plot,"Pencil lengths (inches): 5 1/4, 5 1/2, 5 1/4, 6, 5 3/4, 5 1/2, 5 1/4 Make a line plot of the data.",,,"Line plot: 3 X's at 5 1/4, 2 X's at 5 1/2, 1 X at 5 3/4, 1 X at 6",,,
G4:S50-M-Q2,S50-M-Q2,1684,50,MAIN,2,4.MD.B.4,plot,"Seedling heights (inches): 1/8, 3/8, 3/8, 1/2, 5/8, 3/8, 1/8 Make a line plot of the data.",,,"Line plot: 2 X's at 1/8, 3 X's at 3/8, 1 X at 1/2, 1 X at 5/8",,,
G4:S50-M-Q3,S50-M-Q3,1685,50,MAIN,3,4.MD.B.4,sa,"Shell lengths (inches): 1/2, 3/4, 1/2, 1, 3/4, 1/2 In a line plot of the data, how many X's go above 1/2?",,,3,,,
G4:S50-M-Q4,S50-M-Q4,1686,50,MAIN,4,4.MD.B.4,mc,"Which number line is best for a line plot of 1/8, 3/8, 5/8, and 7/8 inch?",A. A number line from 1 to 2 marked in fourths | B. A number line from 0 to 1 marked in halves | C. A number line from 0 to 1 marked in eighths | D. A number line from 0 to 8 marked in ones,C,A number line from 0 to 1 marked in eighths,,,
G4:S50-M-Q5,S50-M-Q5,1687,50,MAIN,5,4.MD.B.4,plot,"Ribbon pieces (yards): 1 1/2, 2, 1 1/4, 1 1/2, 1 3/4, 1 1/2 Make a line plot of the data.",,,"Line plot: 1 X at 1 1/4, 3 X's at 1 1/2, 1 X at 1 3/4, 1 X at 2",,,
G4:S50-B1-Q1,S50-B1-Q1,1689,50,BACKWARD 1,1,3.MD.B.4,sa,The line plot shows leaf lengths. How many leaves are 3/4 inch long?,,,3,,,
G4:S50-B1-Q2,S50-B1-Q2,1690,50,BACKWARD 1,2,3.MD.B.4,tf,Two leaves are 1/4 inch long.,A. True | B. False,A,True,,,
G4:S50-B1-Q3,S50-B1-Q3,1691,50,BACKWARD 1,3,3.MD.B.4,mc,Which leaf length is most common?,A. 1/4 inch | B. 1/2 inch | C. 3/4 inch | D. 1 inch,C,3/4 inch,,,
G4:S50-B1-Q4,S50-B1-Q4,1692,50,BACKWARD 1,4,3.MD.B.4,sa,How many leaves were measured?,,,7,,,
G4:S50-B1-Q5,S50-B1-Q5,1693,50,BACKWARD 1,5,3.MD.B.4,tf,No leaf is 1 inch long.,A. True | B. False,B,False,,,
G4:S50-B2-Q1,S50-B2-Q1,1695,50,BACKWARD 2,1,2.MD.D.9,sa,"Lengths (cm): 4, 6, 6, 7, 6 In a line plot of the data, how many X's go above 6?",,,3,,,
G4:S50-B2-Q2,S50-B2-Q2,1696,50,BACKWARD 2,2,2.MD.D.9,tf,A line plot shows each measurement as a mark above a number line.,A. True | B. False,A,True,,,
G4:S50-B2-Q3,S50-B2-Q3,1697,50,BACKWARD 2,3,2.MD.D.9,mc,"Which number line fits a line plot of 2, 3, 3, and 8?",A. A number line from 10 to 20 | B. A number line from 0 to 3 | C. A number line from 0 to 10 | D. A number line from 4 to 6,C,A number line from 0 to 10,,,
G4:S50-B2-Q4,S50-B2-Q4,1698,50,BACKWARD 2,4,2.MD.D.9,plot,"Lengths (inches): 3, 5, 5, 6 Make a line plot of the data.",,,"Line plot: 1 X at 3, 2 X's at 5, 1 X at 6",,,
G4:S50-B2-Q5,S50-B2-Q5,1699,50,BACKWARD 2,5,2.MD.D.9,tf,"A line plot of 1, 2, 2, 2 has 2 X's above 2.",A. True | B. False,B,False,,,
G4:S50-F1-Q1,S50-F1-Q1,1701,50,FORWARD 1,1,5.MD.B.2,plot,"Bead lengths (inches): 1/2, 3/8, 3/4, 3/8, 1/2, 7/8 Make a line plot of the data.",,,"Line plot: 2 X's at 3/8, 2 X's at 1/2, 1 X at 3/4, 1 X at 7/8",,,
G4:S50-F1-Q2,S50-F1-Q2,1702,50,FORWARD 1,2,5.MD.B.2,tf,"A number line marked in eighths can show 1/2, 1/4, and 3/8 inch on one line plot.",A. True | B. False,A,True,,,
G4:S50-F1-Q3,S50-F1-Q3,1703,50,FORWARD 1,3,5.MD.B.2,mc,"Data (pounds): 1/4, 5/8, 1/2, 1/4 In a line plot marked in eighths, how many X's go above 2/8?",A. 2 | B. 1 | C. 4 | D. 0,A,2,,,
G4:S50-F1-Q4,S50-F1-Q4,1704,50,FORWARD 1,4,5.MD.B.2,plot,"Rain (inches): 1/8, 1/4, 1/4, 3/8, 1/2 Make a line plot of the data.",,,"Line plot: 1 X at 1/8, 2 X's at 1/4, 1 X at 3/8, 1 X at 1/2",,,
G4:S50-F1-Q5,S50-F1-Q5,1705,50,FORWARD 1,5,5.MD.B.2,tf,"In a line plot of 1/2, 2/4, and 4/8 cup, the three X's go above three different marks.",A. True | B. False,B,False,,,
G4:S50-F2-Q1,S50-F2-Q1,1707,50,FORWARD 2,1,6.SP.B.4,plot,"Number of pets: 0, 1, 1, 2, 2, 2, 3, 5 Make a dot plot of the data.",,,"Dot plot: 1 dot at 0, 2 dots at 1, 3 dots at 2, 1 dot at 3, 1 dot at 5",,,
G4:S50-F2-Q2,S50-F2-Q2,1708,50,FORWARD 2,2,6.SP.B.4,tf,A histogram groups data values into intervals.,A. True | B. False,A,True,,,
G4:S50-F2-Q3,S50-F2-Q3,1709,50,FORWARD 2,3,6.SP.B.4,mc,Which display shows every individual data value?,A. A histogram | B. A table of intervals | C. A dot plot | D. A box plot,C,A dot plot,,,
G4:S50-F2-Q4,S50-F2-Q4,1710,50,FORWARD 2,4,6.SP.B.4,sa,"Data: 12, 15, 15, 18, 20 In a dot plot of the data, how many dots go above 15?",,,2,,,
G4:S50-F2-Q5,S50-F2-Q5,1711,50,FORWARD 2,5,6.SP.B.4,tf,A dot plot cannot show data with repeated values.,A. True | B. False,B,False,,,
G4:S51-M-Q1,S51-M-Q1,1714,51,MAIN,1,4.MD.B.4,sa,The line plot shows the raisins in some bags. What is the difference between the heaviest and the lightest bag?,,,3/8 pound,,,
G4:S51-M-Q2,S51-M-Q2,1715,51,MAIN,2,4.MD.B.4,sa,What is the total weight of the bags that weigh 1/4 pound each?,,,3/4 pound,,,
G4:S51-M-Q3,S51-M-Q3,1716,51,MAIN,3,4.MD.B.4,mc,How many bags weigh more than 1/4 pound?,A. 2 | B. 3 | C. 5 | D. 4,D,4,,,
G4:S51-M-Q4,S51-M-Q4,1717,51,MAIN,4,4.MD.B.4,tf,The two 1/2-pound bags weigh 1 pound in all.,A. True | B. False,A,True,,,
G4:S51-M-Q5,S51-M-Q5,1718,51,MAIN,5,4.MD.B.4,sa,What is the total weight of all the bags?,,,2 5/8 pounds,,,21/8 pounds is also correct.
G4:S51-B1-Q1,S51-B1-Q1,1720,51,BACKWARD 1,1,3.MD.B.4,sa,How many crayons are 3 1/2 inches long?,,,3,,,
G4:S51-B1-Q2,S51-B1-Q2,1721,51,BACKWARD 1,2,3.MD.B.4,tf,One crayon is 4 inches long.,A. True | B. False,A,True,,,
G4:S51-B1-Q3,S51-B1-Q3,1722,51,BACKWARD 1,3,3.MD.B.4,mc,Which length do exactly 2 crayons have?,A. 3 1/2 inches | B. 4 inches | C. 3 1/4 inches | D. 3 3/4 inches,D,3 3/4 inches,,,
G4:S51-B1-Q4,S51-B1-Q4,1723,51,BACKWARD 1,4,3.MD.B.4,sa,How many crayons were measured?,,,7,,,
G4:S51-B1-Q5,S51-B1-Q5,1724,51,BACKWARD 1,5,3.MD.B.4,tf,The shortest crayon is 3 inches long.,A. True | B. False,B,False,,,
G4:S51-B2-Q1,S51-B2-Q1,1726,51,BACKWARD 2,1,3.NF.A.3.b,sa,Write 1/2 as eighths.,,,4/8,,,
G4:S51-B2-Q2,S51-B2-Q2,1727,51,BACKWARD 2,2,3.NF.A.3.b,tf,1/4 = 2/8,A. True | B. False,A,True,,,
G4:S51-B2-Q3,S51-B2-Q3,1728,51,BACKWARD 2,3,3.NF.A.3.b,mc,Which fraction is equal to 3/4?,A. 5/8 | B. 6/8 | C. 4/8 | D. 3/8,B,6/8,,,
G4:S51-B2-Q4,S51-B2-Q4,1729,51,BACKWARD 2,4,3.NF.A.3.b,sa,Find the missing number. 1/2 = (?)/4,,,2,,,
G4:S51-B2-Q5,S51-B2-Q5,1730,51,BACKWARD 2,5,3.NF.A.3.b,tf,2/8 = 1/2,A. True | B. False,B,False,,,
G4:S51-F1-Q1,S51-F1-Q1,1732,51,FORWARD 1,1,5.MD.B.2,sa,"Juice in 3 glasses (cups): 1/2, 3/4, 1 1/4 If the juice were shared equally, how much would each glass hold?",,,5/6 cup,,,
G4:S51-F1-Q2,S51-F1-Q2,1733,51,FORWARD 1,2,5.MD.B.2,tf,"Water in beakers (liters): 1/8, 1/4, 3/8. The total is 3/4 liter.",A. True | B. False,A,True,,,
G4:S51-F1-Q3,S51-F1-Q3,1734,51,FORWARD 1,3,5.MD.B.2,mc,"Ribbons (yards): 1/2, 1/2, 3/4, 1/4 What is the total length?",A. 1 3/4 yards | B. 2 1/4 yards | C. 1 1/2 yards | D. 2 yards,D,2 yards,,,
G4:S51-F1-Q4,S51-F1-Q4,1735,51,FORWARD 1,4,5.MD.B.2,sa,"Rock masses (kg): 1/4, 1/2, 1/2, 3/4 If the total mass were shared equally by the 4 rocks, what would each rock's mass be?",,,1/2 kg,,,
G4:S51-F1-Q5,S51-F1-Q5,1736,51,FORWARD 1,5,5.MD.B.2,tf,"The total of 1/2, 1/4, and 1/8 is 3/14.",A. True | B. False,B,False,,,
G4:S51-F2-Q1,S51-F2-Q1,1738,51,FORWARD 2,1,6.SP.B.5.c,sa,"Find the mean. 4, 6, 8, 10",,,7,,,
G4:S51-F2-Q2,S51-F2-Q2,1739,51,FORWARD 2,2,6.SP.B.5.c,tf,"The mean of 2, 4, and 9 is 5.",A. True | B. False,A,True,,,
G4:S51-F2-Q3,S51-F2-Q3,1740,51,FORWARD 2,3,6.SP.B.5.c,mc,"Find the mean. 1/2, 1/2, 1, 2",A. 4 | B. 1/2 | C. 2 | D. 1,D,1,,,
G4:S51-F2-Q4,S51-F2-Q4,1741,51,FORWARD 2,4,6.SP.B.5.c,sa,"Five plants grew 3, 5, 5, 6, and 6 cm. What is the mean growth?",,,5 cm,,,
G4:S51-F2-Q5,S51-F2-Q5,1742,51,FORWARD 2,5,6.SP.B.5.c,tf,"The mean of 10, 10, and 40 is 10.",A. True | B. False,B,False,,,
G4:S52-M-Q1,S52-M-Q1,1745,52,MAIN,1,4.MD.C.5.a,sa,The circle is centered where the rays meet. The thick arc is 1/6 of the circle. What is the angle's measure? Explain. What angle has an arc of 1/360?,,,60°; 1°,,,"Explanation: a full circle is 360°, and the angle turns through 1/6 of the circle, so it measures 1/6 of 360°, which is 60°. An arc of 1/360 of the circle gives a one-degree angle (1°). All three parts are required."
G4:S52-M-Q2,S52-M-Q2,1746,52,MAIN,2,4.MD.C.5.a,tf,An angle that turns through 1/4 of a full circle measures 90°.,A. True | B. False,A,True,,,
G4:S52-M-Q3,S52-M-Q3,1747,52,MAIN,3,4.MD.C.5.a,mc,What fraction of a full circle does a 180° angle turn through?,A. 1/3 | B. 1/2 | C. 1/180 | D. 1/4,B,1/2,,,
G4:S52-M-Q4,S52-M-Q4,1748,52,MAIN,4,4.MD.C.5.a,sa,The circle is centered at the common endpoint of the two rays and is divided into 8 equal arcs. What fraction of the circle is the thick arc between the rays? What is the measure of the angle?,,,3/8; 135°,,,3/8 of 360° = 135°. Both parts are required.
G4:S52-M-Q5,S52-M-Q5,1749,52,MAIN,5,4.MD.C.5.a,tf,An angle that turns through 1/3 of a full circle measures 30°.,A. True | B. False,B,False,,,
G4:S52-B1-Q1,S52-B1-Q1,1751,52,BACKWARD 1,1,3.G.A.2,sa,A circle is cut into 4 equal parts. What fraction of the circle is 1 part?,,,1/4,,,
G4:S52-B1-Q2,S52-B1-Q2,1752,52,BACKWARD 1,2,3.G.A.2,tf,A circle cut into 2 equal parts is cut into halves.,A. True | B. False,A,True,,,
G4:S52-B1-Q3,S52-B1-Q3,1753,52,BACKWARD 1,3,3.G.A.2,mc,A circle is cut into 6 equal parts. What fraction of the circle is each part?,A. 1/3 | B. 5/6 | C. 6/1 | D. 1/6,D,1/6,,,
G4:S52-B1-Q4,S52-B1-Q4,1754,52,BACKWARD 1,4,3.G.A.2,sa,Each part of a circle is 1/8 of the circle. Into how many equal parts is the circle cut?,,,8,,,
G4:S52-B1-Q5,S52-B1-Q5,1755,52,BACKWARD 1,5,3.G.A.2,tf,A circle cut into 3 parts of different sizes is cut into thirds.,A. True | B. False,B,False,,,
G4:S52-B2-Q1,S52-B2-Q1,1757,52,BACKWARD 2,1,3.MD.A.1,sa,The minute hand turns from 12 to 3. How many minutes pass?,,,15,,,
G4:S52-B2-Q2,S52-B2-Q2,1758,52,BACKWARD 2,2,3.MD.A.1,tf,"When the minute hand makes a full turn, 60 minutes pass.",A. True | B. False,A,True,,,
G4:S52-B2-Q3,S52-B2-Q3,1759,52,BACKWARD 2,3,3.MD.A.1,mc,The minute hand turns halfway around the clock. How many minutes pass?,A. 60 | B. 30 | C. 15 | D. 12,B,30,,,
G4:S52-B2-Q4,S52-B2-Q4,1760,52,BACKWARD 2,4,3.MD.A.1,sa,The minute hand turns from 12 to 9. How many minutes pass?,,,45,,,
G4:S52-B2-Q5,S52-B2-Q5,1761,52,BACKWARD 2,5,3.MD.A.1,tf,A quarter turn of the minute hand takes 25 minutes.,A. True | B. False,B,False,,,
G4:S52-F1-Q1,S52-F1-Q1,1763,52,FORWARD 1,1,5.G.B.4,sa,"A triangle has angles of 90°, 60°, and 30°. Classify it by its angles.",,,Right triangle,,,
G4:S52-F1-Q2,S52-F1-Q2,1764,52,FORWARD 1,2,5.G.B.4,tf,"A triangle with angles of 70°, 60°, and 50° is an acute triangle.",A. True | B. False,A,True,,,
G4:S52-F1-Q3,S52-F1-Q3,1765,52,FORWARD 1,3,5.G.B.4,mc,A triangle has one angle of 120°. What kind of triangle is it?,A. Right | B. Obtuse | C. Acute | D. Equilateral,B,Obtuse,,,
G4:S52-F1-Q4,S52-F1-Q4,1766,52,FORWARD 1,4,5.G.B.4,sa,Can a triangle have two right angles? Write yes or no.,,,No,,,
G4:S52-F1-Q5,S52-F1-Q5,1767,52,FORWARD 1,5,5.G.B.4,tf,An obtuse triangle has three angles that are each less than 90°.,A. True | B. False,B,False,,,
G4:S52-F2-Q1,S52-F2-Q1,1769,52,FORWARD 2,1,6.RP.A.3.c,sa,What is 25% of 360°?,,,90°,,,
G4:S52-F2-Q2,S52-F2-Q2,1770,52,FORWARD 2,2,6.RP.A.3.c,tf,50% of a full turn is 180°.,A. True | B. False,A,True,,,
G4:S52-F2-Q3,S52-F2-Q3,1771,52,FORWARD 2,3,6.RP.A.3.c,mc,What percent of a full circle is 36°?,A. 10% | B. 1% | C. 20% | D. 36%,A,10%,,,
G4:S52-F2-Q4,S52-F2-Q4,1772,52,FORWARD 2,4,6.RP.A.3.c,sa,What is 75% of 360°?,,,270°,,,
G4:S52-F2-Q5,S52-F2-Q5,1773,52,FORWARD 2,5,6.RP.A.3.c,tf,20% of 360° is 20°.,A. True | B. False,B,False,,,
G4:S53-M-Q1,S53-M-Q1,1776,53,MAIN,1,4.MD.C.5.b,sa,An angle turns through 45 one-degree angles. What is its measure?,,,45°,,,
G4:S53-M-Q2,S53-M-Q2,1777,53,MAIN,2,4.MD.C.5.b,tf,An angle made of 120 one-degree angles measures 120°.,A. True | B. False,A,True,,,
G4:S53-M-Q3,S53-M-Q3,1778,53,MAIN,3,4.MD.C.5.b,mc,How many one-degree angles make a 75° angle?,A. 15 | B. 360 | C. 75 | D. 285,C,75,,,
G4:S53-M-Q4,S53-M-Q4,1779,53,MAIN,4,4.MD.C.5.b,sa,A fan blade turns through 30 one-degree angles and then 20 more in the same direction. What angle did it turn through?,,,50°,,,
G4:S53-M-Q5,S53-M-Q5,1780,53,MAIN,5,4.MD.C.5.b,tf,A 90° angle is made of 9 one-degree angles.,A. True | B. False,B,False,,,
G4:S53-B1-Q1,S53-B1-Q1,1782,53,BACKWARD 1,1,3.MD.C.5.b,sa,A shape is covered by 14 unit squares with no gaps or overlaps. What is its area?,,,14 square units,,,
G4:S53-B1-Q2,S53-B1-Q2,1783,53,BACKWARD 1,2,3.MD.C.5.b,tf,A shape covered by 9 unit squares with no gaps has an area of 9 square units.,A. True | B. False,A,True,,,
G4:S53-B1-Q3,S53-B1-Q3,1784,53,BACKWARD 1,3,3.MD.C.5.b,mc,A rectangle is covered by 20 unit squares. What is its area?,A. 10 square units | B. 20 units | C. 40 square units | D. 20 square units,D,20 square units,,,
G4:S53-B1-Q4,S53-B1-Q4,1785,53,BACKWARD 1,4,3.MD.C.5.b,sa,How many unit squares cover a shape with an area of 6 square units?,,,6,,,
G4:S53-B1-Q5,S53-B1-Q5,1786,53,BACKWARD 1,5,3.MD.C.5.b,tf,A shape covered by 8 unit squares has an area of 16 square units.,A. True | B. False,B,False,,,
G4:S53-B2-Q1,S53-B2-Q1,1788,53,BACKWARD 2,1,1.MD.A.2,sa,A pencil is as long as 6 paper clips laid end to end. How many paper clips long is it?,,,6,,,
G4:S53-B2-Q2,S53-B2-Q2,1789,53,BACKWARD 2,2,1.MD.A.2,tf,Length units laid end to end must have no gaps or overlaps.,A. True | B. False,A,True,,,
G4:S53-B2-Q3,S53-B2-Q3,1790,53,BACKWARD 2,3,1.MD.A.2,mc,A crayon is as long as 4 cubes in a row. How long is the crayon?,A. 5 cubes | B. 4 cubes | C. 1 cube | D. 8 cubes,B,4 cubes,,,
G4:S53-B2-Q4,S53-B2-Q4,1791,53,BACKWARD 2,4,1.MD.A.2,sa,A book is 9 tiles long. A desk is 3 tiles longer. How many tiles long is the desk?,,,12,,,
G4:S53-B2-Q5,S53-B2-Q5,1792,53,BACKWARD 2,5,1.MD.A.2,tf,"If the cubes overlap when you measure, the count is still correct.",A. True | B. False,B,False,,,
G4:S53-F1-Q1,S53-F1-Q1,1794,53,FORWARD 1,1,5.MD.C.3.b,sa,A box is filled with 24 unit cubes with no gaps or overlaps. What is its volume?,,,24 cubic units,,,
G4:S53-F1-Q2,S53-F1-Q2,1795,53,FORWARD 1,2,5.MD.C.3.b,tf,A solid built from 15 unit cubes has a volume of 15 cubic units.,A. True | B. False,A,True,,,
G4:S53-F1-Q3,S53-F1-Q3,1796,53,FORWARD 1,3,5.MD.C.3.b,mc,A prism has 3 layers with 8 unit cubes in each layer. What is its volume?,A. 24 square units | B. 11 cubic units | C. 24 cubic units | D. 38 cubic units,C,24 cubic units,,,
G4:S53-F1-Q4,S53-F1-Q4,1797,53,FORWARD 1,4,5.MD.C.3.b,sa,How many unit cubes fill a box with a volume of 40 cubic units?,,,40,,,
G4:S53-F1-Q5,S53-F1-Q5,1798,53,FORWARD 1,5,5.MD.C.3.b,tf,A cube with edges 1 unit long has a volume of 6 cubic units.,A. True | B. False,B,False,,,
G4:S53-F2-Q1,S53-F2-Q1,1800,53,FORWARD 2,1,6.G.A.2,sa,How many cubes with edges 1/2 unit long fill a cube with edges 1 unit long?,,,8,,,
G4:S53-F2-Q2,S53-F2-Q2,1801,53,FORWARD 2,2,6.G.A.2,tf,A cube with edges 1/2 unit long has a volume of 1/8 cubic unit.,A. True | B. False,A,True,,,
G4:S53-F2-Q3,S53-F2-Q3,1802,53,FORWARD 2,3,6.G.A.2,mc,A box is packed with 16 cubes that each have edges 1/2 unit long. What is its volume?,A. 2 cubic units | B. 16 cubic units | C. 4 cubic units | D. 8 cubic units,A,2 cubic units,,,
G4:S53-F2-Q4,S53-F2-Q4,1803,53,FORWARD 2,4,6.G.A.2,sa,Find the volume of a prism that is 2 units by 1 1/2 units by 1/2 unit.,,,1 1/2 cubic units,,,
G4:S53-F2-Q5,S53-F2-Q5,1804,53,FORWARD 2,5,6.G.A.2,tf,A box that is 1 unit by 1 unit by 1/2 unit holds exactly 2 cubes with edges 1/2 unit long.,A. True | B. False,B,False,,,
G4:S54-M-Q1,S54-M-Q1,1807,54,MAIN,1,4.MD.C.6,sa,Use the protractor. What is the measure of the angle?,,,65°,,,
G4:S54-M-Q2,S54-M-Q2,1808,54,MAIN,2,4.MD.C.6,sa,Use the protractor. What is the measure of the angle?,,,140°,,,
G4:S54-M-Q3,S54-M-Q3,1809,54,MAIN,3,4.MD.C.6,mc,Use the protractor. One ray points to 180 on the outer scale. What is the measure of the angle?,A. 150° | B. 120° | C. 180° | D. 30°,D,30°,,,
G4:S54-M-Q4,S54-M-Q4,1810,54,MAIN,4,4.MD.C.6,tf,The angle measures 90°.,A. True | B. False,A,True,,,
G4:S54-M-Q5,S54-M-Q5,1811,54,MAIN,5,4.MD.C.6,sa,Use the protractor. What is the measure of the angle?,,,75°,,,"The rays cross the scale at 40 and 115, and 115 - 40 = 75."
G4:S54-B1-Q1,S54-B1-Q1,1813,54,BACKWARD 1,1,2.MD.A.1,sa,A pencil reaches from 0 to 7 on an inch ruler. How long is the pencil?,,,7 inches,,,
G4:S54-B1-Q2,S54-B1-Q2,1814,54,BACKWARD 1,2,2.MD.A.1,tf,"When you measure with a ruler, you can line up one end of the object with 0.",A. True | B. False,A,True,,,
G4:S54-B1-Q3,S54-B1-Q3,1815,54,BACKWARD 1,3,2.MD.A.1,mc,A crayon starts at 2 cm and ends at 9 cm on a ruler. How long is the crayon?,A. 2 cm | B. 7 cm | C. 9 cm | D. 11 cm,B,7 cm,,,
G4:S54-B1-Q4,S54-B1-Q4,1816,54,BACKWARD 1,4,2.MD.A.1,sa,A leaf reaches from 0 to 5 on a centimeter ruler. How long is the leaf?,,,5 cm,,,
G4:S54-B1-Q5,S54-B1-Q5,1817,54,BACKWARD 1,5,2.MD.A.1,tf,An eraser that reaches from 3 to 8 on a ruler is 8 units long.,A. True | B. False,B,False,,,
G4:S54-B2-Q1,S54-B2-Q1,1819,54,BACKWARD 2,1,2.G.A.1,sa,How many angles does a triangle have?,,,3,,,
G4:S54-B2-Q2,S54-B2-Q2,1820,54,BACKWARD 2,2,2.G.A.1,tf,A square has 4 angles.,A. True | B. False,A,True,,,
G4:S54-B2-Q3,S54-B2-Q3,1821,54,BACKWARD 2,3,2.G.A.1,mc,Which shape has 6 angles?,A. Pentagon | B. Quadrilateral | C. Hexagon | D. Triangle,C,Hexagon,,,
G4:S54-B2-Q4,S54-B2-Q4,1822,54,BACKWARD 2,4,2.G.A.1,sa,How many angles does a pentagon have?,,,5,,,
G4:S54-B2-Q5,S54-B2-Q5,1823,54,BACKWARD 2,5,2.G.A.1,tf,A circle has 4 angles.,A. True | B. False,B,False,,,
G4:S54-F1-Q1,S54-F1-Q1,1825,54,FORWARD 1,1,5.G.B.3,tf,"Every right triangle has one 90° angle. An isosceles right triangle is a right triangle, so it has a 90° angle.",A. True | B. False,A,True,,,
G4:S54-F1-Q2,S54-F1-Q2,1826,54,FORWARD 1,2,5.G.B.3,mc,A shape is a rhombus. Which statement must be true?,A. Its opposite angles are equal. | B. All its angles are 90°. | C. It has 3 sides. | D. It has exactly one pair of parallel sides.,A,Its opposite angles are equal.,,,
G4:S54-F1-Q3,S54-F1-Q3,1827,54,FORWARD 1,3,5.G.B.3,sa,A quadrilateral has four 90° angles and four sides of equal length. What is its most specific name?,,,Square,,,
G4:S54-F1-Q4,S54-F1-Q4,1828,54,FORWARD 1,4,5.G.B.3,tf,Every parallelogram has four 90° angles.,A. True | B. False,B,False,,,
G4:S54-F1-Q5,S54-F1-Q5,1829,54,FORWARD 1,5,5.G.B.3,sa,"A triangle has angles of 45°, 45°, and 90°. Name two categories of triangles it belongs to.",,,Right triangle and isosceles triangle,,,Both are required.
G4:S54-F2-Q1,S54-F2-Q1,1831,54,FORWARD 2,1,6.EE.B.7,sa,"Two angles together make a 90° angle. One of them is 35°. Write and solve an equation for the other angle, x.",,,x + 35 = 90; x = 55°,,,Any equivalent equation is correct. Both parts are required.
G4:S54-F2-Q2,S54-F2-Q2,1832,54,FORWARD 2,2,6.EE.B.7,tf,"If x + 120 = 180, then x = 60.",A. True | B. False,A,True,,,
G4:S54-F2-Q3,S54-F2-Q3,1833,54,FORWARD 2,3,6.EE.B.7,mc,Solve for a. a + 48 = 90,A. 42 | B. 138 | C. 48 | D. 52,A,42,,,
G4:S54-F2-Q4,S54-F2-Q4,1834,54,FORWARD 2,4,6.EE.B.7,sa,Solve for y. y + 75 = 180,,,105,,,
G4:S54-F2-Q5,S54-F2-Q5,1835,54,FORWARD 2,5,6.EE.B.7,tf,"If 2x = 90, then x = 180.",A. True | B. False,B,False,,,
G4:S55-M-Q1,S55-M-Q1,1838,55,MAIN,1,4.MD.C.6,plot,Use the protractor to draw an angle of 50°. One ray is drawn for you.,,,"A second ray drawn from the center through the 50° mark, making a 50° angle with the given ray",,,
G4:S55-M-Q2,S55-M-Q2,1839,55,MAIN,2,4.MD.C.6,plot,Use the protractor to draw an angle of 120°. One ray is drawn for you.,,,A second ray drawn from the center through the 120° mark,,,
G4:S55-M-Q3,S55-M-Q3,1840,55,MAIN,3,4.MD.C.6,plot_text,Use the protractor to draw an angle of 90°. One ray is drawn for you. What kind of angle is it?,,,Right angle,A second ray drawn from the center through the 90° mark,,"Grade both: a ray through 90°, and the name ""right angle""."
G4:S55-M-Q4,S55-M-Q4,1841,55,MAIN,4,4.MD.C.6,mc,Kim wants to draw a 70° angle. Her first ray points to 0 on the outer scale. Where should she draw the second ray?,A. Through 70 on the inner scale | B. Through 0 on the inner scale | C. Through 110 on the outer scale | D. Through 70 on the outer scale,D,Through 70 on the outer scale,,,
G4:S55-M-Q5,S55-M-Q5,1842,55,MAIN,5,4.MD.C.6,plot_text,Use the protractor to draw an angle of 35°. One ray is drawn for you. Is the angle acute or obtuse?,,,Acute,A second ray drawn from the center through the 35° mark,,"Grade both: a ray through 35°, and ""acute""."
G4:S55-B1-Q1,S55-B1-Q1,1844,55,BACKWARD 1,1,2.G.A.1,sa,A shape has 4 sides and 4 angles. Name a shape it could be.,,,A square,,,"Any quadrilateral (rectangle, rhombus, trapezoid, and so on) is correct."
G4:S55-B1-Q2,S55-B1-Q2,1845,55,BACKWARD 1,2,2.G.A.1,tf,A triangle has 3 sides and 3 angles.,A. True | B. False,A,True,,,
G4:S55-B1-Q3,S55-B1-Q3,1846,55,BACKWARD 1,3,2.G.A.1,mc,Which shape has 5 sides?,A. Triangle | B. Hexagon | C. Pentagon | D. Square,C,Pentagon,,,
G4:S55-B1-Q4,S55-B1-Q4,1847,55,BACKWARD 1,4,2.G.A.1,plot,Draw a shape that has 3 sides.,,,Any closed shape with 3 straight sides (a triangle),,,
G4:S55-B1-Q5,S55-B1-Q5,1848,55,BACKWARD 1,5,2.G.A.1,tf,A shape with 6 angles has 4 sides.,A. True | B. False,B,False,,,
G4:S55-B2-Q1,S55-B2-Q1,1850,55,BACKWARD 2,1,1.G.A.1,tf,A triangle can be any color or size and still be a triangle.,A. True | B. False,A,True,,,
G4:S55-B2-Q2,S55-B2-Q2,1851,55,BACKWARD 2,2,1.G.A.1,mc,Which is a defining attribute of a square?,A. It is turned on its corner. | B. It is blue. | C. It is big. | D. It has 4 equal sides.,D,It has 4 equal sides.,,,
G4:S55-B2-Q3,S55-B2-Q3,1852,55,BACKWARD 2,3,1.G.A.1,sa,How many corners (vertices) does a rectangle have?,,,4,,,
G4:S55-B2-Q4,S55-B2-Q4,1853,55,BACKWARD 2,4,1.G.A.1,tf,A shape must be large to be a hexagon.,A. True | B. False,B,False,,,
G4:S55-B2-Q5,S55-B2-Q5,1854,55,BACKWARD 2,5,1.G.A.1,sa,A closed shape has 3 straight sides. What is it called?,,,Triangle,,,
G4:S55-F1-Q1,S55-F1-Q1,1856,55,FORWARD 1,1,5.G.A.2,plot_text,"On a map grid, Ana's house is at (1, 2) and the park is at (1, 7). Each unit is 1 block. Plot and label both points. How many blocks apart are they?",,,5 blocks,"Points plotted at (1, 2) and (1, 7), each labeled",,"Grade both: the two points plotted and labeled, and the distance 5 blocks (7 - 2 = 5)."
G4:S55-F1-Q2,S55-F1-Q2,1857,55,FORWARD 1,2,5.G.A.2,tf,"A plant is 4 cm tall on day 0 and grows 2 cm each day. The point (3, 10) shows its height on day 3.",A. True | B. False,A,True,,,
G4:S55-F1-Q3,S55-F1-Q3,1858,55,FORWARD 1,3,5.G.A.2,mc,"A tank holds 2 liters at minute 0 and fills 3 liters each minute. Which point (minutes, liters) shows the amount after 4 minutes?","A. (4, 14) | B. (3, 4) | C. (4, 12) | D. (14, 4)",A,"(4, 14)",,,
G4:S55-F1-Q4,S55-F1-Q4,1859,55,FORWARD 1,4,5.G.A.2,plot_text,"Plot (1, 1), (5, 1), and (1, 4), and connect them. What kind of angle is at (1, 1)?",,,Right angle,"Points plotted at (1, 1), (5, 1) and (1, 4) and joined to make a triangle",,"Grade both: the three points joined, and ""right angle""."
G4:S55-F1-Q5,S55-F1-Q5,1860,55,FORWARD 1,5,5.G.A.2,tf,"On a map grid, a store is at (6, 3) and a bank is at (2, 3). They are 8 units apart.",A. True | B. False,B,False,,,
G4:S55-F2-Q1,S55-F2-Q1,1862,55,FORWARD 2,1,6.G.A.3,plot_text,"Plot A(-3, 2), B(3, 2), C(3, -2), and D(-3, -2). Connect them in order. What is the most specific name for the polygon?",,,Rectangle,"A, B, C and D plotted and joined in order A-B-C-D-A",,"Grade both: the four points joined in order, and ""rectangle"" (sides 6 and 4 units, four right angles)."
G4:S55-F2-Q2,S55-F2-Q2,1863,55,FORWARD 2,2,6.G.A.3,sa,"What is the length of the side from (-2, 4) to (5, 4)?",,,7 units,,,
G4:S55-F2-Q3,S55-F2-Q3,1864,55,FORWARD 2,3,6.G.A.3,mc,"Three vertices of a square are (0, 0), (4, 0), and (4, 4). What is the fourth vertex?","A. (8, 4) | B. (0, 8) | C. (4, 8) | D. (0, 4)",D,"(0, 4)",,,
G4:S55-F2-Q4,S55-F2-Q4,1865,55,FORWARD 2,4,6.G.A.3,tf,"The points (1, 1), (1, 5), and (4, 1) are the vertices of a right triangle.",A. True | B. False,A,True,,,
G4:S55-F2-Q5,S55-F2-Q5,1866,55,FORWARD 2,5,6.G.A.3,tf,"The side from (-3, -1) to (2, -1) is 1 unit long.",A. True | B. False,B,False,,,
G4:S56-M-Q1,S56-M-Q1,1869,56,MAIN,1,4.MD.C.7,sa,Angle ABC is split into two angles of 35° and 50°. What is the measure of angle ABC?,,,85°,,,
G4:S56-M-Q2,S56-M-Q2,1870,56,MAIN,2,4.MD.C.7,tf,"A 90° angle is split into two angles. One is 40°, so the other is 50°.",A. True | B. False,A,True,,,
G4:S56-M-Q3,S56-M-Q3,1871,56,MAIN,3,4.MD.C.7,mc,Angles of 65° and 25° are side by side with no overlap. What angle do they make together?,A. 90° | B. 100° | C. 80° | D. 40°,A,90°,,,
G4:S56-M-Q4,S56-M-Q4,1872,56,MAIN,4,4.MD.C.7,sa,"Angles of 30°, 45°, and 60° are side by side with no overlap. What angle do they make together?",,,135°,,,
G4:S56-M-Q5,S56-M-Q5,1873,56,MAIN,5,4.MD.C.7,tf,An angle of 120° can be split into angles of 70° and 60°.,A. True | B. False,B,False,,,
G4:S56-B1-Q1,S56-B1-Q1,1875,56,BACKWARD 1,1,2.NBT.B.5,sa,Add. 35 + 50,,,85,,,
G4:S56-B1-Q2,S56-B1-Q2,1876,56,BACKWARD 1,2,2.NBT.B.5,tf,65 + 25 = 90,A. True | B. False,A,True,,,
G4:S56-B1-Q3,S56-B1-Q3,1877,56,BACKWARD 1,3,2.NBT.B.5,mc,45 + 38 = ?,A. 713 | B. 93 | C. 73 | D. 83,D,83,,,
G4:S56-B1-Q4,S56-B1-Q4,1878,56,BACKWARD 1,4,2.NBT.B.5,sa,Add. 27 + 46,,,73,,,
G4:S56-B1-Q5,S56-B1-Q5,1879,56,BACKWARD 1,5,2.NBT.B.5,tf,58 + 34 = 82,A. True | B. False,B,False,,,
G4:S56-B2-Q1,S56-B2-Q1,1881,56,BACKWARD 2,1,3.MD.C.7.d,sa,A figure is made of two rectangles that do not overlap. Their areas are 12 and 15 square units. What is the area of the figure?,,,27 square units,,,
G4:S56-B2-Q2,S56-B2-Q2,1882,56,BACKWARD 2,2,3.MD.C.7.d,tf,The area of a figure made of parts that do not overlap is the sum of the areas of the parts.,A. True | B. False,A,True,,,
G4:S56-B2-Q3,S56-B2-Q3,1883,56,BACKWARD 2,3,3.MD.C.7.d,mc,A figure is made of two rectangles that do not overlap. Their areas are 12 and 6 square units. What is the area of the figure?,A. 6 square units | B. 72 square units | C. 12 square units | D. 18 square units,D,18 square units,,,
G4:S56-B2-Q4,S56-B2-Q4,1884,56,BACKWARD 2,4,3.MD.C.7.d,sa,Two squares that do not overlap have areas of 9 and 16 square units. What is their total area?,,,25 square units,,,
G4:S56-B2-Q5,S56-B2-Q5,1885,56,BACKWARD 2,5,3.MD.C.7.d,tf,Two rectangles of 10 and 6 square units that do not overlap have a total area of 60 square units.,A. True | B. False,B,False,,,
G4:S56-F1-Q1,S56-F1-Q1,1887,56,FORWARD 1,1,5.MD.C.5.c,sa,Two prisms that do not overlap have volumes of 24 and 36 cubic units. What is their total volume?,,,60 cubic units,,,
G4:S56-F1-Q2,S56-F1-Q2,1888,56,FORWARD 1,2,5.MD.C.5.c,tf,A figure made of a 2-by-3-by-4 prism and a 1-by-3-by-4 prism has a volume of 36 cubic units.,A. True | B. False,A,True,,,
G4:S56-F1-Q3,S56-F1-Q3,1889,56,FORWARD 1,3,5.MD.C.5.c,mc,A figure is made of a 5-by-2-by-2 prism and a 3-by-2-by-1 prism that do not overlap. What is its volume?,A. 26 cubic units | B. 20 cubic units | C. 120 cubic units | D. 6 cubic units,A,26 cubic units,,,
G4:S56-F1-Q4,S56-F1-Q4,1890,56,FORWARD 1,4,5.MD.C.5.c,sa,A building is a 9-by-6-by-5 prism with a 3-by-6-by-2 prism attached. What is its total volume?,,,306 cubic units,,,
G4:S56-F1-Q5,S56-F1-Q5,1891,56,FORWARD 1,5,5.MD.C.5.c,tf,The volume of two prisms that touch is the product of their volumes.,A. True | B. False,B,False,,,
G4:S56-F2-Q1,S56-F2-Q1,1893,56,FORWARD 2,1,6.EE.B.6,sa,"An angle is split into two parts, x° and 40°. Write an expression for the measure of the whole angle.",,,x + 40,,,
G4:S56-F2-Q2,S56-F2-Q2,1894,56,FORWARD 2,2,6.EE.B.6,tf,"A 90° angle is split into x° and 25°, so x + 25 = 90.",A. True | B. False,A,True,,,
G4:S56-F2-Q3,S56-F2-Q3,1895,56,FORWARD 2,3,6.EE.B.6,mc,Two equal angles of n° make a straight angle (180°). Which equation is true?,A. n + 180 = 2 | B. 2 + n = 180 | C. n = 180 | D. 2n = 180,D,2n = 180,,,
G4:S56-F2-Q4,S56-F2-Q4,1896,56,FORWARD 2,4,6.EE.B.6,sa,Three equal angles of a° make a full turn (360°). Write an equation.,,,3a = 360,,,a + a + a = 360 is also correct.
G4:S56-F2-Q5,S56-F2-Q5,1897,56,FORWARD 2,5,6.EE.B.6,tf,An angle made of parts of y° and 30° measures 30y°.,A. True | B. False,B,False,,,
G4:S57-M-Q1,S57-M-Q1,1900,57,MAIN,1,4.MD.C.7,sa,The whole angle is a right angle (90°). Write an equation with a letter for the unknown part. Then solve it.,,,x + 28 = 90; x = 62°,,,Any equivalent equation with a letter is correct. Both parts are required.
G4:S57-M-Q2,S57-M-Q2,1901,57,MAIN,2,4.MD.C.7,sa,The whole angle is 150°. Write an equation with a letter for the unknown part. Then solve it.,,,95 + a = 150; a = 55°,,,Any equivalent equation with a letter is correct. Both parts are required.
G4:S57-M-Q3,S57-M-Q3,1902,57,MAIN,3,4.MD.C.7,mc,A straight angle (180°) is split into angles of 110° and m°. Which equation can be used to find m?,A. m - 110 = 180 | B. 110 + m = 180 | C. 110 + m = 90 | D. m = 110 + 180,B,110 + m = 180,,,
G4:S57-M-Q4,S57-M-Q4,1903,57,MAIN,4,4.MD.C.7,tf,A door opens 35° and then 40° more. It has turned through 75° in all.,A. True | B. False,A,True,,,
G4:S57-M-Q5,S57-M-Q5,1904,57,MAIN,5,4.MD.C.7,sa,A skater turns 90° and then 135° in the same direction. How many degrees did she turn in all? How many more degrees would make a full turn (360°)?,,,225°; 135°,,,
G4:S57-B1-Q1,S57-B1-Q1,1906,57,BACKWARD 1,1,2.OA.A.1,sa,"A box had some crayons. After 28 more crayons were put in, it had 90 crayons. How many crayons were in the box at first?",,,62,,,
G4:S57-B1-Q2,S57-B1-Q2,1907,57,BACKWARD 1,2,2.OA.A.1,tf,"Kim had 45 stickers. She got some more, and now she has 80. She got 35 stickers.",A. True | B. False,A,True,,,
G4:S57-B1-Q3,S57-B1-Q3,1908,57,BACKWARD 1,3,2.OA.A.1,mc,"Some birds were on a fence. 37 more birds came, and then there were 60 birds. How many birds were on the fence at first?",A. 97 | B. 27 | C. 33 | D. 23,D,23,,,
G4:S57-B1-Q4,S57-B1-Q4,1909,57,BACKWARD 1,4,2.OA.A.1,sa,Ty had 100 cards. He gave some away and has 64 left. How many cards did he give away?,,,36,,,
G4:S57-B1-Q5,S57-B1-Q5,1910,57,BACKWARD 1,5,2.OA.A.1,tf,"A shelf had some books. 19 more books were added, making 50 books. There were 41 books at first.",A. True | B. False,B,False,,,
G4:S57-B2-Q1,S57-B2-Q1,1912,57,BACKWARD 2,1,1.OA.D.8,sa,Find the unknown number. 8 + ? = 15,,,7,,,
G4:S57-B2-Q2,S57-B2-Q2,1913,57,BACKWARD 2,2,1.OA.D.8,tf,"If 6 + n = 13, then n = 7.",A. True | B. False,A,True,,,
G4:S57-B2-Q3,S57-B2-Q3,1914,57,BACKWARD 2,3,1.OA.D.8,mc,? - 4 = 9,A. 5 | B. 13 | C. 12 | D. 4,B,13,,,
G4:S57-B2-Q4,S57-B2-Q4,1915,57,BACKWARD 2,4,1.OA.D.8,sa,Find the unknown number. 14 - ? = 6,,,8,,,
G4:S57-B2-Q5,S57-B2-Q5,1916,57,BACKWARD 2,5,1.OA.D.8,tf,"If 9 + n = 17, then n = 9.",A. True | B. False,B,False,,,
G4:S57-F1-Q1,S57-F1-Q1,1918,57,FORWARD 1,1,5.OA.A.1,sa,Evaluate. 180 - (45 + 60),,,75,,,
G4:S57-F1-Q2,S57-F1-Q2,1919,57,FORWARD 1,2,5.OA.A.1,tf,360 - (90 + 90 + 120) = 60,A. True | B. False,A,True,,,
G4:S57-F1-Q3,S57-F1-Q3,1920,57,FORWARD 1,3,5.OA.A.1,mc,Evaluate. 90 - (12 + 33),A. 45 | B. 111 | C. 35 | D. 69,A,45,,,
G4:S57-F1-Q4,S57-F1-Q4,1921,57,FORWARD 1,4,5.OA.A.1,sa,Evaluate. [360 - (100 + 80)] ÷ 2,,,90,,,
G4:S57-F1-Q5,S57-F1-Q5,1922,57,FORWARD 1,5,5.OA.A.1,tf,180 - 50 + 30 = 100,A. True | B. False,B,False,,,
G4:S57-F2-Q1,S57-F2-Q1,1924,57,FORWARD 2,1,6.EE.B.7,sa,"Two equal angles together make 130°. Write and solve an equation for each angle, x.",,,2x = 130; x = 65°,,,Any equivalent equation is correct. Both parts are required.
G4:S57-F2-Q2,S57-F2-Q2,1925,57,FORWARD 2,2,6.EE.B.7,tf,"If 4 equal angles make a full turn of 360°, each angle is 90°.",A. True | B. False,A,True,,,
G4:S57-F2-Q3,S57-F2-Q3,1926,57,FORWARD 2,3,6.EE.B.7,mc,Solve for x. x + 72 = 180,A. 98 | B. 108 | C. 118 | D. 252,B,108,,,
G4:S57-F2-Q4,S57-F2-Q4,1927,57,FORWARD 2,4,6.EE.B.7,sa,"Five equal angles meet at a point and make 360°. Write and solve an equation for each angle, a.",,,5a = 360; a = 72°,,,Any equivalent equation is correct. Both parts are required.
G4:S57-F2-Q5,S57-F2-Q5,1928,57,FORWARD 2,5,6.EE.B.7,tf,"If x + 45 = 90, then x = 135.",A. True | B. False,B,False,,,
G4:S58-M-Q1,S58-M-Q1,1931,58,MAIN,1,4.G.A.1,mc,What is the figure called?,A. Point | B. Line segment | C. Line | D. Ray,D,Ray,,,
G4:S58-M-Q2,S58-M-Q2,1932,58,MAIN,2,4.G.A.1,mc,What is the figure called?,A. Angle | B. Ray | C. Line segment | D. Line,C,Line segment,,,
G4:S58-M-Q3,S58-M-Q3,1933,58,MAIN,3,4.G.A.1,tf,A line goes on without end in both directions.,A. True | B. False,A,True,,,
G4:S58-M-Q4,S58-M-Q4,1934,58,MAIN,4,4.G.A.1,mc,What is the figure called?,A. Line | B. Line segment | C. Ray | D. Point,A,Line,,,
G4:S58-M-Q5,S58-M-Q5,1935,58,MAIN,5,4.G.A.1,tf,A line segment has an arrow at each end.,A. True | B. False,B,False,,,
G4:S58-B1-Q1,S58-B1-Q1,1937,58,BACKWARD 1,1,1.G.A.1,tf,A triangle has 3 straight sides.,A. True | B. False,A,True,,,
G4:S58-B1-Q2,S58-B1-Q2,1938,58,BACKWARD 1,2,1.G.A.1,mc,Which shape has no straight sides?,A. Square | B. Triangle | C. Circle | D. Rectangle,C,Circle,,,
G4:S58-B1-Q3,S58-B1-Q3,1939,58,BACKWARD 1,3,1.G.A.1,sa,How many straight sides does a rectangle have?,,,4,,,
G4:S58-B1-Q4,S58-B1-Q4,1940,58,BACKWARD 1,4,1.G.A.1,tf,A closed shape with 4 straight sides is a circle.,A. True | B. False,B,False,,,
G4:S58-B1-Q5,S58-B1-Q5,1941,58,BACKWARD 1,5,1.G.A.1,sa,A closed shape has 3 straight sides. What is it called?,,,Triangle,,,
G4:S58-B2-Q1,S58-B2-Q1,1943,58,BACKWARD 2,1,2.MD.A.1,sa,A segment starts at 0 cm and ends at 8 cm on a ruler. How long is it?,,,8 cm,,,
G4:S58-B2-Q2,S58-B2-Q2,1944,58,BACKWARD 2,2,2.MD.A.1,tf,You can measure the length of a line segment with a ruler.,A. True | B. False,A,True,,,
G4:S58-B2-Q3,S58-B2-Q3,1945,58,BACKWARD 2,3,2.MD.A.1,mc,Which tool is best for measuring the length of a segment?,A. A measuring cup | B. A clock | C. A scale | D. A ruler,D,A ruler,,,
G4:S58-B2-Q4,S58-B2-Q4,1946,58,BACKWARD 2,4,2.MD.A.1,sa,A segment goes from 3 inches to 7 inches on a ruler. How long is it?,,,4 inches,,,
G4:S58-B2-Q5,S58-B2-Q5,1947,58,BACKWARD 2,5,2.MD.A.1,tf,A segment from 2 cm to 6 cm on a ruler is 6 cm long.,A. True | B. False,B,False,,,
G4:S58-F1-Q1,S58-F1-Q1,1949,58,FORWARD 1,1,5.G.A.1,sa,What is the point where the x-axis and the y-axis meet called?,,,The origin,,,
G4:S58-F1-Q2,S58-F1-Q2,1950,58,FORWARD 1,2,5.G.A.1,tf,The x-axis and the y-axis are perpendicular lines.,A. True | B. False,A,True,,,
G4:S58-F1-Q3,S58-F1-Q3,1951,58,FORWARD 1,3,5.G.A.1,mc,"In the ordered pair (6, 2), what does the 6 tell you?",A. Move 6 units along the y-axis | B. The point is on the y-axis | C. Move 2 units to the right | D. Move 6 units along the x-axis,D,Move 6 units along the x-axis,,,
G4:S58-F1-Q4,S58-F1-Q4,1952,58,FORWARD 1,4,5.G.A.1,sa,What are the coordinates of point A?,,,"(4, 7)",,,
G4:S58-F1-Q5,S58-F1-Q5,1953,58,FORWARD 1,5,5.G.A.1,tf,"(3, 5) and (5, 3) name the same point.",A. True | B. False,B,False,,,
G4:S58-F2-Q1,S58-F2-Q1,1955,58,FORWARD 2,1,6.NS.C.6.c,sa,What are the coordinates of point B?,,,"(-4, 3)",,,
G4:S58-F2-Q2,S58-F2-Q2,1956,58,FORWARD 2,2,6.NS.C.6.c,tf,"The point (0, -5) is on the y-axis.",A. True | B. False,A,True,,,
G4:S58-F2-Q3,S58-F2-Q3,1957,58,FORWARD 2,3,6.NS.C.6.c,mc,Which ordered pair names point C?,"A. (-3, 2) | B. (-2, 3) | C. (3, -2) | D. (2, -3)",D,"(2, -3)",,,
G4:S58-F2-Q4,S58-F2-Q4,1958,58,FORWARD 2,4,6.NS.C.6.c,plot,"Plot and label the points D(-2, -4) and E(5, 1).",,,"D plotted at (-2, -4) and E at (5, 1), each labeled",,,
G4:S58-F2-Q5,S58-F2-Q5,1959,58,FORWARD 2,5,6.NS.C.6.c,tf,"The point (-1, -1) is in Quadrant II.",A. True | B. False,B,False,,,
G4:S59-M-Q1,S59-M-Q1,1962,59,MAIN,1,4.G.A.1,mc,What kind of angle is shown?,A. Acute | B. Right | C. Obtuse | D. Straight,C,Obtuse,,,
G4:S59-M-Q2,S59-M-Q2,1963,59,MAIN,2,4.G.A.1,mc,What kind of angle is shown?,A. Acute | B. Obtuse | C. Right | D. Straight,A,Acute,,,
G4:S59-M-Q3,S59-M-Q3,1964,59,MAIN,3,4.G.A.1,tf,A right angle measures exactly 180°.,A. True | B. False,B,False,,,
G4:S59-M-Q4,S59-M-Q4,1965,59,MAIN,4,4.G.A.1,mc,What kind of angle is shown?,A. Straight | B. Obtuse | C. Acute | D. Right,D,Right,,,
G4:S59-M-Q5,S59-M-Q5,1966,59,MAIN,5,4.G.A.1,sa,"Classify each angle as acute, right, or obtuse. 15°     90°     165°",,,acute; right; obtuse,,,
G4:S59-B1-Q1,S59-B1-Q1,1968,59,BACKWARD 1,1,2.G.A.1,sa,How many angles does a hexagon have?,,,6,,,
G4:S59-B1-Q2,S59-B1-Q2,1969,59,BACKWARD 1,2,2.G.A.1,tf,A quadrilateral has 4 angles.,A. True | B. False,A,True,,,
G4:S59-B1-Q3,S59-B1-Q3,1970,59,BACKWARD 1,3,2.G.A.1,mc,Which shape has 3 angles?,A. Triangle | B. Pentagon | C. Square | D. Hexagon,A,Triangle,,,
G4:S59-B1-Q4,S59-B1-Q4,1971,59,BACKWARD 1,4,2.G.A.1,sa,How many angles does a rectangle have?,,,4,,,
G4:S59-B1-Q5,S59-B1-Q5,1972,59,BACKWARD 1,5,2.G.A.1,tf,A pentagon has 6 angles.,A. True | B. False,B,False,,,
G4:S59-B2-Q1,S59-B2-Q1,1974,59,BACKWARD 2,1,3.G.A.1,tf,Every rectangle has 4 square corners.,A. True | B. False,A,True,,,
G4:S59-B2-Q2,S59-B2-Q2,1975,59,BACKWARD 2,2,3.G.A.1,mc,Which shape always has 4 square corners?,A. Trapezoid | B. Triangle | C. Square | D. Rhombus,C,Square,,,
G4:S59-B2-Q3,S59-B2-Q3,1976,59,BACKWARD 2,3,3.G.A.1,sa,How many square corners does a square have?,,,4,,,
G4:S59-B2-Q4,S59-B2-Q4,1977,59,BACKWARD 2,4,3.G.A.1,tf,Every quadrilateral has 4 square corners.,A. True | B. False,B,False,,,
G4:S59-B2-Q5,S59-B2-Q5,1978,59,BACKWARD 2,5,3.G.A.1,sa,Name a quadrilateral that has 4 square corners but is not a square.,,,A rectangle whose length and width are different,,,"Equivalent wording, or a drawing of a rectangle with two different side lengths, is correct. A square is not correct."
G4:S59-F1-Q1,S59-F1-Q1,1980,59,FORWARD 1,1,5.G.B.4,sa,"A triangle has angles of 100°, 40°, and 40°. Classify it by its angles.",,,Obtuse triangle,,,
G4:S59-F1-Q2,S59-F1-Q2,1981,59,FORWARD 1,2,5.G.B.4,tf,A right triangle has exactly one right angle.,A. True | B. False,A,True,,,
G4:S59-F1-Q3,S59-F1-Q3,1982,59,FORWARD 1,3,5.G.B.4,mc,Which kind of triangle has three acute angles?,A. An obtuse triangle | B. An acute triangle | C. A straight triangle | D. A right triangle,B,An acute triangle,,,
G4:S59-F1-Q4,S59-F1-Q4,1983,59,FORWARD 1,4,5.G.B.4,sa,"A triangle has angles of 55°, 35°, and 90°. Classify it by its angles.",,,Right triangle,,,
G4:S59-F1-Q5,S59-F1-Q5,1984,59,FORWARD 1,5,5.G.B.4,tf,An acute triangle can have one obtuse angle.,A. True | B. False,B,False,,,
G4:S59-F2-Q1,S59-F2-Q1,1986,59,FORWARD 2,1,6.G.A.1,sa,A right triangle has legs that are 6 cm and 10 cm long. What is its area?,,,30 square cm,,,
G4:S59-F2-Q2,S59-F2-Q2,1987,59,FORWARD 2,2,6.G.A.1,tf,"In a right triangle, the two sides that form the right angle can be used as the base and the height.",A. True | B. False,A,True,,,
G4:S59-F2-Q3,S59-F2-Q3,1988,59,FORWARD 2,3,6.G.A.1,mc,An 8-by-5 rectangle is cut along a diagonal into two triangles. What is the area of each triangle?,A. 40 square units | B. 13 square units | C. 20 square units | D. 10 square units,C,20 square units,,,
G4:S59-F2-Q4,S59-F2-Q4,1989,59,FORWARD 2,4,6.G.A.1,sa,A triangle has a base of 12 m and a height of 7 m. What is its area?,,,42 square meters,,,
G4:S59-F2-Q5,S59-F2-Q5,1990,59,FORWARD 2,5,6.G.A.1,tf,An obtuse triangle does not have a height.,A. True | B. False,B,False,,,
G4:S60-M-Q1,S60-M-Q1,1993,60,MAIN,1,4.G.A.1,mc,How are the two lines related?,A. Parallel | B. Perpendicular | C. Neither | D. They are the same line,B,Perpendicular,,,
G4:S60-M-Q2,S60-M-Q2,1994,60,MAIN,2,4.G.A.1,mc,How are the two lines related?,A. Parallel | B. Perpendicular | C. Neither | D. They are the same line,A,Parallel,,,
G4:S60-M-Q3,S60-M-Q3,1995,60,MAIN,3,4.G.A.1,tf,Parallel lines never meet.,A. True | B. False,A,True,,,
G4:S60-M-Q4,S60-M-Q4,1996,60,MAIN,4,4.G.A.1,sa,Lines a and b meet to form a right angle. Are they parallel or perpendicular?,,,Perpendicular,,,
G4:S60-M-Q5,S60-M-Q5,1997,60,MAIN,5,4.G.A.1,tf,Perpendicular lines meet to form four obtuse angles.,A. True | B. False,B,False,,,
G4:S60-B2-Q1,S60-B2-Q1,1999,60,BACKWARD 2,1,3.G.A.1,tf,"A rhombus, a rectangle, and a square are all quadrilaterals.",A. True | B. False,A,True,,,
G4:S60-B2-Q2,S60-B2-Q2,2000,60,BACKWARD 2,2,3.G.A.1,mc,Which shape is a quadrilateral?,A. Pentagon | B. Triangle | C. Circle | D. Rhombus,D,Rhombus,,,
G4:S60-B2-Q3,S60-B2-Q3,2001,60,BACKWARD 2,3,3.G.A.1,sa,How many sides does every quadrilateral have?,,,4,,,
G4:S60-B2-Q4,S60-B2-Q4,2002,60,BACKWARD 2,4,3.G.A.1,tf,A triangle is a quadrilateral.,A. True | B. False,B,False,,,
G4:S60-B2-Q5,S60-B2-Q5,2003,60,BACKWARD 2,5,3.G.A.1,sa,Name a quadrilateral that is not a rectangle.,,,A rhombus that is not a square,,,"Any clearly described or drawn quadrilateral that is not a rectangle is correct (for example a trapezoid with exactly one pair of parallel sides, or a kite). A square is a rectangle, so a square is not correct."
G4:S60-B3-Q1,S60-B3-Q1,2005,60,BACKWARD 3,1,3.G.A.1,tf,"In a rectangle, the two sides that meet at a corner make a square corner.",A. True | B. False,A,True,,,
G4:S60-B3-Q2,S60-B3-Q2,2006,60,BACKWARD 3,2,3.G.A.1,mc,"In a rectangle, which sides run the same way and never meet?",A. All four sides | B. The two opposite sides | C. Two sides that meet at a corner | D. No sides,B,The two opposite sides,,,
G4:S60-B3-Q3,S60-B3-Q3,2007,60,BACKWARD 3,3,3.G.A.1,sa,How many pairs of opposite sides that run the same way does a rectangle have?,,,2,,,
G4:S60-B3-Q4,S60-B3-Q4,2008,60,BACKWARD 3,4,3.G.A.1,tf,Two sides of a rectangle that meet at a corner run the same way.,A. True | B. False,B,False,,,
G4:S60-B3-Q5,S60-B3-Q5,2009,60,BACKWARD 3,5,3.G.A.1,mc,Which shape has 4 square corners and opposite sides that run the same way?,A. Circle | B. Rectangle | C. Triangle | D. Hexagon,B,Rectangle,,,
G4:S60-F1-Q1,S60-F1-Q1,2011,60,FORWARD 1,1,5.G.B.3,tf,"All parallelograms have two pairs of parallel sides. A rectangle is a parallelogram, so every rectangle has two pairs of parallel sides.",A. True | B. False,A,True,,,
G4:S60-F1-Q2,S60-F1-Q2,2012,60,FORWARD 1,2,5.G.B.3,mc,Which shape must have two pairs of parallel sides?,A. Triangle | B. Kite | C. Trapezoid | D. Rhombus,D,Rhombus,,,
G4:S60-F1-Q3,S60-F1-Q3,2013,60,FORWARD 1,3,5.G.B.3,sa,Do the sides of every square meet at right angles? Explain.,,,Yes,,,"A square is a rectangle, and a rectangle has four right angles, so its sides that meet are perpendicular."
G4:S60-F1-Q4,S60-F1-Q4,2014,60,FORWARD 1,4,5.G.B.3,tf,Every quadrilateral has at least one pair of parallel sides.,A. True | B. False,B,False,,,
G4:S60-F1-Q5,S60-F1-Q5,2015,60,FORWARD 1,5,5.G.B.3,mc,Which shape has exactly one pair of parallel sides?,A. A square | B. A trapezoid with only one pair of parallel sides | C. A rectangle | D. A rhombus,B,A trapezoid with only one pair of parallel sides,,,
G4:S60-F2-Q1,S60-F2-Q1,2017,60,FORWARD 2,1,6.G.A.3,tf,"The segment from (1, 2) to (5, 2) is parallel to the segment from (1, -3) to (5, -3).",A. True | B. False,A,True,,,
G4:S60-F2-Q2,S60-F2-Q2,2018,60,FORWARD 2,2,6.G.A.3,sa,"What is the length of the side from (-3, -1) to (-3, 4)?",,,5 units,,,
G4:S60-F2-Q3,S60-F2-Q3,2019,60,FORWARD 2,3,6.G.A.3,mc,"Which segment is perpendicular to the segment from (0, 0) to (6, 0)?","A. From (0, 1) to (6, 1) | B. From (2, 0) to (2, 5) | C. From (1, 1) to (4, 4) | D. From (0, 0) to (6, 3)",B,"From (2, 0) to (2, 5)",,,
G4:S60-F2-Q4,S60-F2-Q4,2020,60,FORWARD 2,4,6.G.A.3,plot_text,"Plot (-2, 1), (4, 1), (4, -3), and (-2, -3). Connect them in order. How many pairs of parallel sides does the polygon have?",,,2,The four points plotted and joined in order,,"Grade both: the four points joined in order, and the answer 2."
G4:S60-F2-Q5,S60-F2-Q5,2021,60,FORWARD 2,5,6.G.A.3,tf,"The segment from (0, 1) to (3, 1) is perpendicular to the segment from (0, 4) to (3, 4).",A. True | B. False,B,False,,,
G4:S70-M-Q1,S70-M-Q1,2024,70,MAIN,1,4.G.A.1,plot,Draw ray PQ. It starts at point P and goes through point Q.,,,"A ray that starts at P, passes through Q, and has an arrow past Q",,,
G4:S70-M-Q2,S70-M-Q2,2025,70,MAIN,2,4.G.A.1,plot,Draw line segment AB.,,,A straight segment from A to B that stops at both endpoints (no arrows),,,
G4:S70-M-Q3,S70-M-Q3,2026,70,MAIN,3,4.G.A.1,plot,Draw line CD through points C and D.,,,"A straight line through C and D that goes past both points, with an arrow at each end",,,
G4:S70-M-Q4,S70-M-Q4,2027,70,MAIN,4,4.G.A.1,plot,"Draw a point that is not on line m, and label it E.",,,A dot drawn off line m and labeled E,,,
G4:S70-M-Q5,S70-M-Q5,2028,70,MAIN,5,4.G.A.1,plot_text,Draw ray ST. It starts at point S and goes through point T. How is a ray different from a line segment?,,,A ray has one endpoint and goes on without end in one direction; a line segment has two endpoints.,"A ray that starts at S, passes through T, and has one arrow past T (no arrow at S)",,"Grade both: the ray drawn from S through T with one arrow, and the difference (one endpoint and no end, versus two endpoints)."
G4:S70-B1-Q1,S70-B1-Q1,2030,70,BACKWARD 1,1,2.G.A.1,plot,Draw a closed shape with 4 straight sides.,,,Any closed shape with 4 straight sides (a quadrilateral),,,
G4:S70-B1-Q2,S70-B1-Q2,2031,70,BACKWARD 1,2,2.G.A.1,tf,A closed shape drawn with 3 straight sides that meet at 3 corners is a triangle.,A. True | B. False,A,True,,,
G4:S70-B1-Q3,S70-B1-Q3,2032,70,BACKWARD 1,3,2.G.A.1,mc,Which shape has only straight sides?,A. Pentagon | B. Oval | C. Circle | D. Half-circle,A,Pentagon,,,
G4:S70-B1-Q4,S70-B1-Q4,2033,70,BACKWARD 1,4,2.G.A.1,sa,How many straight sides do you draw to make a hexagon?,,,6,,,
G4:S70-B1-Q5,S70-B1-Q5,2034,70,BACKWARD 1,5,2.G.A.1,tf,A circle is drawn with straight sides.,A. True | B. False,B,False,,,
G4:S70-B2-Q1,S70-B2-Q1,2036,70,BACKWARD 2,1,2.MD.A.1,sa,A segment starts at 0 and ends at 5 on a centimeter ruler. How long is it?,,,5 cm,,,
G4:S70-B2-Q2,S70-B2-Q2,2037,70,BACKWARD 2,2,2.MD.A.1,tf,"To draw a segment 6 cm long, you can start at 0 on the ruler and stop at 6.",A. True | B. False,A,True,,,
G4:S70-B2-Q3,S70-B2-Q3,2038,70,BACKWARD 2,3,2.MD.A.1,mc,A segment is drawn from 2 to 9 on an inch ruler. How long is it?,A. 9 inches | B. 11 inches | C. 7 inches | D. 2 inches,C,7 inches,,,
G4:S70-B2-Q4,S70-B2-Q4,2039,70,BACKWARD 2,4,2.MD.A.1,sa,Ben draws a segment from 0 to 4 on an inch ruler. How long is his segment?,,,4 inches,,,
G4:S70-B2-Q5,S70-B2-Q5,2040,70,BACKWARD 2,5,2.MD.A.1,tf,A segment drawn from 1 cm to 5 cm on a ruler is 5 cm long.,A. True | B. False,B,False,,,
G4:S70-F1-Q1,S70-F1-Q1,2042,70,FORWARD 1,1,5.G.A.1,plot,"Plot the point (3, 5) and label it P.",,,"A point at (3, 5) labeled P",,,
G4:S70-F1-Q2,S70-F1-Q2,2043,70,FORWARD 1,2,5.G.A.1,tf,"To locate (4, 2), start at the origin, move 4 units along the x-axis, then move 2 units up.",A. True | B. False,A,True,,,
G4:S70-F1-Q3,S70-F1-Q3,2044,70,FORWARD 1,3,5.G.A.1,mc,Which point is on the y-axis?,"A. (1, 6) | B. (6, 0) | C. (6, 6) | D. (0, 6)",D,"(0, 6)",,,
G4:S70-F1-Q4,S70-F1-Q4,2045,70,FORWARD 1,4,5.G.A.1,plot,"Draw the line segment from (1, 1) to (6, 1).",,,"A segment with endpoints at (1, 1) and (6, 1)",,,
G4:S70-F1-Q5,S70-F1-Q5,2046,70,FORWARD 1,5,5.G.A.1,tf,"The origin is the point (1, 1).",A. True | B. False,B,False,,,
G4:S70-F2-Q1,S70-F2-Q1,2048,70,FORWARD 2,1,6.NS.C.6.c,plot,"Plot and label the points A(-3, 2) and B(4, -1).",,,"A plotted at (-3, 2) and B at (4, -1), each labeled",,,
G4:S70-F2-Q2,S70-F2-Q2,2049,70,FORWARD 2,2,6.NS.C.6.c,tf,"The point (-5, 0) is on the x-axis.",A. True | B. False,A,True,,,
G4:S70-F2-Q3,S70-F2-Q3,2050,70,FORWARD 2,3,6.NS.C.6.c,mc,Which point is in Quadrant III?,"A. (-2, 4) | B. (2, -4) | C. (-2, -4) | D. (2, 4)",C,"(-2, -4)",,,
G4:S70-F2-Q4,S70-F2-Q4,2051,70,FORWARD 2,4,6.NS.C.6.c,plot,"Draw the segment from (-4, -3) to (2, -3).",,,"A segment with endpoints at (-4, -3) and (2, -3)",,,
G4:S70-F2-Q5,S70-F2-Q5,2052,70,FORWARD 2,5,6.NS.C.6.c,tf,"The point (3, -2) is in Quadrant II.",A. True | B. False,B,False,,,
G4:S71-M-Q1,S71-M-Q1,2055,71,MAIN,1,4.G.A.1,plot,Draw an obtuse angle.,,,Two rays from one point that form an angle greater than 90° and less than 180°,,,
G4:S71-M-Q2,S71-M-Q2,2056,71,MAIN,2,4.G.A.1,plot,Draw an acute angle.,,,Two rays from one common endpoint (the vertex) that form an angle greater than 0° and less than 90°,,,
G4:S71-M-Q3,S71-M-Q3,2057,71,MAIN,3,4.G.A.1,plot,Draw a right angle. Mark it with a right-angle mark.,,,"Two rays from one common endpoint that meet at a square corner (90°), with a right-angle mark at the vertex",,,
G4:S71-M-Q4,S71-M-Q4,2058,71,MAIN,4,4.G.A.1,plot_text,Point A is the vertex. Draw ray AB and ray AC so that angle BAC is obtuse. Is angle BAC greater or less than a right angle?,,,Greater than a right angle,"Two rays from A, labeled B and C, that form an angle greater than 90° and less than 180°",,"Grade both: the obtuse angle with vertex A, and ""greater than a right angle""."
G4:S71-M-Q5,S71-M-Q5,2059,71,MAIN,5,4.G.A.1,plot_text,Draw an acute angle with its vertex at point V. How do you know your angle is acute?,,,It is smaller than a right angle (less than 90°).,Two rays from V that form an angle less than 90°,,"Grade both: an acute angle with vertex V, and the reason that it is less than a right angle."
G4:S71-B1-Q1,S71-B1-Q1,2061,71,BACKWARD 1,1,3.G.A.1,tf,The corner of a sheet of paper is a square corner.,A. True | B. False,A,True,,,
G4:S71-B1-Q2,S71-B1-Q2,2062,71,BACKWARD 1,2,3.G.A.1,plot,Draw a shape that has 4 square corners.,,,A rectangle or a square (a closed 4-sided shape with 4 square corners),,,
G4:S71-B1-Q3,S71-B1-Q3,2063,71,BACKWARD 1,3,3.G.A.1,mc,Which shape always has 4 square corners?,A. Rectangle | B. Pentagon | C. Trapezoid | D. Rhombus,A,Rectangle,,,
G4:S71-B1-Q4,S71-B1-Q4,2064,71,BACKWARD 1,4,3.G.A.1,sa,A rectangle is cut into 2 smaller rectangles by one straight cut from one side to the opposite side. How many square corners does each smaller rectangle have?,,,4,,,
G4:S71-B1-Q5,S71-B1-Q5,2065,71,BACKWARD 1,5,3.G.A.1,tf,Every triangle has a square corner.,A. True | B. False,B,False,,,
G4:S71-B2-Q1,S71-B2-Q1,2067,71,BACKWARD 2,1,2.G.A.1,plot,Draw a shape with 3 angles.,,,Any closed shape with 3 straight sides and 3 angles (a triangle),,,
G4:S71-B2-Q2,S71-B2-Q2,2068,71,BACKWARD 2,2,2.G.A.1,tf,A closed shape with 5 angles is a pentagon.,A. True | B. False,A,True,,,
G4:S71-B2-Q3,S71-B2-Q3,2069,71,BACKWARD 2,3,2.G.A.1,mc,How many angles does a hexagon have?,A. 8 | B. 4 | C. 5 | D. 6,D,6,,,
G4:S71-B2-Q4,S71-B2-Q4,2070,71,BACKWARD 2,4,2.G.A.1,sa,How many angles do you draw when you draw a quadrilateral?,,,4,,,
G4:S71-B2-Q5,S71-B2-Q5,2071,71,BACKWARD 2,5,2.G.A.1,tf,A closed shape with 4 angles has 3 sides.,A. True | B. False,B,False,,,
G4:S71-F1-Q1,S71-F1-Q1,2073,71,FORWARD 1,1,5.G.B.4,plot_text,Draw a triangle with one obtuse angle. What kind of triangle is it?,,,Obtuse triangle,A triangle with one angle greater than 90°,,"Grade both: a triangle with one obtuse angle, and ""obtuse triangle""."
G4:S71-F1-Q2,S71-F1-Q2,2074,71,FORWARD 1,2,5.G.B.4,tf,A triangle can have one right angle and two acute angles.,A. True | B. False,A,True,,,
G4:S71-F1-Q3,S71-F1-Q3,2075,71,FORWARD 1,3,5.G.B.4,mc,"A triangle has angles of 30°, 60°, and 90°. What kind of triangle is it?",A. Acute | B. Right | C. Equilateral | D. Obtuse,B,Right,,,
G4:S71-F1-Q4,S71-F1-Q4,2076,71,FORWARD 1,4,5.G.B.4,plot_text,Draw a triangle with three acute angles. What kind of triangle is it?,,,Acute triangle,A triangle whose three angles are each less than 90°,,"Grade both: a triangle with three acute angles, and ""acute triangle""."
G4:S71-F1-Q5,S71-F1-Q5,2077,71,FORWARD 1,5,5.G.B.4,tf,A triangle can have two obtuse angles.,A. True | B. False,B,False,,,
G4:S71-F2-Q1,S71-F2-Q1,2079,71,FORWARD 2,1,6.G.A.3,plot_text,"Plot (-3, -2), (-3, 3), and (2, -2), and connect them. What kind of angle is at (-3, -2)?",,,Right angle,The three points joined to make a triangle,,"Grade both: the triangle drawn, and ""right angle"" (one side is vertical and the other is horizontal)."
G4:S71-F2-Q2,S71-F2-Q2,2080,71,FORWARD 2,2,6.G.A.3,tf,"The segments from (0, 0) to (0, 4) and from (0, 0) to (5, 0) form a right angle.",A. True | B. False,A,True,,,
G4:S71-F2-Q3,S71-F2-Q3,2081,71,FORWARD 2,3,6.G.A.3,mc,"The segment from (1, 1) to (1, 5) is drawn. Which point makes a right angle at (1, 1) when it is joined to (1, 1)?","A. (4, 4) | B. (4, 5) | C. (4, 1) | D. (0, 5)",C,"(4, 1)",,,
G4:S71-F2-Q4,S71-F2-Q4,2082,71,FORWARD 2,4,6.G.A.3,sa,"A rectangle has vertices (-2, 1), (3, 1), and (3, -4). What is the fourth vertex?",,,"(-2, -4)",,,
G4:S71-F2-Q5,S71-F2-Q5,2083,71,FORWARD 2,5,6.G.A.3,tf,"The segments from (0, 0) to (3, 3) and from (0, 0) to (4, 0) form a right angle.",A. True | B. False,B,False,,,
G4:S72-M-Q1,S72-M-Q1,2086,72,MAIN,1,4.G.A.1,plot,Draw a line through point P that is parallel to line m.,,,"A line through P that never meets line m (a line through P going the same direction as m), with arrows at both ends",,,
G4:S72-M-Q2,S72-M-Q2,2087,72,MAIN,2,4.G.A.1,plot,Draw a line through point P that is perpendicular to line n.,,,"A line through P that meets line n at a right angle (a vertical line through P), with arrows at both ends",,,
G4:S72-M-Q3,S72-M-Q3,2088,72,MAIN,3,4.G.A.1,plot,Draw two lines that are perpendicular to each other. Mark one of the right angles.,,,"Two straight lines that cross (or meet) at a right angle, with a right-angle mark",,,
G4:S72-M-Q4,S72-M-Q4,2089,72,MAIN,4,4.G.A.1,plot,Draw two parallel line segments that are each 4 units long.,,,"Two segments, each 4 units long, that go the same direction and never meet (for example, both along horizontal grid lines)",,,
G4:S72-M-Q5,S72-M-Q5,2090,72,MAIN,5,4.G.A.1,plot_text,Draw a line through point Q that is perpendicular to line k. How many right angles do the two lines make where they cross?,,,4,A horizontal line through Q that crosses line k at a right angle,,"Grade both: a line through Q that is perpendicular to k, and the answer 4."
G4:S72-B1-Q1,S72-B1-Q1,2092,72,BACKWARD 1,1,3.G.A.1,plot,Draw a rectangle on the grid.,,,A closed 4-sided shape with 4 square corners and opposite sides of equal length,,,
G4:S72-B1-Q2,S72-B1-Q2,2093,72,BACKWARD 1,2,3.G.A.1,tf,Every rectangle has 2 pairs of opposite sides that run the same way.,A. True | B. False,A,True,,,
G4:S72-B1-Q3,S72-B1-Q3,2094,72,BACKWARD 1,3,3.G.A.1,mc,Ann draws a shape with 4 square corners and 4 equal sides. What shape did she draw?,A. Triangle | B. Trapezoid | C. Hexagon | D. Square,D,Square,,,
G4:S72-B1-Q4,S72-B1-Q4,2095,72,BACKWARD 1,4,3.G.A.1,sa,How many square corners must you draw to make a rectangle?,,,4,,,
G4:S72-B1-Q5,S72-B1-Q5,2096,72,BACKWARD 1,5,3.G.A.1,tf,A shape drawn with 4 square corners can have 5 sides.,A. True | B. False,B,False,,,
G4:S72-B2-Q1,S72-B2-Q1,2098,72,BACKWARD 2,1,2.G.A.2,plot,Draw lines to split the rectangle into 2 rows of 3 same-size squares.,,,"One line across the middle and two lines from top to bottom, making 2 rows of 3 same-size squares",,,
G4:S72-B2-Q2,S72-B2-Q2,2099,72,BACKWARD 2,2,2.G.A.2,tf,"To split a rectangle into 3 rows, you can draw 2 lines across it that run the same way.",A. True | B. False,A,True,,,
G4:S72-B2-Q3,S72-B2-Q3,2100,72,BACKWARD 2,3,2.G.A.2,mc,A rectangle is split into 2 rows of 4 same-size squares. How many squares are there?,A. 4 | B. 8 | C. 2 | D. 6,B,8,,,
G4:S72-B2-Q4,S72-B2-Q4,2101,72,BACKWARD 2,4,2.G.A.2,sa,How many lines across do you draw to split a rectangle into 4 rows?,,,3,,,
G4:S72-B2-Q5,S72-B2-Q5,2102,72,BACKWARD 2,5,2.G.A.2,tf,A rectangle split into 2 rows and 2 columns of squares has 2 squares.,A. True | B. False,B,False,,,
G4:S72-F1-Q1,S72-F1-Q1,2104,72,FORWARD 1,1,5.G.B.3,plot_text,Draw a quadrilateral with two pairs of parallel sides and no right angles. What is it called?,,,Parallelogram,A parallelogram that is not a rectangle,,"Grade both: a parallelogram with no right angles, and its name. ""Rhombus"" is also correct if all four sides are equal."
G4:S72-F1-Q2,S72-F1-Q2,2105,72,FORWARD 1,2,5.G.B.3,tf,Every square has two pairs of parallel sides and four right angles.,A. True | B. False,A,True,,,
G4:S72-F1-Q3,S72-F1-Q3,2106,72,FORWARD 1,3,5.G.B.3,mc,Which shape must have perpendicular sides?,A. Rectangle | B. Trapezoid | C. Parallelogram | D. Rhombus,A,Rectangle,,,
G4:S72-F1-Q4,S72-F1-Q4,2107,72,FORWARD 1,4,5.G.B.3,plot_text,Draw a trapezoid with exactly one pair of parallel sides and two right angles. How many pairs of perpendicular sides does it have?,,,2,"A right trapezoid: one pair of parallel sides, and one side that meets both of them at right angles",,"Grade both: the right trapezoid, and the answer 2 (the side that meets both parallel sides is perpendicular to each of them)."
G4:S72-F1-Q5,S72-F1-Q5,2108,72,FORWARD 1,5,5.G.B.3,tf,Every parallelogram has perpendicular sides.,A. True | B. False,B,False,,,
G4:S72-F2-Q1,S72-F2-Q1,2110,72,FORWARD 2,1,6.G.A.3,plot,"Draw the segment from (-3, 2) to (3, 2). Then draw a segment parallel to it that starts at (-3, -2).",,,"The segment from (-3, 2) to (3, 2), and a horizontal segment that starts at (-3, -2) (for example, to (3, -2))",,,
G4:S72-F2-Q2,S72-F2-Q2,2111,72,FORWARD 2,2,6.G.A.3,tf,"The segment from (2, -4) to (2, 3) is perpendicular to the x-axis.",A. True | B. False,A,True,,,
G4:S72-F2-Q3,S72-F2-Q3,2112,72,FORWARD 2,3,6.G.A.3,mc,"Which segment is parallel to the segment from (-4, 1) to (4, 1)?","A. From (-4, 1) to (4, 5) | B. From (1, -4) to (1, 4) | C. From (0, 0) to (4, 4) | D. From (-4, -3) to (4, -3)",D,"From (-4, -3) to (4, -3)",,,
G4:S72-F2-Q4,S72-F2-Q4,2113,72,FORWARD 2,4,6.G.A.3,sa,"A segment goes from (-1, -2) to (-1, 5). A segment perpendicular to it starts at (-1, 0). Give one possible other endpoint.",,,"(4, 0)",,,"Any point with y-coordinate 0 other than (-1, 0) is correct, for example (3, 0) or (-5, 0)."
G4:S72-F2-Q5,S72-F2-Q5,2114,72,FORWARD 2,5,6.G.A.3,tf,"The segment from (0, 2) to (5, 2) is perpendicular to the segment from (0, -1) to (5, -1).",A. True | B. False,B,False,,,
G4:S73-M-Q1,S73-M-Q1,2117,73,MAIN,1,4.G.A.1,mc,How many right angles does the figure have?,A. 1 | B. 3 | C. 2 | D. 5,B,3,,,
G4:S73-M-Q2,S73-M-Q2,2118,73,MAIN,2,4.G.A.1,sa,How many pairs of parallel sides does the figure have?,,,1,,,
G4:S73-M-Q3,S73-M-Q3,2119,73,MAIN,3,4.G.A.1,mc,Which sides of rectangle ABCD are perpendicular to side AB?,A. CD only | B. AD only | C. AD and BC | D. CD and AD,C,AD and BC,,,
G4:S73-M-Q4,S73-M-Q4,2120,73,MAIN,4,4.G.A.1,tf,"In triangle PQR, angle Q is obtuse.",A. True | B. False,A,True,,,
G4:S73-M-Q5,S73-M-Q5,2121,73,MAIN,5,4.G.A.1,sa,How many line segments make up the sides of the figure? How many of its angles are acute?,,,4; 2,,,
G4:S73-B1-Q1,S73-B1-Q1,2123,73,BACKWARD 1,1,2.G.A.1,sa,How many sides and how many angles does the shape have?,,,5; 5,,,
G4:S73-B1-Q2,S73-B1-Q2,2124,73,BACKWARD 1,2,2.G.A.1,tf,A quadrilateral has 4 sides and 4 angles.,A. True | B. False,A,True,,,
G4:S73-B1-Q3,S73-B1-Q3,2125,73,BACKWARD 1,3,2.G.A.1,mc,What is the shape called?,A. Hexagon | B. Quadrilateral | C. Pentagon | D. Triangle,A,Hexagon,,,
G4:S73-B1-Q4,S73-B1-Q4,2126,73,BACKWARD 1,4,2.G.A.1,sa,How many corners does a triangle have?,,,3,,,
G4:S73-B1-Q5,S73-B1-Q5,2127,73,BACKWARD 1,5,2.G.A.1,tf,A pentagon has 4 angles.,A. True | B. False,B,False,,,
G4:S73-B2-Q1,S73-B2-Q1,2129,73,BACKWARD 2,1,3.G.A.1,sa,How many square corners does the shape have?,,,4,,,
G4:S73-B2-Q2,S73-B2-Q2,2130,73,BACKWARD 2,2,3.G.A.1,tf,A square has 4 square corners.,A. True | B. False,A,True,,,
G4:S73-B2-Q3,S73-B2-Q3,2131,73,BACKWARD 2,3,3.G.A.1,mc,Which shape can have exactly one square corner?,A. Circle | B. Rectangle | C. Square | D. Triangle,D,Triangle,,,
G4:S73-B2-Q4,S73-B2-Q4,2132,73,BACKWARD 2,4,3.G.A.1,sa,How many square corners does the shape have?,,,2,,,
G4:S73-B2-Q5,S73-B2-Q5,2133,73,BACKWARD 2,5,3.G.A.1,tf,A triangle can have 2 square corners.,A. True | B. False,B,False,,,
G4:S73-F1-Q1,S73-F1-Q1,2135,73,FORWARD 1,1,5.G.B.3,tf,"Every rectangle has 4 right angles. A square is a rectangle, so every square has 4 right angles.",A. True | B. False,A,True,,,
G4:S73-F1-Q2,S73-F1-Q2,2136,73,FORWARD 1,2,5.G.B.3,sa,A figure is a rhombus. How many pairs of parallel sides must it have?,,,2,,,
G4:S73-F1-Q3,S73-F1-Q3,2137,73,FORWARD 1,3,5.G.B.3,mc,A parallelogram has one right angle. How many right angles must it have?,A. 4 | B. 2 | C. 3 | D. 1,A,4,,,
G4:S73-F1-Q4,S73-F1-Q4,2138,73,FORWARD 1,4,5.G.B.3,sa,ABCD is a rectangle. Which side is parallel to side AB?,,,CD,,,DC is also correct.
G4:S73-F1-Q5,S73-F1-Q5,2139,73,FORWARD 1,5,5.G.B.3,tf,Every trapezoid has a pair of perpendicular sides.,A. True | B. False,B,False,,,
G4:S73-F2-Q1,S73-F2-Q1,2141,73,FORWARD 2,1,6.G.A.3,tf,"In the polygon with vertices (0, 0), (6, 0), (6, 4), and (0, 4), the side from (0, 0) to (6, 0) is parallel to the side from (0, 4) to (6, 4).",A. True | B. False,A,True,,,
G4:S73-F2-Q2,S73-F2-Q2,2142,73,FORWARD 2,2,6.G.A.3,sa,"A triangle has vertices (1, 1), (1, 6), and (5, 1). At which vertex is the right angle?",,,"(1, 1)",,,
G4:S73-F2-Q3,S73-F2-Q3,2143,73,FORWARD 2,3,6.G.A.3,mc,"A quadrilateral has vertices (-3, 0), (3, 0), (1, 4), and (-1, 4). Which two sides are parallel?","A. No two sides are parallel | B. From (-3, 0) to (3, 0) and from (-1, 4) to (1, 4) | C. From (3, 0) to (1, 4) and from (-1, 4) to (-3, 0) | D. Every pair of sides is parallel",B,"From (-3, 0) to (3, 0) and from (-1, 4) to (1, 4)",,,
G4:S73-F2-Q4,S73-F2-Q4,2144,73,FORWARD 2,4,6.G.A.3,plot_text,"Plot (-4, -1), (2, -1), (2, 3), and (-4, 3), and connect them in order. How many right angles does the polygon have?",,,4,The four points joined in order to make a rectangle,,"Grade both: the four points joined in order, and the answer 4."
G4:S73-F2-Q5,S73-F2-Q5,2145,73,FORWARD 2,5,6.G.A.3,tf,"The triangle with vertices (0, 0), (4, 0), and (2, 3) has a right angle.",A. True | B. False,B,False,,,
G4:S61-M-Q1,S61-M-Q1,2148,61,MAIN,1,4.G.A.2,mc,Which shape has two pairs of parallel sides and no right angles?,A. A square | B. A rhombus that is not a square | C. A rectangle | D. A right triangle,B,A rhombus that is not a square,,,
G4:S61-M-Q2,S61-M-Q2,2149,61,MAIN,2,4.G.A.2,sa,A quadrilateral has exactly one pair of parallel sides. What is it called?,,,Trapezoid,,,
G4:S61-M-Q3,S61-M-Q3,2150,61,MAIN,3,4.G.A.2,tf,A rectangle has two pairs of parallel sides and four right angles.,A. True | B. False,A,True,,,
G4:S61-M-Q4,S61-M-Q4,2151,61,MAIN,4,4.G.A.2,mc,Which shape always has perpendicular sides?,A. Rhombus | B. Parallelogram | C. Square | D. Trapezoid,C,Square,,,
G4:S61-M-Q5,S61-M-Q5,2152,61,MAIN,5,4.G.A.2,sa,The shape has one pair of parallel sides and two right angles. What kind of quadrilateral is it?,,,Trapezoid,,,"""Right trapezoid"" is also correct."
G4:S61-B1-Q1,S61-B1-Q1,2154,61,BACKWARD 1,1,3.G.A.1,tf,Squares and rectangles are both quadrilaterals.,A. True | B. False,A,True,,,
G4:S61-B1-Q2,S61-B1-Q2,2155,61,BACKWARD 1,2,3.G.A.1,sa,What is a closed shape with 4 straight sides called?,,,Quadrilateral,,,
G4:S61-B1-Q3,S61-B1-Q3,2156,61,BACKWARD 1,3,3.G.A.1,mc,Which shape is NOT a quadrilateral?,A. Square | B. Rectangle | C. Pentagon | D. Rhombus,C,Pentagon,,,
G4:S61-B1-Q4,S61-B1-Q4,2157,61,BACKWARD 1,4,3.G.A.1,tf,All quadrilaterals are squares.,A. True | B. False,B,False,,,
G4:S61-B1-Q5,S61-B1-Q5,2158,61,BACKWARD 1,5,3.G.A.1,sa,Name two different quadrilaterals.,,,Square and rectangle,,,"Any two different quadrilaterals (square, rectangle, rhombus, trapezoid, kite) are correct."
G4:S61-B2-Q1,S61-B2-Q1,2160,61,BACKWARD 2,1,2.G.A.1,sa,What is a shape with 5 sides called?,,,Pentagon,,,
G4:S61-B2-Q2,S61-B2-Q2,2161,61,BACKWARD 2,2,2.G.A.1,tf,A hexagon has 6 sides.,A. True | B. False,A,True,,,
G4:S61-B2-Q3,S61-B2-Q3,2162,61,BACKWARD 2,3,2.G.A.1,mc,Which shape has 4 sides?,A. Quadrilateral | B. Triangle | C. Pentagon | D. Hexagon,A,Quadrilateral,,,
G4:S61-B2-Q4,S61-B2-Q4,2163,61,BACKWARD 2,4,2.G.A.1,sa,How many sides does a triangle have?,,,3,,,
G4:S61-B2-Q5,S61-B2-Q5,2164,61,BACKWARD 2,5,2.G.A.1,tf,A pentagon has 8 sides.,A. True | B. False,B,False,,,
G4:S61-F1-Q1,S61-F1-Q1,2166,61,FORWARD 1,1,5.G.B.4,mc,Which list goes from the most general category to the most specific?,"A. Parallelogram, quadrilateral, square, rhombus | B. Quadrilateral, parallelogram, rhombus, square | C. Rhombus, square, quadrilateral, parallelogram | D. Square, rhombus, parallelogram, quadrilateral",B,"Quadrilateral, parallelogram, rhombus, square",,,
G4:S61-F1-Q2,S61-F1-Q2,2167,61,FORWARD 1,2,5.G.B.4,tf,Every square is a rhombus.,A. True | B. False,A,True,,,
G4:S61-F1-Q3,S61-F1-Q3,2168,61,FORWARD 1,3,5.G.B.4,sa,"Which of these categories does every rectangle belong to? quadrilateral, parallelogram, rhombus, square",,,Quadrilateral and parallelogram,,,Both are required; rhombus and square are wrong.
G4:S61-F1-Q4,S61-F1-Q4,2169,61,FORWARD 1,4,5.G.B.4,tf,Every rhombus is a rectangle.,A. True | B. False,B,False,,,
G4:S61-F1-Q5,S61-F1-Q5,2170,61,FORWARD 1,5,5.G.B.4,mc,A quadrilateral has 4 sides of equal length and no right angles. What is its most specific name?,A. Rhombus | B. Quadrilateral | C. Square | D. Rectangle,A,Rhombus,,,
G4:S61-F2-Q1,S61-F2-Q1,2172,61,FORWARD 2,1,6.G.A.1,sa,A parallelogram has a base of 9 cm and a height of 4 cm. What is its area?,,,36 square cm,,,
G4:S61-F2-Q2,S61-F2-Q2,2173,61,FORWARD 2,2,6.G.A.1,tf,A rhombus with a base of 6 m and a height of 5 m has an area of 30 square meters.,A. True | B. False,A,True,,,
G4:S61-F2-Q3,S61-F2-Q3,2174,61,FORWARD 2,3,6.G.A.1,mc,A trapezoid has bases of 4 ft and 8 ft and a height of 5 ft. What is its area?,A. 40 square feet | B. 17 square feet | C. 30 square feet | D. 60 square feet,C,30 square feet,,,
G4:S61-F2-Q4,S61-F2-Q4,2175,61,FORWARD 2,4,6.G.A.1,sa,A trapezoid has bases of 6 units and 10 units and a height of 3 units. What is its area?,,,24 square units,,,
G4:S61-F2-Q5,S61-F2-Q5,2176,61,FORWARD 2,5,6.G.A.1,tf,"A parallelogram with a base of 10 units, slanted sides of 6 units, and a height of 5 units has an area of 60 square units.",A. True | B. False,B,False,,,
G4:S62-M-Q1,S62-M-Q1,2179,62,MAIN,1,4.G.A.2,sa,"A triangle has angles of 90°, 50°, and 40°. Is it a right triangle? Explain.",,,Yes,,,"It has a 90° angle, which is a right angle."
G4:S62-M-Q2,S62-M-Q2,2180,62,MAIN,2,4.G.A.2,tf,The triangle shown is a right triangle.,A. True | B. False,A,True,,,
G4:S62-M-Q3,S62-M-Q3,2181,62,MAIN,3,4.G.A.2,mc,Which could be the angles of a right triangle?,"A. 70°, 70°, 40° | B. 100°, 50°, 30° | C. 90°, 60°, 30° | D. 80°, 60°, 40°",C,"90°, 60°, 30°",,,
G4:S62-M-Q4,S62-M-Q4,2182,62,MAIN,4,4.G.A.2,tf,A right triangle can have two right angles.,A. True | B. False,B,False,,,
G4:S62-M-Q5,S62-M-Q5,2183,62,MAIN,5,4.G.A.2,plot_text,Draw a right triangle on the grid and mark its right angle. How many right angles does your triangle have?,,,1,"Any triangle with one 90° angle, in any position or orientation, with the right angle marked (for example, two sides along grid lines that meet at a square corner)",,"Grade both: a right triangle with its right angle correctly marked, and the answer 1. The sides that form the right angle do not have to follow the grid lines; a rotated right triangle is correct."
G4:S62-B1-Q1,S62-B1-Q1,2185,62,BACKWARD 1,1,2.G.A.1,sa,How many sides does every triangle have?,,,3,,,
G4:S62-B1-Q2,S62-B1-Q2,2186,62,BACKWARD 1,2,2.G.A.1,tf,A triangle has 3 corners.,A. True | B. False,A,True,,,
G4:S62-B1-Q3,S62-B1-Q3,2187,62,BACKWARD 1,3,2.G.A.1,mc,Which describes a triangle?,A. A closed shape with 4 straight sides | B. A closed shape with 3 straight sides | C. A round shape | D. A closed shape with 5 corners,B,A closed shape with 3 straight sides,,,
G4:S62-B1-Q4,S62-B1-Q4,2188,62,BACKWARD 1,4,2.G.A.1,sa,How many angles does a triangle have?,,,3,,,
G4:S62-B1-Q5,S62-B1-Q5,2189,62,BACKWARD 1,5,2.G.A.1,tf,All triangles are the same size.,A. True | B. False,B,False,,,
G4:S62-B2-Q1,S62-B2-Q1,2191,62,BACKWARD 2,1,3.G.A.1,tf,A square corner is a right angle.,A. True | B. False,A,True,,,
G4:S62-B2-Q2,S62-B2-Q2,2192,62,BACKWARD 2,2,3.G.A.1,mc,Which shape always has a square corner?,A. Oval | B. Hexagon | C. Rectangle | D. Circle,C,Rectangle,,,
G4:S62-B2-Q3,S62-B2-Q3,2193,62,BACKWARD 2,3,3.G.A.1,sa,How many square corners does a rectangle have?,,,4,,,
G4:S62-B2-Q4,S62-B2-Q4,2194,62,BACKWARD 2,4,3.G.A.1,tf,A triangle can never have a square corner.,A. True | B. False,B,False,,,
G4:S62-B2-Q5,S62-B2-Q5,2195,62,BACKWARD 2,5,3.G.A.1,sa,Which can you use to check for a square corner: the corner of a sheet of paper or a pencil?,,,The corner of a sheet of paper,,,
G4:S62-F1-Q1,S62-F1-Q1,2197,62,FORWARD 1,1,5.G.B.3,tf,"All triangles have 3 sides. A right triangle is a triangle, so it has 3 sides.",A. True | B. False,A,True,,,
G4:S62-F1-Q2,S62-F1-Q2,2198,62,FORWARD 1,2,5.G.B.3,mc,An isosceles right triangle belongs to which categories?,A. Right triangles and isosceles triangles | B. Only isosceles triangles | C. Only right triangles | D. Equilateral triangles,A,Right triangles and isosceles triangles,,,
G4:S62-F1-Q3,S62-F1-Q3,2199,62,FORWARD 1,3,5.G.B.3,sa,Can a right triangle be scalene? Write yes or no.,,,Yes,,,
G4:S62-F1-Q4,S62-F1-Q4,2200,62,FORWARD 1,4,5.G.B.3,tf,An equilateral triangle can be a right triangle.,A. True | B. False,B,False,,,
G4:S62-F1-Q5,S62-F1-Q5,2201,62,FORWARD 1,5,5.G.B.3,sa,"A right triangle has sides of 3, 4, and 5 units. Is it isosceles, equilateral, or scalene?",,,Scalene,,,
G4:S62-F2-Q1,S62-F2-Q1,2203,62,FORWARD 2,1,6.G.A.1,sa,A right triangle has legs that are 8 m and 5 m long. What is its area?,,,20 square meters,,,
G4:S62-F2-Q2,S62-F2-Q2,2204,62,FORWARD 2,2,6.G.A.1,tf,Two copies of the same right triangle can be put together to make a rectangle.,A. True | B. False,A,True,,,
G4:S62-F2-Q3,S62-F2-Q3,2205,62,FORWARD 2,3,6.G.A.1,mc,A right triangle has legs that are 12 in. and 6 in. long. What is its area?,A. 9 square inches | B. 36 square inches | C. 18 square inches | D. 72 square inches,B,36 square inches,,,
G4:S62-F2-Q4,S62-F2-Q4,2206,62,FORWARD 2,4,6.G.A.1,sa,A 10-by-4 rectangle is cut along a diagonal into two right triangles. What is the area of each triangle?,,,20 square units,,,
G4:S62-F2-Q5,S62-F2-Q5,2207,62,FORWARD 2,5,6.G.A.1,tf,A right triangle with legs of 7 and 4 units has an area of 28 square units.,A. True | B. False,B,False,,,
G4:S63-M-Q1,S63-M-Q1,2210,63,MAIN,1,4.G.A.3,tf,The dashed line is a line of symmetry of the triangle.,A. True | B. False,A,True,,,
G4:S63-M-Q2,S63-M-Q2,2211,63,MAIN,2,4.G.A.3,tf,The dashed line is a line of symmetry of the rectangle.,A. True | B. False,B,False,,,
G4:S63-M-Q3,S63-M-Q3,2212,63,MAIN,3,4.G.A.3,mc,How many lines of symmetry does a square have?,A. 1 | B. 4 | C. 0 | D. 2,B,4,,,
G4:S63-M-Q4,S63-M-Q4,2213,63,MAIN,4,4.G.A.3,sa,How many lines of symmetry does a rectangle that is not a square have?,,,2,,,
G4:S63-M-Q5,S63-M-Q5,2214,63,MAIN,5,4.G.A.3,mc,Which capital letter has a vertical line of symmetry?,A. R | B. J | C. A | D. F,C,A,,,
G4:S63-B1-Q1,S63-B1-Q1,2216,63,BACKWARD 1,1,2.G.A.3,tf,A rectangle cut into 2 equal shares is cut into halves.,A. True | B. False,A,True,,,
G4:S63-B1-Q2,S63-B1-Q2,2217,63,BACKWARD 1,2,2.G.A.3,sa,A circle is cut into 4 equal shares. What is one share called?,,,A fourth,,,"""A quarter"" is also correct."
G4:S63-B1-Q3,S63-B1-Q3,2218,63,BACKWARD 1,3,2.G.A.3,mc,A rectangle is cut into 3 equal shares. What are the shares called?,A. Fifths | B. Halves | C. Thirds | D. Fourths,C,Thirds,,,
G4:S63-B1-Q4,S63-B1-Q4,2219,63,BACKWARD 1,4,2.G.A.3,sa,How many halves make a whole?,,,2,,,
G4:S63-B1-Q5,S63-B1-Q5,2220,63,BACKWARD 1,5,2.G.A.3,tf,Equal shares of the same whole must have the same shape.,A. True | B. False,B,False,,,
G4:S63-B2-Q1,S63-B2-Q1,2222,63,BACKWARD 2,1,1.G.A.3,sa,A square is cut into 2 equal parts. What is each part called?,,,A half,,,
G4:S63-B2-Q2,S63-B2-Q2,2223,63,BACKWARD 2,2,1.G.A.3,tf,Cutting a circle into 4 equal parts makes smaller parts than cutting it into 2 equal parts.,A. True | B. False,A,True,,,
G4:S63-B2-Q3,S63-B2-Q3,2224,63,BACKWARD 2,3,1.G.A.3,mc,How many fourths make a whole?,A. 2 | B. 8 | C. 4 | D. 1,C,4,,,
G4:S63-B2-Q4,S63-B2-Q4,2225,63,BACKWARD 2,4,1.G.A.3,sa,A pizza is cut into 4 equal parts. What is one part called?,,,A fourth,,,"""A quarter"" is also correct."
G4:S63-B2-Q5,S63-B2-Q5,2226,63,BACKWARD 2,5,1.G.A.3,tf,Halves are smaller than fourths of the same whole.,A. True | B. False,B,False,,,
G4:S63-F1-Q1,S63-F1-Q1,2228,63,FORWARD 1,1,5.G.A.2,plot,"The line through (4, 0) and (4, 8) is a line of symmetry. Plot the point that matches (2, 5) on the other side of the line.",,,"A point plotted at (6, 5)",,,
G4:S63-F1-Q2,S63-F1-Q2,2229,63,FORWARD 1,2,5.G.A.2,tf,"Across the line through (3, 0) and (3, 5), the point (1, 2) matches the point (5, 2).",A. True | B. False,A,True,,,
G4:S63-F1-Q3,S63-F1-Q3,2230,63,FORWARD 1,3,5.G.A.2,mc,"Across the line through (5, 0) and (5, 8), which point matches (7, 4)?","A. (5, 4) | B. (2, 4) | C. (7, 6) | D. (3, 4)",D,"(3, 4)",,,
G4:S63-F1-Q4,S63-F1-Q4,2231,63,FORWARD 1,4,5.G.A.2,sa,"Across the line through (4, 0) and (4, 8), which point matches (1, 6)?",,,"(7, 6)",,,
G4:S63-F1-Q5,S63-F1-Q5,2232,63,FORWARD 1,5,5.G.A.2,tf,"Across the line through (2, 0) and (2, 5), the point (0, 3) matches the point (3, 3).",A. True | B. False,B,False,,,
G4:S63-F2-Q1,S63-F2-Q1,2234,63,FORWARD 2,1,6.NS.C.6.b,sa,"Reflect (3, 4) across the y-axis. What are the coordinates of the image?",,,"(-3, 4)",,,
G4:S63-F2-Q2,S63-F2-Q2,2235,63,FORWARD 2,2,6.NS.C.6.b,tf,"Reflecting (2, -5) across the x-axis gives (2, 5).",A. True | B. False,A,True,,,
G4:S63-F2-Q3,S63-F2-Q3,2236,63,FORWARD 2,3,6.NS.C.6.b,mc,"Which point is the reflection of (-4, 1) across the x-axis?","A. (4, 1) | B. (-4, -1) | C. (1, -4) | D. (4, -1)",B,"(-4, -1)",,,
G4:S63-F2-Q4,S63-F2-Q4,2237,63,FORWARD 2,4,6.NS.C.6.b,sa,"Reflect (-6, -2) across the y-axis. What are the coordinates of the image?",,,"(6, -2)",,,
G4:S63-F2-Q5,S63-F2-Q5,2238,63,FORWARD 2,5,6.NS.C.6.b,tf,"Reflecting (5, 0) across the x-axis gives (-5, 0).",A. True | B. False,B,False,,,
G4:S64-M-Q1,S64-M-Q1,2241,64,MAIN,1,4.G.A.3,plot,Draw all the lines of symmetry of the rectangle.,,,Two lines: one vertical line through the middle and one horizontal line through the middle,,,
G4:S64-M-Q2,S64-M-Q2,2242,64,MAIN,2,4.G.A.3,plot_text,Draw all the lines of symmetry of the square. How many are there?,,,4,"Four lines: vertical, horizontal, and both diagonals, each through the center",,"Grade both: all four lines drawn, and the answer 4."
G4:S64-M-Q3,S64-M-Q3,2243,64,MAIN,3,4.G.A.3,plot_text,Draw the line of symmetry of the triangle. The triangle has exactly two sides of equal length; its base has a different length. How many lines of symmetry does it have?,,,1,A line from the top vertex straight down to the middle of the base,,"Grade both: the line from the top vertex to the middle of the base, and the answer 1."
G4:S64-M-Q4,S64-M-Q4,2244,64,MAIN,4,4.G.A.3,plot,Complete the figure so that the dashed line is a line of symmetry.,,,"The mirror image drawn on the right of the dashed line: a segment from (3, 0) to (5, 0), up to (5, 2), to (4, 3), and back to (3, 3)",,,
G4:S64-M-Q5,S64-M-Q5,2245,64,MAIN,5,4.G.A.3,sa,A regular hexagon has 6 equal sides and 6 equal angles. How many lines of symmetry does it have?,,,6,,,
G4:S64-B1-Q1,S64-B1-Q1,2247,64,BACKWARD 1,1,2.G.A.3,sa,A square is cut into 4 equal shares. How many shares make the whole?,,,4,,,
G4:S64-B1-Q2,S64-B1-Q2,2248,64,BACKWARD 1,2,2.G.A.3,tf,A circle can be cut into 3 equal shares called thirds.,A. True | B. False,A,True,,,
G4:S64-B1-Q3,S64-B1-Q3,2249,64,BACKWARD 1,3,2.G.A.3,mc,Which one shows halves?,A. A circle cut into 4 equal parts | B. A rectangle cut into 2 unequal parts | C. A rectangle cut into 2 equal parts | D. A circle cut into 3 equal parts,C,A rectangle cut into 2 equal parts,,,
G4:S64-B1-Q4,S64-B1-Q4,2250,64,BACKWARD 1,4,2.G.A.3,sa,A rectangle is cut into 3 equal shares. What is one share called?,,,A third,,,
G4:S64-B1-Q5,S64-B1-Q5,2251,64,BACKWARD 1,5,2.G.A.3,tf,A circle cut into 2 parts of different sizes shows halves.,A. True | B. False,B,False,,,
G4:S64-B2-Q1,S64-B2-Q1,2253,64,BACKWARD 2,1,1.G.A.2,tf,Two matching right triangles can be put together to make a rectangle.,A. True | B. False,A,True,,,
G4:S64-B2-Q2,S64-B2-Q2,2254,64,BACKWARD 2,2,1.G.A.2,mc,Which two shapes can be put together to make a square?,A. Two matching rectangles | B. Two circles | C. Three circles | D. A circle and a triangle,A,Two matching rectangles,,,
G4:S64-B2-Q3,S64-B2-Q3,2255,64,BACKWARD 2,3,1.G.A.2,sa,How many squares do you need to make a rectangle that is 2 squares long and 1 square wide?,,,2,,,
G4:S64-B2-Q4,S64-B2-Q4,2256,64,BACKWARD 2,4,1.G.A.2,tf,Two half-circles can be put together to make a square.,A. True | B. False,B,False,,,
G4:S64-B2-Q5,S64-B2-Q5,2257,64,BACKWARD 2,5,1.G.A.2,sa,Two matching trapezoids are put together to make a shape with 6 sides. What is the shape called?,,,Hexagon,,,
G4:S64-F1-Q1,S64-F1-Q1,2259,64,FORWARD 1,1,5.G.A.2,plot_text,"Plot (1, 1), (3, 4), and (5, 1) and connect them. Then draw the line of symmetry. Where does the line of symmetry cross the x-axis?",,,"(3, 0)","Triangle with vertices (1, 1), (3, 4) and (5, 1), and a vertical line through x = 3",,"Grade both: the triangle and its vertical line of symmetry, and the point (3, 0)."
G4:S64-F1-Q2,S64-F1-Q2,2260,64,FORWARD 1,2,5.G.A.2,tf,"The rectangle with corners (1, 1), (5, 1), (5, 3), and (1, 3) is symmetric about the line through (3, 0) and (3, 4).",A. True | B. False,A,True,,,
G4:S64-F1-Q3,S64-F1-Q3,2261,64,FORWARD 1,3,5.G.A.2,mc,"A shape has a line of symmetry through (4, 0) and (4, 6). The point (2, 3) is on the shape. Which point must also be on it?","A. (2, 5) | B. (4, 3) | C. (8, 3) | D. (6, 3)",D,"(6, 3)",,,
G4:S64-F1-Q4,S64-F1-Q4,2262,64,FORWARD 1,4,5.G.A.2,plot,"Plot (2, 2), (2, 5), and (6, 2). Then plot one more point so that the four points are the corners of a rectangle.",,,"Points plotted at (2, 2), (2, 5), (6, 2) and (6, 5)",,,
G4:S64-F1-Q5,S64-F1-Q5,2263,64,FORWARD 1,5,5.G.A.2,tf,"The points (1, 4) and (7, 4) match across the line through (3, 0) and (3, 6).",A. True | B. False,B,False,,,
G4:S64-F2-Q1,S64-F2-Q1,2265,64,FORWARD 2,1,6.G.A.3,plot,"Plot (2, 3), (5, 3), (5, -1), and (2, -1). Connect them in order to draw the polygon.",,,"Points plotted at (2, 3), (5, 3), (5, -1) and (2, -1) and joined in order to make a rectangle",,,
G4:S64-F2-Q2,S64-F2-Q2,2266,64,FORWARD 2,2,6.G.A.3,tf,"The polygon with vertices (-3, 2), (3, 2), (3, -2), and (-3, -2) has a side that is 6 units long.",A. True | B. False,A,True,,,
G4:S64-F2-Q3,S64-F2-Q3,2267,64,FORWARD 2,3,6.G.A.3,mc,"A square has vertices (-2, -2), (2, -2), and (2, 2). What is the fourth vertex?","A. (-2, 2) | B. (2, -4) | C. (-2, 4) | D. (0, 2)",A,"(-2, 2)",,,
G4:S64-F2-Q4,S64-F2-Q4,2268,64,FORWARD 2,4,6.G.A.3,sa,"A polygon has vertices (1, 4), (4, 4), and (4, -2). What is the length of the side from (4, 4) to (4, -2)?",,,6 units,,,
G4:S64-F2-Q5,S64-F2-Q5,2269,64,FORWARD 2,5,6.G.A.3,tf,"The segment from (-4, 1) to (4, 1) is 4 units long.",A. True | B. False,B,False,,,
