uid,id,page,set,section,number,standard,type,question,choices,correct_letter,correct_answer,drawing_answer,required_method,grading_note
G5:S1-M-Q1,S1-M-Q1,9,1,MAIN,1,5.OA.A.1,sa,Evaluate. 6 × (8 + 5),,,78,,,
G5:S1-M-Q2,S1-M-Q2,10,1,MAIN,2,5.OA.A.1,sa,Evaluate. (35 - 11) ÷ 4,,,6,,,
G5:S1-M-Q3,S1-M-Q3,11,1,MAIN,3,5.OA.A.1,sa,Evaluate. 50 - (6 × 7),,,8,,,
G5:S1-M-Q4,S1-M-Q4,12,1,MAIN,4,5.OA.A.1,mc,Evaluate. 3 + (24 ÷ 6) × 5,A. 35 | B. 135 | C. 27 | D. 23,D,23,,,
G5:S1-M-Q5,S1-M-Q5,13,1,MAIN,5,5.OA.A.1,sa,Evaluate. (9 + 3) × (10 - 4),,,72,,,
G5:S1-B1-Q1,S1-B1-Q1,15,1,BACKWARD 1,1,3.OA.D.8,tf,"In 4 × (2 + 5), you add 2 + 5 first.",A. True | B. False,A,True,,,
G5:S1-B1-Q2,S1-B1-Q2,16,1,BACKWARD 1,2,3.OA.D.8,sa,Evaluate. (6 + 4) × 2,,,20,,,
G5:S1-B1-Q3,S1-B1-Q3,17,1,BACKWARD 1,3,3.OA.D.8,mc,Which step comes first in 18 - (3 × 4)?,A. Subtract 18 - 4 | B. Multiply 3 × 4 | C. Subtract 18 - 3 | D. Add 3 + 4,B,Multiply 3 × 4,,,
G5:S1-B1-Q4,S1-B1-Q4,18,1,BACKWARD 1,4,3.OA.D.8,sa,Evaluate. 20 - (5 + 5),,,10,,,
G5:S1-B1-Q5,S1-B1-Q5,19,1,BACKWARD 1,5,3.OA.D.8,tf,(10 - 4) + 3 = 10 - 7,A. True | B. False,B,False,,,
G5:S1-B2-Q1,S1-B2-Q1,21,1,BACKWARD 2,1,3.OA.C.7,sa,Multiply. 7 × 8,,,56,,,
G5:S1-B2-Q2,S1-B2-Q2,22,1,BACKWARD 2,2,3.OA.C.7,sa,Divide. 24 ÷ 6,,,4,,,
G5:S1-B2-Q3,S1-B2-Q3,23,1,BACKWARD 2,3,3.OA.C.7,tf,9 × 7 = 56,A. True | B. False,B,False,,,
G5:S1-B2-Q4,S1-B2-Q4,24,1,BACKWARD 2,4,3.OA.C.7,mc,48 ÷ 8 = ?,A. 8 | B. 5 | C. 7 | D. 6,D,6,,,
G5:S1-B2-Q5,S1-B2-Q5,25,1,BACKWARD 2,5,3.OA.C.7,sa,Multiply. 3 × 9,,,27,,,
G5:S1-B3-Q1,S1-B3-Q1,27,1,BACKWARD 3,1,4.NBT.B.4,sa,Add. 348 + 275,,,623,,,
G5:S1-B3-Q2,S1-B3-Q2,28,1,BACKWARD 3,2,4.NBT.B.4,sa,Subtract. 502 - 168,,,334,,,
G5:S1-B3-Q3,S1-B3-Q3,29,1,BACKWARD 3,3,4.NBT.B.4,tf,"1,250 - 375 = 985",A. True | B. False,B,False,,,
G5:S1-B3-Q4,S1-B3-Q4,30,1,BACKWARD 3,4,4.NBT.B.4,mc,609 + 194 = ?,A. 793 | B. 703 | C. 813 | D. 803,D,803,,,
G5:S1-B3-Q5,S1-B3-Q5,31,1,BACKWARD 3,5,4.NBT.B.4,sa,"Subtract. 1,000 - 432",,,568,,,
G5:S1-F1-Q1,S1-F1-Q1,33,1,FORWARD 1,1,6.EE.A.2.c,sa,Evaluate 4(x + 3) when x = 5.,,,32,,,
G5:S1-F1-Q2,S1-F1-Q2,34,1,FORWARD 1,2,6.EE.A.2.c,sa,Evaluate 20 - 2y when y = 6.,,,8,,,
G5:S1-F1-Q3,S1-F1-Q3,35,1,FORWARD 1,3,6.EE.A.2.c,mc,Evaluate (a + b) ÷ 3 when a = 10 and b = 8.,A. 4 | B. 9 | C. 54 | D. 6,D,6,,,
G5:S1-F1-Q4,S1-F1-Q4,36,1,FORWARD 1,4,6.EE.A.2.c,sa,Evaluate 3m + 2 when m = 7.,,,23,,,
G5:S1-F1-Q5,S1-F1-Q5,37,1,FORWARD 1,5,6.EE.A.2.c,tf,"When n = 4, the value of 5(n - 1) is 19.",A. True | B. False,B,False,,,
G5:S1-F2-Q1,S1-F2-Q1,39,1,FORWARD 2,1,7.NS.A.3,sa,Find the value. -3 × (4 - 9),,,15,,,
G5:S1-F2-Q2,S1-F2-Q2,40,1,FORWARD 2,2,7.NS.A.3,sa,Find the value. (-12 + 4) ÷ 2,,,-4,,,
G5:S1-F2-Q3,S1-F2-Q3,41,1,FORWARD 2,3,7.NS.A.3,mc,Find the value. 6 - (2 - 10),A. -2 | B. 2 | C. 14 | D. 18,C,14,,,
G5:S1-F2-Q4,S1-F2-Q4,42,1,FORWARD 2,4,7.NS.A.3,sa,Find the value. (-5) × (-2) + (-7),,,3,,,
G5:S1-F2-Q5,S1-F2-Q5,43,1,FORWARD 2,5,7.NS.A.3,tf,(-20) ÷ (3 + 2) = 4,A. True | B. False,B,False,,,
G5:S2-M-Q1,S2-M-Q1,46,2,MAIN,1,5.OA.A.1,sa,Evaluate. 2 × [5 + (3 × 4)],,,34,,,
G5:S2-M-Q2,S2-M-Q2,47,2,MAIN,2,5.OA.A.1,sa,Evaluate. [20 - (2 + 6)] ÷ 3,,,4,,,
G5:S2-M-Q3,S2-M-Q3,48,2,MAIN,3,5.OA.A.1,mc,Evaluate. 4 × {3 + [10 - (2 × 4)]},A. 36 | B. 20 | C. 44 | D. 26,B,20,,,
G5:S2-M-Q4,S2-M-Q4,49,2,MAIN,4,5.OA.A.1,sa,Evaluate. 60 ÷ [3 × (7 - 5)],,,10,,,
G5:S2-M-Q5,S2-M-Q5,50,2,MAIN,5,5.OA.A.1,sa,Evaluate. {18 - [2 × (4 + 1)]} + 9,,,17,,,
G5:S2-B1-Q1,S2-B1-Q1,52,2,BACKWARD 1,1,3.OA.D.8,sa,Evaluate. (12 - 5) × 3,,,21,,,
G5:S2-B1-Q2,S2-B1-Q2,53,2,BACKWARD 1,2,3.OA.D.8,tf,"In (8 + 2) ÷ 5, you divide 2 ÷ 5 first.",A. True | B. False,B,False,,,
G5:S2-B1-Q3,S2-B1-Q3,54,2,BACKWARD 1,3,3.OA.D.8,mc,Evaluate. 4 × (9 - 6),A. 33 | B. 10 | C. 30 | D. 12,D,12,,,
G5:S2-B1-Q4,S2-B1-Q4,55,2,BACKWARD 1,4,3.OA.D.8,sa,Evaluate. 30 ÷ (2 + 4),,,5,,,
G5:S2-B1-Q5,S2-B1-Q5,56,2,BACKWARD 1,5,3.OA.D.8,tf,(3 + 5) × 2 = 16,A. True | B. False,A,True,,,
G5:S2-B2-Q1,S2-B2-Q1,58,2,BACKWARD 2,1,3.OA.C.7,sa,Multiply. 8 × 6,,,48,,,
G5:S2-B2-Q2,S2-B2-Q2,59,2,BACKWARD 2,2,3.OA.C.7,sa,Divide. 56 ÷ 7,,,8,,,
G5:S2-B2-Q3,S2-B2-Q3,60,2,BACKWARD 2,3,3.OA.C.7,tf,36 ÷ 4 = 8,A. True | B. False,B,False,,,
G5:S2-B2-Q4,S2-B2-Q4,61,2,BACKWARD 2,4,3.OA.C.7,mc,7 × 9 = ?,A. 63 | B. 56 | C. 72 | D. 49,A,63,,,
G5:S2-B2-Q5,S2-B2-Q5,62,2,BACKWARD 2,5,3.OA.C.7,sa,Divide. 81 ÷ 9,,,9,,,
G5:S2-B3-Q1,S2-B3-Q1,64,2,BACKWARD 3,1,2.NBT.B.5,sa,Add. 46 + 37,,,83,,,
G5:S2-B3-Q2,S2-B3-Q2,65,2,BACKWARD 3,2,2.NBT.B.5,sa,Subtract. 72 - 28,,,44,,,
G5:S2-B3-Q3,S2-B3-Q3,66,2,BACKWARD 3,3,2.NBT.B.5,tf,55 + 29 = 74,A. True | B. False,B,False,,,
G5:S2-B3-Q4,S2-B3-Q4,67,2,BACKWARD 3,4,2.NBT.B.5,mc,90 - 47 = ?,A. 47 | B. 43 | C. 53 | D. 33,B,43,,,
G5:S2-B3-Q5,S2-B3-Q5,68,2,BACKWARD 3,5,2.NBT.B.5,sa,Add. 38 + 54,,,92,,,
G5:S2-F1-Q1,S2-F1-Q1,70,2,FORWARD 1,1,6.EE.A.1,sa,Evaluate. 2 × (3 + 1)²,,,32,,,
G5:S2-F1-Q2,S2-F1-Q2,71,2,FORWARD 1,2,6.EE.A.1,sa,Evaluate. [10 - 2³] × 5,,,10,,,
G5:S2-F1-Q3,S2-F1-Q3,72,2,FORWARD 1,3,6.EE.A.1,mc,Evaluate. 4² - (6 + 2),A. 8 | B. 2 | C. 0 | D. 24,A,8,,,
G5:S2-F1-Q4,S2-F1-Q4,73,2,FORWARD 1,4,6.EE.A.1,sa,Evaluate. (5² - 1) ÷ 6,,,4,,,
G5:S2-F1-Q5,S2-F1-Q5,74,2,FORWARD 1,5,6.EE.A.1,tf,3 × 2² = 36,A. True | B. False,B,False,,,
G5:S2-F2-Q1,S2-F2-Q1,76,2,FORWARD 2,1,7.NS.A.3,sa,Find the value. 2 × [-3 + (8 ÷ (-4))],,,-10,,,
G5:S2-F2-Q2,S2-F2-Q2,77,2,FORWARD 2,2,7.NS.A.3,sa,Find the value. [(-6) + 15] ÷ (-3),,,-3,,,
G5:S2-F2-Q3,S2-F2-Q3,78,2,FORWARD 2,3,7.NS.A.3,mc,Find the value. -4 × [5 - (-1)],A. 16 | B. -16 | C. -24 | D. 24,C,-24,,,
G5:S2-F2-Q4,S2-F2-Q4,79,2,FORWARD 2,4,7.NS.A.3,sa,Find the value. {10 - [2 × (-3)]} ÷ 4,,,4,,,
G5:S2-F2-Q5,S2-F2-Q5,80,2,FORWARD 2,5,7.NS.A.3,tf,[-8 - (-2)] × 3 = -30,A. True | B. False,B,False,,,
G5:S3-M-Q1,S3-M-Q1,83,3,MAIN,1,5.OA.A.1,sa,Insert parentheses to make the equation true. 4 + 6 × 3 = 30,,,(4 + 6) × 3 = 30,,,
G5:S3-M-Q2,S3-M-Q2,84,3,MAIN,2,5.OA.A.1,sa,Insert parentheses to make the equation true. 20 - 8 - 2 = 14,,,20 - (8 - 2) = 14,,,
G5:S3-M-Q3,S3-M-Q3,85,3,MAIN,3,5.OA.A.1,mc,Which placement of parentheses makes the equation true? 2 × 5 + 3 × 4 = 52,A. 2 × (5 + 3) × 4 = 52 | B. (2 × 5 + 3) × 4 = 52 | C. 2 × (5 + 3 × 4) = 52 | D. 2 × 5 + (3 × 4) = 52,B,(2 × 5 + 3) × 4 = 52,,,
G5:S3-M-Q4,S3-M-Q4,86,3,MAIN,4,5.OA.A.1,sa,Insert parentheses to make the equation true. 36 ÷ 6 - 2 = 9,,,36 ÷ (6 - 2) = 9,,,
G5:S3-M-Q5,S3-M-Q5,87,3,MAIN,5,5.OA.A.1,sa,Insert brackets and parentheses to make the equation true. 2 × 9 - 3 + 1 = 10,,,2 × [9 - (3 + 1)] = 10,,,
G5:S3-B1-Q1,S3-B1-Q1,89,3,BACKWARD 1,1,3.OA.D.8,sa,Evaluate. (4 + 6) × 3,,,30,,,
G5:S3-B1-Q2,S3-B1-Q2,90,3,BACKWARD 1,2,3.OA.D.8,sa,Evaluate. 4 + (6 × 3),,,22,,,
G5:S3-B1-Q3,S3-B1-Q3,91,3,BACKWARD 1,3,3.OA.D.8,tf,(20 - 8) - 2 = 20 - (8 - 2),A. True | B. False,B,False,,,
G5:S3-B1-Q4,S3-B1-Q4,92,3,BACKWARD 1,4,3.OA.D.8,mc,Evaluate. 36 ÷ (6 - 2),A. 4 | B. 34 | C. 9 | D. 7,C,9,,,
G5:S3-B1-Q5,S3-B1-Q5,93,3,BACKWARD 1,5,3.OA.D.8,sa,Evaluate. (36 ÷ 6) - 2,,,4,,,
G5:S3-B2-Q1,S3-B2-Q1,95,3,BACKWARD 2,1,3.OA.B.5,tf,(2 × 3) × 4 = 2 × (3 × 4),A. True | B. False,A,True,,,
G5:S3-B2-Q2,S3-B2-Q2,96,3,BACKWARD 2,2,3.OA.B.5,tf,(12 ÷ 6) ÷ 2 = 12 ÷ (6 ÷ 2),A. True | B. False,B,False,,,
G5:S3-B2-Q3,S3-B2-Q3,97,3,BACKWARD 2,3,3.OA.B.5,mc,Which equation is true?,A. (5 + 2) + 3 = 5 + (2 + 3) | B. (9 - 4) - 1 = 9 - (4 - 1) | C. (16 ÷ 4) ÷ 2 = 16 ÷ (4 ÷ 2) | D. (7 - 3) - 2 = 7 - (3 - 2),A,(5 + 2) + 3 = 5 + (2 + 3),,,
G5:S3-B2-Q4,S3-B2-Q4,98,3,BACKWARD 2,4,3.OA.B.5,tf,4 × (5 × 2) = (4 × 5) × 2,A. True | B. False,A,True,,,
G5:S3-B2-Q5,S3-B2-Q5,99,3,BACKWARD 2,5,3.OA.B.5,sa,Fill in the blank. (6 × 2) × 5 = 6 × (2 × ___),,,5,,,
G5:S3-B3-Q1,S3-B3-Q1,101,3,BACKWARD 3,1,3.OA.C.7,sa,Multiply. 9 × 4,,,36,,,
G5:S3-B3-Q2,S3-B3-Q2,102,3,BACKWARD 3,2,3.OA.C.7,sa,Divide. 42 ÷ 6,,,7,,,
G5:S3-B3-Q3,S3-B3-Q3,103,3,BACKWARD 3,3,3.OA.C.7,tf,8 × 7 = 54,A. True | B. False,B,False,,,
G5:S3-B3-Q4,S3-B3-Q4,104,3,BACKWARD 3,4,3.OA.C.7,mc,64 ÷ 8 = ?,A. 6 | B. 7 | C. 8 | D. 9,C,8,,,
G5:S3-B3-Q5,S3-B3-Q5,105,3,BACKWARD 3,5,3.OA.C.7,sa,Multiply. 6 × 7,,,42,,,
G5:S3-F1-Q1,S3-F1-Q1,107,3,FORWARD 1,1,6.EE.A.3,sa,Expand. 3(x + 5),,,3x + 15,,,
G5:S3-F1-Q2,S3-F1-Q2,108,3,FORWARD 1,2,6.EE.A.3,sa,Expand. 4(2y - 1),,,8y - 4,,,
G5:S3-F1-Q3,S3-F1-Q3,109,3,FORWARD 1,3,6.EE.A.3,mc,Which expression is equivalent to 6(a + 2)?,A. 6a + 2 | B. a + 12 | C. 6a + 12 | D. 8a,C,6a + 12,,,
G5:S3-F1-Q4,S3-F1-Q4,110,3,FORWARD 1,4,6.EE.A.3,sa,Factor. 5m + 20,,,5(m + 4),,,
G5:S3-F1-Q5,S3-F1-Q5,111,3,FORWARD 1,5,6.EE.A.3,tf,2(x + 7) = 2x + 7,A. True | B. False,B,False,,,
G5:S3-F2-Q1,S3-F2-Q1,113,3,FORWARD 2,1,7.EE.A.1,sa,Expand. -2(3x - 4),,,-6x + 8,,,
G5:S3-F2-Q2,S3-F2-Q2,114,3,FORWARD 2,2,7.EE.A.1,sa,Expand. (1/2)(6y + 10),,,3y + 5,,,
G5:S3-F2-Q3,S3-F2-Q3,115,3,FORWARD 2,3,7.EE.A.1,mc,Which expression is equivalent to -5(n + 2)?,A. -5n + 2 | B. -5n - 10 | C. -5n + 10 | D. 5n - 10,B,-5n - 10,,,
G5:S3-F2-Q4,S3-F2-Q4,116,3,FORWARD 2,4,7.EE.A.1,sa,Factor out 3. 3x - 12,,,3(x - 4),,,
G5:S3-F2-Q5,S3-F2-Q5,117,3,FORWARD 2,5,7.EE.A.1,tf,0.5(4a - 8) = 2a - 8,A. True | B. False,B,False,,,
G5:S4-M-Q1,S4-M-Q1,120,4,MAIN,1,5.OA.A.2,sa,"Write an expression for ""add 9 and 6, then multiply by 4.""",,,(9 + 6) × 4,,,4 × (9 + 6) is also correct. Parentheses are required.
G5:S4-M-Q2,S4-M-Q2,121,4,MAIN,2,5.OA.A.2,sa,"Write an expression for ""subtract 5 from 30, then divide by 5.""",,,(30 - 5) ÷ 5,,,Parentheses are required.
G5:S4-M-Q3,S4-M-Q3,122,4,MAIN,3,5.OA.A.2,mc,"Which expression shows ""triple the sum of 12 and 8""?",A. 12 + 8 × 3 | B. 3 × 12 + 8 | C. 3 × (12 + 8) | D. (3 + 12) × 8,C,3 × (12 + 8),,,
G5:S4-M-Q4,S4-M-Q4,123,4,MAIN,4,5.OA.A.2,sa,"Write an expression for ""divide 40 by 8, then add 7.""",,,(40 ÷ 8) + 7,,,40 ÷ 8 + 7 is also correct.
G5:S4-M-Q5,S4-M-Q5,124,4,MAIN,5,5.OA.A.2,sa,"Write an expression for ""the product of 6 and the difference of 15 and 9.""",,,6 × (15 - 9),,,(15 - 9) × 6 is also correct.
G5:S4-B1-Q1,S4-B1-Q1,126,4,BACKWARD 1,1,3.OA.A.1,tf,5 × 7 can mean 5 groups of 7.,A. True | B. False,A,True,,,
G5:S4-B1-Q2,S4-B1-Q2,127,4,BACKWARD 1,2,3.OA.A.1,mc,Which expression shows 4 groups of 6?,A. 46 | B. 6 - 4 | C. 4 + 6 | D. 4 × 6,D,4 × 6,,,
G5:S4-B1-Q3,S4-B1-Q3,128,4,BACKWARD 1,3,3.OA.A.1,sa,Write a multiplication expression for 8 groups of 3.,,,8 × 3,,,
G5:S4-B1-Q4,S4-B1-Q4,129,4,BACKWARD 1,4,3.OA.A.1,tf,3 + 3 + 3 + 3 = 3 × 3,A. True | B. False,B,False,,,
G5:S4-B1-Q5,S4-B1-Q5,130,4,BACKWARD 1,5,3.OA.A.1,sa,What is the product of 7 and 5?,,,35,,,
G5:S4-B2-Q1,S4-B2-Q1,132,4,BACKWARD 2,1,3.OA.A.2,tf,15 ÷ 3 can mean 15 shared equally into 3 groups.,A. True | B. False,A,True,,,
G5:S4-B2-Q2,S4-B2-Q2,133,4,BACKWARD 2,2,3.OA.A.2,mc,Which expression shows 20 apples shared equally among 4 bags?,A. 20 × 4 | B. 4 ÷ 20 | C. 20 ÷ 4 | D. 20 - 4,C,20 ÷ 4,,,
G5:S4-B2-Q3,S4-B2-Q3,134,4,BACKWARD 2,3,3.OA.A.2,sa,What is the quotient of 18 and 6?,,,3,,,
G5:S4-B2-Q4,S4-B2-Q4,135,4,BACKWARD 2,4,3.OA.A.2,sa,Write a division expression for 32 split into groups of 8.,,,32 ÷ 8,,,
G5:S4-B2-Q5,S4-B2-Q5,136,4,BACKWARD 2,5,3.OA.A.2,tf,The quotient of 12 and 2 is 24.,A. True | B. False,B,False,,,
G5:S4-B3-Q1,S4-B3-Q1,138,4,BACKWARD 3,1,2.OA.A.1,sa,What is the sum of 14 and 9?,,,23,,,
G5:S4-B3-Q2,S4-B3-Q2,139,4,BACKWARD 3,2,2.OA.A.1,sa,What is the difference of 20 and 7?,,,13,,,
G5:S4-B3-Q3,S4-B3-Q3,140,4,BACKWARD 3,3,2.OA.A.1,tf,The difference of 15 and 6 is 21.,A. True | B. False,B,False,,,
G5:S4-B3-Q4,S4-B3-Q4,141,4,BACKWARD 3,4,2.OA.A.1,mc,Which word names the answer to an addition problem?,A. Difference | B. Quotient | C. Product | D. Sum,D,Sum,,,
G5:S4-B3-Q5,S4-B3-Q5,142,4,BACKWARD 3,5,2.OA.A.1,sa,"Write an expression for ""7 more than 25.""",,,25 + 7,,,7 + 25 is also correct.
G5:S4-F1-Q1,S4-F1-Q1,144,4,FORWARD 1,1,6.EE.A.2.a,sa,"Write an expression for ""the sum of n and 8, times 3.""",,,3(n + 8),,,
G5:S4-F1-Q2,S4-F1-Q2,145,4,FORWARD 1,2,6.EE.A.2.a,sa,"Write an expression for ""y divided by 5, then minus 2.""",,,y ÷ 5 - 2,,,y/5 - 2 is also correct.
G5:S4-F1-Q3,S4-F1-Q3,146,4,FORWARD 1,3,6.EE.A.2.a,mc,"Which expression means ""4 less than the product of 2 and x""?",A. 4 - 2x | B. 2x - 4 | C. 2(x - 4) | D. 2 + x - 4,B,2x - 4,,,
G5:S4-F1-Q4,S4-F1-Q4,147,4,FORWARD 1,4,6.EE.A.2.a,sa,"Write an expression for ""twice the difference of m and 6.""",,,2(m - 6),,,
G5:S4-F1-Q5,S4-F1-Q5,148,4,FORWARD 1,5,6.EE.A.2.a,tf,"""9 more than k"" can be written as k + 9.",A. True | B. False,A,True,,,
G5:S4-F2-Q1,S4-F2-Q1,150,4,FORWARD 2,1,7.EE.B.4.a,sa,Three times the sum of a number and 4 is 27. Write and solve an equation to find the number.,,,3(n + 4) = 27; n = 5,,,
G5:S4-F2-Q2,S4-F2-Q2,151,4,FORWARD 2,2,7.EE.B.4.a,sa,"Half of a number, minus 6, is 10. Write and solve an equation to find the number.",,,(1/2)n - 6 = 10; n = 32,,,
G5:S4-F2-Q3,S4-F2-Q3,152,4,FORWARD 2,3,7.EE.B.4.a,mc,"Which equation represents ""2 less than 5 times a number is 33""?",A. 5n + 2 = 33 | B. 5n - 2 = 33 | C. 2 - 5n = 33 | D. 5(n - 2) = 33,B,5n - 2 = 33,,,
G5:S4-F2-Q4,S4-F2-Q4,153,4,FORWARD 2,4,7.EE.B.4.a,sa,"A number divided by 4, plus 3, is 9. Write and solve an equation to find the number.",,,n ÷ 4 + 3 = 9; n = 24,,,
G5:S4-F2-Q5,S4-F2-Q5,154,4,FORWARD 2,5,7.EE.B.4.a,tf,The solution of 2(x + 3) = 18 is x = 7.,A. True | B. False,B,False,,,
G5:S5-M-Q1,S5-M-Q1,157,5,MAIN,1,5.OA.A.2,mc,How does 4 × (563 + 218) compare to 563 + 218?,A. It is 4 more. | B. It is 4 times as large. | C. It is 4 less. | D. It is one-fourth as large.,B,It is 4 times as large.,,,
G5:S5-M-Q2,S5-M-Q2,158,5,MAIN,2,5.OA.A.2,tf,"(7,215 - 1,005) ÷ 5 is one-fifth as large as 7,215 - 1,005.",A. True | B. False,A,True,,,
G5:S5-M-Q3,S5-M-Q3,159,5,MAIN,3,5.OA.A.2,sa,"Without calculating, how many times as large is 9 × (48 + 27) as 48 + 27?",,,9,,,
G5:S5-M-Q4,S5-M-Q4,160,5,MAIN,4,5.OA.A.2,mc,Which expression is twice as large as 356 × 12?,A. (356 + 2) × 12 | B. 356 × 12 + 2 | C. 356 × 14 | D. 2 × (356 × 12),D,2 × (356 × 12),,,
G5:S5-M-Q5,S5-M-Q5,161,5,MAIN,5,5.OA.A.2,tf,6 × 25 + 4 is 6 times as large as 25 + 4.,A. True | B. False,B,False,,,
G5:S5-B1-Q1,S5-B1-Q1,163,5,BACKWARD 1,1,4.OA.A.1,tf,35 is 5 times as many as 7.,A. True | B. False,A,True,,,
G5:S5-B1-Q2,S5-B1-Q2,164,5,BACKWARD 1,2,4.OA.A.1,sa,Fill in the blank. 48 is ___ times as many as 6.,,,8,,,
G5:S5-B1-Q3,S5-B1-Q3,165,5,BACKWARD 1,3,4.OA.A.1,mc,"Which equation shows ""36 is 4 times as many as 9""?",A. 9 = 4 × 36 | B. 36 = 4 + 9 | C. 36 - 9 = 4 | D. 36 = 4 × 9,D,36 = 4 × 9,,,
G5:S5-B1-Q4,S5-B1-Q4,166,5,BACKWARD 1,4,4.OA.A.1,tf,30 is 3 times as many as 27.,A. True | B. False,B,False,,,
G5:S5-B1-Q5,S5-B1-Q5,167,5,BACKWARD 1,5,4.OA.A.1,sa,Tom has 6 cards. Ana has 3 times as many cards. How many cards does Ana have?,,,18,,,
G5:S5-B2-Q1,S5-B2-Q1,169,5,BACKWARD 2,1,3.OA.A.1,tf,3 × (4 + 1) means 3 groups of (4 + 1).,A. True | B. False,A,True,,,
G5:S5-B2-Q2,S5-B2-Q2,170,5,BACKWARD 2,2,3.OA.A.1,mc,Which expression means 6 groups of (10 + 2)?,A. 6 × (10 + 2) | B. (6 + 10) × 2 | C. 6 × 10 + 2 | D. 6 + (10 + 2),A,6 × (10 + 2),,,
G5:S5-B2-Q3,S5-B2-Q3,171,5,BACKWARD 2,3,3.OA.A.1,sa,How many groups of (5 + 4) are in 7 × (5 + 4)?,,,7,,,
G5:S5-B2-Q4,S5-B2-Q4,172,5,BACKWARD 2,4,3.OA.A.1,tf,2 × (8 + 1) = (8 + 1) + 2,A. True | B. False,B,False,,,
G5:S5-B2-Q5,S5-B2-Q5,173,5,BACKWARD 2,5,3.OA.A.1,sa,Write 4 groups of 9 as a multiplication expression.,,,4 × 9,,,
G5:S5-B3-Q1,S5-B3-Q1,175,5,BACKWARD 3,1,3.OA.A.2,tf,12 shared equally among 3 people is 4 each.,A. True | B. False,A,True,,,
G5:S5-B3-Q2,S5-B3-Q2,176,5,BACKWARD 3,2,3.OA.A.2,sa,A 20-inch ribbon is cut into 5 equal pieces. How long is each piece?,,,4 inches,,,
G5:S5-B3-Q3,S5-B3-Q3,177,5,BACKWARD 3,3,3.OA.A.2,mc,Which expression finds one of 4 equal shares of 28?,A. 28 - 4 | B. 28 ÷ 4 | C. 28 × 4 | D. 4 ÷ 28,B,28 ÷ 4,,,
G5:S5-B3-Q4,S5-B3-Q4,178,5,BACKWARD 3,4,3.OA.A.2,tf,Dividing a number by 2 splits it into 2 equal shares.,A. True | B. False,A,True,,,
G5:S5-B3-Q5,S5-B3-Q5,179,5,BACKWARD 3,5,3.OA.A.2,sa,30 crayons are shared equally among 6 children. How many crayons does each child get?,,,5,,,
G5:S5-F1-Q1,S5-F1-Q1,181,5,FORWARD 1,1,6.EE.A.2.b,mc,"In 5(x + 2), what is 5?",A. A term of x + 2 | B. A quotient | C. A sum | D. A factor,D,A factor,,,
G5:S5-F1-Q2,S5-F1-Q2,182,5,FORWARD 1,2,6.EE.A.2.b,sa,How many terms are in 4a + 7b - 1?,,,3,,,
G5:S5-F1-Q3,S5-F1-Q3,183,5,FORWARD 1,3,6.EE.A.2.b,sa,What is the coefficient of m in 9m + 4?,,,9,,,
G5:S5-F1-Q4,S5-F1-Q4,184,5,FORWARD 1,4,6.EE.A.2.b,tf,"In 3(y + 6), the quantity (y + 6) is a sum of two terms.",A. True | B. False,A,True,,,
G5:S5-F1-Q5,S5-F1-Q5,185,5,FORWARD 1,5,6.EE.A.2.b,mc,What is the expression 12 ÷ (n + 1) called?,A. A coefficient | B. A quotient | C. A sum | D. A product,B,A quotient,,,
G5:S5-F2-Q1,S5-F2-Q1,187,5,FORWARD 2,1,7.EE.A.2,mc,A price p is increased by 5%. Which expression shows the new price?,A. 0.05p | B. 1.05p | C. 5p | D. p + 5,B,1.05p,,,
G5:S5-F2-Q2,S5-F2-Q2,188,5,FORWARD 2,2,7.EE.A.2,tf,x + 0.3x = 0.4x,A. True | B. False,B,False,,,
G5:S5-F2-Q3,S5-F2-Q3,189,5,FORWARD 2,3,7.EE.A.2,sa,Write n - 0.4n as one term.,,,0.6n,,,
G5:S5-F2-Q4,S5-F2-Q4,190,5,FORWARD 2,4,7.EE.A.2,mc,Which expression is equivalent to 2(3t)?,A. 5t | B. 2t + 3t | C. 6t | D. 3t + 2,C,6t,,,
G5:S5-F2-Q5,S5-F2-Q5,191,5,FORWARD 2,5,7.EE.A.2,sa,"A sale price is 0.75p, where p is the original price. What percent of the original price is taken off?",,,25%,,,
G5:S6-M-Q1,S6-M-Q1,194,6,MAIN,1,5.OA.B.3,sa,Pattern A starts at 0 and adds 6. Pattern B starts at 0 and adds 18. Write the first 5 terms of each pattern.,,,"Pattern A: 0, 6, 12, 18, 24; Pattern B: 0, 18, 36, 54, 72",,,
G5:S6-M-Q2,S6-M-Q2,195,6,MAIN,2,5.OA.B.3,mc,"Pattern A: 0, 4, 8, 12, 16 Pattern B: 0, 12, 24, 36, 48 How does each term in Pattern B compare to the matching term in Pattern A?",A. 8 more | B. 12 more | C. 4 times as large | D. 3 times as large,D,3 times as large,,,
G5:S6-M-Q3,S6-M-Q3,196,6,MAIN,3,5.OA.B.3,sa,Pattern A starts at 0 and adds 5. Pattern B starts at 0 and adds 10. What is the 6th term of each pattern?,,,Pattern A: 25; Pattern B: 50,,,
G5:S6-M-Q4,S6-M-Q4,197,6,MAIN,4,5.OA.B.3,tf,Pattern A starts at 0 and adds 2. Pattern B starts at 0 and adds 8. Each term in Pattern B is 4 times the matching term in Pattern A.,A. True | B. False,A,True,,,
G5:S6-M-Q5,S6-M-Q5,198,6,MAIN,5,5.OA.B.3,sa,"Pattern A starts at 0 and adds 7. Pattern B starts at 0 and adds 21. When Pattern A is 28, what is the matching term in Pattern B?",,,84,,,
G5:S6-B1-Q1,S6-B1-Q1,200,6,BACKWARD 1,1,4.OA.C.5,sa,"The rule is ""add 6."" The pattern starts at 0. Write the first five terms.",,,"0, 6, 12, 18, 24",,,
G5:S6-B1-Q2,S6-B1-Q2,201,6,BACKWARD 1,2,4.OA.C.5,tf,"The rule ""add 4,"" starting at 0, gives 0, 4, 8, 16.",A. True | B. False,B,False,,,
G5:S6-B1-Q3,S6-B1-Q3,202,6,BACKWARD 1,3,4.OA.C.5,mc,"What is the rule for the pattern? 0, 9, 18, 27, 36",A. Add 9 | B. Add 18 | C. Multiply by 9 | D. Add 8,A,Add 9,,,
G5:S6-B1-Q4,S6-B1-Q4,203,6,BACKWARD 1,4,4.OA.C.5,sa,"The rule is ""add 11."" The pattern starts at 0. What is the 4th term?",,,33,,,
G5:S6-B1-Q5,S6-B1-Q5,204,6,BACKWARD 1,5,4.OA.C.5,sa,"What comes next? 0, 15, 30, 45, ___",,,60,,,
G5:S6-B2-Q1,S6-B2-Q1,206,6,BACKWARD 2,1,3.OA.C.7,sa,Multiply. 4 × 7,,,28,,,
G5:S6-B2-Q2,S6-B2-Q2,207,6,BACKWARD 2,2,3.OA.C.7,tf,6 × 8 = 42,A. True | B. False,B,False,,,
G5:S6-B2-Q3,S6-B2-Q3,208,6,BACKWARD 2,3,3.OA.C.7,mc,What number times 3 equals 24?,A. 8 | B. 7 | C. 21 | D. 6,A,8,,,
G5:S6-B2-Q4,S6-B2-Q4,209,6,BACKWARD 2,4,3.OA.C.7,sa,Multiply. 5 × 9,,,45,,,
G5:S6-B2-Q5,S6-B2-Q5,210,6,BACKWARD 2,5,3.OA.C.7,sa,What number times 6 equals 42?,,,7,,,
G5:S6-F1-Q1,S6-F1-Q1,212,6,FORWARD 1,1,6.EE.C.9,sa,Each box holds 6 cans. Write an equation for the number of cans c in b boxes.,,,c = 6b,,,
G5:S6-F1-Q2,S6-F1-Q2,213,6,FORWARD 1,2,6.EE.C.9,mc,"In c = 6b, which variable is the dependent variable?",A. b | B. c | C. 6 | D. Neither,B,c,,,
G5:S6-F1-Q3,S6-F1-Q3,214,6,FORWARD 1,3,6.EE.C.9,sa,Write an equation for y in terms of x.,,,y = 5x,,,
G5:S6-F1-Q4,S6-F1-Q4,215,6,FORWARD 1,4,6.EE.C.9,tf,"In y = x + 4, y is the independent variable.",A. True | B. False,B,False,,,
G5:S6-F1-Q5,S6-F1-Q5,216,6,FORWARD 1,5,6.EE.C.9,sa,A plant grows 2 cm each week. Write an equation for its growth g after w weeks.,,,g = 2w,,,
G5:S6-F2-Q1,S6-F2-Q1,218,6,FORWARD 2,1,7.RP.A.2.c,sa,Pencils cost $0.35 each. Write an equation for the cost c of n pencils.,,,c = 0.35n,,,
G5:S6-F2-Q2,S6-F2-Q2,219,6,FORWARD 2,2,7.RP.A.2.c,sa,The table shows a proportional relationship. Write an equation for y in terms of x.,,,y = 2.5x,,,
G5:S6-F2-Q3,S6-F2-Q3,220,6,FORWARD 2,3,7.RP.A.2.c,mc,Which equation represents a proportional relationship?,A. y = 1.5 | B. y = x + 1.5 | C. y = 1.5x + 2 | D. y = 1.5x,D,y = 1.5x,,,
G5:S6-F2-Q4,S6-F2-Q4,221,6,FORWARD 2,4,7.RP.A.2.c,sa,A train travels 150 miles in 2 hours at a constant speed. Write an equation for the distance d after t hours.,,,d = 75t,,,
G5:S6-F2-Q5,S6-F2-Q5,222,6,FORWARD 2,5,7.RP.A.2.c,tf,y = (3/4)x represents a proportional relationship.,A. True | B. False,A,True,,,
G5:S58-M-Q1,S58-M-Q1,225,58,MAIN,1,5.OA.B.3,sa,Pattern A starts at 0 and adds 4. Pattern B starts at 0 and adds 8. Each term in Pattern B is twice the matching term in Pattern A. Explain why.,,,"Both patterns start at 0 and take the same number of steps, and B adds 8, which is 2 × 4, at every step, so B has always added twice as much as A.",,,"Must connect the rule amounts (8 is twice 4) to the same start (0) and the same number of steps. Only restating ""B is double A"" or checking a few terms is not a full explanation."
G5:S58-M-Q2,S58-M-Q2,226,58,MAIN,2,5.OA.B.3,mc,Pattern A starts at 0 and adds 3. Pattern B starts at 0 and adds 15. Why is each term in Pattern B 5 times the matching term in Pattern A?,"A. Both start at 0, and B adds 5 times as much as A at every step. | B. Pattern B starts 5 higher than Pattern A. | C. Pattern B has 5 more terms than Pattern A. | D. Each term in B is 12 more than the matching term in A.",A,"Both start at 0, and B adds 5 times as much as A at every step.",,,
G5:S58-M-Q3,S58-M-Q3,227,58,MAIN,3,5.OA.B.3,tf,Pattern A starts at 0 and adds 2. Pattern B starts at 0 and adds 6. Each term in B is 3 times the matching term in A because B adds 3 times as much at every step.,A. True | B. False,A,True,,,
G5:S58-M-Q4,S58-M-Q4,228,58,MAIN,4,5.OA.B.3,tf,Pattern A starts at 1 and adds 2. Pattern B starts at 1 and adds 4. Each term in Pattern B is twice the matching term in Pattern A.,A. True | B. False,B,False,,,
G5:S58-M-Q5,S58-M-Q5,229,58,MAIN,5,5.OA.B.3,sa,"Pattern A starts at 0 and adds 5. Pattern B starts at 0 and adds 20. Without listing the terms, how does the 10th term of B compare with the 10th term of A? Explain.",,,B's 10th term is 4 times A's 10th term (180 and 45).,,,"Explanation: both start at 0 and reach the 10th term after the same 9 steps; B adds 20 and A adds 5 each step, and 20 is 4 × 5, so B has added 4 times as much. The values 180 and 45 are not required."
G5:S58-B1-Q1,S58-B1-Q1,231,58,BACKWARD 1,1,4.OA.C.5,tf,"The rule is ""add 2,"" starting at 1. Every term is odd.",A. True | B. False,A,True,,,
G5:S58-B1-Q2,S58-B1-Q2,232,58,BACKWARD 1,2,4.OA.C.5,mc,"The rule is ""add 4,"" starting at 0. Which is true of every term?",A. It is a multiple of 4. | B. It is odd. | C. It ends in 4. | D. It is a multiple of 8.,A,It is a multiple of 4.,,,
G5:S58-B1-Q3,S58-B1-Q3,233,58,BACKWARD 1,3,4.OA.C.5,sa,"The rule is ""add 10,"" starting at 5. What do you notice about the ones digit of every term?",,,The ones digit is always 5.,,,Accept any statement that every term ends in 5.
G5:S58-B1-Q4,S58-B1-Q4,234,58,BACKWARD 1,4,4.OA.C.5,tf,"The rule is ""add 5,"" starting at 0. The terms alternate between ending in 0 and ending in 5.",A. True | B. False,A,True,,,
G5:S58-B1-Q5,S58-B1-Q5,235,58,BACKWARD 1,5,4.OA.C.5,mc,"The rule is ""add 3,"" starting at 1: 1, 4, 7, 10, 13. Which describes the terms?","A. They alternate odd, even, odd, even. | B. They are all odd. | C. They are all even. | D. They are all multiples of 3.",A,"They alternate odd, even, odd, even.",,,
G5:S58-B2-Q1,S58-B2-Q1,237,58,BACKWARD 2,1,3.OA.D.9,tf,Every product in the 4s row of the multiplication table is even.,A. True | B. False,A,True,,,
G5:S58-B2-Q2,S58-B2-Q2,238,58,BACKWARD 2,2,3.OA.D.9,mc,"Why is each product in the 6s row twice the product in the 3s row, in the same column?","A. 6 is 2 × 3, so 6 × n is 2 × (3 × n). | B. 6 is 3 more than 3. | C. The 6s row has twice as many products. | D. Products in later rows are always even.",A,"6 is 2 × 3, so 6 × n is 2 × (3 × n).",,,
G5:S58-B2-Q3,S58-B2-Q3,239,58,BACKWARD 2,3,3.OA.D.9,tf,Every product in the 5s row ends in 5.,A. True | B. False,B,False,,,
G5:S58-B2-Q4,S58-B2-Q4,240,58,BACKWARD 2,4,3.OA.D.9,sa,"The 2s row is 2, 4, 6, 8, 10, ... What is the same about every product?",,,They are all even.,,,"Accept ""even"", ""multiples of 2"", or ""end in 0, 2, 4, 6 or 8""."
G5:S58-B2-Q5,S58-B2-Q5,241,58,BACKWARD 2,5,3.OA.D.9,tf,"In the 9s row, 9 × 4 is 9 more than 9 × 3.",A. True | B. False,A,True,,,
G5:S58-F1-Q1,S58-F1-Q1,243,58,FORWARD 1,1,6.EE.C.9,sa,Write an equation for y in terms of x. Explain how the table shows it.,,,y = 7x,,,"Explanation: each y-value is 7 times its x-value (or y increases by 7 when x increases by 1, starting from 0)."
G5:S58-F1-Q2,S58-F1-Q2,244,58,FORWARD 1,2,6.EE.C.9,mc,"Each time x increases by 1, y increases by 5, and y is 0 when x is 0. Which equation fits?",A. y = 5x | B. y = 5 | C. y = x + 5 | D. x = 5y,A,y = 5x,,,
G5:S58-F1-Q3,S58-F1-Q3,245,58,FORWARD 1,3,6.EE.C.9,tf,"In y = x + 3, each y-value is 3 times its x-value.",A. True | B. False,B,False,,,
G5:S58-F1-Q4,S58-F1-Q4,246,58,FORWARD 1,4,6.EE.C.9,sa,A gym charges $9 for each class. Write an equation for the cost c of n classes.,,,c = 9n,,,
G5:S58-F1-Q5,S58-F1-Q5,247,58,FORWARD 1,5,6.EE.C.9,tf,"For y = 4x, when x doubles, y also doubles.",A. True | B. False,A,True,,,
G5:S58-F2-Q1,S58-F2-Q1,249,58,FORWARD 2,1,7.RP.A.2.b,sa,The table shows a proportional relationship. What is the constant of proportionality?,,,3,,,
G5:S58-F2-Q2,S58-F2-Q2,250,58,FORWARD 2,2,7.RP.A.2.b,mc,What is the constant of proportionality in y = 0.6x?,A. 0.6 | B. 0 | C. 6 | D. 1.6,A,0.6,,,
G5:S58-F2-Q3,S58-F2-Q3,251,58,FORWARD 2,3,7.RP.A.2.b,tf,"In the table x: 4, 6, 10 and y: 2, 3, 5, the constant of proportionality is 2.",A. True | B. False,B,False,,,
G5:S58-F2-Q4,S58-F2-Q4,252,58,FORWARD 2,4,7.RP.A.2.b,sa,"A car travels 50 miles on every 2 gallons of gas. What is the constant of proportionality, in miles per gallon?",,,25,,,
G5:S58-F2-Q5,S58-F2-Q5,253,58,FORWARD 2,5,7.RP.A.2.b,tf,"A proportional relationship graphs as a line through (0, 0) and (1, 7). Its constant of proportionality is 7.",A. True | B. False,A,True,,,
G5:S7-M-Q1,S7-M-Q1,256,7,MAIN,1,5.OA.B.3,plot,Pattern A (x): start at 0 and add 1. Pattern B (y): start at 0 and add 2. Graph the ordered pairs for the first 5 terms.,,,"Points plotted at (0, 0), (1, 2), (2, 4), (3, 6), (4, 8)",,,
G5:S7-M-Q2,S7-M-Q2,257,7,MAIN,2,5.OA.B.3,plot,Graph the ordered pairs from the two patterns.,,,"Points plotted at (0, 0), (2, 3), (4, 6), (6, 9)",,,
G5:S7-M-Q3,S7-M-Q3,258,7,MAIN,3,5.OA.B.3,sa,"Pattern A starts at 0 and adds 3. Pattern B starts at 0 and adds 9. Write the first four ordered pairs (A, B).",,,"(0, 0), (3, 9), (6, 18), (9, 27)",,,
G5:S7-M-Q4,S7-M-Q4,259,7,MAIN,4,5.OA.B.3,mc,The points come from two patterns. Which statement is true?,A. The y-values increase by 1 each time. | B. Each y-value is 4 times its x-value. | C. Each x-value is 4 times its y-value. | D. Each y-value is 4 more than its x-value.,B,Each y-value is 4 times its x-value.,,,
G5:S7-M-Q5,S7-M-Q5,260,7,MAIN,5,5.OA.B.3,plot,Pattern A (x): start at 0 and add 2. Pattern B (y): start at 0 and add 1. Graph the ordered pairs for the first 4 terms.,,,"Points plotted at (0, 0), (2, 1), (4, 2), (6, 3)",,,
G5:S7-B1-Q1,S7-B1-Q1,262,7,BACKWARD 1,1,4.OA.C.5,sa,"The rule is ""add 3."" The pattern starts at 0. What is the 5th term?",,,12,,,
G5:S7-B1-Q2,S7-B1-Q2,263,7,BACKWARD 1,2,4.OA.C.5,tf,"The pattern 0, 5, 10, 15 follows the rule ""add 5.""",A. True | B. False,A,True,,,
G5:S7-B1-Q3,S7-B1-Q3,264,7,BACKWARD 1,3,4.OA.C.5,mc,"Which pattern follows the rule ""add 2,"" starting at 0?","A. 0, 2, 4, 6 | B. 2, 4, 6, 8 | C. 0, 1, 2, 3 | D. 0, 2, 4, 8",A,"0, 2, 4, 6",,,
G5:S7-B1-Q4,S7-B1-Q4,265,7,BACKWARD 1,4,4.OA.C.5,sa,"What is the rule for the pattern? 0, 8, 16, 24",,,Add 8,,,
G5:S7-B1-Q5,S7-B1-Q5,266,7,BACKWARD 1,5,4.OA.C.5,sa,"The rule is ""add 10."" The pattern starts at 0. What is the 6th term?",,,50,,,
G5:S7-B3-Q1,S7-B3-Q1,268,7,BACKWARD 3,1,3.MD.B.3,mc,How many books does each grid line on the scale stand for?,A. 4 | B. 1 | C. 12 | D. 2,D,2,,,
G5:S7-B3-Q2,S7-B3-Q2,269,7,BACKWARD 3,2,3.MD.B.3,sa,How many books were read on Tuesday?,,,10,,,
G5:S7-B3-Q3,S7-B3-Q3,270,7,BACKWARD 3,3,3.MD.B.3,sa,How many votes did Green get?,,,25,,,
G5:S7-B3-Q4,S7-B3-Q4,271,7,BACKWARD 3,4,3.MD.B.3,sa,How many more books were read on Tuesday than on Wednesday?,,,6,,,
G5:S7-B3-Q5,S7-B3-Q5,272,7,BACKWARD 3,5,3.MD.B.3,tf,Red got 5 more votes than Yellow.,A. True | B. False,A,True,,,
G5:S7-B4-Q1,S7-B4-Q1,274,7,BACKWARD 4,1,2.MD.B.6,sa,What number is at point A?,,,6,,,
G5:S7-B4-Q2,S7-B4-Q2,275,7,BACKWARD 4,2,2.MD.B.6,tf,From 0 to 4 on this number line there are 4 equal spaces.,A. True | B. False,A,True,,,
G5:S7-B4-Q3,S7-B4-Q3,276,7,BACKWARD 4,3,2.MD.B.6,mc,The spaces on a number line are equal and each stands for 1. Which number is 3 spaces to the right of 5?,A. 8 | B. 2 | C. 53 | D. 15,A,8,,,
G5:S7-B4-Q4,S7-B4-Q4,277,7,BACKWARD 4,4,2.MD.B.6,sa,What number is at point B?,,,14,,,
G5:S7-B4-Q5,S7-B4-Q5,278,7,BACKWARD 4,5,2.MD.B.6,tf,"On a number line, 9 is to the left of 6.",A. True | B. False,B,False,,,
G5:S7-F1-Q1,S7-F1-Q1,280,7,FORWARD 1,1,6.RP.A.3.a,plot,Plot the pairs of values from the ratio table on the coordinate plane.,,,"Points plotted at (1, 2), (2, 4), (3, 6)",,,
G5:S7-F1-Q2,S7-F1-Q2,281,7,FORWARD 1,2,6.RP.A.3.a,sa,The table shows equivalent ratios. Find the missing value.,,,15,,,
G5:S7-F1-Q3,S7-F1-Q3,282,7,FORWARD 1,3,6.RP.A.3.a,mc,Which point comes from the ratio table?,"A. (2, 6) | B. (12, 2) | C. (2, 12) | D. (3, 12)",C,"(2, 12)",,,
G5:S7-F1-Q4,S7-F1-Q4,283,7,FORWARD 1,4,6.RP.A.3.a,plot,Plot the pairs of values from the ratio table on the coordinate plane.,,,"Points plotted at (1, 8), (2, 16), (3, 24), (4, 32)",,,
G5:S7-F1-Q5,S7-F1-Q5,284,7,FORWARD 1,5,6.RP.A.3.a,tf,"The points (1, 3), (2, 6), and (3, 9) come from a ratio table with the ratio 1 : 3.",A. True | B. False,A,True,,,
G5:S7-F2-Q1,S7-F2-Q1,286,7,FORWARD 2,1,7.RP.A.2.a,tf,"The points lie on a straight line through the origin, so the relationship is proportional.",A. True | B. False,A,True,,,
G5:S7-F2-Q2,S7-F2-Q2,287,7,FORWARD 2,2,7.RP.A.2.a,mc,Which statement about the graph is true?,"A. It is not proportional because the line does not pass through (0, 0). | B. It is not proportional because the points are not on a line. | C. It is proportional because the points are on a line. | D. It is proportional because y increases by 2.",A,"It is not proportional because the line does not pass through (0, 0).",,,
G5:S7-F2-Q3,S7-F2-Q3,288,7,FORWARD 2,3,7.RP.A.2.a,plot_text,"Graph the pairs (1, 4), (2, 8), and (3, 12). Is the relationship proportional? Explain using your graph.",,,"Yes; the points lie on a straight line through (0, 0)","Points plotted at (1, 4), (2, 8) and (3, 12)",,"Grade the drawing and the written answer. Drawing: all three points at the correct places. Written: ""yes"" (proportional) with a reason from the graph: the points are on a straight line that passes through the origin (or each y is 4 times its x)."
G5:S7-F2-Q4,S7-F2-Q4,289,7,FORWARD 2,4,7.RP.A.2.a,tf,"The points (1, 2), (2, 5), and (3, 8) show a proportional relationship.",A. True | B. False,B,False,,,
G5:S7-F2-Q5,S7-F2-Q5,290,7,FORWARD 2,5,7.RP.A.2.a,mc,Which set of points shows a proportional relationship?,"A. (1, 1), (2, 4), (3, 9) | B. (1, 2), (2, 3), (3, 4) | C. (0, 3), (1, 6), (2, 9) | D. (2, 5), (4, 10), (6, 15)",D,"(2, 5), (4, 10), (6, 15)",,,
G5:S8-M-Q1,S8-M-Q1,293,8,MAIN,1,5.NBT.A.1,mc,"In 5,550, how does the value of the 5 in the hundreds place compare to the value of the 5 in the tens place?",A. It is 100 times as much. | B. It is 10 times as much. | C. It is the same. | D. It is 1/10 as much.,B,It is 10 times as much.,,,
G5:S8-M-Q2,S8-M-Q2,294,8,MAIN,2,5.NBT.A.1,sa,"In 3.33, the first 3 is in the ones place and the second 3 is in the tenths place. How many times as much is the first 3 worth as the second 3?",,,10,,,
G5:S8-M-Q3,S8-M-Q3,295,8,MAIN,3,5.NBT.A.1,tf,"In 0.77, the 7 in the tenths place is worth 10 times as much as the 7 in the hundredths place.",A. True | B. False,A,True,,,
G5:S8-M-Q4,S8-M-Q4,296,8,MAIN,4,5.NBT.A.1,sa,"Find the value of the 4 in 642.18 and the value of the 4 in 6,421.8. How many times as much is the second 4 worth?",,,40; 400; 10 times as much,,,
G5:S8-M-Q5,S8-M-Q5,297,8,MAIN,5,5.NBT.A.1,mc,In which number is the 6 worth 10 times as much as the 6 in 3.6?,A. 0.36 | B. 3.06 | C. 46.1 | D. 60.3,C,46.1,,,
G5:S8-B1-Q1,S8-B1-Q1,299,8,BACKWARD 1,1,4.NBT.A.1,tf,"In 880, the 8 in the hundreds place is worth 10 times as much as the 8 in the tens place.",A. True | B. False,A,True,,,
G5:S8-B1-Q2,S8-B1-Q2,300,8,BACKWARD 1,2,4.NBT.A.1,sa,"What is the value of the 7 in 2,740?",,,700,,,
G5:S8-B1-Q3,S8-B1-Q3,301,8,BACKWARD 1,3,4.NBT.A.1,mc,Which number is 10 times as much as 60?,"A. 600 | B. 6,000 | C. 70 | D. 6",A,600,,,
G5:S8-B1-Q4,S8-B1-Q4,302,8,BACKWARD 1,4,4.NBT.A.1,sa,How many tens are in 1 hundred?,,,10,,,
G5:S8-B1-Q5,S8-B1-Q5,303,8,BACKWARD 1,5,4.NBT.A.1,tf,70 is 10 times as much as 7.,A. True | B. False,A,True,,,
G5:S8-B2-Q1,S8-B2-Q1,305,8,BACKWARD 2,1,4.NF.C.6,sa,Write 3/10 as a decimal.,,,0.3,,,
G5:S8-B2-Q2,S8-B2-Q2,306,8,BACKWARD 2,2,4.NF.C.6,sa,Write 47/100 as a decimal.,,,0.47,,,
G5:S8-B2-Q3,S8-B2-Q3,307,8,BACKWARD 2,3,4.NF.C.6,tf,0.6 = 6/100,A. True | B. False,B,False,,,
G5:S8-B2-Q4,S8-B2-Q4,308,8,BACKWARD 2,4,4.NF.C.6,mc,Which decimal shows 5 hundredths?,A. 0.5 | B. 0.05 | C. 0.005 | D. 5.0,B,0.05,,,
G5:S8-B2-Q5,S8-B2-Q5,309,8,BACKWARD 2,5,4.NF.C.6,sa,What decimal does the shaded part of the grid show?,,,0.23,,,
G5:S8-B3-Q1,S8-B3-Q1,311,8,BACKWARD 3,1,4.NF.C.5,tf,1/10 = 10/100,A. True | B. False,A,True,,,
G5:S8-B3-Q2,S8-B3-Q2,312,8,BACKWARD 3,2,4.NF.C.5,sa,How many hundredths are in 1 tenth?,,,10,,,
G5:S8-B3-Q3,S8-B3-Q3,313,8,BACKWARD 3,3,4.NF.C.5,mc,Which fraction is equal to 4/10?,A. 4/100 | B. 400/100 | C. 14/100 | D. 40/100,D,40/100,,,
G5:S8-B3-Q4,S8-B3-Q4,314,8,BACKWARD 3,4,4.NF.C.5,sa,Find the missing number. 7/10 = (?)/100,,,70,,,
G5:S8-B3-Q5,S8-B3-Q5,315,8,BACKWARD 3,5,4.NF.C.5,tf,3/10 + 5/100 = 35/100,A. True | B. False,A,True,,,
G5:S8-F1-Q1,S8-F1-Q1,317,8,FORWARD 1,1,6.NS.B.3,sa,Add. 27.6 + 4.38,,,31.98,,,
G5:S8-F1-Q2,S8-F1-Q2,318,8,FORWARD 1,2,6.NS.B.3,sa,Subtract. 50.2 - 7.65,,,42.55,,,
G5:S8-F1-Q3,S8-F1-Q3,319,8,FORWARD 1,3,6.NS.B.3,mc,Multiply. 1.2 × 0.4,A. 4.8 | B. 0.48 | C. 0.048 | D. 1.6,B,0.48,,,
G5:S8-F1-Q4,S8-F1-Q4,320,8,FORWARD 1,4,6.NS.B.3,sa,Divide. 7.5 ÷ 2.5,,,3,,,
G5:S8-F1-Q5,S8-F1-Q5,321,8,FORWARD 1,5,6.NS.B.3,tf,0.3 × 0.3 = 0.9,A. True | B. False,B,False,,,
G5:S8-F2-Q1,S8-F2-Q1,323,8,FORWARD 2,1,7.NS.A.3,sa,A diver at -4.5 m descends 2.25 m. What is the diver's new position?,,,-6.75 m,,,
G5:S8-F2-Q2,S8-F2-Q2,324,8,FORWARD 2,2,7.NS.A.3,sa,The temperature was 3.5°F. It fell 6.2°F. What is the new temperature?,,,-2.7°F,,,
G5:S8-F2-Q3,S8-F2-Q3,325,8,FORWARD 2,3,7.NS.A.3,mc,A stock's value changed by -$0.75 each day for 4 days. What was the total change?,A. -$0.30 | B. -$4.75 | C. $3.00 | D. -$3.00,D,-$3.00,,,
G5:S8-F2-Q4,S8-F2-Q4,326,8,FORWARD 2,4,7.NS.A.3,sa,A bank balance of -$12.40 increases by $20.00. What is the new balance?,,,$7.60,,,
G5:S8-F2-Q5,S8-F2-Q5,327,8,FORWARD 2,5,7.NS.A.3,tf,-1.5 × 4 = 6,A. True | B. False,B,False,,,
G5:S9-M-Q1,S9-M-Q1,330,9,MAIN,1,5.NBT.A.1,tf,"In 44.4, the 4 in the tenths place is worth 1/10 of the 4 in the ones place.",A. True | B. False,A,True,,,
G5:S9-M-Q2,S9-M-Q2,331,9,MAIN,2,5.NBT.A.1,mc,"In 2.22, the 2 in the hundredths place is worth what part of the 2 in the tenths place?",A. 10 times as much | B. 1/10 | C. The same amount | D. 1/100,B,1/10,,,
G5:S9-M-Q3,S9-M-Q3,332,9,MAIN,3,5.NBT.A.1,sa,What is 1/10 of 50?,,,5,,,
G5:S9-M-Q4,S9-M-Q4,333,9,MAIN,4,5.NBT.A.1,sa,What is 1/10 of 0.8?,,,0.08,,,
G5:S9-M-Q5,S9-M-Q5,334,9,MAIN,5,5.NBT.A.1,mc,In which number is the 9 worth 1/10 of the 9 in 19.4?,A. 5.92 | B. 3.009 | C. 9.01 | D. 90.1,A,5.92,,,
G5:S9-B1-Q1,S9-B1-Q1,336,9,BACKWARD 1,1,4.NBT.A.1,tf,"In 330, the 3 in the tens place is worth 1/10 of the 3 in the hundreds place.",A. True | B. False,A,True,,,
G5:S9-B1-Q2,S9-B1-Q2,337,9,BACKWARD 1,2,4.NBT.A.1,sa,Divide. 400 ÷ 10,,,40,,,
G5:S9-B1-Q3,S9-B1-Q3,338,9,BACKWARD 1,3,4.NBT.A.1,mc,"Which number is 1/10 of 3,000?","A. 3 | B. 300 | C. 30,000 | D. 30",B,300,,,
G5:S9-B1-Q4,S9-B1-Q4,339,9,BACKWARD 1,4,4.NBT.A.1,sa,How many hundreds are in 1 thousand?,,,10,,,
G5:S9-B1-Q5,S9-B1-Q5,340,9,BACKWARD 1,5,4.NBT.A.1,tf,60 ÷ 10 = 600,A. True | B. False,B,False,,,
G5:S9-B2-Q1,S9-B2-Q1,342,9,BACKWARD 2,1,3.NF.A.1,tf,1/8 means 1 of 8 equal parts of a whole.,A. True | B. False,A,True,,,
G5:S9-B2-Q2,S9-B2-Q2,343,9,BACKWARD 2,2,3.NF.A.1,sa,A bar is cut into 6 equal parts. What fraction of the bar is one part?,,,1/6,,,
G5:S9-B2-Q3,S9-B2-Q3,344,9,BACKWARD 2,3,3.NF.A.1,mc,Which fraction is greater?,A. 1/8 | B. 1/2,B,1/2,,,
G5:S9-B2-Q4,S9-B2-Q4,345,9,BACKWARD 2,4,3.NF.A.1,tf,A whole cut into 4 equal parts has parts that are each 1/3 of the whole.,A. True | B. False,B,False,,,
G5:S9-B2-Q5,S9-B2-Q5,346,9,BACKWARD 2,5,3.NF.A.1,sa,What fraction of the bar is shaded?,,,1/8,,,
G5:S9-B3-Q1,S9-B3-Q1,348,9,BACKWARD 3,1,4.NF.C.6,sa,Write 9/100 as a decimal.,,,0.09,,,
G5:S9-B3-Q2,S9-B3-Q2,349,9,BACKWARD 3,2,4.NF.C.6,sa,Write 0.8 as a fraction.,,,8/10,,,4/5 is also correct.
G5:S9-B3-Q3,S9-B3-Q3,350,9,BACKWARD 3,3,4.NF.C.6,tf,0.4 and 0.04 have the same value.,A. True | B. False,B,False,,,
G5:S9-B3-Q4,S9-B3-Q4,351,9,BACKWARD 3,4,4.NF.C.6,mc,Which decimal is equal to 6/10?,A. 6.0 | B. 0.06 | C. 6.10 | D. 0.6,D,0.6,,,
G5:S9-B3-Q5,S9-B3-Q5,352,9,BACKWARD 3,5,4.NF.C.6,sa,What decimal does the shaded part of the grid show?,,,0.70,,,0.7 is also correct.
G5:S9-F1-Q1,S9-F1-Q1,354,9,FORWARD 1,1,6.NS.B.3,sa,Divide. 4.8 ÷ 0.4,,,12,,,
G5:S9-F1-Q2,S9-F1-Q2,355,9,FORWARD 1,2,6.NS.B.3,sa,Divide. 9.36 ÷ 3,,,3.12,,,
G5:S9-F1-Q3,S9-F1-Q3,356,9,FORWARD 1,3,6.NS.B.3,mc,Divide. 0.56 ÷ 0.7,A. 80 | B. 0.08 | C. 8 | D. 0.8,D,0.8,,,
G5:S9-F1-Q4,S9-F1-Q4,357,9,FORWARD 1,4,6.NS.B.3,sa,Divide. 15 ÷ 0.25,,,60,,,
G5:S9-F1-Q5,S9-F1-Q5,358,9,FORWARD 1,5,6.NS.B.3,tf,6.3 ÷ 0.9 = 0.7,A. True | B. False,B,False,,,
G5:S9-F2-Q1,S9-F2-Q1,360,9,FORWARD 2,1,7.NS.A.2.d,work,Use long division to write 7/8 as a decimal. Show your work.,,,0.875,,"Long division of the numerator by the denominator, shown step by step, until the remainder is 0 or the digits start to repeat. A correct decimal without the division earns partial credit.",
G5:S9-F2-Q2,S9-F2-Q2,361,9,FORWARD 2,2,7.NS.A.2.d,work,Use long division to write 2/9 as a decimal. Show your work.,,,0.222... (the 2 repeats),,"Long division of the numerator by the denominator, shown step by step, until the remainder is 0 or the digits start to repeat. A correct decimal without the division earns partial credit.",
G5:S9-F2-Q3,S9-F2-Q3,362,9,FORWARD 2,3,7.NS.A.2.d,mc,Which fraction has a terminating decimal?,A. 5/6 | B. 4/7 | C. 1/3 | D. 3/20,D,3/20,,,
G5:S9-F2-Q4,S9-F2-Q4,363,9,FORWARD 2,4,7.NS.A.2.d,work,Use long division to write 9/20 as a decimal. Show your work.,,,0.45,,"Long division of the numerator by the denominator, shown step by step, until the remainder is 0 or the digits start to repeat. A correct decimal without the division earns partial credit.",
G5:S9-F2-Q5,S9-F2-Q5,364,9,FORWARD 2,5,7.NS.A.2.d,tf,The decimal form of 1/11 repeats.,A. True | B. False,A,True,,,
G5:S10-M-Q1,S10-M-Q1,367,10,MAIN,1,5.NBT.A.2,sa,"Multiply. 37 × 1,000",,,"37,000",,,
G5:S10-M-Q2,S10-M-Q2,368,10,MAIN,2,5.NBT.A.2,sa,"Divide. 45,000 ÷ 100",,,450,,,
G5:S10-M-Q3,S10-M-Q3,369,10,MAIN,3,5.NBT.A.2,sa,Write 10 × 10 × 10 × 10 as a power of 10.,,,10⁴,,,
G5:S10-M-Q4,S10-M-Q4,370,10,MAIN,4,5.NBT.A.2,mc,6 × 10³ = ?,"A. 60,000 | B. 6,000 | C. 18 | D. 600",B,"6,000",,,
G5:S10-M-Q5,S10-M-Q5,371,10,MAIN,5,5.NBT.A.2,tf,820 ÷ 10² = 82,A. True | B. False,B,False,,,
G5:S10-B1-Q1,S10-B1-Q1,373,10,BACKWARD 1,1,4.NBT.A.1,sa,Multiply. 25 × 10,,,250,,,
G5:S10-B1-Q2,S10-B1-Q2,374,10,BACKWARD 1,2,4.NBT.A.1,tf,300 is 10 times as much as 30.,A. True | B. False,A,True,,,
G5:S10-B1-Q3,S10-B1-Q3,375,10,BACKWARD 1,3,4.NBT.A.1,mc,Which number is 10 times as much as 450?,"A. 4,500 | B. 45,000 | C. 460 | D. 45",A,"4,500",,,
G5:S10-B1-Q4,S10-B1-Q4,376,10,BACKWARD 1,4,4.NBT.A.1,sa,How many tens are in 800?,,,80,,,
G5:S10-B1-Q5,S10-B1-Q5,377,10,BACKWARD 1,5,4.NBT.A.1,sa,"Divide. 7,000 ÷ 10",,,700,,,
G5:S10-B2-Q1,S10-B2-Q1,379,10,BACKWARD 2,1,3.NBT.A.3,sa,Multiply. 4 × 60,,,240,,,
G5:S10-B2-Q2,S10-B2-Q2,380,10,BACKWARD 2,2,3.NBT.A.3,sa,Multiply. 9 × 80,,,720,,,
G5:S10-B2-Q3,S10-B2-Q3,381,10,BACKWARD 2,3,3.NBT.A.3,tf,"7 × 30 = 2,100",A. True | B. False,B,False,,,
G5:S10-B2-Q4,S10-B2-Q4,382,10,BACKWARD 2,4,3.NBT.A.3,mc,5 × 90 = ?,"A. 4,500 | B. 450 | C. 45 | D. 95",B,450,,,
G5:S10-B2-Q5,S10-B2-Q5,383,10,BACKWARD 2,5,3.NBT.A.3,sa,Multiply. 8 × 70,,,560,,,
G5:S10-F1-Q1,S10-F1-Q1,385,10,FORWARD 1,1,6.EE.A.1,sa,Evaluate. 3⁴,,,81,,,
G5:S10-F1-Q2,S10-F1-Q2,386,10,FORWARD 1,2,6.EE.A.1,sa,Write 5 × 5 × 5 using an exponent.,,,5³,,,
G5:S10-F1-Q3,S10-F1-Q3,387,10,FORWARD 1,3,6.EE.A.1,mc,2⁵ = ?,A. 25 | B. 10 | C. 64 | D. 32,D,32,,,
G5:S10-F1-Q4,S10-F1-Q4,388,10,FORWARD 1,4,6.EE.A.1,sa,Evaluate. 10³ + 2²,,,"1,004",,,
G5:S10-F1-Q5,S10-F1-Q5,389,10,FORWARD 1,5,6.EE.A.1,tf,4³ = 12,A. True | B. False,B,False,,,
G5:S10-F2-Q1,S10-F2-Q1,391,10,FORWARD 2,1,7.NS.A.2.c,sa,Multiply. -3.5 × 100,,,-350,,,
G5:S10-F2-Q2,S10-F2-Q2,392,10,FORWARD 2,2,7.NS.A.2.c,sa,Divide. -420 ÷ 10,,,-42,,,
G5:S10-F2-Q3,S10-F2-Q3,393,10,FORWARD 2,3,7.NS.A.2.c,mc,"-0.06 × 1,000 = ?",A. -60 | B. -0.006 | C. -6 | D. 60,A,-60,,,
G5:S10-F2-Q4,S10-F2-Q4,394,10,FORWARD 2,4,7.NS.A.2.c,sa,Divide. 7.2 ÷ (-10),,,-0.72,,,
G5:S10-F2-Q5,S10-F2-Q5,395,10,FORWARD 2,5,7.NS.A.2.c,tf,"(-10) × (-10) × (-10) = -1,000",A. True | B. False,A,True,,,
G5:S11-M-Q1,S11-M-Q1,398,11,MAIN,1,5.NBT.A.2,sa,Multiply. 3.82 × 100,,,382,,,
G5:S11-M-Q2,S11-M-Q2,399,11,MAIN,2,5.NBT.A.2,sa,Divide. 56.4 ÷ 10,,,5.64,,,
G5:S11-M-Q3,S11-M-Q3,400,11,MAIN,3,5.NBT.A.2,sa,Multiply. 0.075 × 10²,,,7.5,,,
G5:S11-M-Q4,S11-M-Q4,401,11,MAIN,4,5.NBT.A.2,mc,Divide. 2.9 ÷ 10³,"A. 0.029 | B. 0.29 | C. 0.0029 | D. 2,900",C,0.0029,,,
G5:S11-M-Q5,S11-M-Q5,402,11,MAIN,5,5.NBT.A.2,tf,"When you multiply a number by 1,000, each digit moves 3 places to the left.",A. True | B. False,A,True,,,
G5:S11-B1-Q1,S11-B1-Q1,404,11,BACKWARD 1,1,4.NF.C.6,sa,Write 35/100 as a decimal.,,,0.35,,,
G5:S11-B1-Q2,S11-B1-Q2,405,11,BACKWARD 1,2,4.NF.C.6,tf,0.7 = 7/100,A. True | B. False,B,False,,,
G5:S11-B1-Q3,S11-B1-Q3,406,11,BACKWARD 1,3,4.NF.C.6,mc,Which decimal is 2 4/10?,A. 24 | B. 2.4 | C. 0.24 | D. 2.04,B,2.4,,,
G5:S11-B1-Q4,S11-B1-Q4,407,11,BACKWARD 1,4,4.NF.C.6,sa,Write 0.09 as a fraction.,,,9/100,,,
G5:S11-B1-Q5,S11-B1-Q5,408,11,BACKWARD 1,5,4.NF.C.6,tf,1.5 = 1 5/100,A. True | B. False,B,False,,,
G5:S11-B2-Q1,S11-B2-Q1,410,11,BACKWARD 2,1,4.NBT.A.1,tf,"When a whole number is multiplied by 10, each digit moves one place to the left.",A. True | B. False,A,True,,,
G5:S11-B2-Q2,S11-B2-Q2,411,11,BACKWARD 2,2,4.NBT.A.1,sa,Multiply. 64 × 100,,,"6,400",,,
G5:S11-B2-Q3,S11-B2-Q3,412,11,BACKWARD 2,3,4.NBT.A.1,mc,"3,500 ÷ 10 = ?","A. 350 | B. 3,510 | C. 35 | D. 35,000",A,350,,,
G5:S11-B2-Q4,S11-B2-Q4,413,11,BACKWARD 2,4,4.NBT.A.1,sa,"Divide. 9,000 ÷ 100",,,90,,,
G5:S11-B2-Q5,S11-B2-Q5,414,11,BACKWARD 2,5,4.NBT.A.1,tf,500 ÷ 10 = 5,A. True | B. False,B,False,,,
G5:S11-F1-Q1,S11-F1-Q1,416,11,FORWARD 1,1,6.NS.B.3,sa,Multiply. 2.4 × 0.35,,,0.84,,,
G5:S11-F1-Q2,S11-F1-Q2,417,11,FORWARD 1,2,6.NS.B.3,sa,Divide. 1.44 ÷ 0.12,,,12,,,
G5:S11-F1-Q3,S11-F1-Q3,418,11,FORWARD 1,3,6.NS.B.3,mc,Multiply. 12.5 × 0.8,A. 100 | B. 10 | C. 0.1 | D. 1,B,10,,,
G5:S11-F1-Q4,S11-F1-Q4,419,11,FORWARD 1,4,6.NS.B.3,sa,Add. 0.875 + 12.4,,,13.275,,,
G5:S11-F1-Q5,S11-F1-Q5,420,11,FORWARD 1,5,6.NS.B.3,tf,4.5 ÷ 0.05 = 9,A. True | B. False,B,False,,,
G5:S11-F2-Q1,S11-F2-Q1,422,11,FORWARD 2,1,7.NS.A.2.c,sa,Find the value. -0.45 × 100,,,-45,,,
G5:S11-F2-Q2,S11-F2-Q2,423,11,FORWARD 2,2,7.NS.A.2.c,sa,"Find the value. -63.5 ÷ 1,000",,,-0.0635,,,
G5:S11-F2-Q3,S11-F2-Q3,424,11,FORWARD 2,3,7.NS.A.2.c,mc,Find the value. (-2.7) × (-10),A. -0.27 | B. -27 | C. 0.27 | D. 27,D,27,,,
G5:S11-F2-Q4,S11-F2-Q4,425,11,FORWARD 2,4,7.NS.A.2.c,sa,Find the value. 0.8 × (-100),,,-80,,,
G5:S11-F2-Q5,S11-F2-Q5,426,11,FORWARD 2,5,7.NS.A.2.c,tf,-5.2 ÷ 100 = -0.052,A. True | B. False,A,True,,,
G5:S59-M-Q1,S59-M-Q1,429,59,MAIN,1,5.NBT.A.2,sa,"Explain why 46 × 1,000 = 46,000 has three more zeros than 46.",,,"Multiplying by 1,000 makes each digit worth 1,000 times as much, so each digit moves 3 places to the left; the 3 empty places (hundreds, tens, ones) are filled with zeros.",,,"Must use place value: each factor of 10 moves every digit one place to the left (1,000 = 10 × 10 × 10, so three places) and zeros fill the empty places. ""Just add three zeros"" without the place-value reason is not enough."
G5:S59-M-Q2,S59-M-Q2,430,59,MAIN,2,5.NBT.A.2,mc,Why is 5.7 × 100 = 570?,"A. You write two zeros after 5.7. | B. Each digit becomes worth 100 times as much, so it moves 2 places to the left. | C. Each digit becomes worth 1/100 as much. | D. You move the decimal point 2 places to the left.",B,"Each digit becomes worth 100 times as much, so it moves 2 places to the left.",,,
G5:S59-M-Q3,S59-M-Q3,431,59,MAIN,3,5.NBT.A.2,tf,"38 ÷ 10 = 3.8 because dividing by 10 makes each digit worth 1/10 as much, so each digit moves one place to the right.",A. True | B. False,A,True,,,
G5:S59-M-Q4,S59-M-Q4,432,59,MAIN,4,5.NBT.A.2,sa,"Mia says 2.4 × 10 = 2.40 because ""multiplying by 10 adds a zero."" Give the correct product and explain her mistake.",,,24,,,"Explanation: 2.40 has the same value as 2.4, so writing a zero after the decimal does not multiply by 10. Multiplying by 10 makes each digit worth 10 times as much (2 ones become 2 tens, 4 tenths become 4 ones), so the product is 24."
G5:S59-M-Q5,S59-M-Q5,433,59,MAIN,5,5.NBT.A.2,sa,"10³ = 1,000. Explain how the exponent tells you the number of zeros.",,,"The exponent 3 means 10 is used as a factor 3 times (10 × 10 × 10); each factor of 10 moves the 1 one place to the left, so 1,000 has 3 zeros.",,,Must connect each factor of 10 to one place-value shift (one more zero).
G5:S59-B1-Q1,S59-B1-Q1,435,59,BACKWARD 1,1,4.NBT.A.1,tf,"In 770, the 7 in the hundreds place is worth 10 times the 7 in the tens place.",A. True | B. False,A,True,,,
G5:S59-B1-Q2,S59-B1-Q2,436,59,BACKWARD 1,2,4.NBT.A.1,mc,Why is 30 × 10 = 300?,A. The 3 tens become 3 hundreds. | B. The 3 moves one place to the right. | C. Each digit becomes worth less. | D. You add 10 to 30.,A,The 3 tens become 3 hundreds.,,,
G5:S59-B1-Q3,S59-B1-Q3,437,59,BACKWARD 1,3,4.NBT.A.1,sa,How many tens are equal to 6 hundreds?,,,60,,,
G5:S59-B1-Q4,S59-B1-Q4,438,59,BACKWARD 1,4,4.NBT.A.1,tf,"In 5,505, the 5 in the thousands place is worth 10 times the 5 in the ones place.",A. True | B. False,B,False,,,
G5:S59-B1-Q5,S59-B1-Q5,439,59,BACKWARD 1,5,4.NBT.A.1,sa,Write the number that is 10 times as much as 408.,,,"4,080",,,
G5:S59-B2-Q1,S59-B2-Q1,441,59,BACKWARD 2,1,4.NF.C.5,sa,Write 3/10 as a fraction with denominator 100.,,,30/100,,,
G5:S59-B2-Q2,S59-B2-Q2,442,59,BACKWARD 2,2,4.NF.C.5,tf,6/10 = 60/100,A. True | B. False,A,True,,,
G5:S59-B2-Q3,S59-B2-Q3,443,59,BACKWARD 2,3,4.NF.C.5,mc,40/100 = ?,A. 40/10 | B. 400/10 | C. 4/10 | D. 4/100,C,4/10,,,
G5:S59-B2-Q4,S59-B2-Q4,444,59,BACKWARD 2,4,4.NF.C.5,sa,Add. 2/10 + 5/100,,,25/100,,,1/4 is also correct.
G5:S59-B2-Q5,S59-B2-Q5,445,59,BACKWARD 2,5,4.NF.C.5,tf,7/10 = 7/100,A. True | B. False,B,False,,,
G5:S59-F1-Q1,S59-F1-Q1,447,59,FORWARD 1,1,6.NS.B.3,sa,Multiply. 0.3 × 0.2,,,0.06,,,
G5:S59-F1-Q2,S59-F1-Q2,448,59,FORWARD 1,2,6.NS.B.3,mc,Why does 0.4 × 0.03 = 0.012 have three decimal places?,A. Because 4 × 3 = 12. | B. Tenths times hundredths gives thousandths. | C. Because 0.03 is greater than 0.4. | D. Because the product is greater than 1.,B,Tenths times hundredths gives thousandths.,,,
G5:S59-F1-Q3,S59-F1-Q3,449,59,FORWARD 1,3,6.NS.B.3,sa,Divide. 7.2 ÷ 0.08,,,90,,,
G5:S59-F1-Q4,S59-F1-Q4,450,59,FORWARD 1,4,6.NS.B.3,tf,1.25 × 0.4 = 0.5,A. True | B. False,A,True,,,
G5:S59-F1-Q5,S59-F1-Q5,451,59,FORWARD 1,5,6.NS.B.3,sa,Explain why 4.8 ÷ 0.6 has the same quotient as 48 ÷ 6.,,,8,,,"Both numbers were multiplied by 10 (4.8 becomes 48 and 0.6 becomes 6), which does not change the quotient."
G5:S59-F2-Q1,S59-F2-Q1,453,59,FORWARD 2,1,7.NS.A.2.d,work,Use long division to write 3/8 as a decimal. Show your work.,,,0.375,,"Long division of the numerator by the denominator, shown step by step, until the remainder is 0 or the digits start to repeat. A correct decimal without the division earns partial credit.",
G5:S59-F2-Q2,S59-F2-Q2,454,59,FORWARD 2,2,7.NS.A.2.d,tf,3/40 can be written as a decimal that ends.,A. True | B. False,A,True,,,
G5:S59-F2-Q3,S59-F2-Q3,455,59,FORWARD 2,3,7.NS.A.2.d,mc,Which decimal equals 7/25?,A. 0.35 | B. 0.28 | C. 2.8 | D. 0.07,B,0.28,,,
G5:S59-F2-Q4,S59-F2-Q4,456,59,FORWARD 2,4,7.NS.A.2.d,work,Use long division to write 5/12 as a decimal. Show your work.,,,0.41666... (the 6 repeats),,"Long division of the numerator by the denominator, shown step by step, until the remainder is 0 or the digits start to repeat. A correct decimal without the division earns partial credit.",
G5:S59-F2-Q5,S59-F2-Q5,457,59,FORWARD 2,5,7.NS.A.2.d,tf,2/3 = 0.67 exactly.,A. True | B. False,B,False,,,
G5:S12-M-Q1,S12-M-Q1,460,12,MAIN,1,5.NBT.A.3.a,sa,Write the number in standard form. four and twenty-six hundredths,,,4.26,,,
G5:S12-M-Q2,S12-M-Q2,461,12,MAIN,2,5.NBT.A.3.a,sa,Write 3.508 in words.,,,three and five hundred eight thousandths,,,
G5:S12-M-Q3,S12-M-Q3,462,12,MAIN,3,5.NBT.A.3.a,mc,Which number is nine and forty-one thousandths?,A. 9.410 | B. 9.41 | C. 9.0041 | D. 9.041,D,9.041,,,
G5:S12-M-Q4,S12-M-Q4,463,12,MAIN,4,5.NBT.A.3.a,sa,Write the number in standard form. seventeen and three tenths,,,17.3,,,
G5:S12-M-Q5,S12-M-Q5,464,12,MAIN,5,5.NBT.A.3.a,tf,"0.072 is read ""seventy-two hundredths.""",A. True | B. False,B,False,,,
G5:S12-B1-Q1,S12-B1-Q1,466,12,BACKWARD 1,1,4.NF.C.6,sa,Write 6/100 as a decimal.,,,0.06,,,
G5:S12-B1-Q2,S12-B1-Q2,467,12,BACKWARD 1,2,4.NF.C.6,tf,0.5 = 5/10,A. True | B. False,A,True,,,
G5:S12-B1-Q3,S12-B1-Q3,468,12,BACKWARD 1,3,4.NF.C.6,mc,Which decimal is equal to 12/100?,A. 1.2 | B. 12.0 | C. 0.12 | D. 0.012,C,0.12,,,
G5:S12-B1-Q4,S12-B1-Q4,469,12,BACKWARD 1,4,4.NF.C.6,sa,Write 3 7/10 as a decimal.,,,3.7,,,
G5:S12-B1-Q5,S12-B1-Q5,470,12,BACKWARD 1,5,4.NF.C.6,sa,What decimal does the shaded part of the grid show?,,,0.58,,,
G5:S12-B2-Q1,S12-B2-Q1,472,12,BACKWARD 2,1,4.NBT.A.2,sa,"Write the number in standard form. two thousand, four hundred six",,,"2,406",,,
G5:S12-B2-Q2,S12-B2-Q2,473,12,BACKWARD 2,2,4.NBT.A.2,tf,"5,030 is read ""five thousand three hundred.""",A. True | B. False,B,False,,,
G5:S12-B2-Q3,S12-B2-Q3,474,12,BACKWARD 2,3,4.NBT.A.2,mc,"Which number is eighty thousand, nine hundred?","A. 80,900 | B. 8,900 | C. 89,000 | D. 80,090",A,"80,900",,,
G5:S12-B2-Q4,S12-B2-Q4,475,12,BACKWARD 2,4,4.NBT.A.2,sa,Write 607 in words.,,,six hundred seven,,,
G5:S12-B2-Q5,S12-B2-Q5,476,12,BACKWARD 2,5,4.NBT.A.2,sa,"Write the number in standard form. twelve thousand, fifty",,,"12,050",,,
G5:S12-B3-Q1,S12-B3-Q1,478,12,BACKWARD 3,1,4.NF.C.5,tf,Three tenths is equal to thirty hundredths.,A. True | B. False,A,True,,,
G5:S12-B3-Q2,S12-B3-Q2,479,12,BACKWARD 3,2,4.NF.C.5,sa,How many hundredths are in 4 tenths?,,,40,,,
G5:S12-B3-Q3,S12-B3-Q3,480,12,BACKWARD 3,3,4.NF.C.5,mc,"Which fraction is ""five hundredths""?",A. 100/5 | B. 5/10 | C. 50/100 | D. 5/100,D,5/100,,,
G5:S12-B3-Q4,S12-B3-Q4,481,12,BACKWARD 3,4,4.NF.C.5,sa,"Write ""nine tenths"" as a fraction.",,,9/10,,,
G5:S12-B3-Q5,S12-B3-Q5,482,12,BACKWARD 3,5,4.NF.C.5,tf,60/100 = 6/10,A. True | B. False,A,True,,,
G5:S12-F1-Q1,S12-F1-Q1,484,12,FORWARD 1,1,6.NS.C.6.c,sa,What number does point P represent?,,,-0.3,,,
G5:S12-F1-Q2,S12-F1-Q2,485,12,FORWARD 1,2,6.NS.C.6.c,plot,Plot and label point Q at 0.45 on the number line.,,,"Point Q plotted at 0.45, the fifth tick after 0.4 (halfway between 0.4 and 0.5), and labeled",,,
G5:S12-F1-Q3,S12-F1-Q3,486,12,FORWARD 1,3,6.NS.C.6.c,mc,Which point is at -1.25?,A. Point A | B. Point B | C. Point C | D. Point D,C,Point C,,,
G5:S12-F1-Q4,S12-F1-Q4,487,12,FORWARD 1,4,6.NS.C.6.c,sa,What number does point R represent?,,,2.7,,,
G5:S12-F1-Q5,S12-F1-Q5,488,12,FORWARD 1,5,6.NS.C.6.c,tf,"On a number line, -0.6 is to the left of -0.5.",A. True | B. False,A,True,,,
G5:S12-F2-Q1,S12-F2-Q1,490,12,FORWARD 2,1,7.NS.A.2.d,work,Use long division to write 3/8 as a decimal. Show your work.,,,0.375,,"Long division of the numerator by the denominator, shown step by step, until the remainder is 0 or the digits start to repeat. A correct decimal without the division earns partial credit.",
G5:S12-F2-Q2,S12-F2-Q2,491,12,FORWARD 2,2,7.NS.A.2.d,work,Use long division to write 5/12 as a decimal. Show your work.,,,0.41666... (the 6 repeats),,"Long division of the numerator by the denominator, shown step by step, until the remainder is 0 or the digits start to repeat. A correct decimal without the division earns partial credit.",
G5:S12-F2-Q3,S12-F2-Q3,492,12,FORWARD 2,3,7.NS.A.2.d,mc,11/20 = ?,A. 0.55 | B. 5.5 | C. 0.2 | D. 0.11,A,0.55,,,
G5:S12-F2-Q4,S12-F2-Q4,493,12,FORWARD 2,4,7.NS.A.2.d,work,Use long division to write 4/9 as a decimal. Show your work.,,,0.444... (the 4 repeats),,"Long division of the numerator by the denominator, shown step by step, until the remainder is 0 or the digits start to repeat. A correct decimal without the division earns partial credit.",
G5:S12-F2-Q5,S12-F2-Q5,494,12,FORWARD 2,5,7.NS.A.2.d,tf,7/25 = 0.32,A. True | B. False,B,False,,,
G5:S13-M-Q1,S13-M-Q1,497,13,MAIN,1,5.NBT.A.3.a,sa,Write 352.68 in expanded form.,,,3 × 100 + 5 × 10 + 2 × 1 + 6 × (1/10) + 8 × (1/100),,,300 + 50 + 2 + 0.6 + 0.08 is also correct.
G5:S13-M-Q2,S13-M-Q2,498,13,MAIN,2,5.NBT.A.3.a,sa,Write the number in standard form. 4 × 10 + 7 × 1 + 3 × (1/10) + 9 × (1/1000),,,47.309,,,
G5:S13-M-Q3,S13-M-Q3,499,13,MAIN,3,5.NBT.A.3.a,mc,Which is the expanded form of 6.045?,A. 6 + 45 | B. 6 × 10 + 4 × (1/100) + 5 × (1/1000) | C. 6 × 1 + 4 × (1/100) + 5 × (1/1000) | D. 6 × 1 + 4 × (1/10) + 5 × (1/100),C,6 × 1 + 4 × (1/100) + 5 × (1/1000),,,
G5:S13-M-Q4,S13-M-Q4,500,13,MAIN,4,5.NBT.A.3.a,sa,Write the number in standard form. 8 × 100 + 2 × (1/10) + 6 × (1/100),,,800.26,,,
G5:S13-M-Q5,S13-M-Q5,501,13,MAIN,5,5.NBT.A.3.a,tf,0.908 = 9 × (1/10) + 8 × (1/1000),A. True | B. False,A,True,,,
G5:S13-B1-Q1,S13-B1-Q1,503,13,BACKWARD 1,1,4.NBT.A.2,sa,"Write 4,371 in expanded form.",,,"4,000 + 300 + 70 + 1",,,"4 × 1,000 + 3 × 100 + 7 × 10 + 1 × 1 is also correct."
G5:S13-B1-Q2,S13-B1-Q2,504,13,BACKWARD 1,2,4.NBT.A.2,tf,"6,052 = 6,000 + 500 + 2",A. True | B. False,B,False,,,
G5:S13-B1-Q3,S13-B1-Q3,505,13,BACKWARD 1,3,4.NBT.A.2,mc,"Which number is 7,000 + 400 + 9?","A. 7,409 | B. 7,490 | C. 74,009 | D. 7,049",A,"7,409",,,
G5:S13-B1-Q4,S13-B1-Q4,506,13,BACKWARD 1,4,4.NBT.A.2,sa,"Write 3 × 1,000 + 8 × 100 + 5 × 1 in standard form.",,,"3,805",,,
G5:S13-B1-Q5,S13-B1-Q5,507,13,BACKWARD 1,5,4.NBT.A.2,tf,"900 + 20 + 4 = 9,024",A. True | B. False,B,False,,,
G5:S13-B2-Q1,S13-B2-Q1,509,13,BACKWARD 2,1,4.NF.C.6,sa,Write 0.6 as a fraction.,,,6/10,,,3/5 is also correct.
G5:S13-B2-Q2,S13-B2-Q2,510,13,BACKWARD 2,2,4.NF.C.6,tf,4/100 = 0.4,A. True | B. False,B,False,,,
G5:S13-B2-Q3,S13-B2-Q3,511,13,BACKWARD 2,3,4.NF.C.6,mc,Which fraction is equal to 0.25?,A. 1/25 | B. 25/100 | C. 25/10 | D. 2/5,B,25/100,,,
G5:S13-B2-Q4,S13-B2-Q4,512,13,BACKWARD 2,4,4.NF.C.6,sa,Write 2 + 3/10 + 7/100 as a decimal.,,,2.37,,,
G5:S13-B2-Q5,S13-B2-Q5,513,13,BACKWARD 2,5,4.NF.C.6,tf,9/10 = 0.09,A. True | B. False,B,False,,,
G5:S13-F1-Q1,S13-F1-Q1,515,13,FORWARD 1,1,6.EE.A.1,sa,"Write 5,000 + 300 + 20 + 7 using powers of 10.",,,5 × 10³ + 3 × 10² + 2 × 10¹ + 7,,,Writing the last term as 7 × 10⁰ or 7 × 1 is also correct.
G5:S13-F1-Q2,S13-F1-Q2,516,13,FORWARD 1,2,6.EE.A.1,sa,Evaluate. 4 × 10³ + 6 × 10¹,,,"4,060",,,
G5:S13-F1-Q3,S13-F1-Q3,517,13,FORWARD 1,3,6.EE.A.1,mc,Which number is equal to 10⁴?,"A. 40 | B. 100,000 | C. 1,000 | D. 10,000",D,"10,000",,,
G5:S13-F1-Q4,S13-F1-Q4,518,13,FORWARD 1,4,6.EE.A.1,sa,Write 600 + 90 + 1 using powers of 10.,,,6 × 10² + 9 × 10¹ + 1,,,
G5:S13-F1-Q5,S13-F1-Q5,519,13,FORWARD 1,5,6.EE.A.1,tf,2 × 10² + 5 = 250,A. True | B. False,B,False,,,
G5:S13-F2-Q1,S13-F2-Q1,521,13,FORWARD 2,1,7.NS.A.2.d,sa,Write 3/4 as a decimal.,,,0.75,,,
G5:S13-F2-Q2,S13-F2-Q2,522,13,FORWARD 2,2,7.NS.A.2.d,work,Use long division to write 1/6 as a decimal. Show your work.,,,0.1666... (the 6 repeats),,"Long division of the numerator by the denominator, shown step by step, until the remainder is 0 or the digits start to repeat. A correct decimal without the division earns partial credit.",
G5:S13-F2-Q3,S13-F2-Q3,523,13,FORWARD 2,3,7.NS.A.2.d,mc,Which fraction is equal to 0.666... (the 6 repeats)?,A. 3/5 | B. 6/10 | C. 2/3 | D. 1/6,C,2/3,,,
G5:S13-F2-Q4,S13-F2-Q4,524,13,FORWARD 2,4,7.NS.A.2.d,work,Use long division to write 5/8 as a decimal. Show your work.,,,0.625,,"Long division of the numerator by the denominator, shown step by step, until the remainder is 0 or the digits start to repeat. A correct decimal without the division earns partial credit.",
G5:S13-F2-Q5,S13-F2-Q5,525,13,FORWARD 2,5,7.NS.A.2.d,tf,2/5 = 0.4,A. True | B. False,A,True,,,
G5:S14-M-Q1,S14-M-Q1,528,14,MAIN,1,5.NBT.A.3.b,sa,"Write >, <, or = to compare. 0.47 ___ 0.405",,,>,,,
G5:S14-M-Q2,S14-M-Q2,529,14,MAIN,2,5.NBT.A.3.b,sa,"Write >, <, or = to compare. 3.06 ___ 3.060",,,=,,,
G5:S14-M-Q3,S14-M-Q3,530,14,MAIN,3,5.NBT.A.3.b,mc,Which number is greatest?,A. 5.2 | B. 5.19 | C. 5.093 | D. 5.199,A,5.2,,,
G5:S14-M-Q4,S14-M-Q4,531,14,MAIN,4,5.NBT.A.3.b,sa,"Order from least to greatest. 2.31, 2.301, 2.13, 2.3",,,"2.13, 2.3, 2.301, 2.31",,,
G5:S14-M-Q5,S14-M-Q5,532,14,MAIN,5,5.NBT.A.3.b,tf,0.8 < 0.79,A. True | B. False,B,False,,,
G5:S14-B1-Q1,S14-B1-Q1,534,14,BACKWARD 1,1,4.NF.C.7,sa,"Write >, <, or = to compare. 0.6 ___ 0.58",,,>,,,
G5:S14-B1-Q2,S14-B1-Q2,535,14,BACKWARD 1,2,4.NF.C.7,tf,0.3 = 0.03,A. True | B. False,B,False,,,
G5:S14-B1-Q3,S14-B1-Q3,536,14,BACKWARD 1,3,4.NF.C.7,mc,Which number is less?,A. 0.09 | B. 0.1,A,0.09,,,
G5:S14-B1-Q4,S14-B1-Q4,537,14,BACKWARD 1,4,4.NF.C.7,sa,"Write >, <, or = to compare. 0.75 ___ 0.8",,,<,,,
G5:S14-B1-Q5,S14-B1-Q5,538,14,BACKWARD 1,5,4.NF.C.7,tf,0.42 > 0.5,A. True | B. False,B,False,,,
G5:S14-B2-Q1,S14-B2-Q1,540,14,BACKWARD 2,1,1.NBT.B.3,mc,"Which symbol means ""is less than""?",A. < | B. > | C. =,A,<,,,
G5:S14-B2-Q2,S14-B2-Q2,541,14,BACKWARD 2,2,1.NBT.B.3,tf,9 > 6,A. True | B. False,A,True,,,
G5:S14-B2-Q3,S14-B2-Q3,542,14,BACKWARD 2,3,1.NBT.B.3,sa,"Write >, <, or = to compare. 52 ___ 25",,,>,,,
G5:S14-B2-Q4,S14-B2-Q4,543,14,BACKWARD 2,4,1.NBT.B.3,tf,"The symbol > means ""is less than.""",A. True | B. False,B,False,,,
G5:S14-B2-Q5,S14-B2-Q5,544,14,BACKWARD 2,5,1.NBT.B.3,mc,Which statement is true?,A. 14 < 41 | B. 14 = 41 | C. 14 > 41,A,14 < 41,,,
G5:S14-F1-Q1,S14-F1-Q1,546,14,FORWARD 1,1,6.NS.C.7.b,sa,"Write >, <, or = to compare. -0.4 ___ -0.45",,,>,,,
G5:S14-F1-Q2,S14-F1-Q2,547,14,FORWARD 1,2,6.NS.C.7.b,mc,Which number is least?,A. -2 | B. -2.5 | C. 0.5 | D. -2.05,B,-2.5,,,
G5:S14-F1-Q3,S14-F1-Q3,548,14,FORWARD 1,3,6.NS.C.7.b,sa,"Order from least to greatest. -1.2, 0.3, -1.25, 0",,,"-1.25, -1.2, 0, 0.3",,,
G5:S14-F1-Q4,S14-F1-Q4,549,14,FORWARD 1,4,6.NS.C.7.b,tf,-3.7 > -3.6,A. True | B. False,B,False,,,
G5:S14-F1-Q5,S14-F1-Q5,550,14,FORWARD 1,5,6.NS.C.7.b,sa,A temperature of -2.5°C is colder than a temperature of -1.8°C. Write an inequality to show this.,,,-2.5 < -1.8,,,-1.8 > -2.5 is also correct.
G5:S14-F2-Q1,S14-F2-Q1,552,14,FORWARD 2,1,7.NS.A.2.d,sa,Write 5/8 as a decimal. Is 5/8 greater than or less than 0.6?,,,0.625; greater than 0.6,,,
G5:S14-F2-Q2,S14-F2-Q2,553,14,FORWARD 2,2,7.NS.A.2.d,mc,Which number is greatest?,A. 4/5 | B. 0.7 | C. 3/4 | D. 0.78,A,4/5,,,
G5:S14-F2-Q3,S14-F2-Q3,554,14,FORWARD 2,3,7.NS.A.2.d,sa,"Order from least to greatest. 2/3, 0.6, 5/8",,,"0.6, 5/8, 2/3",,,
G5:S14-F2-Q4,S14-F2-Q4,555,14,FORWARD 2,4,7.NS.A.2.d,tf,1/3 > 0.33,A. True | B. False,A,True,,,
G5:S14-F2-Q5,S14-F2-Q5,556,14,FORWARD 2,5,7.NS.A.2.d,sa,"Write >, <, or = to compare. 7/20 ___ 0.4",,,<,,,
G5:S15-M-Q1,S15-M-Q1,559,15,MAIN,1,5.NBT.A.4,sa,Round 6.483 to the nearest tenth.,,,6.5,,,
G5:S15-M-Q2,S15-M-Q2,560,15,MAIN,2,5.NBT.A.4,sa,Round 12.749 to the nearest hundredth.,,,12.75,,,
G5:S15-M-Q3,S15-M-Q3,561,15,MAIN,3,5.NBT.A.4,mc,Round 0.865 to the nearest whole number.,A. 0.9 | B. 1 | C. 0 | D. 0.87,B,1,,,
G5:S15-M-Q4,S15-M-Q4,562,15,MAIN,4,5.NBT.A.4,sa,Round 39.96 to the nearest tenth.,,,40.0,,,40 is also correct.
G5:S15-M-Q5,S15-M-Q5,563,15,MAIN,5,5.NBT.A.4,tf,4.351 rounded to the nearest hundredth is 4.36.,A. True | B. False,B,False,,,
G5:S15-B1-Q1,S15-B1-Q1,565,15,BACKWARD 1,1,4.NBT.A.3,sa,"Round 4,682 to the nearest hundred.",,,"4,700",,,
G5:S15-B1-Q2,S15-B1-Q2,566,15,BACKWARD 1,2,4.NBT.A.3,tf,350 rounded to the nearest hundred is 300.,A. True | B. False,B,False,,,
G5:S15-B1-Q3,S15-B1-Q3,567,15,BACKWARD 1,3,4.NBT.A.3,mc,"Round 7,249 to the nearest thousand.","A. 7,200 | B. 7,000 | C. 7,250 | D. 8,000",B,"7,000",,,
G5:S15-B1-Q4,S15-B1-Q4,568,15,BACKWARD 1,4,4.NBT.A.3,sa,Round 85 to the nearest ten.,,,90,,,
G5:S15-B1-Q5,S15-B1-Q5,569,15,BACKWARD 1,5,4.NBT.A.3,tf,"1,349 rounded to the nearest hundred is 1,400.",A. True | B. False,B,False,,,
G5:S15-B2-Q1,S15-B2-Q1,571,15,BACKWARD 2,1,4.NF.C.6,sa,What decimal is at point A?,,,0.6,,,
G5:S15-B2-Q2,S15-B2-Q2,572,15,BACKWARD 2,2,4.NF.C.6,tf,0.7 is closer to 1 than to 0.,A. True | B. False,A,True,,,
G5:S15-B2-Q3,S15-B2-Q3,573,15,BACKWARD 2,3,4.NF.C.6,mc,Is 0.43 closer to 0.4 or to 0.5?,A. 0.4 | B. 0.5,A,0.4,,,
G5:S15-B2-Q4,S15-B2-Q4,574,15,BACKWARD 2,4,4.NF.C.6,sa,What decimal is at point B?,,,3.2,,,
G5:S15-B2-Q5,S15-B2-Q5,575,15,BACKWARD 2,5,4.NF.C.6,tf,2.5 is halfway between 2 and 3.,A. True | B. False,A,True,,,
G5:S15-F1-Q1,S15-F1-Q1,577,15,FORWARD 1,1,6.NS.B.3,sa,Round each number to the nearest whole number. Then add to estimate. 18.7 + 6.25,,,25,,,19 + 6 = 25
G5:S15-F1-Q2,S15-F1-Q2,578,15,FORWARD 1,2,6.NS.B.3,mc,Which is the best estimate of 4.9 × 6.1?,A. 36 | B. 30 | C. 24 | D. 11,B,30,,,
G5:S15-F1-Q3,S15-F1-Q3,579,15,FORWARD 1,3,6.NS.B.3,sa,Estimate 31.8 ÷ 7.9 by rounding each number to the nearest whole number.,,,4,,,32 ÷ 8 = 4
G5:S15-F1-Q4,S15-F1-Q4,580,15,FORWARD 1,4,6.NS.B.3,tf,29.6 - 10.2 is about 40.,A. True | B. False,B,False,,,
G5:S15-F1-Q5,S15-F1-Q5,581,15,FORWARD 1,5,6.NS.B.3,sa,Kim says 3.9 × 2.1 = 81.9. Use an estimate to decide whether her answer is reasonable. Write yes or no.,,,No,,,"3.9 × 2.1 is about 4 × 2 = 8, so 81.9 is far too large (the exact product is 8.19)."
G5:S15-F2-Q1,S15-F2-Q1,583,15,FORWARD 2,1,7.EE.B.3,sa,A $24.75 shirt is 20% off. Round the price to the nearest dollar. Then use the rounded price to estimate the sale price.,,,$25; $20,,,"$25 - 20% of $25 = $25 - $5 = $20 (or 0.8 × $25). Both parts are required. The exact sale price, $19.80, is not the estimate asked for."
G5:S15-F2-Q2,S15-F2-Q2,584,15,FORWARD 2,2,7.EE.B.3,mc,A worker earns $19.85 per hour for 9.75 hours. Which is the best estimate of her pay?,"A. $20 | B. $2,000 | C. $200 | D. $100",C,$200,,,
G5:S15-F2-Q3,S15-F2-Q3,585,15,FORWARD 2,3,7.EE.B.3,tf,A 6.2% tax on $49.50 is about $3.,A. True | B. False,A,True,,,
G5:S15-F2-Q4,S15-F2-Q4,586,15,FORWARD 2,4,7.EE.B.3,sa,Nina says 3/4 × 39.8 is about 40. Round 39.8 to the nearest whole number and estimate 3/4 × 39.8. Is her estimate reasonable?,,,30; no,,,"3/4 × 40 = 30, so 40 is not reasonable (the exact value is 29.85). Both parts are required."
G5:S15-F2-Q5,S15-F2-Q5,587,15,FORWARD 2,5,7.EE.B.3,sa,A board is 8 1/4 feet long. It is cut into pieces that are 1 7/8 feet long. Estimate how many whole pieces can be cut.,,,4 pieces,,,"About 8 ÷ 2 = 4; the exact quotient is 4.4, so 4 whole pieces."
G5:S16-M-Q1,S16-M-Q1,590,16,MAIN,1,5.NBT.B.5,work,Use the standard algorithm to multiply. Show your work. 246 × 37,,,"9,102",,"The standard algorithm: one partial product for each digit of the second factor (with regrouping), each lined up by place value, then the partial products added. Another method (area model, repeated addition) earns partial credit.","Partial products: 246 × 7 = 1,722 and 246 × 30 = 7,380; 1,722 + 7,380 = 9,102."
G5:S16-M-Q2,S16-M-Q2,591,16,MAIN,2,5.NBT.B.5,work,"Use the standard algorithm to multiply. Show your work. 1,385 × 24",,,"33,240",,"The standard algorithm: one partial product for each digit of the second factor (with regrouping), each lined up by place value, then the partial products added. Another method (area model, repeated addition) earns partial credit.","Partial products: 1,385 × 4 = 5,540 and 1,385 × 20 = 27,700; 5,540 + 27,700 = 33,240."
G5:S16-M-Q3,S16-M-Q3,592,16,MAIN,3,5.NBT.B.5,mc,This is the standard algorithm for 508 × 63 with one partial product missing. What is the missing partial product?,"A. 1,524 | B. 31,904 | C. 30,480 | D. 3,048",C,"30,480",,,
G5:S16-M-Q4,S16-M-Q4,593,16,MAIN,4,5.NBT.B.5,work,Use the standard algorithm to multiply. Show your work. 79 × 86,,,"6,794",,"The standard algorithm: one partial product for each digit of the second factor (with regrouping), each lined up by place value, then the partial products added. Another method (area model, repeated addition) earns partial credit.","Partial products: 79 × 6 = 474 and 79 × 80 = 6,320; 474 + 6,320 = 6,794."
G5:S16-M-Q5,S16-M-Q5,594,16,MAIN,5,5.NBT.B.5,work,A theater has 48 rows with 125 seats in each row. Use the standard algorithm to find how many seats are in the theater. Show your work.,,,"6,000",,"The standard algorithm: one partial product for each digit of the second factor (with regrouping), each lined up by place value, then the partial products added. Another method (area model, repeated addition) earns partial credit.","Partial products: 125 × 8 = 1,000 and 125 × 40 = 5,000; 1,000 + 5,000 = 6,000."
G5:S16-B1-Q1,S16-B1-Q1,596,16,BACKWARD 1,1,4.NBT.B.5,sa,Multiply. 346 × 7,,,"2,422",,,
G5:S16-B1-Q2,S16-B1-Q2,597,16,BACKWARD 1,2,4.NBT.B.5,sa,Multiply. 23 × 45,,,"1,035",,,
G5:S16-B1-Q3,S16-B1-Q3,598,16,BACKWARD 1,3,4.NBT.B.5,tf,"1,203 × 4 = 4,082",A. True | B. False,B,False,,,
G5:S16-B1-Q4,S16-B1-Q4,599,16,BACKWARD 1,4,4.NBT.B.5,mc,62 × 18 = ?,"A. 1,126 | B. 496 | C. 1,116 | D. 1,006",C,"1,116",,,
G5:S16-B1-Q5,S16-B1-Q5,600,16,BACKWARD 1,5,4.NBT.B.5,sa,Multiply. 58 × 30,,,"1,740",,,
G5:S16-B2-Q1,S16-B2-Q1,602,16,BACKWARD 2,1,3.OA.C.7,sa,Multiply. 7 × 6,,,42,,,
G5:S16-B2-Q2,S16-B2-Q2,603,16,BACKWARD 2,2,3.OA.C.7,sa,Multiply. 8 × 9,,,72,,,
G5:S16-B2-Q3,S16-B2-Q3,604,16,BACKWARD 2,3,3.OA.C.7,tf,6 × 9 = 56,A. True | B. False,B,False,,,
G5:S16-B2-Q4,S16-B2-Q4,605,16,BACKWARD 2,4,3.OA.C.7,mc,4 × 8 = ?,A. 24 | B. 36 | C. 32 | D. 28,C,32,,,
G5:S16-B2-Q5,S16-B2-Q5,606,16,BACKWARD 2,5,3.OA.C.7,sa,Multiply. 9 × 9,,,81,,,
G5:S16-B3-Q1,S16-B3-Q1,608,16,BACKWARD 3,1,4.NBT.B.4,sa,"Add. 7,380 + 1,722",,,"9,102",,,
G5:S16-B3-Q2,S16-B3-Q2,609,16,BACKWARD 3,2,4.NBT.B.4,sa,"Add. 27,700 + 5,540",,,"33,240",,,
G5:S16-B3-Q3,S16-B3-Q3,610,16,BACKWARD 3,3,4.NBT.B.4,tf,"30,480 + 1,524 = 31,904",A. True | B. False,B,False,,,
G5:S16-B3-Q4,S16-B3-Q4,611,16,BACKWARD 3,4,4.NBT.B.4,mc,"6,400 + 394 = ?","A. 6,784 | B. 6,794 | C. 7,794 | D. 6,694",B,"6,794",,,
G5:S16-B3-Q5,S16-B3-Q5,612,16,BACKWARD 3,5,4.NBT.B.4,sa,"Add. 4,800 + 1,200",,,"6,000",,,
G5:S16-F1-Q1,S16-F1-Q1,614,16,FORWARD 1,1,6.NS.B.3,sa,Multiply. 2.46 × 3.7,,,9.102,,,
G5:S16-F1-Q2,S16-F1-Q2,615,16,FORWARD 1,2,6.NS.B.3,sa,Multiply. 13.85 × 2.4,,,33.24,,,
G5:S16-F1-Q3,S16-F1-Q3,616,16,FORWARD 1,3,6.NS.B.3,mc,Multiply. 5.08 × 6.3,A. 31.904 | B. 320.04 | C. 3.2004 | D. 32.004,D,32.004,,,
G5:S16-F1-Q4,S16-F1-Q4,617,16,FORWARD 1,4,6.NS.B.3,sa,Multiply. 0.79 × 8.6,,,6.794,,,
G5:S16-F1-Q5,S16-F1-Q5,618,16,FORWARD 1,5,6.NS.B.3,tf,1.25 × 4.8 = 60,A. True | B. False,B,False,,,
G5:S16-F2-Q1,S16-F2-Q1,620,16,FORWARD 2,1,7.NS.A.2.c,sa,Find the product. (-24) × 15,,,-360,,,
G5:S16-F2-Q2,S16-F2-Q2,621,16,FORWARD 2,2,7.NS.A.2.c,sa,Find the product. (-12) × (-35),,,420,,,
G5:S16-F2-Q3,S16-F2-Q3,622,16,FORWARD 2,3,7.NS.A.2.c,mc,Find the product. 18 × (-21),A. 378 | B. -378 | C. -39 | D. -388,B,-378,,,
G5:S16-F2-Q4,S16-F2-Q4,623,16,FORWARD 2,4,7.NS.A.2.c,sa,Find the product. (-3) × (-4) × (-25),,,-300,,,
G5:S16-F2-Q5,S16-F2-Q5,624,16,FORWARD 2,5,7.NS.A.2.c,tf,(-6)(-7) = -42,A. True | B. False,B,False,,,
G5:S17-M-Q1,S17-M-Q1,627,17,MAIN,1,5.NBT.B.6,sa,"Divide. 2,016 ÷ 24",,,84,,,
G5:S17-M-Q2,S17-M-Q2,628,17,MAIN,2,5.NBT.B.6,sa,"Divide. 7,830 ÷ 45",,,174,,,
G5:S17-M-Q3,S17-M-Q3,629,17,MAIN,3,5.NBT.B.6,mc,Divide. 952 ÷ 17,A. 54 | B. 46 | C. 56 | D. 57,C,56,,,
G5:S17-M-Q4,S17-M-Q4,630,17,MAIN,4,5.NBT.B.6,sa,"Divide. 3,724 ÷ 38",,,98,,,
G5:S17-M-Q5,S17-M-Q5,631,17,MAIN,5,5.NBT.B.6,sa,"Divide. Write the quotient and the remainder. 1,000 ÷ 32",,,31 R 8,,,"Quotient 31 and remainder 8 (31 R 8, or ""31 remainder 8""). The question asks for a remainder, so a mixed number or decimal (31 1/4, 31.25) is not accepted."
G5:S17-B1-Q1,S17-B1-Q1,633,17,BACKWARD 1,1,4.NBT.B.6,sa,Divide. 852 ÷ 6,,,142,,,
G5:S17-B1-Q2,S17-B1-Q2,634,17,BACKWARD 1,2,4.NBT.B.6,sa,"Divide. 1,935 ÷ 5",,,387,,,
G5:S17-B1-Q3,S17-B1-Q3,635,17,BACKWARD 1,3,4.NBT.B.6,tf,728 ÷ 8 = 901,A. True | B. False,B,False,,,
G5:S17-B1-Q4,S17-B1-Q4,636,17,BACKWARD 1,4,4.NBT.B.6,mc,504 ÷ 7 = ?,A. 82 | B. 71 | C. 62 | D. 72,D,72,,,
G5:S17-B1-Q5,S17-B1-Q5,637,17,BACKWARD 1,5,4.NBT.B.6,sa,Divide. Write the quotient and the remainder. 95 ÷ 4,,,23 R 3,,,
G5:S17-B2-Q1,S17-B2-Q1,639,17,BACKWARD 2,1,4.NBT.B.5,tf,"To check 2,016 ÷ 24 = 84, you can multiply 24 × 84.",A. True | B. False,A,True,,,
G5:S17-B2-Q2,S17-B2-Q2,640,17,BACKWARD 2,2,4.NBT.B.5,sa,"Multiply to check 2,016 ÷ 24 = 84. 24 × 84",,,"2,016",,,
G5:S17-B2-Q3,S17-B2-Q3,641,17,BACKWARD 2,3,4.NBT.B.5,mc,Which product checks 952 ÷ 17 = 56?,A. 17 + 56 | B. 17 × 56 | C. 56 - 17 | D. 952 × 17,B,17 × 56,,,
G5:S17-B2-Q4,S17-B2-Q4,642,17,BACKWARD 2,4,4.NBT.B.5,sa,Multiply. 38 × 98,,,"3,724",,,
G5:S17-B2-Q5,S17-B2-Q5,643,17,BACKWARD 2,5,4.NBT.B.5,tf,"32 × 31 + 8 = 1,000",A. True | B. False,A,True,,,
G5:S17-B3-Q1,S17-B3-Q1,645,17,BACKWARD 3,1,3.OA.C.7,sa,Divide. 72 ÷ 8,,,9,,,
G5:S17-B3-Q2,S17-B3-Q2,646,17,BACKWARD 3,2,3.OA.C.7,sa,Divide. 54 ÷ 9,,,6,,,
G5:S17-B3-Q3,S17-B3-Q3,647,17,BACKWARD 3,3,3.OA.C.7,tf,63 ÷ 7 = 8,A. True | B. False,B,False,,,
G5:S17-B3-Q4,S17-B3-Q4,648,17,BACKWARD 3,4,3.OA.C.7,mc,40 ÷ 5 = ?,A. 6 | B. 7 | C. 8 | D. 9,C,8,,,
G5:S17-B3-Q5,S17-B3-Q5,649,17,BACKWARD 3,5,3.OA.C.7,sa,Divide. 35 ÷ 7,,,5,,,
G5:S17-F1-Q1,S17-F1-Q1,651,17,FORWARD 1,1,6.NS.B.2,work,"Use the standard algorithm to divide. Show your work. 6,432 ÷ 48",,,134,,"The standard division algorithm with every step shown (divide, multiply, subtract, bring down). A correct quotient without the algorithm earns partial credit.",
G5:S17-F1-Q2,S17-F1-Q2,652,17,FORWARD 1,2,6.NS.B.2,work,"Use the standard algorithm to divide. Show your work. 25,875 ÷ 69",,,375,,"The standard division algorithm with every step shown (divide, multiply, subtract, bring down). A correct quotient without the algorithm earns partial credit.",
G5:S17-F1-Q3,S17-F1-Q3,653,17,FORWARD 1,3,6.NS.B.2,mc,"Divide. 14,040 ÷ 52","A. 207 | B. 2,700 | C. 270 | D. 27",C,270,,,
G5:S17-F1-Q4,S17-F1-Q4,654,17,FORWARD 1,4,6.NS.B.2,work,"Use the standard algorithm to divide. Show your work. 9,594 ÷ 41",,,234,,"The standard division algorithm with every step shown (divide, multiply, subtract, bring down). A correct quotient without the algorithm earns partial credit.",
G5:S17-F1-Q5,S17-F1-Q5,655,17,FORWARD 1,5,6.NS.B.2,tf,"11,700 ÷ 45 = 2,600",A. True | B. False,B,False,,,
G5:S17-F2-Q1,S17-F2-Q1,657,17,FORWARD 2,1,7.NS.A.2.b,sa,"Find the quotient. -2,016 ÷ 24",,,-84,,,
G5:S17-F2-Q2,S17-F2-Q2,658,17,FORWARD 2,2,7.NS.A.2.b,sa,Find the quotient. (-952) ÷ (-17),,,56,,,
G5:S17-F2-Q3,S17-F2-Q3,659,17,FORWARD 2,3,7.NS.A.2.b,mc,Find the quotient. 780 ÷ (-15),A. -52 | B. -53 | C. -765 | D. 52,A,-52,,,
G5:S17-F2-Q4,S17-F2-Q4,660,17,FORWARD 2,4,7.NS.A.2.b,sa,Find the quotient. -(144 ÷ 12),,,-12,,,
G5:S17-F2-Q5,S17-F2-Q5,661,17,FORWARD 2,5,7.NS.A.2.b,tf,(-90) ÷ 18 = 90 ÷ (-18),A. True | B. False,A,True,,,
G5:S18-M-Q1,S18-M-Q1,664,18,MAIN,1,5.NBT.B.6,sa,"The area model shows 1,248 ÷ 24. What is the quotient?",,,52,,,
G5:S18-M-Q2,S18-M-Q2,665,18,MAIN,2,5.NBT.B.6,sa,"The area model shows 1,692 ÷ 36. What is the quotient?",,,47,,,
G5:S18-M-Q3,S18-M-Q3,666,18,MAIN,3,5.NBT.B.6,mc,Which equation matches the area model?,"A. 1,332 ÷ 74 = 20 | B. 1,332 ÷ 18 = 74 | C. 18 × 50 = 1,332 | D. 900 ÷ 18 = 74",B,"1,332 ÷ 18 = 74",,,
G5:S18-M-Q4,S18-M-Q4,667,18,MAIN,4,5.NBT.B.6,work,"Use an area model or equations to divide. Show your model or equations. 2,184 ÷ 28",,,78,,"An area model or equations that split 2,184 into parts that 28 divides, for example 28 × 70 = 1,960 and 28 × 8 = 224, with 1,960 + 224 = 2,184, so the quotient is 70 + 8 = 78. The answer 78 without a valid model or equations earns partial credit.",
G5:S18-M-Q5,S18-M-Q5,668,18,MAIN,5,5.NBT.B.6,tf,"1,248 ÷ 24 = (960 ÷ 24) + (288 ÷ 24)",A. True | B. False,A,True,,,
G5:S18-B1-Q1,S18-B1-Q1,670,18,BACKWARD 1,1,4.NBT.B.6,sa,The area model shows 576 ÷ 4. What is the quotient?,,,144,,,
G5:S18-B1-Q2,S18-B1-Q2,671,18,BACKWARD 1,2,4.NBT.B.6,tf,468 ÷ 3 = (300 ÷ 3) + (150 ÷ 3) + (18 ÷ 3),A. True | B. False,A,True,,,
G5:S18-B1-Q3,S18-B1-Q3,672,18,BACKWARD 1,3,4.NBT.B.6,mc,Which shows 245 ÷ 5 split into easier parts?,A. (200 ÷ 5) + (45 ÷ 5) | B. (245 ÷ 2) + (245 ÷ 3) | C. 200 ÷ (5 + 45) | D. (200 ÷ 5) × (45 ÷ 5),A,(200 ÷ 5) + (45 ÷ 5),,,
G5:S18-B1-Q4,S18-B1-Q4,673,18,BACKWARD 1,4,4.NBT.B.6,sa,Divide. 735 ÷ 7,,,105,,,
G5:S18-B1-Q5,S18-B1-Q5,674,18,BACKWARD 1,5,4.NBT.B.6,sa,A rectangle has an area of 312 square units and a width of 6 units. What is its length?,,,52 units,,,
G5:S18-B2-Q1,S18-B2-Q1,676,18,BACKWARD 2,1,3.MD.C.7.b,sa,A rectangle is 9 units long and 7 units wide. What is its area?,,,63 square units,,,
G5:S18-B2-Q2,S18-B2-Q2,677,18,BACKWARD 2,2,3.MD.C.7.b,tf,A rectangle with an area of 40 square units and a side of 5 units has another side of 8 units.,A. True | B. False,A,True,,,
G5:S18-B2-Q3,S18-B2-Q3,678,18,BACKWARD 2,3,3.MD.C.7.b,mc,Which equation gives the area of a 6-by-8 rectangle?,A. 8 - 6 = 2 | B. 6 + 8 = 14 | C. 6 × 8 = 48 | D. 2 × (6 + 8) = 28,C,6 × 8 = 48,,,
G5:S18-B2-Q4,S18-B2-Q4,679,18,BACKWARD 2,4,3.MD.C.7.b,sa,A rectangle has an area of 36 square units. One side is 4 units long. How long is the other side?,,,9 units,,,
G5:S18-B2-Q5,S18-B2-Q5,680,18,BACKWARD 2,5,3.MD.C.7.b,sa,Find the area of the rectangle.,,,30 square cm,,,
G5:S18-B3-Q1,S18-B3-Q1,682,18,BACKWARD 3,1,3.MD.C.7.c,tf,The area of a rectangle that is 4 by (10 + 3) equals 4 × 10 + 4 × 3.,A. True | B. False,A,True,,,
G5:S18-B3-Q2,S18-B3-Q2,683,18,BACKWARD 3,2,3.MD.C.7.c,sa,A 5-by-12 rectangle is split into a 5-by-10 rectangle and a 5-by-2 rectangle. What is the total area?,,,60 square units,,,
G5:S18-B3-Q3,S18-B3-Q3,684,18,BACKWARD 3,3,3.MD.C.7.c,mc,A 7-by-13 rectangle is split into a 7-by-10 part and a 7-by-3 part. Which expression gives its area?,A. 7 × 10 + 7 × 3 | B. 7 × 10 + 3 | C. 7 + 10 + 3 | D. 7 × 10 × 3,A,7 × 10 + 7 × 3,,,
G5:S18-B3-Q4,S18-B3-Q4,685,18,BACKWARD 3,4,3.MD.C.7.c,sa,Fill in the blank. 6 × 14 = 6 × 10 + 6 × ___,,,4,,,
G5:S18-B3-Q5,S18-B3-Q5,686,18,BACKWARD 3,5,3.MD.C.7.c,tf,8 × 12 = 8 × 10 + 2,A. True | B. False,B,False,,,
G5:S18-F1-Q1,S18-F1-Q1,688,18,FORWARD 1,1,6.NS.B.4,sa,Use the greatest common factor to write 36 + 48 as a product.,,,12(3 + 4),,,
G5:S18-F1-Q2,S18-F1-Q2,689,18,FORWARD 1,2,6.NS.B.4,sa,Find the greatest common factor of 32 and 56.,,,8,,,
G5:S18-F1-Q3,S18-F1-Q3,690,18,FORWARD 1,3,6.NS.B.4,mc,Which expression is equal to 45 + 60 and uses the greatest common factor?,A. 15(3 + 6) | B. 15(3 + 4) | C. 3(15 + 20) | D. 5(9 + 12),B,15(3 + 4),,,
G5:S18-F1-Q4,S18-F1-Q4,691,18,FORWARD 1,4,6.NS.B.4,sa,Complete the equation. 24 + 40 = 8(___ + ___),,,3 and 5,,,
G5:S18-F1-Q5,S18-F1-Q5,692,18,FORWARD 1,5,6.NS.B.4,tf,18 + 27 = 9(2 + 3),A. True | B. False,A,True,,,
G5:S18-F2-Q1,S18-F2-Q1,694,18,FORWARD 2,1,7.EE.A.1,sa,Factor using the greatest common factor. 12x + 30,,,6(2x + 5),,,
G5:S18-F2-Q2,S18-F2-Q2,695,18,FORWARD 2,2,7.EE.A.1,sa,Expand. 7(4y - 3),,,28y - 21,,,
G5:S18-F2-Q3,S18-F2-Q3,696,18,FORWARD 2,3,7.EE.A.1,mc,Which expression is equivalent to 18a - 24?,A. 3(6a - 4) | B. 6(3a - 24) | C. 18(a - 6) | D. 6(3a - 4),D,6(3a - 4),,,
G5:S18-F2-Q4,S18-F2-Q4,697,18,FORWARD 2,4,7.EE.A.1,sa,Factor out -4. -8n - 20,,,-4(2n + 5),,,
G5:S18-F2-Q5,S18-F2-Q5,698,18,FORWARD 2,5,7.EE.A.1,tf,4(2.5x + 3) = 10x + 3,A. True | B. False,B,False,,,
G5:S60-M-Q1,S60-M-Q1,701,60,MAIN,1,5.NBT.B.6,plot_text,"Complete the area model for 1,472 ÷ 32 by writing the area of each part. Then write the quotient.",,,46,"Areas written in the parts: 1,280 (32 × 40) and 192 (32 × 6)",,"Grade both: the two areas must be 1,280 and 192 (they add to 1,472), and the quotient 40 + 6 = 46."
G5:S60-M-Q2,S60-M-Q2,702,60,MAIN,2,5.NBT.B.6,work,"Draw an area model to divide 1,615 ÷ 19. Explain how your model shows the quotient.",,,85,,"An area model with side 19 split into parts whose areas add to 1,615 (for example 19 × 80 = 1,520 and 19 × 5 = 95); the explanation says the part lengths (80 + 5) add up to the quotient because the part areas add up to the dividend.",
G5:S60-M-Q3,S60-M-Q3,703,60,MAIN,3,5.NBT.B.6,mc,"Lena finds 1,380 ÷ 23 by thinking 23 × 60 = 1,380. Which statement explains her strategy?","A. She multiplied 1,380 by 23 to get 60. | B. She divided 23 by 1,380 to get 60. | C. Division finds the missing factor: 23 × ? = 1,380, so the quotient is 60. | D. She subtracted 23 from 1,380 to get 60.",C,"Division finds the missing factor: 23 × ? = 1,380, so the quotient is 60.",,,
G5:S60-M-Q4,S60-M-Q4,704,60,MAIN,4,5.NBT.B.6,sa,"Explain how these equations show 2,345 ÷ 35. 35 × 60 = 2,100 35 × 7 = 245 2,100 + 245 = 2,345",,,67,,,"Explanation: 2,345 is split into 2,100 and 245; 35 goes into them 60 times and 7 times, so it goes into 2,345 a total of 60 + 7 = 67 times."
G5:S60-M-Q5,S60-M-Q5,705,60,MAIN,5,5.NBT.B.6,tf,"An area model for 1,512 ÷ 36 can use parts with areas 1,440 and 72, so the quotient is 40 + 2 = 42.",A. True | B. False,A,True,,,
G5:S60-B1-Q1,S60-B1-Q1,707,60,BACKWARD 1,1,4.NBT.B.6,sa,The area model shows 384 ÷ 6. What is the missing length?,,,4,,,
G5:S60-B1-Q2,S60-B1-Q2,708,60,BACKWARD 1,2,4.NBT.B.6,tf,"An area model for 528 ÷ 4 can be split into 400 ÷ 4, 120 ÷ 4, and 8 ÷ 4.",A. True | B. False,A,True,,,
G5:S60-B1-Q3,S60-B1-Q3,709,60,BACKWARD 1,3,4.NBT.B.6,mc,An area model for 945 ÷ 9 has parts with areas 900 and 45. What are the lengths of the parts?,A. 100 and 5 | B. 90 and 5 | C. 10 and 5 | D. 100 and 45,A,100 and 5,,,
G5:S60-B1-Q4,S60-B1-Q4,710,60,BACKWARD 1,4,4.NBT.B.6,sa,Divide. 672 ÷ 8,,,84,,,
G5:S60-B1-Q5,S60-B1-Q5,711,60,BACKWARD 1,5,4.NBT.B.6,tf,"In an area model for 945 ÷ 9, the side length 9 is the quotient.",A. True | B. False,B,False,,,
G5:S60-B2-Q1,S60-B2-Q1,713,60,BACKWARD 2,1,3.OA.B.6,sa,Find the unknown factor. 6 × ? = 42,,,7,,,
G5:S60-B2-Q2,S60-B2-Q2,714,60,BACKWARD 2,2,3.OA.B.6,tf,32 ÷ 4 = 8 because 4 × 8 = 32.,A. True | B. False,A,True,,,
G5:S60-B2-Q3,S60-B2-Q3,715,60,BACKWARD 2,3,3.OA.B.6,mc,Which multiplication fact helps you find 56 ÷ 7?,A. 8 + 7 = 15 | B. 7 × 7 = 49 | C. 56 × 7 = 392 | D. 7 × 8 = 56,D,7 × 8 = 56,,,
G5:S60-B2-Q4,S60-B2-Q4,716,60,BACKWARD 2,4,3.OA.B.6,sa,Find the unknown factor. ? × 9 = 81,,,9,,,
G5:S60-B2-Q5,S60-B2-Q5,717,60,BACKWARD 2,5,3.OA.B.6,tf,"To find 27 ÷ 3, you can ask ""27 times what number is 3?""",A. True | B. False,B,False,,,
G5:S60-F1-Q1,S60-F1-Q1,719,60,FORWARD 1,1,6.NS.B.2,work,"Use the standard algorithm to divide. Show your work. 8,640 ÷ 36",,,240,,"The standard division algorithm with every step shown (divide, multiply, subtract, bring down). A correct quotient without the algorithm earns partial credit.",
G5:S60-F1-Q2,S60-F1-Q2,720,60,FORWARD 1,2,6.NS.B.2,mc,"In the standard algorithm for 5,712 ÷ 28, the first step uses 28 × 200 = 5,600. What does the 200 stand for?",A. Part of the quotient | B. The dividend | C. The remainder | D. Part of the divisor,A,Part of the quotient,,,
G5:S60-F1-Q3,S60-F1-Q3,721,60,FORWARD 1,3,6.NS.B.2,tf,"The steps of the standard algorithm for 1,836 ÷ 17 match an area model with parts 17 × 100 and 17 × 8.",A. True | B. False,A,True,,,
G5:S60-F1-Q4,S60-F1-Q4,722,60,FORWARD 1,4,6.NS.B.2,work,"Use the standard algorithm to divide. Show your work. 13,248 ÷ 46",,,288,,"The standard division algorithm with every step shown (divide, multiply, subtract, bring down). A correct quotient without the algorithm earns partial credit.",
G5:S60-F1-Q5,S60-F1-Q5,723,60,FORWARD 1,5,6.NS.B.2,tf,"3,825 ÷ 45 = 95",A. True | B. False,B,False,,,
G5:S60-F2-Q1,S60-F2-Q1,725,60,FORWARD 2,1,7.NS.A.3,sa,A diver goes down 126 feet in 18 equal stages. Write the change in depth for each stage as a signed number.,,,-7 feet,,,
G5:S60-F2-Q2,S60-F2-Q2,726,60,FORWARD 2,2,7.NS.A.3,mc,"A business lost $4,320 over 24 months, the same amount each month. Which number shows the change each month?","A. -$108 | B. $180 | C. -$1,800 | D. -$180",D,-$180,,,
G5:S60-F2-Q3,S60-F2-Q3,727,60,FORWARD 2,3,7.NS.A.3,sa,The temperature fell 22.5°F in 9 hours at a steady rate. Write the change per hour as a signed number.,,,-2.5°F,,,
G5:S60-F2-Q4,S60-F2-Q4,728,60,FORWARD 2,4,7.NS.A.3,tf,"A change of -$1,512 shared equally over 36 weeks is a change of -$42 each week.",A. True | B. False,A,True,,,
G5:S60-F2-Q5,S60-F2-Q5,729,60,FORWARD 2,5,7.NS.A.3,sa,A tank loses 3/4 gallon every hour. After how many hours is the change in the amount of water -6 gallons?,,,8,,,
G5:S19-M-Q1,S19-M-Q1,732,19,MAIN,1,5.NBT.B.7,sa,Add. 23.45 + 8.7,,,32.15,,,
G5:S19-M-Q2,S19-M-Q2,733,19,MAIN,2,5.NBT.B.7,sa,Add. 15.3 + 6.48,,,21.78,,,
G5:S19-M-Q3,S19-M-Q3,734,19,MAIN,3,5.NBT.B.7,mc,Add. 4.06 + 12.9,A. 16.15 | B. 16.069 | C. 5.35 | D. 16.96,D,16.96,,,
G5:S19-M-Q4,S19-M-Q4,735,19,MAIN,4,5.NBT.B.7,sa,Add. 9.65 + 0.8,,,10.45,,,
G5:S19-M-Q5,S19-M-Q5,736,19,MAIN,5,5.NBT.B.7,sa,Maya had $18.50. She earned $6.75 more. How much money does she have now?,,,$25.25,,,
G5:S19-B1-Q1,S19-B1-Q1,738,19,BACKWARD 1,1,4.NBT.B.4,sa,"Add. 2,345 + 870",,,"3,215",,,
G5:S19-B1-Q2,S19-B1-Q2,739,19,BACKWARD 1,2,4.NBT.B.4,sa,"Add. 1,530 + 648",,,"2,178",,,
G5:S19-B1-Q3,S19-B1-Q3,740,19,BACKWARD 1,3,4.NBT.B.4,tf,"406 + 1,290 = 1,596",A. True | B. False,B,False,,,
G5:S19-B1-Q4,S19-B1-Q4,741,19,BACKWARD 1,4,4.NBT.B.4,mc,"1,265 + 735 = ?","A. 2,100 | B. 2,000 | C. 1,900 | D. 1,990",B,"2,000",,,
G5:S19-B1-Q5,S19-B1-Q5,742,19,BACKWARD 1,5,4.NBT.B.4,sa,"Add. 1,850 + 675",,,"2,525",,,
G5:S19-B2-Q1,S19-B2-Q1,744,19,BACKWARD 2,1,4.NF.C.5,sa,Add. 3/10 + 45/100,,,75/100,,,3/4 or 0.75 is also correct.
G5:S19-B2-Q2,S19-B2-Q2,745,19,BACKWARD 2,2,4.NF.C.5,tf,6/10 + 2/100 = 8/100,A. True | B. False,B,False,,,
G5:S19-B2-Q3,S19-B2-Q3,746,19,BACKWARD 2,3,4.NF.C.5,mc,7/10 + 15/100 = ?,A. 85/100 | B. 22/100 | C. 22/110 | D. 85/10,A,85/100,,,
G5:S19-B2-Q4,S19-B2-Q4,747,19,BACKWARD 2,4,4.NF.C.5,sa,Write 4/10 as hundredths.,,,40/100,,,
G5:S19-B2-Q5,S19-B2-Q5,748,19,BACKWARD 2,5,4.NF.C.5,tf,5/10 + 5/100 = 10/100,A. True | B. False,B,False,,,
G5:S19-B3-Q1,S19-B3-Q1,750,19,BACKWARD 3,1,4.NF.C.6,tf,8.7 = 8.70,A. True | B. False,A,True,,,
G5:S19-B3-Q2,S19-B3-Q2,751,19,BACKWARD 3,2,4.NF.C.6,sa,Write 15.3 with two decimal places.,,,15.30,,,
G5:S19-B3-Q3,S19-B3-Q3,752,19,BACKWARD 3,3,4.NF.C.6,mc,Which decimal is equal to 20?,A. 20.00 | B. 0.20 | C. 2.00 | D. 200.0,A,20.00,,,
G5:S19-B3-Q4,S19-B3-Q4,753,19,BACKWARD 3,4,4.NF.C.6,tf,6.4 = 6.04,A. True | B. False,B,False,,,
G5:S19-B3-Q5,S19-B3-Q5,754,19,BACKWARD 3,5,4.NF.C.6,sa,"Write 12.9 with a digit in the hundredths place, without changing its value.",,,12.90,,,
G5:S19-F1-Q1,S19-F1-Q1,756,19,FORWARD 1,1,6.NS.B.3,sa,Add. 128.47 + 9.605,,,138.075,,,
G5:S19-F1-Q2,S19-F1-Q2,757,19,FORWARD 1,2,6.NS.B.3,sa,Add. 54.2 + 18.376,,,72.576,,,
G5:S19-F1-Q3,S19-F1-Q3,758,19,FORWARD 1,3,6.NS.B.3,mc,Add. 0.952 + 3.48 + 11.6,A. 16.132 | B. 4.53 | C. 15.032 | D. 16.032,D,16.032,,,
G5:S19-F1-Q4,S19-F1-Q4,759,19,FORWARD 1,4,6.NS.B.3,sa,Add. 99.6 + 0.485,,,100.085,,,
G5:S19-F1-Q5,S19-F1-Q5,760,19,FORWARD 1,5,6.NS.B.3,tf,7.3 + 2.145 = 2.875,A. True | B. False,B,False,,,
G5:S19-F2-Q1,S19-F2-Q1,762,19,FORWARD 2,1,7.NS.A.1.d,sa,Find the value. -12.5 + 4.75,,,-7.75,,,
G5:S19-F2-Q2,S19-F2-Q2,763,19,FORWARD 2,2,7.NS.A.1.d,sa,Find the value. 3.2 + (-8.45),,,-5.25,,,
G5:S19-F2-Q3,S19-F2-Q3,764,19,FORWARD 2,3,7.NS.A.1.d,mc,Find the value. -6.3 + (-2.85),A. 9.15 | B. -9.15 | C. -3.45 | D. 3.45,B,-9.15,,,
G5:S19-F2-Q4,S19-F2-Q4,765,19,FORWARD 2,4,7.NS.A.1.d,sa,Find the value. -4.6 + 10.25,,,5.65,,,
G5:S19-F2-Q5,S19-F2-Q5,766,19,FORWARD 2,5,7.NS.A.1.d,tf,-1.5 + 1.5 = 0,A. True | B. False,A,True,,,
G5:S61-M-Q1,S61-M-Q1,769,61,MAIN,1,5.NBT.B.7,sa,Subtract. 15.3 - 6.48,,,8.82,,,
G5:S61-M-Q2,S61-M-Q2,770,61,MAIN,2,5.NBT.B.7,sa,Subtract. 20 - 7.35,,,12.65,,,
G5:S61-M-Q3,S61-M-Q3,771,61,MAIN,3,5.NBT.B.7,sa,Maya had $18.50. She spent $6.75. How much money does she have left?,,,$11.75,,,
G5:S61-M-Q4,S61-M-Q4,772,61,MAIN,4,5.NBT.B.7,mc,Subtract. 9.04 - 3.7,A. 6.34 | B. 5.34 | C. 8.67 | D. 5.44,B,5.34,,,
G5:S61-M-Q5,S61-M-Q5,773,61,MAIN,5,5.NBT.B.7,tf,6.5 - 2.75 = 3.75,A. True | B. False,A,True,,,
G5:S61-B1-Q1,S61-B1-Q1,775,61,BACKWARD 1,1,4.NBT.B.4,sa,"Subtract. 1,530 - 648",,,882,,,
G5:S61-B1-Q2,S61-B1-Q2,776,61,BACKWARD 1,2,4.NBT.B.4,mc,"2,000 - 735 = ?","A. 2,735 | B. 1,275 | C. 1,265 | D. 1,365",C,"1,265",,,
G5:S61-B1-Q3,S61-B1-Q3,777,61,BACKWARD 1,3,4.NBT.B.4,sa,"Subtract. 1,850 - 675",,,"1,175",,,
G5:S61-B1-Q4,S61-B1-Q4,778,61,BACKWARD 1,4,4.NBT.B.4,tf,"5,000 - 1,234 = 3,766",A. True | B. False,A,True,,,
G5:S61-B1-Q5,S61-B1-Q5,779,61,BACKWARD 1,5,4.NBT.B.4,sa,"Subtract. 4,206 - 1,519",,,"2,687",,,
G5:S61-B2-Q1,S61-B2-Q1,781,61,BACKWARD 2,1,4.NF.B.3.c,sa,Subtract. 5 3/10 - 2 6/10,,,2 7/10,,,27/10 is also correct.
G5:S61-B2-Q2,S61-B2-Q2,782,61,BACKWARD 2,2,4.NF.B.3.c,tf,4 - 35/100 = 3 65/100,A. True | B. False,A,True,,,
G5:S61-B2-Q3,S61-B2-Q3,783,61,BACKWARD 2,3,4.NF.B.3.c,mc,6 2/10 - 1 9/10 = ?,A. 5 7/10 | B. 4 7/10 | C. 4 3/10 | D. 5 3/10,C,4 3/10,,,
G5:S61-B2-Q4,S61-B2-Q4,784,61,BACKWARD 2,4,4.NF.B.3.c,sa,Subtract. 3 40/100 - 1 25/100,,,2 15/100,,,2 3/20 is also correct.
G5:S61-B2-Q5,S61-B2-Q5,785,61,BACKWARD 2,5,4.NF.B.3.c,tf,2 1/10 - 5/10 = 2 4/10,A. True | B. False,B,False,,,
G5:S61-F1-Q1,S61-F1-Q1,787,61,FORWARD 1,1,6.NS.B.3,sa,Subtract. 54.2 - 18.376,,,35.824,,,
G5:S61-F1-Q2,S61-F1-Q2,788,61,FORWARD 1,2,6.NS.B.3,sa,Subtract. 100 - 0.485,,,99.515,,,
G5:S61-F1-Q3,S61-F1-Q3,789,61,FORWARD 1,3,6.NS.B.3,tf,7.3 - 2.145 = 5.245,A. True | B. False,B,False,,,
G5:S61-F1-Q4,S61-F1-Q4,790,61,FORWARD 1,4,6.NS.B.3,sa,Subtract. 12.06 - 4.875,,,7.185,,,
G5:S61-F1-Q5,S61-F1-Q5,791,61,FORWARD 1,5,6.NS.B.3,mc,Subtract. 30 - 0.009,A. 29.991 | B. 30.009 | C. 29.001 | D. 29.91,A,29.991,,,
G5:S61-F2-Q1,S61-F2-Q1,793,61,FORWARD 2,1,7.NS.A.1.d,sa,Find the value. 3.2 - 8.45,,,-5.25,,,
G5:S61-F2-Q2,S61-F2-Q2,794,61,FORWARD 2,2,7.NS.A.1.d,sa,Find the value. -4.6 - (-10.25),,,5.65,,,
G5:S61-F2-Q3,S61-F2-Q3,795,61,FORWARD 2,3,7.NS.A.1.d,sa,Find the value. -2.75 - 4.5,,,-7.25,,,
G5:S61-F2-Q4,S61-F2-Q4,796,61,FORWARD 2,4,7.NS.A.1.d,mc,Find the value. 1.2 - (-3.65),A. 2.45 | B. -4.85 | C. -2.45 | D. 4.85,D,4.85,,,
G5:S61-F2-Q5,S61-F2-Q5,797,61,FORWARD 2,5,7.NS.A.1.d,tf,-8.1 - (-8.1) = 0,A. True | B. False,A,True,,,
G5:S62-M-Q1,S62-M-Q1,800,62,MAIN,1,5.NBT.B.7,plot_text,Shade the grid to show 0.4 + 0.25. Then write the sum.,,,0.65,65 of the 100 squares shaded: 40 squares (4 columns) for 0.4 and 25 more for 0.25,,"Grade both: 65 squares shaded, and the sum 0.65."
G5:S62-M-Q2,S62-M-Q2,801,62,MAIN,2,5.NBT.B.7,sa,Explain why you line up the decimal points to add 3.6 + 2.45.,,,6.05,,,"Explanation: lining up the decimal points lines up digits with the same place value (ones with ones, tenths with tenths, hundredths with hundredths), so like units are added; 3.6 can be written 3.60."
G5:S62-M-Q3,S62-M-Q3,802,62,MAIN,3,5.NBT.B.7,mc,Which describes a place-value model for 1.3 - 0.45?,"A. Add 4 tenths and 5 hundredths to 1 one and 3 tenths. | B. Start with 1 one and 3 tenths, trade 1 tenth for 10 hundredths, then take away 4 tenths and 5 hundredths. | C. Take away 1 one and 3 tenths from 4 tenths and 5 hundredths. | D. Take away 4 ones and 5 tenths from 1 one and 3 tenths.",B,"Start with 1 one and 3 tenths, trade 1 tenth for 10 hundredths, then take away 4 tenths and 5 hundredths.",,,
G5:S62-M-Q4,S62-M-Q4,803,62,MAIN,4,5.NBT.B.7,tf,"To find 0.7 - 0.25, you can rename 0.7 as 70 hundredths and subtract 25 hundredths to get 45 hundredths.",A. True | B. False,A,True,,,
G5:S62-M-Q5,S62-M-Q5,804,62,MAIN,5,5.NBT.B.7,sa,Raj added 4.2 + 1.35 and got 1.77. Find the correct sum and explain his mistake.,,,5.55,,,"Explanation: he lined up the last digits instead of the decimal points, so he added as if 4.2 were 0.42. Lining up the decimal points gives 4.20 + 1.35 = 5.55."
G5:S62-B1-Q1,S62-B1-Q1,806,62,BACKWARD 1,1,4.NF.C.5,sa,Add. 4/10 + 25/100,,,65/100,,,0.65 is also correct.
G5:S62-B1-Q2,S62-B1-Q2,807,62,BACKWARD 1,2,4.NF.C.5,tf,3/10 = 30/100,A. True | B. False,A,True,,,
G5:S62-B1-Q3,S62-B1-Q3,808,62,BACKWARD 1,3,4.NF.C.5,mc,8/10 + 7/100 = ?,A. 87/100 | B. 15/100 | C. 15/110 | D. 87/10,A,87/100,,,
G5:S62-B1-Q4,S62-B1-Q4,809,62,BACKWARD 1,4,4.NF.C.5,sa,Write 6/10 as hundredths.,,,60/100,,,
G5:S62-B1-Q5,S62-B1-Q5,810,62,BACKWARD 1,5,4.NF.C.5,tf,2/10 + 9/100 = 11/100,A. True | B. False,B,False,,,
G5:S62-B2-Q1,S62-B2-Q1,812,62,BACKWARD 2,1,4.NBT.A.1,sa,How many tens are equal to 1 hundred?,,,10,,,
G5:S62-B2-Q2,S62-B2-Q2,813,62,BACKWARD 2,2,4.NBT.A.1,tf,3 hundreds 4 tens can be renamed as 2 hundreds 14 tens.,A. True | B. False,A,True,,,
G5:S62-B2-Q3,S62-B2-Q3,814,62,BACKWARD 2,3,4.NBT.A.1,mc,Which shows 52 renamed so that you can take away 8 ones?,A. 6 tens 2 ones | B. 4 tens 12 ones | C. 4 tens 2 ones | D. 5 tens 12 ones,B,4 tens 12 ones,,,
G5:S62-B2-Q4,S62-B2-Q4,815,62,BACKWARD 2,4,4.NBT.A.1,sa,Rename 4 thousands as hundreds.,,,40,,,
G5:S62-B2-Q5,S62-B2-Q5,816,62,BACKWARD 2,5,4.NBT.A.1,tf,7 tens 3 ones = 6 tens 3 ones,A. True | B. False,B,False,,,
G5:S62-F1-Q1,S62-F1-Q1,818,62,FORWARD 1,1,6.NS.B.3,sa,Add. 36.075 + 8.9,,,44.975,,,
G5:S62-F1-Q2,S62-F1-Q2,819,62,FORWARD 1,2,6.NS.B.3,sa,Subtract. 41.2 - 7.865,,,33.335,,,
G5:S62-F1-Q3,S62-F1-Q3,820,62,FORWARD 1,3,6.NS.B.3,mc,Add. 0.68 + 4.795,A. 4.863 | B. 11.475 | C. 5.375 | D. 5.475,D,5.475,,,
G5:S62-F1-Q4,S62-F1-Q4,821,62,FORWARD 1,4,6.NS.B.3,sa,Subtract. 9 - 2.468,,,6.532,,,
G5:S62-F1-Q5,S62-F1-Q5,822,62,FORWARD 1,5,6.NS.B.3,tf,12.5 + 0.375 = 12.875,A. True | B. False,A,True,,,
G5:S62-F2-Q1,S62-F2-Q1,824,62,FORWARD 2,1,7.NS.A.1.d,sa,Find the value. -3.25 + 7.6,,,4.35,,,
G5:S62-F2-Q2,S62-F2-Q2,825,62,FORWARD 2,2,7.NS.A.1.d,sa,Find the value. 0.8 - 2.35,,,-1.55,,,
G5:S62-F2-Q3,S62-F2-Q3,826,62,FORWARD 2,3,7.NS.A.1.d,mc,Find the value. -1.75 + (-0.6),A. 2.35 | B. 1.15 | C. -2.35 | D. -1.15,C,-2.35,,,
G5:S62-F2-Q4,S62-F2-Q4,827,62,FORWARD 2,4,7.NS.A.1.d,tf,5.5 - 7.25 = -1.75,A. True | B. False,A,True,,,
G5:S62-F2-Q5,S62-F2-Q5,828,62,FORWARD 2,5,7.NS.A.1.d,sa,Find the value. -9.4 - (-2.65),,,-6.75,,,
G5:S20-M-Q1,S20-M-Q1,831,20,MAIN,1,5.NBT.B.7,sa,Multiply. 3.4 × 6,,,20.4,,,
G5:S20-M-Q2,S20-M-Q2,832,20,MAIN,2,5.NBT.B.7,sa,Multiply. 0.7 × 0.5,,,0.35,,,
G5:S20-M-Q3,S20-M-Q3,833,20,MAIN,3,5.NBT.B.7,mc,Multiply. 2.5 × 1.2,A. 3 | B. 30 | C. 3.7 | D. 0.3,A,3,,,
G5:S20-M-Q4,S20-M-Q4,834,20,MAIN,4,5.NBT.B.7,sa,Multiply. 0.06 × 8,,,0.48,,,
G5:S20-M-Q5,S20-M-Q5,835,20,MAIN,5,5.NBT.B.7,sa,A pen costs $1.25. How much do 7 pens cost?,,,$8.75,,,
G5:S20-B1-Q1,S20-B1-Q1,837,20,BACKWARD 1,1,4.NBT.B.5,sa,Multiply. 34 × 6,,,204,,,
G5:S20-B1-Q2,S20-B1-Q2,838,20,BACKWARD 1,2,4.NBT.B.5,sa,Multiply. 25 × 12,,,300,,,
G5:S20-B1-Q3,S20-B1-Q3,839,20,BACKWARD 1,3,4.NBT.B.5,tf,125 × 7 = 785,A. True | B. False,B,False,,,
G5:S20-B1-Q4,S20-B1-Q4,840,20,BACKWARD 1,4,4.NBT.B.5,mc,18 × 4 = ?,A. 72 | B. 82 | C. 48 | D. 64,A,72,,,
G5:S20-B1-Q5,S20-B1-Q5,841,20,BACKWARD 1,5,4.NBT.B.5,sa,Multiply. 106 × 8,,,848,,,
G5:S20-B2-Q1,S20-B2-Q1,843,20,BACKWARD 2,1,4.NF.C.6,sa,Write 35 hundredths as a decimal.,,,0.35,,,
G5:S20-B2-Q2,S20-B2-Q2,844,20,BACKWARD 2,2,4.NF.C.6,tf,0.4 is 4 tenths.,A. True | B. False,A,True,,,
G5:S20-B2-Q3,S20-B2-Q3,845,20,BACKWARD 2,3,4.NF.C.6,mc,Which decimal is 204 tenths?,A. 204 | B. 20.4 | C. 2.04 | D. 0.204,B,20.4,,,
G5:S20-B2-Q4,S20-B2-Q4,846,20,BACKWARD 2,4,4.NF.C.6,sa,How many hundredths are in 0.48?,,,48,,,
G5:S20-B2-Q5,S20-B2-Q5,847,20,BACKWARD 2,5,4.NF.C.6,tf,0.06 is 6 tenths.,A. True | B. False,B,False,,,
G5:S20-B4-Q1,S20-B4-Q1,849,20,BACKWARD 4,1,4.NF.B.4.b,sa,Multiply. 4 × (3/10),,,12/10,,,"1 2/10, 6/5, and 1.2 are also correct."
G5:S20-B4-Q2,S20-B4-Q2,850,20,BACKWARD 4,2,4.NF.B.4.b,tf,6 × (5/100) = 30/100,A. True | B. False,A,True,,,
G5:S20-B4-Q3,S20-B4-Q3,851,20,BACKWARD 4,3,4.NF.B.4.b,mc,3 × (7/10) = ?,A. 7/30 | B. 21/10 | C. 10/10 | D. 21/30,B,21/10,,,
G5:S20-B4-Q4,S20-B4-Q4,852,20,BACKWARD 4,4,4.NF.B.4.b,sa,A cup holds 3/10 liter. How many liters do 5 cups hold? Write a fraction.,,,15/10,,,"1 5/10, 3/2, 1 1/2, and 1.5 are also correct."
G5:S20-B4-Q5,S20-B4-Q5,853,20,BACKWARD 4,5,4.NF.B.4.b,tf,8 × (2/100) = 16/800,A. True | B. False,B,False,,,
G5:S20-F1-Q1,S20-F1-Q1,855,20,FORWARD 1,1,6.NS.B.3,sa,Multiply. 3.45 × 0.6,,,2.07,,,
G5:S20-F1-Q2,S20-F1-Q2,856,20,FORWARD 1,2,6.NS.B.3,sa,Multiply. 12.08 × 2.5,,,30.2,,,
G5:S20-F1-Q3,S20-F1-Q3,857,20,FORWARD 1,3,6.NS.B.3,mc,Multiply. 0.125 × 0.4,A. 0.5 | B. 0.05 | C. 5 | D. 0.005,B,0.05,,,
G5:S20-F1-Q4,S20-F1-Q4,858,20,FORWARD 1,4,6.NS.B.3,sa,Multiply. 7.2 × 1.15,,,8.28,,,
G5:S20-F1-Q5,S20-F1-Q5,859,20,FORWARD 1,5,6.NS.B.3,tf,0.03 × 0.03 = 0.09,A. True | B. False,B,False,,,
G5:S20-F2-Q1,S20-F2-Q1,861,20,FORWARD 2,1,7.NS.A.2.c,sa,Find the product. -3.4 × 6,,,-20.4,,,
G5:S20-F2-Q2,S20-F2-Q2,862,20,FORWARD 2,2,7.NS.A.2.c,sa,Find the product. (-0.7) × (-0.5),,,0.35,,,
G5:S20-F2-Q3,S20-F2-Q3,863,20,FORWARD 2,3,7.NS.A.2.c,mc,Find the product. 2.5 × (-1.2),A. -0.3 | B. -30 | C. 3 | D. -3,D,-3,,,
G5:S20-F2-Q4,S20-F2-Q4,864,20,FORWARD 2,4,7.NS.A.2.c,sa,Find the product. (-0.06) × 8,,,-0.48,,,
G5:S20-F2-Q5,S20-F2-Q5,865,20,FORWARD 2,5,7.NS.A.2.c,tf,(-1.25) × (-4) = -5,A. True | B. False,B,False,,,
G5:S63-M-Q1,S63-M-Q1,868,63,MAIN,1,5.NBT.B.7,plot_text,Shade the grid to show 3 × 0.15. Then write the product.,,,0.45,"45 of the 100 squares shaded, as three groups of 15 squares",,"Grade both: three groups of 15 hundredths (45 squares) shaded, and the product 0.45."
G5:S63-M-Q2,S63-M-Q2,869,63,MAIN,2,5.NBT.B.7,sa,"On a hundredths grid, 0.3 × 0.4 is where 3 tenths (3 columns) and 4 tenths (4 rows) overlap. Explain why the product is 0.12.",,,"The overlap is 3 columns by 4 rows of small squares, which is 12 squares; each small square is one hundredth, so 0.3 × 0.4 = 12 hundredths = 0.12.",,,Must say that tenths times tenths gives hundredths (each small square is 1/100) and that 3 × 4 = 12 squares overlap.
G5:S63-M-Q3,S63-M-Q3,870,63,MAIN,3,5.NBT.B.7,mc,Which explains why 4 × 0.25 = 1?,"A. 4 groups of 25 hundredths is 100 hundredths, which is 1 whole. | B. 4 + 0.25 is about 4, so the product is about 1. | C. 0.25 has two decimal places, so the product is 0.01. | D. 4 × 25 = 100, so the product is 100.",A,"4 groups of 25 hundredths is 100 hundredths, which is 1 whole.",,,
G5:S63-M-Q4,S63-M-Q4,871,63,MAIN,4,5.NBT.B.7,tf,2 × 0.35 = 0.70 because 2 groups of 35 hundredths is 70 hundredths.,A. True | B. False,A,True,,,
G5:S63-M-Q5,S63-M-Q5,872,63,MAIN,5,5.NBT.B.7,sa,Lia says 0.5 × 0.6 = 3.0. Give the correct product and use place value to explain her mistake.,,,0.3,,,"5 tenths × 6 tenths = 30 hundredths = 0.30, because tenths times tenths are hundredths. She counted the product as tenths. 0.30 is also correct."
G5:S63-B1-Q1,S63-B1-Q1,874,63,BACKWARD 1,1,4.NF.B.4.b,sa,Multiply. 3 × (15/100),,,45/100,,,0.45 and 9/20 are also correct.
G5:S63-B1-Q2,S63-B1-Q2,875,63,BACKWARD 1,2,4.NF.B.4.b,tf,2 × (35/100) = 70/100,A. True | B. False,A,True,,,
G5:S63-B1-Q3,S63-B1-Q3,876,63,BACKWARD 1,3,4.NF.B.4.b,mc,4 × (6/10) = ?,A. 6/40 | B. 24/40 | C. 24/10 | D. 10/10,C,24/10,,,
G5:S63-B1-Q4,S63-B1-Q4,877,63,BACKWARD 1,4,4.NF.B.4.b,sa,Write 7 × (2/10) as one fraction.,,,14/10,,,"1 4/10, 7/5, and 1.4 are also correct."
G5:S63-B1-Q5,S63-B1-Q5,878,63,BACKWARD 1,5,4.NF.B.4.b,tf,6 × (4/100) = 24/600,A. True | B. False,B,False,,,
G5:S63-B2-Q1,S63-B2-Q1,880,63,BACKWARD 2,1,3.OA.A.1,sa,There are 3 groups with 15 counters in each group. How many counters are there in all?,,,45,,,
G5:S63-B2-Q2,S63-B2-Q2,881,63,BACKWARD 2,2,3.OA.A.1,tf,4 × 25 can mean 4 groups of 25.,A. True | B. False,A,True,,,
G5:S63-B2-Q3,S63-B2-Q3,882,63,BACKWARD 2,3,3.OA.A.1,mc,Which can 2 × 35 mean?,A. 2 more than 35 | B. 2 groups of 3 and 5 | C. 35 take away 2 | D. 2 groups of 35,D,2 groups of 35,,,
G5:S63-B2-Q4,S63-B2-Q4,883,63,BACKWARD 2,4,3.OA.A.1,sa,Write a multiplication equation for 6 groups of 4.,,,6 × 4 = 24,,,
G5:S63-B2-Q5,S63-B2-Q5,884,63,BACKWARD 2,5,3.OA.A.1,tf,3 × 8 means 3 more than 8.,A. True | B. False,B,False,,,
G5:S63-F1-Q1,S63-F1-Q1,886,63,FORWARD 1,1,6.NS.B.3,sa,Multiply. 0.24 × 0.5,,,0.12,,,
G5:S63-F1-Q2,S63-F1-Q2,887,63,FORWARD 1,2,6.NS.B.3,sa,Multiply. 3.6 × 0.15,,,0.54,,,
G5:S63-F1-Q3,S63-F1-Q3,888,63,FORWARD 1,3,6.NS.B.3,mc,Multiply. 1.6 × 0.45,A. 0.072 | B. 0.72 | C. 2.05 | D. 7.2,B,0.72,,,
G5:S63-F1-Q4,S63-F1-Q4,889,63,FORWARD 1,4,6.NS.B.3,sa,Multiply. 0.08 × 0.7,,,0.056,,,
G5:S63-F1-Q5,S63-F1-Q5,890,63,FORWARD 1,5,6.NS.B.3,tf,2.5 × 0.04 = 1,A. True | B. False,B,False,,,
G5:S63-F2-Q1,S63-F2-Q1,892,63,FORWARD 2,1,7.NS.A.2.c,sa,Find the product. (-0.3) × 0.4,,,-0.12,,,
G5:S63-F2-Q2,S63-F2-Q2,893,63,FORWARD 2,2,7.NS.A.2.c,sa,Find the product. (-2.5) × (-0.6),,,1.5,,,
G5:S63-F2-Q3,S63-F2-Q3,894,63,FORWARD 2,3,7.NS.A.2.c,mc,Find the product. 3 × (-0.15),A. -0.45 | B. 0.45 | C. -0.045 | D. -4.5,A,-0.45,,,
G5:S63-F2-Q4,S63-F2-Q4,895,63,FORWARD 2,4,7.NS.A.2.c,tf,(-0.2) × (-0.2) × (-0.2) = -0.008,A. True | B. False,A,True,,,
G5:S63-F2-Q5,S63-F2-Q5,896,63,FORWARD 2,5,7.NS.A.2.c,sa,Find the product. -1.2 × 0.05,,,-0.06,,,
G5:S21-M-Q1,S21-M-Q1,899,21,MAIN,1,5.NBT.B.7,sa,Divide. 8.4 ÷ 4,,,2.1,,,
G5:S21-M-Q2,S21-M-Q2,900,21,MAIN,2,5.NBT.B.7,sa,Divide. 3.6 ÷ 0.6,,,6,,,
G5:S21-M-Q3,S21-M-Q3,901,21,MAIN,3,5.NBT.B.7,mc,Divide. 0.45 ÷ 0.05,A. 0.09 | B. 0.9 | C. 90 | D. 9,D,9,,,
G5:S21-M-Q4,S21-M-Q4,902,21,MAIN,4,5.NBT.B.7,sa,Divide. 7.5 ÷ 0.3,,,25,,,
G5:S21-M-Q5,S21-M-Q5,903,21,MAIN,5,5.NBT.B.7,sa,A rope is 4.8 meters long. It is cut into pieces that are each 0.6 meter long. How many pieces are there?,,,8,,,
G5:S21-B1-Q1,S21-B1-Q1,905,21,BACKWARD 1,1,4.NBT.B.6,sa,Divide. 84 ÷ 4,,,21,,,
G5:S21-B1-Q2,S21-B1-Q2,906,21,BACKWARD 1,2,4.NBT.B.6,sa,Divide. 360 ÷ 6,,,60,,,
G5:S21-B1-Q3,S21-B1-Q3,907,21,BACKWARD 1,3,4.NBT.B.6,tf,450 ÷ 5 = 9,A. True | B. False,B,False,,,
G5:S21-B1-Q4,S21-B1-Q4,908,21,BACKWARD 1,4,4.NBT.B.6,mc,750 ÷ 3 = ?,"A. 25 | B. 250 | C. 2,500 | D. 260",B,250,,,
G5:S21-B1-Q5,S21-B1-Q5,909,21,BACKWARD 1,5,4.NBT.B.6,sa,Divide. 48 ÷ 6,,,8,,,
G5:S21-B2-Q1,S21-B2-Q1,911,21,BACKWARD 2,1,3.OA.B.6,sa,Find 36 ÷ 6 by thinking 6 × □ = 36.,,,6,,,
G5:S21-B2-Q2,S21-B2-Q2,912,21,BACKWARD 2,2,3.OA.B.6,tf,"7 × 9 = 63, so 63 ÷ 7 = 9.",A. True | B. False,A,True,,,
G5:S21-B2-Q3,S21-B2-Q3,913,21,BACKWARD 2,3,3.OA.B.6,mc,Which fact helps you find 56 ÷ 8?,A. 56 × 8 = 448 | B. 8 × 7 = 56 | C. 8 + 48 = 56 | D. 8 - 7 = 1,B,8 × 7 = 56,,,
G5:S21-B2-Q4,S21-B2-Q4,914,21,BACKWARD 2,4,3.OA.B.6,sa,What number goes in the box? □ × 5 = 45,,,9,,,
G5:S21-B2-Q5,S21-B2-Q5,915,21,BACKWARD 2,5,3.OA.B.6,tf,24 ÷ 3 = 6 because 3 × 6 = 24.,A. True | B. False,B,False,,,
G5:S21-B4-Q1,S21-B4-Q1,917,21,BACKWARD 4,1,4.NF.C.6,sa,How many tenths are in 3.6?,,,36,,,
G5:S21-B4-Q2,S21-B4-Q2,918,21,BACKWARD 4,2,4.NF.C.6,tf,0.45 is 45 hundredths.,A. True | B. False,A,True,,,
G5:S21-B4-Q3,S21-B4-Q3,919,21,BACKWARD 4,3,4.NF.C.6,mc,How many hundredths are in 0.05?,A. 500 | B. 0.5 | C. 5 | D. 50,C,5,,,
G5:S21-B4-Q4,S21-B4-Q4,920,21,BACKWARD 4,4,4.NF.C.6,sa,How many tenths are in 0.6?,,,6,,,
G5:S21-B4-Q5,S21-B4-Q5,921,21,BACKWARD 4,5,4.NF.C.6,tf,7.5 is 75 hundredths.,A. True | B. False,B,False,,,
G5:S21-F1-Q1,S21-F1-Q1,923,21,FORWARD 1,1,6.NS.B.3,sa,Divide. 13.65 ÷ 0.35,,,39,,,
G5:S21-F1-Q2,S21-F1-Q2,924,21,FORWARD 1,2,6.NS.B.3,sa,Divide. 9.072 ÷ 2.4,,,3.78,,,
G5:S21-F1-Q3,S21-F1-Q3,925,21,FORWARD 1,3,6.NS.B.3,mc,Divide. 0.081 ÷ 0.09,A. 90 | B. 0.09 | C. 0.9 | D. 9,C,0.9,,,
G5:S21-F1-Q4,S21-F1-Q4,926,21,FORWARD 1,4,6.NS.B.3,sa,Divide. 52.5 ÷ 1.25,,,42,,,
G5:S21-F1-Q5,S21-F1-Q5,927,21,FORWARD 1,5,6.NS.B.3,tf,1.8 ÷ 0.006 = 3,A. True | B. False,B,False,,,
G5:S21-F2-Q1,S21-F2-Q1,929,21,FORWARD 2,1,7.NS.A.2.b,sa,Find the quotient. -8.4 ÷ 4,,,-2.1,,,
G5:S21-F2-Q2,S21-F2-Q2,930,21,FORWARD 2,2,7.NS.A.2.b,sa,Find the quotient. (-3.6) ÷ (-0.6),,,6,,,
G5:S21-F2-Q3,S21-F2-Q3,931,21,FORWARD 2,3,7.NS.A.2.b,mc,Find the quotient. 0.45 ÷ (-0.05),A. -9 | B. -0.9 | C. 0.9 | D. 9,A,-9,,,
G5:S21-F2-Q4,S21-F2-Q4,932,21,FORWARD 2,4,7.NS.A.2.b,sa,Find the quotient. -7.5 ÷ 0.3,,,-25,,,
G5:S21-F2-Q5,S21-F2-Q5,933,21,FORWARD 2,5,7.NS.A.2.b,tf,-(4.8 ÷ 0.6) = (-4.8) ÷ 0.6,A. True | B. False,A,True,,,
G5:S64-M-Q1,S64-M-Q1,936,64,MAIN,1,5.NBT.B.7,plot_text,The grid shows 0.6 shaded. Circle groups of 0.15 to find 0.6 ÷ 0.15. Then write the quotient.,,,4,The 60 shaded squares circled as 4 groups of 15 squares,,"Grade both: four groups of 15 hundredths circled, and the quotient 4."
G5:S64-M-Q2,S64-M-Q2,937,64,MAIN,2,5.NBT.B.7,mc,Which explains why 1.8 ÷ 0.3 = 6?,"A. 0.3 has one decimal place, so the quotient is 0.6. | B. There are 6 groups of 1.8 in 0.3. | C. 1.8 - 0.3 = 6 | D. There are 6 groups of 3 tenths in 18 tenths.",D,There are 6 groups of 3 tenths in 18 tenths.,,,
G5:S64-M-Q3,S64-M-Q3,938,64,MAIN,3,5.NBT.B.7,sa,Explain how to find 2.4 ÷ 4 by thinking of 2.4 as 24 tenths.,,,0.6,,,"24 tenths ÷ 4 = 6 tenths = 0.6. The explanation must use the unit (tenths), not only ""move the decimal point""."
G5:S64-M-Q4,S64-M-Q4,939,64,MAIN,4,5.NBT.B.7,tf,4.5 ÷ 0.9 = 5 because there are 5 groups of 9 tenths in 45 tenths.,A. True | B. False,A,True,,,
G5:S64-M-Q5,S64-M-Q5,940,64,MAIN,5,5.NBT.B.7,sa,Sam says 0.8 ÷ 0.2 = 0.4. Give the correct quotient and use a model or place value to explain why he is wrong.,,,4,,,"0.8 is 8 tenths and 0.2 is 2 tenths; there are 4 groups of 2 tenths in 8 tenths, so the quotient is 4. Accept a described drawing or a units explanation."
G5:S64-B1-Q1,S64-B1-Q1,942,64,BACKWARD 1,1,3.OA.A.2,sa,18 counters are put into groups of 3. How many groups are there?,,,6,,,
G5:S64-B1-Q2,S64-B1-Q2,943,64,BACKWARD 1,2,3.OA.A.2,tf,"24 ÷ 4 can mean ""how many groups of 4 are in 24?""",A. True | B. False,A,True,,,
G5:S64-B1-Q3,S64-B1-Q3,944,64,BACKWARD 1,3,3.OA.A.2,mc,Which question does 35 ÷ 5 answer?,A. What is 35 take away 5? | B. What is 35 more than 5? | C. How many groups of 5 are in 35? | D. How many are in 5 groups of 35?,C,How many groups of 5 are in 35?,,,
G5:S64-B1-Q4,S64-B1-Q4,945,64,BACKWARD 1,4,3.OA.A.2,sa,There are 28 apples. Each bag holds 7 apples. How many bags are needed?,,,4,,,
G5:S64-B1-Q5,S64-B1-Q5,946,64,BACKWARD 1,5,3.OA.A.2,tf,12 ÷ 3 means 12 groups of 3.,A. True | B. False,B,False,,,
G5:S64-B2-Q1,S64-B2-Q1,948,64,BACKWARD 2,1,4.NF.C.6,sa,How many tenths are in 1.8?,,,18,,,
G5:S64-B2-Q2,S64-B2-Q2,949,64,BACKWARD 2,2,4.NF.C.6,tf,0.15 is 15 hundredths.,A. True | B. False,A,True,,,
G5:S64-B2-Q3,S64-B2-Q3,950,64,BACKWARD 2,3,4.NF.C.6,mc,How many hundredths are in 0.6?,A. 60 | B. 0.6 | C. 600 | D. 6,A,60,,,
G5:S64-B2-Q4,S64-B2-Q4,951,64,BACKWARD 2,4,4.NF.C.6,sa,Write 45 tenths as a decimal.,,,4.5,,,
G5:S64-B2-Q5,S64-B2-Q5,952,64,BACKWARD 2,5,4.NF.C.6,tf,2.4 is 24 hundredths.,A. True | B. False,B,False,,,
G5:S64-F1-Q1,S64-F1-Q1,954,64,FORWARD 1,1,6.NS.B.3,sa,Divide. 3.75 ÷ 0.25,,,15,,,
G5:S64-F1-Q2,S64-F1-Q2,955,64,FORWARD 1,2,6.NS.B.3,sa,Divide. 0.096 ÷ 0.12,,,0.8,,,
G5:S64-F1-Q3,S64-F1-Q3,956,64,FORWARD 1,3,6.NS.B.3,mc,Divide. 8.1 ÷ 0.09,A. 9 | B. 90 | C. 0.9 | D. 900,B,90,,,
G5:S64-F1-Q4,S64-F1-Q4,957,64,FORWARD 1,4,6.NS.B.3,sa,Divide. 14.4 ÷ 1.2,,,12,,,
G5:S64-F1-Q5,S64-F1-Q5,958,64,FORWARD 1,5,6.NS.B.3,tf,0.5 ÷ 0.02 = 2.5,A. True | B. False,B,False,,,
G5:S64-F2-Q1,S64-F2-Q1,960,64,FORWARD 2,1,7.NS.A.2.b,sa,Find the quotient. -1.8 ÷ 0.3,,,-6,,,
G5:S64-F2-Q2,S64-F2-Q2,961,64,FORWARD 2,2,7.NS.A.2.b,sa,Find the quotient. (-0.6) ÷ (-0.15),,,4,,,
G5:S64-F2-Q3,S64-F2-Q3,962,64,FORWARD 2,3,7.NS.A.2.b,mc,Find the quotient. 2.4 ÷ (-4),A. 0.6 | B. -6 | C. -0.06 | D. -0.6,D,-0.6,,,
G5:S64-F2-Q4,S64-F2-Q4,963,64,FORWARD 2,4,7.NS.A.2.b,tf,(-4.5) ÷ (-0.9) = -5,A. True | B. False,B,False,,,
G5:S64-F2-Q5,S64-F2-Q5,964,64,FORWARD 2,5,7.NS.A.2.b,sa,Find the quotient. -0.08 ÷ 0.2,,,-0.4,,,
G5:S22-M-Q1,S22-M-Q1,967,22,MAIN,1,5.NBT.B.7,sa,The grid shows 0.36 shaded. How much more must be shaded to show 0.5?,,,0.14,,,
G5:S22-M-Q2,S22-M-Q2,968,22,MAIN,2,5.NBT.B.7,sa,Juice costs $2.35 a bottle. Ben buys 4 bottles and pays with a $20 bill. How much change does he get?,,,$10.60,,,
G5:S22-M-Q3,S22-M-Q3,969,22,MAIN,3,5.NBT.B.7,mc,A 2.5-pound bag of nuts is shared equally among 5 friends. How many pounds does each friend get?,A. 0.05 pound | B. 0.5 pound | C. 2 pounds | D. 12.5 pounds,B,0.5 pound,,,
G5:S22-M-Q4,S22-M-Q4,970,22,MAIN,4,5.NBT.B.7,sa,A runner ran 3.75 km on Monday and 4.6 km on Tuesday. How much farther did she run on Tuesday?,,,0.85 km,,,
G5:S22-M-Q5,S22-M-Q5,971,22,MAIN,5,5.NBT.B.7,sa,Tiles cost $0.45 each. How much do 12 tiles cost?,,,$5.40,,,
G5:S22-B1-Q1,S22-B1-Q1,973,22,BACKWARD 1,1,4.MD.A.2,sa,"Pens cost 75 cents each. How much do 4 pens cost, in dollars?",,,$3.00,,,
G5:S22-B1-Q2,S22-B1-Q2,974,22,BACKWARD 1,2,4.MD.A.2,sa,A board is 120 cm long. It is cut into 4 equal pieces. How long is each piece?,,,30 cm,,,
G5:S22-B1-Q3,S22-B1-Q3,975,22,BACKWARD 1,3,4.MD.A.2,tf,Two quarters and three dimes are worth 65 cents.,A. True | B. False,B,False,,,
G5:S22-B1-Q4,S22-B1-Q4,976,22,BACKWARD 1,4,4.MD.A.2,mc,Ann has $5. She spends $2.25. How much money is left?,A. $7.25 | B. $3.25 | C. $2.75 | D. $2.25,C,$2.75,,,
G5:S22-B1-Q5,S22-B1-Q5,977,22,BACKWARD 1,5,4.MD.A.2,sa,A jug holds 2 liters. How many milliliters is that?,,,"2,000 mL",,,
G5:S22-B2-Q1,S22-B2-Q1,979,22,BACKWARD 2,1,4.NF.C.6,sa,What decimal does the shaded part of the grid show?,,,0.45,,,
G5:S22-B2-Q2,S22-B2-Q2,980,22,BACKWARD 2,2,4.NF.C.6,tf,The shaded part of the grid shows 0.8.,A. True | B. False,A,True,,,
G5:S22-B2-Q3,S22-B2-Q3,981,22,BACKWARD 2,3,4.NF.C.6,mc,Which decimal does the shaded part of the grid show?,A. 0.9 | B. 9 | C. 0.009 | D. 0.09,D,0.09,,,
G5:S22-B2-Q4,S22-B2-Q4,982,22,BACKWARD 2,4,4.NF.C.6,sa,How many more squares must be shaded to fill the whole grid?,,,36,,,
G5:S22-B2-Q5,S22-B2-Q5,983,22,BACKWARD 2,5,4.NF.C.6,tf,0.5 of a hundredths grid is 5 squares.,A. True | B. False,B,False,,,
G5:S22-F1-Q1,S22-F1-Q1,985,22,FORWARD 1,1,6.NS.B.3,sa,Gas costs $3.85 per gallon. How much do 12 gallons cost?,,,$46.20,,,
G5:S22-F1-Q2,S22-F1-Q2,986,22,FORWARD 1,2,6.NS.B.3,sa,A board is 6.75 m long. It is cut into pieces that are 0.45 m long. How many pieces are there?,,,15,,,
G5:S22-F1-Q3,S22-F1-Q3,987,22,FORWARD 1,3,6.NS.B.3,mc,Rice costs $1.20 per pound. How much do 2.5 pounds cost?,A. $3.00 | B. $30.00 | C. $2.70 | D. $3.70,A,$3.00,,,
G5:S22-F1-Q4,S22-F1-Q4,988,22,FORWARD 1,4,6.NS.B.3,sa,"Lee buys items that cost $12.49, $3.05, and $7.60. What is the total cost?",,,$23.14,,,
G5:S22-F1-Q5,S22-F1-Q5,989,22,FORWARD 1,5,6.NS.B.3,tf,A 2.4-pound bag split into 0.3-pound portions makes 8 portions.,A. True | B. False,A,True,,,
G5:S22-F2-Q1,S22-F2-Q1,991,22,FORWARD 2,1,7.NS.A.3,sa,A submarine at -45.5 m rises 12.75 m and then dives 20 m. What is its final position?,,,-52.75 m,,,
G5:S22-F2-Q2,S22-F2-Q2,992,22,FORWARD 2,2,7.NS.A.3,sa,A store's profit was -$125.40 in May and $310.15 in June. What was the total profit for the two months?,,,$184.75,,,
G5:S22-F2-Q3,S22-F2-Q3,993,22,FORWARD 2,3,7.NS.A.3,mc,The temperature was 4°F. It dropped 1.5°F each hour for 6 hours. What was the final temperature?,A. -5°F | B. 13°F | C. 5°F | D. -9°F,A,-5°F,,,
G5:S22-F2-Q4,S22-F2-Q4,994,22,FORWARD 2,4,7.NS.A.3,sa,An account changes by -$2.40 each week for 5 weeks. What is the total change?,,,-$12.00,,,
G5:S22-F2-Q5,S22-F2-Q5,995,22,FORWARD 2,5,7.NS.A.3,tf,-3.6 ÷ 0.4 = -0.9,A. True | B. False,B,False,,,
G5:S23-M-Q1,S23-M-Q1,998,23,MAIN,1,5.NF.A.1,sa,Add. 2/3 + 1/4,,,11/12,,,
G5:S23-M-Q2,S23-M-Q2,999,23,MAIN,2,5.NF.A.1,sa,Add. 3/5 + 1/10,,,7/10,,,
G5:S23-M-Q3,S23-M-Q3,1000,23,MAIN,3,5.NF.A.1,mc,Add. 5/6 + 3/8,A. 1 5/24 | B. 1 1/24 | C. 8/24 | D. 8/14,A,1 5/24,,,
G5:S23-M-Q4,S23-M-Q4,1001,23,MAIN,4,5.NF.A.1,sa,Add. 1/2 + 2/7,,,11/14,,,
G5:S23-M-Q5,S23-M-Q5,1002,23,MAIN,5,5.NF.A.1,sa,Add. 3/4 + 5/12 + 1/6,,,1 1/3,,,16/12 or 4/3 is also correct.
G5:S23-B1-Q1,S23-B1-Q1,1004,23,BACKWARD 1,1,4.NF.A.1,sa,Find the missing number. 2/3 = (?)/12,,,8,,,
G5:S23-B1-Q2,S23-B1-Q2,1005,23,BACKWARD 1,2,4.NF.A.1,tf,1/4 = 4/12,A. True | B. False,B,False,,,
G5:S23-B1-Q3,S23-B1-Q3,1006,23,BACKWARD 1,3,4.NF.A.1,mc,Which fraction is equivalent to 3/5?,A. 6/5 | B. 5/3 | C. 3/10 | D. 6/10,D,6/10,,,
G5:S23-B1-Q4,S23-B1-Q4,1007,23,BACKWARD 1,4,4.NF.A.1,sa,Find the missing number. 5/6 = 20/(?),,,24,,,
G5:S23-B1-Q5,S23-B1-Q5,1008,23,BACKWARD 1,5,4.NF.A.1,tf,2/7 = 4/21,A. True | B. False,B,False,,,
G5:S23-B2-Q1,S23-B2-Q1,1010,23,BACKWARD 2,1,4.NF.B.3.a,sa,Add. 3/8 + 2/8,,,5/8,,,
G5:S23-B2-Q2,S23-B2-Q2,1011,23,BACKWARD 2,2,4.NF.B.3.a,tf,4/12 + 5/12 = 9/24,A. True | B. False,B,False,,,
G5:S23-B2-Q3,S23-B2-Q3,1012,23,BACKWARD 2,3,4.NF.B.3.a,mc,7/10 + 6/10 = ?,A. 1 6/10 | B. 1 3/10 | C. 13/20 | D. 1/10,B,1 3/10,,,
G5:S23-B2-Q4,S23-B2-Q4,1013,23,BACKWARD 2,4,4.NF.B.3.a,sa,Add. 1/6 + 4/6,,,5/6,,,
G5:S23-B2-Q5,S23-B2-Q5,1014,23,BACKWARD 2,5,4.NF.B.3.a,tf,2/5 + 3/5 = 1,A. True | B. False,A,True,,,
G5:S23-B3-Q1,S23-B3-Q1,1016,23,BACKWARD 3,1,4.OA.B.4,sa,List the first five positive multiples of 4.,,,"4, 8, 12, 16, 20",,,
G5:S23-B3-Q2,S23-B3-Q2,1017,23,BACKWARD 3,2,4.OA.B.4,tf,10 is a multiple of both 3 and 4.,A. True | B. False,B,False,,,
G5:S23-B3-Q3,S23-B3-Q3,1018,23,BACKWARD 3,3,4.OA.B.4,mc,Which number is a multiple of both 6 and 8?,A. 16 | B. 30 | C. 24 | D. 14,C,24,,,
G5:S23-B3-Q4,S23-B3-Q4,1019,23,BACKWARD 3,4,4.OA.B.4,sa,Name a positive number that is a multiple of both 5 and 10.,,,10,,,"Any positive multiple of 10 (10, 20, 30, ...) is correct."
G5:S23-B3-Q5,S23-B3-Q5,1020,23,BACKWARD 3,5,4.OA.B.4,tf,18 is a multiple of both 4 and 6.,A. True | B. False,B,False,,,
G5:S23-F1-Q1,S23-F1-Q1,1022,23,FORWARD 1,1,6.NS.B.4,sa,Find the least common multiple of 6 and 10.,,,30,,,
G5:S23-F1-Q2,S23-F1-Q2,1023,23,FORWARD 1,2,6.NS.B.4,sa,Find the least common multiple of 8 and 12.,,,24,,,
G5:S23-F1-Q3,S23-F1-Q3,1024,23,FORWARD 1,3,6.NS.B.4,mc,What is the least common multiple of 4 and 9?,A. 72 | B. 13 | C. 18 | D. 36,D,36,,,
G5:S23-F1-Q4,S23-F1-Q4,1025,23,FORWARD 1,4,6.NS.B.4,sa,Find the least common multiple of 5 and 15.,,,15,,,
G5:S23-F1-Q5,S23-F1-Q5,1026,23,FORWARD 1,5,6.NS.B.4,tf,The least common multiple of 6 and 9 is 54.,A. True | B. False,B,False,,,
G5:S23-F2-Q1,S23-F2-Q1,1028,23,FORWARD 2,1,7.NS.A.1.d,sa,Find the value. -2/3 + 1/4,,,-5/12,,,
G5:S23-F2-Q2,S23-F2-Q2,1029,23,FORWARD 2,2,7.NS.A.1.d,sa,Find the value. 3/5 + (-7/10),,,-1/10,,,
G5:S23-F2-Q3,S23-F2-Q3,1030,23,FORWARD 2,3,7.NS.A.1.d,mc,Find the value. -1/2 + (-3/8),A. -7/8 | B. -4/10 | C. 1/8 | D. -1/8,A,-7/8,,,
G5:S23-F2-Q4,S23-F2-Q4,1031,23,FORWARD 2,4,7.NS.A.1.d,sa,Find the value. -1 1/3 + 5/6,,,-1/2,,,
G5:S23-F2-Q5,S23-F2-Q5,1032,23,FORWARD 2,5,7.NS.A.1.d,tf,-3/4 + 3/4 = 0,A. True | B. False,A,True,,,
G5:S24-M-Q1,S24-M-Q1,1035,24,MAIN,1,5.NF.A.1,sa,Subtract. 5/6 - 1/4,,,7/12,,,
G5:S24-M-Q2,S24-M-Q2,1036,24,MAIN,2,5.NF.A.1,sa,Subtract. 7/8 - 1/2,,,3/8,,,
G5:S24-M-Q3,S24-M-Q3,1037,24,MAIN,3,5.NF.A.1,mc,Subtract. 4/5 - 2/3,A. 2/2 | B. 1/5 | C. 6/15 | D. 2/15,D,2/15,,,
G5:S24-M-Q4,S24-M-Q4,1038,24,MAIN,4,5.NF.A.1,sa,Subtract. 9/10 - 2/5,,,1/2,,,5/10 is also correct.
G5:S24-M-Q5,S24-M-Q5,1039,24,MAIN,5,5.NF.A.1,sa,Subtract. 1 - 3/7,,,4/7,,,
G5:S24-B1-Q1,S24-B1-Q1,1041,24,BACKWARD 1,1,4.NF.A.1,sa,Find the missing number. 1/4 = (?)/12,,,3,,,
G5:S24-B1-Q2,S24-B1-Q2,1042,24,BACKWARD 1,2,4.NF.A.1,tf,1/2 = 4/8,A. True | B. False,A,True,,,
G5:S24-B1-Q3,S24-B1-Q3,1043,24,BACKWARD 1,3,4.NF.A.1,mc,Which fraction is equivalent to 2/3?,A. 10/15 | B. 4/9 | C. 3/4 | D. 2/6,A,10/15,,,
G5:S24-B1-Q4,S24-B1-Q4,1044,24,BACKWARD 1,4,4.NF.A.1,sa,Find the missing number. 4/5 = (?)/15,,,12,,,
G5:S24-B1-Q5,S24-B1-Q5,1045,24,BACKWARD 1,5,4.NF.A.1,tf,3/4 = 9/16,A. True | B. False,B,False,,,
G5:S24-B2-Q1,S24-B2-Q1,1047,24,BACKWARD 2,1,4.NF.B.3.a,sa,Subtract. 7/9 - 2/9,,,5/9,,,
G5:S24-B2-Q2,S24-B2-Q2,1048,24,BACKWARD 2,2,4.NF.B.3.a,tf,5/8 - 3/8 = 2/8,A. True | B. False,A,True,,,
G5:S24-B2-Q3,S24-B2-Q3,1049,24,BACKWARD 2,3,4.NF.B.3.a,mc,11/12 - 4/12 = ?,A. 7/24 | B. 7/12 | C. 15/12 | D. 4/12,B,7/12,,,
G5:S24-B2-Q4,S24-B2-Q4,1050,24,BACKWARD 2,4,4.NF.B.3.a,sa,Subtract. 1 - 3/5,,,2/5,,,
G5:S24-B2-Q5,S24-B2-Q5,1051,24,BACKWARD 2,5,4.NF.B.3.a,tf,9/10 - 4/10 = 5/20,A. True | B. False,B,False,,,
G5:S24-B3-Q1,S24-B3-Q1,1053,24,BACKWARD 3,1,4.OA.B.4,sa,List the first four positive multiples of 6.,,,"6, 12, 18, 24",,,
G5:S24-B3-Q2,S24-B3-Q2,1054,24,BACKWARD 3,2,4.OA.B.4,tf,15 is a multiple of both 3 and 5.,A. True | B. False,A,True,,,
G5:S24-B3-Q3,S24-B3-Q3,1055,24,BACKWARD 3,3,4.OA.B.4,mc,Which number is a multiple of both 4 and 5?,A. 15 | B. 20 | C. 9 | D. 25,B,20,,,
G5:S24-B3-Q4,S24-B3-Q4,1056,24,BACKWARD 3,4,4.OA.B.4,sa,Name a positive number that is a multiple of both 3 and 8.,,,24,,,"Any positive multiple of 24 (24, 48, 72, ...) is correct."
G5:S24-B3-Q5,S24-B3-Q5,1057,24,BACKWARD 3,5,4.OA.B.4,tf,16 is a multiple of both 4 and 6.,A. True | B. False,B,False,,,
G5:S24-F1-Q1,S24-F1-Q1,1059,24,FORWARD 1,1,6.EE.B.7,sa,Solve for x. x + 1/3 = 5/6,,,1/2,,,
G5:S24-F1-Q2,S24-F1-Q2,1060,24,FORWARD 1,2,6.EE.B.7,sa,Solve for y. y - 2/5 = 3/10,,,7/10,,,
G5:S24-F1-Q3,S24-F1-Q3,1061,24,FORWARD 1,3,6.EE.B.7,mc,Solve for n. 3/4 + n = 1 1/2,A. 1 1/4 | B. 3/4 | C. 2 1/4 | D. 1/4,B,3/4,,,
G5:S24-F1-Q4,S24-F1-Q4,1062,24,FORWARD 1,4,6.EE.B.7,sa,Solve for m. m + 5/8 = 2,,,1 3/8,,,
G5:S24-F1-Q5,S24-F1-Q5,1063,24,FORWARD 1,5,6.EE.B.7,tf,The solution of x - 1/6 = 2/3 is x = 5/6.,A. True | B. False,A,True,,,
G5:S24-F2-Q1,S24-F2-Q1,1065,24,FORWARD 2,1,7.NS.A.1.c,sa,Find the value. 1/4 - 5/6,,,-7/12,,,
G5:S24-F2-Q2,S24-F2-Q2,1066,24,FORWARD 2,2,7.NS.A.1.c,sa,Find the value. -2/3 - 1/6,,,-5/6,,,
G5:S24-F2-Q3,S24-F2-Q3,1067,24,FORWARD 2,3,7.NS.A.1.c,mc,Find the value. 1/2 - (-3/4),A. -1/4 | B. 1/4 | C. 1 1/4 | D. -1 1/4,C,1 1/4,,,
G5:S24-F2-Q4,S24-F2-Q4,1068,24,FORWARD 2,4,7.NS.A.1.c,sa,Find the value. -3/5 - (-1/2),,,-1/10,,,
G5:S24-F2-Q5,S24-F2-Q5,1069,24,FORWARD 2,5,7.NS.A.1.c,tf,2/9 - 5/9 = 1/3,A. True | B. False,B,False,,,
G5:S25-M-Q1,S25-M-Q1,1072,25,MAIN,1,5.NF.A.1,sa,Add. 2 1/3 + 1 1/2,,,3 5/6,,,
G5:S25-M-Q2,S25-M-Q2,1073,25,MAIN,2,5.NF.A.1,sa,Add. 4 3/4 + 2 1/6,,,6 11/12,,,
G5:S25-M-Q3,S25-M-Q3,1074,25,MAIN,3,5.NF.A.1,mc,Add. 1 2/5 + 3 1/2,A. 4 3/7 | B. 4 3/10 | C. 5 1/10 | D. 4 9/10,D,4 9/10,,,
G5:S25-M-Q4,S25-M-Q4,1075,25,MAIN,4,5.NF.A.1,sa,Add. 3 5/8 + 2 3/4,,,6 3/8,,,
G5:S25-M-Q5,S25-M-Q5,1076,25,MAIN,5,5.NF.A.1,sa,Add. 5 2/3 + 1 5/9,,,7 2/9,,,
G5:S25-B1-Q1,S25-B1-Q1,1078,25,BACKWARD 1,1,4.NF.B.3.c,sa,Add. 1 2/5 + 2 1/5,,,3 3/5,,,
G5:S25-B1-Q2,S25-B1-Q2,1079,25,BACKWARD 1,2,4.NF.B.3.c,sa,Add. 4 1/6 + 1 4/6,,,5 5/6,,,
G5:S25-B1-Q3,S25-B1-Q3,1080,25,BACKWARD 1,3,4.NF.B.3.c,tf,2 3/4 + 1 3/4 = 3 6/8,A. True | B. False,B,False,,,
G5:S25-B1-Q4,S25-B1-Q4,1081,25,BACKWARD 1,4,4.NF.B.3.c,mc,2 2/3 + 1 2/3 = ?,A. 3 1/3 | B. 3 2/3 | C. 4 1/3 | D. 4 2/3,C,4 1/3,,,
G5:S25-B1-Q5,S25-B1-Q5,1082,25,BACKWARD 1,5,4.NF.B.3.c,sa,Add. 3 7/8 + 3/8,,,4 2/8,,,4 1/4 is also correct.
G5:S25-B2-Q1,S25-B2-Q1,1084,25,BACKWARD 2,1,4.NF.B.3.b,sa,Write 2 3/4 as a fraction.,,,11/4,,,
G5:S25-B2-Q2,S25-B2-Q2,1085,25,BACKWARD 2,2,4.NF.B.3.b,sa,Write 17/5 as a mixed number.,,,3 2/5,,,
G5:S25-B2-Q3,S25-B2-Q3,1086,25,BACKWARD 2,3,4.NF.B.3.b,tf,1 1/3 = 4/3,A. True | B. False,A,True,,,
G5:S25-B2-Q4,S25-B2-Q4,1087,25,BACKWARD 2,4,4.NF.B.3.b,mc,Which fraction is equal to 3 1/2?,A. 31/2 | B. 7/2 | C. 5/2 | D. 6/2,B,7/2,,,
G5:S25-B2-Q5,S25-B2-Q5,1088,25,BACKWARD 2,5,4.NF.B.3.b,tf,5 2/3 = 4 5/3,A. True | B. False,A,True,,,
G5:S25-B3-Q1,S25-B3-Q1,1090,25,BACKWARD 3,1,4.NF.A.1,sa,Find the missing number. 3/4 = (?)/8,,,6,,,
G5:S25-B3-Q2,S25-B3-Q2,1091,25,BACKWARD 3,2,4.NF.A.1,tf,1/6 = 2/12,A. True | B. False,A,True,,,
G5:S25-B3-Q3,S25-B3-Q3,1092,25,BACKWARD 3,3,4.NF.A.1,mc,Which fraction is equivalent to 1/2?,A. 5/10 | B. 2/3 | C. 2/2 | D. 1/4,A,5/10,,,
G5:S25-B3-Q4,S25-B3-Q4,1093,25,BACKWARD 3,4,4.NF.A.1,sa,Find the missing number. 2/5 = (?)/10,,,4,,,
G5:S25-B3-Q5,S25-B3-Q5,1094,25,BACKWARD 3,5,4.NF.A.1,tf,5/6 = 10/18,A. True | B. False,B,False,,,
G5:S25-F1-Q1,S25-F1-Q1,1096,25,FORWARD 1,1,6.EE.B.7,sa,Solve for x. x + 2 1/2 = 6 1/4,,,3 3/4,,,
G5:S25-F1-Q2,S25-F1-Q2,1097,25,FORWARD 1,2,6.EE.B.7,sa,Solve for y. y - 1 2/3 = 3 1/6,,,4 5/6,,,
G5:S25-F1-Q3,S25-F1-Q3,1098,25,FORWARD 1,3,6.EE.B.7,mc,Solve for n. n + 4 3/8 = 7,A. 3 5/8 | B. 2 3/8 | C. 11 3/8 | D. 2 5/8,D,2 5/8,,,
G5:S25-F1-Q4,S25-F1-Q4,1099,25,FORWARD 1,4,6.EE.B.7,sa,"A board was 8 1/2 feet long. After a piece was cut off, it was 5 3/4 feet long. Write and solve an equation to find the length p of the piece.",,,8 1/2 - p = 5 3/4; p = 2 3/4 feet,,,Any equivalent equation is correct.
G5:S25-F1-Q5,S25-F1-Q5,1100,25,FORWARD 1,5,6.EE.B.7,tf,The solution of x - 1 1/4 = 2 1/2 is x = 1 1/4.,A. True | B. False,B,False,,,
G5:S25-F2-Q1,S25-F2-Q1,1102,25,FORWARD 2,1,7.EE.B.4.a,sa,Solve for x. 2x + 1/2 = 3 1/2,,,1 1/2,,,
G5:S25-F2-Q2,S25-F2-Q2,1103,25,FORWARD 2,2,7.EE.B.4.a,sa,Solve for x. (1/3)x - 1 1/4 = 2 3/4,,,12,,,
G5:S25-F2-Q3,S25-F2-Q3,1104,25,FORWARD 2,3,7.EE.B.4.a,mc,Solve for x. 4x - 2 1/3 = 1,A. 1 1/12 | B. 1/6 | C. 5/6 | D. 1/3,C,5/6,,,
G5:S25-F2-Q4,S25-F2-Q4,1105,25,FORWARD 2,4,7.EE.B.4.a,sa,Jo bought 3 bags of flour that weigh the same and one 1 1/2-pound bag of sugar. The total weight was 9 3/4 pounds. How much does each bag of flour weigh?,,,2 3/4 pounds,,,3f + 1 1/2 = 9 3/4
G5:S25-F2-Q5,S25-F2-Q5,1106,25,FORWARD 2,5,7.EE.B.4.a,tf,The solution of (1/2)(x + 3) = 4 is x = 5.,A. True | B. False,A,True,,,
G5:S65-M-Q1,S65-M-Q1,1109,65,MAIN,1,5.NF.A.1,sa,Subtract. 5 3/4 - 2 1/6,,,3 7/12,,,
G5:S65-M-Q2,S65-M-Q2,1110,65,MAIN,2,5.NF.A.1,mc,Subtract. 4 1/5 - 1 1/2,A. 3 3/10 | B. 2 7/10 | C. 3 7/10 | D. 2 3/10,B,2 7/10,,,
G5:S65-M-Q3,S65-M-Q3,1111,65,MAIN,3,5.NF.A.1,sa,Subtract. 6 - 2 2/3,,,3 1/3,,,
G5:S65-M-Q4,S65-M-Q4,1112,65,MAIN,4,5.NF.A.1,sa,Subtract. 7 1/4 - 3 5/6,,,3 5/12,,,
G5:S65-M-Q5,S65-M-Q5,1113,65,MAIN,5,5.NF.A.1,tf,3 1/2 - 1 2/3 = 1 5/6,A. True | B. False,A,True,,,
G5:S65-B1-Q1,S65-B1-Q1,1115,65,BACKWARD 1,1,4.NF.B.3.c,sa,Subtract. 4 5/6 - 1 4/6,,,3 1/6,,,
G5:S65-B1-Q2,S65-B1-Q2,1116,65,BACKWARD 1,2,4.NF.B.3.c,mc,5 1/3 - 2 2/3 = ?,A. 3 1/3 | B. 3 2/3 | C. 2 2/3 | D. 2 1/3,C,2 2/3,,,
G5:S65-B1-Q3,S65-B1-Q3,1117,65,BACKWARD 1,3,4.NF.B.3.c,sa,Subtract. 6 1/4 - 3 3/4,,,2 2/4,,,2 1/2 is also correct.
G5:S65-B1-Q4,S65-B1-Q4,1118,65,BACKWARD 1,4,4.NF.B.3.c,tf,7 2/5 - 4 4/5 = 3 2/5,A. True | B. False,B,False,,,
G5:S65-B1-Q5,S65-B1-Q5,1119,65,BACKWARD 1,5,4.NF.B.3.c,sa,Subtract. 5 - 1 3/8,,,3 5/8,,,
G5:S65-B2-Q1,S65-B2-Q1,1121,65,BACKWARD 2,1,4.NF.B.3.b,sa,Fill in the blank. 3 1/4 = 2(?)/4,,,5,,,
G5:S65-B2-Q2,S65-B2-Q2,1122,65,BACKWARD 2,2,4.NF.B.3.b,tf,5 2/3 = 4 5/3,A. True | B. False,A,True,,,
G5:S65-B2-Q3,S65-B2-Q3,1123,65,BACKWARD 2,3,4.NF.B.3.b,mc,Which is equal to 4 1/8?,A. 4 9/8 | B. 5 1/8 | C. 3 1/8 | D. 3 9/8,D,3 9/8,,,
G5:S65-B2-Q4,S65-B2-Q4,1124,65,BACKWARD 2,4,4.NF.B.3.b,sa,Fill in the blank. 6 = 5(?)/5,,,5,,,
G5:S65-B2-Q5,S65-B2-Q5,1125,65,BACKWARD 2,5,4.NF.B.3.b,tf,2 3/10 = 1 3/10,A. True | B. False,B,False,,,
G5:S65-F1-Q1,S65-F1-Q1,1127,65,FORWARD 1,1,6.EE.B.7,sa,Solve for x. x + 3 2/3 = 7 1/4,,,3 7/12,,,
G5:S65-F1-Q2,S65-F1-Q2,1128,65,FORWARD 1,2,6.EE.B.7,sa,Solve for y. 9 1/2 - y = 4 5/6,,,4 2/3,,,
G5:S65-F1-Q3,S65-F1-Q3,1129,65,FORWARD 1,3,6.EE.B.7,mc,Solve for n. n + 1 5/8 = 4 1/4,A. 2 5/8 | B. 2 3/8 | C. 3 5/8 | D. 5 7/8,A,2 5/8,,,
G5:S65-F1-Q4,S65-F1-Q4,1130,65,FORWARD 1,4,6.EE.B.7,sa,"A tank had 10 1/4 gallons of water. After some water was used, 6 2/3 gallons were left. Write and solve an equation to find the amount w used.",,,10 1/4 - w = 6 2/3; w = 3 7/12 gallons,,,Any equivalent equation is correct.
G5:S65-F1-Q5,S65-F1-Q5,1131,65,FORWARD 1,5,6.EE.B.7,tf,The solution of x + 2 3/4 = 5 is x = 2 1/4.,A. True | B. False,A,True,,,
G5:S65-F2-Q1,S65-F2-Q1,1133,65,FORWARD 2,1,7.NS.A.1.c,sa,Find the value. 2 1/4 - 5 1/2,,,-3 1/4,,,
G5:S65-F2-Q2,S65-F2-Q2,1134,65,FORWARD 2,2,7.NS.A.1.c,sa,Find the value. -1 2/3 - 2 1/6,,,-3 5/6,,,
G5:S65-F2-Q3,S65-F2-Q3,1135,65,FORWARD 2,3,7.NS.A.1.c,mc,Find the value. 3 1/2 - (-1 3/4),A. 1 3/4 | B. -1 3/4 | C. 5 1/4 | D. -5 1/4,C,5 1/4,,,
G5:S65-F2-Q4,S65-F2-Q4,1136,65,FORWARD 2,4,7.NS.A.1.c,sa,Find the value. -4 1/3 - (-1 5/6),,,-2 1/2,,,
G5:S65-F2-Q5,S65-F2-Q5,1137,65,FORWARD 2,5,7.NS.A.1.c,tf,1 1/4 - 3 = -1 3/4,A. True | B. False,A,True,,,
G5:S26-M-Q1,S26-M-Q1,1140,26,MAIN,1,5.NF.A.2,sa,Mia walked 3/4 mile to school and then 2/3 mile to the park. How far did she walk in all?,,,1 5/12 miles,,,
G5:S26-M-Q2,S26-M-Q2,1141,26,MAIN,2,5.NF.A.2,sa,A jug had 7/8 gallon of milk. Ben drank 1/3 gallon. How much milk is left?,,,13/24 gallon,,,
G5:S26-M-Q3,S26-M-Q3,1142,26,MAIN,3,5.NF.A.2,mc,Ana used 2 1/2 cups of flour and 1 3/4 cups of sugar. How many cups did she use in all?,A. 4 1/4 cups | B. 3 3/4 cups | C. 4 3/4 cups | D. 3 1/4 cups,A,4 1/4 cups,,,
G5:S26-M-Q4,S26-M-Q4,1143,26,MAIN,4,5.NF.A.2,sa,A ribbon is 5 1/6 feet long. Lea cuts off 2 1/2 feet. How long is the ribbon now?,,,2 2/3 feet,,,
G5:S26-M-Q5,S26-M-Q5,1144,26,MAIN,5,5.NF.A.2,sa,Tom read 1/4 of a book on Monday and 3/8 of the book on Tuesday. What fraction of the book does he still have to read?,,,3/8,,,
G5:S26-B1-Q1,S26-B1-Q1,1146,26,BACKWARD 1,1,4.NF.B.3.d,sa,Kim ate 3/8 of a pizza and Joe ate 2/8 of the pizza. What fraction of the pizza did they eat in all?,,,5/8,,,
G5:S26-B1-Q2,S26-B1-Q2,1147,26,BACKWARD 1,2,4.NF.B.3.d,sa,A rope is 9/10 meter long. 4/10 meter is cut off. How much rope is left?,,,5/10 meter,,,1/2 meter is also correct.
G5:S26-B1-Q3,S26-B1-Q3,1148,26,BACKWARD 1,3,4.NF.B.3.d,tf,2/6 of a garden is corn and 3/6 is beans. Corn and beans cover 5/6 of the garden.,A. True | B. False,A,True,,,
G5:S26-B1-Q4,S26-B1-Q4,1149,26,BACKWARD 1,4,4.NF.B.3.d,mc,Lu had 7/12 of a cake. She gave away 5/12 of the cake. How much of the cake is left?,A. 12/12 | B. 2/12 | C. 35/12 | D. 2/24,B,2/12,,,
G5:S26-B1-Q5,S26-B1-Q5,1150,26,BACKWARD 1,5,4.NF.B.3.d,sa,A tank is 3/5 full. Water is added to fill another 1/5 of the tank. How full is the tank now?,,,4/5,,,
G5:S26-B2-Q1,S26-B2-Q1,1152,26,BACKWARD 2,1,2.OA.A.1,mc,A class has 14 boys and 13 girls. Which operation finds the number of students in all?,A. Subtraction | B. Division | C. Addition | D. Multiplication,C,Addition,,,
G5:S26-B2-Q2,S26-B2-Q2,1153,26,BACKWARD 2,2,2.OA.A.1,tf,"To find how much is left after some is used, you subtract.",A. True | B. False,A,True,,,
G5:S26-B2-Q3,S26-B2-Q3,1154,26,BACKWARD 2,3,2.OA.A.1,sa,Sam had 42 marbles. He lost 15 marbles. How many marbles are left?,,,27,,,
G5:S26-B2-Q4,S26-B2-Q4,1155,26,BACKWARD 2,4,2.OA.A.1,mc,A shelf holds 35 books. 18 books are on it now. Which equation finds how many more books fit?,A. 35 - 18 = □ | B. 18 - 35 = □ | C. 35 × 18 = □ | D. 35 + 18 = □,A,35 - 18 = □,,,
G5:S26-B2-Q5,S26-B2-Q5,1156,26,BACKWARD 2,5,2.OA.A.1,sa,Liz has 26 stickers. She gets 17 more. How many stickers does she have now?,,,43,,,
G5:S26-B4-Q1,S26-B4-Q1,1158,26,BACKWARD 4,1,4.NF.A.1,sa,Find the missing number. 3/4 = (?)/12,,,9,,,
G5:S26-B4-Q2,S26-B4-Q2,1159,26,BACKWARD 4,2,4.NF.A.1,tf,2/3 = 8/12,A. True | B. False,A,True,,,
G5:S26-B4-Q3,S26-B4-Q3,1160,26,BACKWARD 4,3,4.NF.A.1,mc,Which fraction is equivalent to 5/6?,A. 15/16 | B. 10/12 | C. 5/12 | D. 6/5,B,10/12,,,
G5:S26-B4-Q4,S26-B4-Q4,1161,26,BACKWARD 4,4,4.NF.A.1,sa,Rewrite 1/2 and 1/3 as fractions with the denominator 6.,,,3/6 and 2/6,,,
G5:S26-B4-Q5,S26-B4-Q5,1162,26,BACKWARD 4,5,4.NF.A.1,tf,3/8 = 6/24,A. True | B. False,B,False,,,
G5:S26-F1-Q1,S26-F1-Q1,1164,26,FORWARD 1,1,6.EE.B.7,sa,"After using 2/3 cup of oil, Ray has 3/4 cup left. Write and solve an equation to find how much oil c he started with.",,,c - 2/3 = 3/4; c = 1 5/12 cups,,,Any equivalent equation is correct.
G5:S26-F1-Q2,S26-F1-Q2,1165,26,FORWARD 1,2,6.EE.B.7,sa,A plant grew 5/8 inch and is now 4 1/4 inches tall. Write and solve an equation to find its starting height h.,,,h + 5/8 = 4 1/4; h = 3 5/8 inches,,,Any equivalent equation is correct.
G5:S26-F1-Q3,S26-F1-Q3,1166,26,FORWARD 1,3,6.EE.B.7,mc,"3/10 inch of rain fell on day 1. In all, 9/10 inch fell on days 1 and 2. Which equation finds the rain r on day 2?",A. (3/10)r = 9/10 | B. r + 9/10 = 3/10 | C. 3/10 + r = 9/10 | D. r - 3/10 = 9/10,C,3/10 + r = 9/10,,,
G5:S26-F1-Q4,S26-F1-Q4,1167,26,FORWARD 1,4,6.EE.B.7,sa,Solve for x. x + 2/9 = 2/3,,,4/9,,,
G5:S26-F1-Q5,S26-F1-Q5,1168,26,FORWARD 1,5,6.EE.B.7,tf,"If n - 1/4 = 5/8, then n = 7/8.",A. True | B. False,A,True,,,
G5:S26-F2-Q1,S26-F2-Q1,1170,26,FORWARD 2,1,7.EE.B.4.a,sa,"A recipe uses 3/4 cup of sugar per batch, plus 1/2 cup for frosting. Ali used 2 3/4 cups of sugar in all. How many batches did he make?",,,3,,,(3/4)b + 1/2 = 2 3/4
G5:S26-F2-Q2,S26-F2-Q2,1171,26,FORWARD 2,2,7.EE.B.4.a,sa,Solve for x. (2/3)x + 1/6 = 5/6,,,1,,,
G5:S26-F2-Q3,S26-F2-Q3,1172,26,FORWARD 2,3,7.EE.B.4.a,mc,"A 6-foot board is cut into 4 equal pieces, with 1/2 foot left over. How long is each piece?",A. 1 1/2 feet | B. 1 5/8 feet | C. 1 3/8 feet | D. 5 1/2 feet,C,1 3/8 feet,,,
G5:S26-F2-Q4,S26-F2-Q4,1173,26,FORWARD 2,4,7.EE.B.4.a,sa,Solve for x. 5x - 3/4 = 4 1/4,,,1,,,
G5:S26-F2-Q5,S26-F2-Q5,1174,26,FORWARD 2,5,7.EE.B.4.a,tf,The solution of 2x + 1/3 = 1 is x = 2/3.,A. True | B. False,B,False,,,
G5:S27-M-Q1,S27-M-Q1,1177,27,MAIN,1,5.NF.A.2,tf,"Ella says 3/4 + 1/6 = 4/10. Her answer must be wrong, because 4/10 is less than 3/4, one of the fractions she added.",A. True | B. False,A,True,,,
G5:S27-M-Q2,S27-M-Q2,1178,27,MAIN,2,5.NF.A.2,mc,Which is the best estimate of 7/8 + 5/12?,A. About 1/2 | B. About 2 1/2 | C. About 1 1/2 | D. About 3,C,About 1 1/2,,,
G5:S27-M-Q3,S27-M-Q3,1179,27,MAIN,3,5.NF.A.2,sa,Is 3/5 + 4/9 more or less than 1? Use benchmark fractions to explain.,,,More than 1,,,"3/5 is more than 1/2 by 1/10, and 4/9 is less than 1/2 by only 1/18, so the sum is a little more than 1/2 + 1/2 = 1."
G5:S27-M-Q4,S27-M-Q4,1180,27,MAIN,4,5.NF.A.2,sa,Jen ran 9/10 mile and walked 1/8 mile. Estimate the total distance to the nearest whole mile.,,,1 mile,,,
G5:S27-M-Q5,S27-M-Q5,1181,27,MAIN,5,5.NF.A.2,mc,Leo says 5/6 - 1/3 = 4/3. Which statement explains why his answer is not reasonable?,"A. The answer is greater than 5/6, but subtracting should give less than 5/6. | B. The denominators are different. | C. 4/3 is less than 1. | D. The answer should be 0.",A,"The answer is greater than 5/6, but subtracting should give less than 5/6.",,,
G5:S27-B1-Q1,S27-B1-Q1,1183,27,BACKWARD 1,1,4.NF.A.2,tf,5/8 is less than 1/2.,A. True | B. False,B,False,,,
G5:S27-B1-Q2,S27-B1-Q2,1184,27,BACKWARD 1,2,4.NF.A.2,mc,Which fraction is greater than 1/2?,A. 1/3 | B. 3/8 | C. 2/5 | D. 4/7,D,4/7,,,
G5:S27-B1-Q3,S27-B1-Q3,1185,27,BACKWARD 1,3,4.NF.A.2,sa,"Is 5/9 closest to 0, 1/2, or 1?",,,1/2,,,
G5:S27-B1-Q4,S27-B1-Q4,1186,27,BACKWARD 1,4,4.NF.A.2,tf,6/10 is less than 1/2.,A. True | B. False,B,False,,,
G5:S27-B1-Q5,S27-B1-Q5,1187,27,BACKWARD 1,5,4.NF.A.2,sa,Is 11/12 closer to 1/2 or to 1?,,,1,,,
G5:S27-B2-Q1,S27-B2-Q1,1189,27,BACKWARD 2,1,3.NF.A.2,sa,What fraction is at point A?,,,3/4,,,
G5:S27-B2-Q2,S27-B2-Q2,1190,27,BACKWARD 2,2,3.NF.A.2,tf,"On a number line, 1/2 is halfway between 0 and 1.",A. True | B. False,A,True,,,
G5:S27-B2-Q3,S27-B2-Q3,1191,27,BACKWARD 2,3,3.NF.A.2,mc,Which point is at 1/3?,A. Point A | B. Point B | C. Point C | D. Point D,B,Point B,,,
G5:S27-B2-Q4,S27-B2-Q4,1192,27,BACKWARD 2,4,3.NF.A.2,sa,What fraction is at point B?,,,5/8,,,
G5:S27-B2-Q5,S27-B2-Q5,1193,27,BACKWARD 2,5,3.NF.A.2,tf,7/8 is closer to 1 than to 1/2.,A. True | B. False,A,True,,,
G5:S27-F1-Q1,S27-F1-Q1,1195,27,FORWARD 1,1,6.NS.A.1,tf,3/4 ÷ 1/8 is greater than 1.,A. True | B. False,A,True,,,
G5:S27-F1-Q2,S27-F1-Q2,1196,27,FORWARD 1,2,6.NS.A.1,mc,"Without dividing, which quotient is less than 1?",A. 3/4 ÷ 1/2 | B. 1/3 ÷ 1/2 | C. 2 ÷ 1/2 | D. 5/6 ÷ 1/3,B,1/3 ÷ 1/2,,,
G5:S27-F1-Q3,S27-F1-Q3,1197,27,FORWARD 1,3,6.NS.A.1,sa,Divide. 5/6 ÷ 5/12,,,2,,,
G5:S27-F1-Q4,S27-F1-Q4,1198,27,FORWARD 1,4,6.NS.A.1,sa,Estimate 2 7/8 ÷ 1/2 by first rounding 2 7/8 to the nearest whole number.,,,6,,,3 ÷ 1/2 = 6
G5:S27-F1-Q5,S27-F1-Q5,1199,27,FORWARD 1,5,6.NS.A.1,tf,1/2 ÷ 4 is greater than 1/2.,A. True | B. False,B,False,,,
G5:S27-F2-Q1,S27-F2-Q1,1201,27,FORWARD 2,1,7.EE.B.3,sa,A board 9 7/8 feet long is cut into 3 equal pieces. Round the length of the board to the nearest whole foot. Then use it to estimate the length of each piece.,,,10 feet; about 3 1/3 feet,,,"10 ÷ 3 = 3 1/3 feet. Both parts are required. The exact length, 3 7/24 feet, is not the estimate asked for."
G5:S27-F2-Q2,S27-F2-Q2,1202,27,FORWARD 2,2,7.EE.B.3,mc,Ann earns $11.85 per hour and works 7 3/4 hours. Which is the best estimate of her pay?,A. $96 | B. $84 | C. $120 | D. $77,A,$96,,,
G5:S27-F2-Q3,S27-F2-Q3,1203,27,FORWARD 2,3,7.EE.B.3,tf,3/4 of $79.95 is about $60.,A. True | B. False,A,True,,,
G5:S27-F2-Q4,S27-F2-Q4,1204,27,FORWARD 2,4,7.EE.B.3,sa,Kai says 4 5/6 + 3 1/8 is about 9. Round each mixed number to the nearest whole number and estimate the sum. Is the exact sum more or less than 9?,,,8; less,,,"5 + 3 = 8. The exact sum, 7 23/24, is less than 9. Both parts are required."
G5:S27-F2-Q5,S27-F2-Q5,1205,27,FORWARD 2,5,7.EE.B.3,sa,A recipe needs 2 1/3 cups of flour per batch. Round 2 1/3 to the nearest whole number. Then estimate the flour needed for 4 batches.,,,2 cups; 8 cups,,,"2 × 4 = 8 cups. Both parts are required. The exact amount, 9 1/3 cups, is not the estimate asked for."
G5:S28-M-Q1,S28-M-Q1,1208,28,MAIN,1,5.NF.B.3,sa,Write 3 ÷ 5 as a fraction.,,,3/5,,,
G5:S28-M-Q2,S28-M-Q2,1209,28,MAIN,2,5.NF.B.3,sa,4 friends share 3 pizzas equally. How much pizza does each friend get?,,,3/4 pizza,,,
G5:S28-M-Q3,S28-M-Q3,1210,28,MAIN,3,5.NF.B.3,mc,Which division expression is equal to 7/4?,A. 7 ÷ 4 | B. 7 - 4 | C. 4 ÷ 7 | D. 7 × 4,A,7 ÷ 4,,,
G5:S28-M-Q4,S28-M-Q4,1211,28,MAIN,4,5.NF.B.3,sa,Write 13/6 as a division expression. Then write the quotient as a mixed number.,,,13 ÷ 6; 2 1/6,,,
G5:S28-M-Q5,S28-M-Q5,1212,28,MAIN,5,5.NF.B.3,tf,"When 2 pounds of rice are shared equally among 3 bags, each bag gets 2/3 pound.",A. True | B. False,A,True,,,
G5:S28-B1-Q1,S28-B1-Q1,1214,28,BACKWARD 1,1,3.NF.A.1,tf,1/4 is one of 4 equal parts of a whole.,A. True | B. False,A,True,,,
G5:S28-B1-Q2,S28-B1-Q2,1215,28,BACKWARD 1,2,3.NF.A.1,sa,A sandwich is cut into 3 equal parts. What fraction of the sandwich is one part?,,,1/3,,,
G5:S28-B1-Q3,S28-B1-Q3,1216,28,BACKWARD 1,3,3.NF.A.1,mc,What fraction of the bar is shaded?,A. 8/3 | B. 3/8 | C. 5/8 | D. 3/5,B,3/8,,,
G5:S28-B1-Q4,S28-B1-Q4,1217,28,BACKWARD 1,4,3.NF.A.1,sa,How many (1/6)s make 5/6?,,,5,,,
G5:S28-B1-Q5,S28-B1-Q5,1218,28,BACKWARD 1,5,3.NF.A.1,tf,3/8 is 3 parts of size 1/8.,A. True | B. False,A,True,,,
G5:S28-B2-Q1,S28-B2-Q1,1220,28,BACKWARD 2,1,4.NBT.B.6,sa,Divide. Write the quotient and the remainder. 17 ÷ 5,,,3 R 2,,,
G5:S28-B2-Q2,S28-B2-Q2,1221,28,BACKWARD 2,2,4.NBT.B.6,tf,23 ÷ 4 = 6 R 1,A. True | B. False,B,False,,,
G5:S28-B2-Q3,S28-B2-Q3,1222,28,BACKWARD 2,3,4.NBT.B.6,mc,29 ÷ 6 = ?,A. 5 R 5 | B. 5 R 1 | C. 4 R 3 | D. 4 R 5,D,4 R 5,,,
G5:S28-B2-Q4,S28-B2-Q4,1223,28,BACKWARD 2,4,4.NBT.B.6,sa,Divide. Write the quotient and the remainder. 50 ÷ 8,,,6 R 2,,,
G5:S28-B2-Q5,S28-B2-Q5,1224,28,BACKWARD 2,5,4.NBT.B.6,tf,15 ÷ 2 = 7 R 2,A. True | B. False,B,False,,,
G5:S28-B3-Q1,S28-B3-Q1,1226,28,BACKWARD 3,1,4.NF.B.3.b,sa,Write 9/4 as a mixed number.,,,2 1/4,,,
G5:S28-B3-Q2,S28-B3-Q2,1227,28,BACKWARD 3,2,4.NF.B.3.b,sa,Write 1 2/3 as a fraction.,,,5/3,,,
G5:S28-B3-Q3,S28-B3-Q3,1228,28,BACKWARD 3,3,4.NF.B.3.b,tf,11/5 = 1 1/5,A. True | B. False,B,False,,,
G5:S28-B3-Q4,S28-B3-Q4,1229,28,BACKWARD 3,4,4.NF.B.3.b,mc,Which mixed number is equal to 7/3?,A. 2 2/3 | B. 3 1/3 | C. 2 1/3 | D. 1 1/3,C,2 1/3,,,
G5:S28-B3-Q5,S28-B3-Q5,1230,28,BACKWARD 3,5,4.NF.B.3.b,sa,Write 15/4 as a mixed number.,,,3 3/4,,,
G5:S28-F1-Q1,S28-F1-Q1,1232,28,FORWARD 1,1,6.RP.A.2,sa,A recipe uses 3 cups of flour for every 4 cups of water. How many cups of flour are used per cup of water?,,,3/4 cup,,,
G5:S28-F1-Q2,S28-F1-Q2,1233,28,FORWARD 1,2,6.RP.A.2,sa,8 apples cost $6. What is the cost per apple?,,,$0.75,,,3/4 dollar is also correct.
G5:S28-F1-Q3,S28-F1-Q3,1234,28,FORWARD 1,3,6.RP.A.2,mc,A car goes 150 miles on 4 gallons of gas. What is the rate in miles per gallon?,A. 4/150 | B. 600 | C. 154 | D. 37.5,D,37.5,,,
G5:S28-F1-Q4,S28-F1-Q4,1235,28,FORWARD 1,4,6.RP.A.2,sa,There are 5 cups of juice for every 2 pitchers. How many cups of juice are there per pitcher?,,,2 1/2 cups,,,
G5:S28-F1-Q5,S28-F1-Q5,1236,28,FORWARD 1,5,6.RP.A.2,tf,The ratio 3 : 8 has the unit rate 3/8.,A. True | B. False,A,True,,,
G5:S28-F2-Q1,S28-F2-Q1,1238,28,FORWARD 2,1,7.NS.A.2.d,sa,Write 5 ÷ 8 as a decimal.,,,0.625,,,
G5:S28-F2-Q2,S28-F2-Q2,1239,28,FORWARD 2,2,7.NS.A.2.d,work,Use long division to write 7/12 as a decimal. Show your work.,,,0.58333... (the 3 repeats),,"Long division of the numerator by the denominator, shown step by step, until the remainder is 0 or the digits start to repeat. A correct decimal without the division earns partial credit.",
G5:S28-F2-Q3,S28-F2-Q3,1240,28,FORWARD 2,3,7.NS.A.2.d,mc,Which fraction has a decimal form that repeats?,A. 7/20 | B. 5/6 | C. 9/25 | D. 3/8,B,5/6,,,
G5:S28-F2-Q4,S28-F2-Q4,1241,28,FORWARD 2,4,7.NS.A.2.d,sa,Write 11 ÷ 4 as a decimal.,,,2.75,,,
G5:S28-F2-Q5,S28-F2-Q5,1242,28,FORWARD 2,5,7.NS.A.2.d,tf,1/3 = 0.3,A. True | B. False,B,False,,,
G5:S29-M-Q1,S29-M-Q1,1245,29,MAIN,1,5.NF.B.3,sa,6 friends share 10 granola bars equally. How many bars does each friend get? Write a mixed number.,,,1 2/3 bars,,,1 4/6 is also correct.
G5:S29-M-Q2,S29-M-Q2,1246,29,MAIN,2,5.NF.B.3,sa,A 50-pound bag of rice is shared equally among 8 families. How many pounds does each family get?,,,6 1/4 pounds,,,
G5:S29-M-Q3,S29-M-Q3,1247,29,MAIN,3,5.NF.B.3,mc,9 yards of ribbon are cut into 4 equal pieces. How long is each piece?,A. 4 1/2 yards | B. 4/9 yard | C. 2 1/9 yards | D. 2 1/4 yards,D,2 1/4 yards,,,
G5:S29-M-Q4,S29-M-Q4,1248,29,MAIN,4,5.NF.B.3,sa,7 liters of juice are poured equally into 3 jugs. How many liters are in each jug? Between which two whole numbers is your answer?,,,2 1/3 liters; between 2 and 3,,,
G5:S29-M-Q5,S29-M-Q5,1249,29,MAIN,5,5.NF.B.3,tf,"When 5 cookies are shared equally by 2 children, each child gets 2 1/2 cookies.",A. True | B. False,A,True,,,
G5:S29-B1-Q1,S29-B1-Q1,1251,29,BACKWARD 1,1,3.OA.A.3,sa,24 stickers are shared equally by 6 friends. How many stickers does each friend get?,,,4,,,
G5:S29-B1-Q2,S29-B1-Q2,1252,29,BACKWARD 1,2,3.OA.A.3,mc,35 chairs are set out in 5 equal rows. How many chairs are in each row?,A. 30 | B. 6 | C. 40 | D. 7,D,7,,,
G5:S29-B1-Q3,S29-B1-Q3,1253,29,BACKWARD 1,3,3.OA.A.3,tf,"If 4 boxes hold 28 toys, with the same number in each box, each box holds 7 toys.",A. True | B. False,A,True,,,
G5:S29-B1-Q4,S29-B1-Q4,1254,29,BACKWARD 1,4,3.OA.A.3,sa,A baker puts 45 muffins into bags of 9. How many bags does she fill?,,,5,,,
G5:S29-B1-Q5,S29-B1-Q5,1255,29,BACKWARD 1,5,3.OA.A.3,sa,18 pencils are shared equally by 3 students. How many pencils does each student get?,,,6,,,
G5:S29-B2-Q1,S29-B2-Q1,1257,29,BACKWARD 2,1,3.NF.A.3.c,tf,6/3 = 3,A. True | B. False,B,False,,,
G5:S29-B2-Q2,S29-B2-Q2,1258,29,BACKWARD 2,2,3.NF.A.3.c,sa,Write 4 as a fraction with a denominator of 1.,,,4/1,,,
G5:S29-B2-Q3,S29-B2-Q3,1259,29,BACKWARD 2,3,3.NF.A.3.c,mc,Which fraction is equal to 3?,A. 3/3 | B. 2/6 | C. 3/2 | D. 6/2,D,6/2,,,
G5:S29-B2-Q4,S29-B2-Q4,1260,29,BACKWARD 2,4,3.NF.A.3.c,sa,How many halves are in 5 wholes?,,,10,,,
G5:S29-B2-Q5,S29-B2-Q5,1261,29,BACKWARD 2,5,3.NF.A.3.c,tf,8/8 = 8,A. True | B. False,B,False,,,
G5:S29-F1-Q1,S29-F1-Q1,1263,29,FORWARD 1,1,6.RP.A.3.b,sa,3 pounds of grapes cost $7. What is the cost per pound?,,,$2 1/3,,,About $2.33 is also correct.
G5:S29-F1-Q2,S29-F1-Q2,1264,29,FORWARD 1,2,6.RP.A.3.b,sa,"A car travels 100 miles in 3 hours at a constant speed. At this rate, how far does it travel in 6 hours?",,,200 miles,,,
G5:S29-F1-Q3,S29-F1-Q3,1265,29,FORWARD 1,3,6.RP.A.3.b,mc,"8 cans of soup cost $6. At this rate, how much do 12 cans cost?",A. $16 | B. $8 | C. $9 | D. $4,C,$9,,,
G5:S29-F1-Q4,S29-F1-Q4,1266,29,FORWARD 1,4,6.RP.A.3.b,sa,"A runner runs 5 miles in 40 minutes at a constant pace. At this pace, how long does she take to run 8 miles?",,,64 minutes,,,
G5:S29-F1-Q5,S29-F1-Q5,1267,29,FORWARD 1,5,6.RP.A.3.b,tf,"If 4 pens cost $3, then 10 pens cost $7.00.",A. True | B. False,B,False,,,
G5:S29-F2-Q1,S29-F2-Q1,1269,29,FORWARD 2,1,7.RP.A.1,sa,A snail crawls 2/3 foot in 1/4 hour. What is its speed in feet per hour?,,,2 2/3 feet per hour,,,
G5:S29-F2-Q2,S29-F2-Q2,1270,29,FORWARD 2,2,7.RP.A.1,sa,A recipe uses 3/4 cup of sugar for every 1/2 cup of milk. How many cups of sugar are used per cup of milk?,,,1 1/2 cups,,,
G5:S29-F2-Q3,S29-F2-Q3,1271,29,FORWARD 2,3,7.RP.A.1,mc,Jo walks 1/2 mile in 1/6 hour. What is her speed?,A. 2 miles per hour | B. 3 miles per hour | C. 1/3 mile per hour | D. 1/12 mile per hour,B,3 miles per hour,,,
G5:S29-F2-Q4,S29-F2-Q4,1272,29,FORWARD 2,4,7.RP.A.1,sa,A pump fills 5/8 of a tank in 1/2 hour. How much of the tank does it fill per hour?,,,1 1/4 tanks,,,
G5:S29-F2-Q5,S29-F2-Q5,1273,29,FORWARD 2,5,7.RP.A.1,tf,1/2 cup of juice for every 1/4 cup of water is a rate of 2 cups of juice per cup of water.,A. True | B. False,A,True,,,
G5:S30-M-Q1,S30-M-Q1,1276,30,MAIN,1,5.NF.B.4.a,sa,Multiply. 3/4 × 12,,,9,,,
G5:S30-M-Q2,S30-M-Q2,1277,30,MAIN,2,5.NF.B.4.a,sa,Multiply. 5 × (2/3),,,3 1/3,,,10/3 is also correct.
G5:S30-M-Q3,S30-M-Q3,1278,30,MAIN,3,5.NF.B.4.a,mc,What is 2/5 of 20?,A. 10 | B. 8 | C. 4 | D. 50,B,8,,,
G5:S30-M-Q4,S30-M-Q4,1279,30,MAIN,4,5.NF.B.4.a,sa,Multiply. 5/8 × 6,,,3 3/4,,,30/8 or 15/4 is also correct.
G5:S30-M-Q5,S30-M-Q5,1280,30,MAIN,5,5.NF.B.4.a,tf,"1/3 × 15 means 15 split into 3 equal parts, with 1 of the parts taken.",A. True | B. False,A,True,,,
G5:S30-B1-Q1,S30-B1-Q1,1282,30,BACKWARD 1,1,4.NF.B.4.b,sa,Write 4/5 as a whole number times 1/5.,,,4 × 1/5,,,
G5:S30-B1-Q2,S30-B1-Q2,1283,30,BACKWARD 1,2,4.NF.B.4.b,tf,3 × (2/7) = 6/21,A. True | B. False,B,False,,,
G5:S30-B1-Q3,S30-B1-Q3,1284,30,BACKWARD 1,3,4.NF.B.4.b,mc,3 × (3/8) = ?,A. 3 3/8 | B. 6/8 | C. 9/8 | D. 9/24,C,9/8,,,
G5:S30-B1-Q4,S30-B1-Q4,1285,30,BACKWARD 1,4,4.NF.B.4.b,sa,Multiply. 4 × (2/9),,,8/9,,,
G5:S30-B1-Q5,S30-B1-Q5,1286,30,BACKWARD 1,5,4.NF.B.4.b,tf,2 × (3/5) = 6/10,A. True | B. False,B,False,,,
G5:S30-B2-Q1,S30-B2-Q1,1288,30,BACKWARD 2,1,3.NF.A.1,tf,1/4 of a bar means 1 of 4 equal parts.,A. True | B. False,A,True,,,
G5:S30-B2-Q2,S30-B2-Q2,1289,30,BACKWARD 2,2,3.NF.A.1,sa,What fraction of the bar is shaded?,,,3/8,,,
G5:S30-B2-Q3,S30-B2-Q3,1290,30,BACKWARD 2,3,3.NF.A.1,mc,What fraction is 2 parts of size 1/3?,A. 2/3 | B. 1/6 | C. 1/3 | D. 3/2,A,2/3,,,
G5:S30-B2-Q4,S30-B2-Q4,1291,30,BACKWARD 2,4,3.NF.A.1,sa,How many (1/8)s are in 5/8?,,,5,,,
G5:S30-B2-Q5,S30-B2-Q5,1292,30,BACKWARD 2,5,3.NF.A.1,tf,3/4 means 3 parts of size 1/4.,A. True | B. False,A,True,,,
G5:S30-B3-Q1,S30-B3-Q1,1294,30,BACKWARD 3,1,3.OA.A.2,sa,12 is split into 4 equal parts. How much is in each part?,,,3,,,
G5:S30-B3-Q2,S30-B3-Q2,1295,30,BACKWARD 3,2,3.OA.A.2,tf,20 split into 5 equal parts gives 4 in each part.,A. True | B. False,A,True,,,
G5:S30-B3-Q3,S30-B3-Q3,1296,30,BACKWARD 3,3,3.OA.A.2,mc,Which expression shows 18 split into 3 equal parts?,A. 3 ÷ 18 | B. 18 - 3 | C. 18 ÷ 3 | D. 18 × 3,C,18 ÷ 3,,,
G5:S30-B3-Q4,S30-B3-Q4,1297,30,BACKWARD 3,4,3.OA.A.2,sa,Divide. 24 ÷ 8,,,3,,,
G5:S30-B3-Q5,S30-B3-Q5,1298,30,BACKWARD 3,5,3.OA.A.2,sa,30 is split into 6 equal parts. How much is in each part?,,,5,,,
G5:S30-F1-Q1,S30-F1-Q1,1300,30,FORWARD 1,1,6.RP.A.3.c,sa,What is 25% of 48?,,,12,,,
G5:S30-F1-Q2,S30-F1-Q2,1301,30,FORWARD 1,2,6.RP.A.3.c,sa,What is 60% of 35?,,,21,,,
G5:S30-F1-Q3,S30-F1-Q3,1302,30,FORWARD 1,3,6.RP.A.3.c,mc,A $40 game is 15% off. How many dollars are taken off the price?,A. $6 | B. $15 | C. $4 | D. $34,A,$6,,,
G5:S30-F1-Q4,S30-F1-Q4,1303,30,FORWARD 1,4,6.RP.A.3.c,sa,A class has 30 students. 70% of them ride the bus. How many students ride the bus?,,,21,,,
G5:S30-F1-Q5,S30-F1-Q5,1304,30,FORWARD 1,5,6.RP.A.3.c,tf,50% of 18 is 36.,A. True | B. False,B,False,,,
G5:S30-F2-Q1,S30-F2-Q1,1306,30,FORWARD 2,1,7.RP.A.3,sa,A $60 coat is 30% off. What is the sale price?,,,$42,,,
G5:S30-F2-Q2,S30-F2-Q2,1307,30,FORWARD 2,2,7.RP.A.3,sa,A meal costs $25. A 20% tip is added. What is the total cost?,,,$30,,,
G5:S30-F2-Q3,S30-F2-Q3,1308,30,FORWARD 2,3,7.RP.A.3,mc,A $80 bike has a 6% sales tax added. What is the total cost?,A. $86.00 | B. $4.80 | C. $85.60 | D. $84.80,D,$84.80,,,
G5:S30-F2-Q4,S30-F2-Q4,1309,30,FORWARD 2,4,7.RP.A.3,sa,A town of 500 people grew by 12%. What is the new population?,,,560,,,
G5:S30-F2-Q5,S30-F2-Q5,1310,30,FORWARD 2,5,7.RP.A.3,tf,A 25% markup on a $40 item makes the price $50.,A. True | B. False,A,True,,,
G5:S31-M-Q1,S31-M-Q1,1313,31,MAIN,1,5.NF.B.4.a,sa,Multiply. 3/4 × (2/7),,,3/14,,,6/28 is also correct.
G5:S31-M-Q2,S31-M-Q2,1314,31,MAIN,2,5.NF.B.4.a,sa,Multiply. 3/4 × (1/6),,,1/8,,,3/24 is also correct.
G5:S31-M-Q3,S31-M-Q3,1315,31,MAIN,3,5.NF.B.4.a,mc,Multiply. 5/6 × (3/10),A. 15/6 | B. 1/2 | C. 1/4 | D. 8/16,C,1/4,,,
G5:S31-M-Q4,S31-M-Q4,1316,31,MAIN,4,5.NF.B.4.a,sa,What is 1/2 of 3/8?,,,3/16,,,
G5:S31-M-Q5,S31-M-Q5,1317,31,MAIN,5,5.NF.B.4.a,tf,2/5 × (2/3) = 4/15,A. True | B. False,A,True,,,
G5:S31-B1-Q1,S31-B1-Q1,1319,31,BACKWARD 1,1,4.NF.B.4.b,sa,Multiply. 2 × (3/10),,,6/10,,,3/5 is also correct.
G5:S31-B1-Q2,S31-B1-Q2,1320,31,BACKWARD 1,2,4.NF.B.4.b,tf,5 × (1/4) = 5/20,A. True | B. False,B,False,,,
G5:S31-B1-Q3,S31-B1-Q3,1321,31,BACKWARD 1,3,4.NF.B.4.b,mc,4 × (2/3) = ?,A. 8/12 | B. 8/3 | C. 6/3 | D. 2/12,B,8/3,,,
G5:S31-B1-Q4,S31-B1-Q4,1322,31,BACKWARD 1,4,4.NF.B.4.b,sa,Multiply. 3 × (5/12),,,15/12,,,1 1/4 or 5/4 is also correct.
G5:S31-B1-Q5,S31-B1-Q5,1323,31,BACKWARD 1,5,4.NF.B.4.b,tf,6 × (1/6) = 1,A. True | B. False,A,True,,,
G5:S31-B2-Q1,S31-B2-Q1,1325,31,BACKWARD 2,1,4.NF.A.1,sa,Write 6/8 as an equivalent fraction with a denominator of 4.,,,3/4,,,
G5:S31-B2-Q2,S31-B2-Q2,1326,31,BACKWARD 2,2,4.NF.A.1,tf,10/15 = 3/4,A. True | B. False,B,False,,,
G5:S31-B2-Q3,S31-B2-Q3,1327,31,BACKWARD 2,3,4.NF.A.1,mc,Which fraction is equivalent to 4/12?,A. 4/3 | B. 1/4 | C. 2/4 | D. 1/3,D,1/3,,,
G5:S31-B2-Q4,S31-B2-Q4,1328,31,BACKWARD 2,4,4.NF.A.1,sa,Find the missing number. 9/12 = (?)/4,,,3,,,
G5:S31-B2-Q5,S31-B2-Q5,1329,31,BACKWARD 2,5,4.NF.A.1,tf,5/20 = 1/5,A. True | B. False,B,False,,,
G5:S31-F1-Q1,S31-F1-Q1,1331,31,FORWARD 1,1,6.NS.A.1,sa,Divide. 2/3 ÷ 4/5,,,5/6,,,
G5:S31-F1-Q2,S31-F1-Q2,1332,31,FORWARD 1,2,6.NS.A.1,sa,Divide. 3/4 ÷ 1/6,,,4 1/2,,,9/2 is also correct.
G5:S31-F1-Q3,S31-F1-Q3,1333,31,FORWARD 1,3,6.NS.A.1,mc,Divide. 5/8 ÷ 1/4,A. 5/32 | B. 1/2 | C. 2 1/2 | D. 1 1/4,C,2 1/2,,,
G5:S31-F1-Q4,S31-F1-Q4,1334,31,FORWARD 1,4,6.NS.A.1,sa,How many 3/8-cup servings are in 3/4 cup?,,,2,,,
G5:S31-F1-Q5,S31-F1-Q5,1335,31,FORWARD 1,5,6.NS.A.1,tf,1/2 ÷ 1/4 = 1/8,A. True | B. False,B,False,,,
G5:S31-F2-Q1,S31-F2-Q1,1337,31,FORWARD 2,1,7.NS.A.2.c,sa,Find the product. -2/3 × (3/4),,,-1/2,,,
G5:S31-F2-Q2,S31-F2-Q2,1338,31,FORWARD 2,2,7.NS.A.2.c,sa,Find the product. (-4/5) × (-5/6),,,2/3,,,
G5:S31-F2-Q3,S31-F2-Q3,1339,31,FORWARD 2,3,7.NS.A.2.c,mc,Find the product. 3/7 × (-7/9),A. -3/7 | B. 1/3 | C. -1/3 | D. 10/16,C,-1/3,,,
G5:S31-F2-Q4,S31-F2-Q4,1340,31,FORWARD 2,4,7.NS.A.2.c,sa,Find the product. (-1/2) × (-1/2) × (-1/2),,,-1/8,,,
G5:S31-F2-Q5,S31-F2-Q5,1341,31,FORWARD 2,5,7.NS.A.2.c,tf,(-2/5) × (5/2) = 1,A. True | B. False,B,False,,,
G5:S66-M-Q1,S66-M-Q1,1344,66,MAIN,1,5.NF.B.4.a,mc,"The tape diagram shows 12 split into 4 equal parts, with 3 parts shaded. Which product does the shaded part show?",A. 3/4 × 12 | B. 4/3 × 12 | C. 1/4 × 3 | D. 3 × 12,A,3/4 × 12,,,
G5:S66-M-Q2,S66-M-Q2,1345,66,MAIN,2,5.NF.B.4.a,plot_text,Shade the tape diagram to show 2/5 × 15. Then write the product.,,,6,2 of the 5 equal parts shaded (each part is 3),,"Grade both: exactly 2 of the 5 parts shaded, and the product 6."
G5:S66-M-Q3,S66-M-Q3,1346,66,MAIN,3,5.NF.B.4.a,mc,"In the model, the darker part shows a product of two fractions. Which equation does the model show?",A. 2/3 + 3/4 = 5/7 | B. 2/3 × (3/4) = 5/7 | C. 1/3 × (1/4) = 1/12 | D. 2/3 × (3/4) = 6/12,D,2/3 × (3/4) = 6/12,,,
G5:S66-M-Q4,S66-M-Q4,1347,66,MAIN,4,5.NF.B.4.a,plot_text,"Shade 3 of the 5 columns. Then shade 1 of the 2 rows. What product of fractions does the part shaded twice show, and what is it?",,,1/2 × 3/5; 3/10,3 of the 5 columns shaded and 1 of the 2 rows shaded; 3 parts are shaded twice,,"Grade both: the shading (3 columns, 1 row, 3 parts overlap) and the written product 1/2 × 3/5 = 3/10 (3/5 × 1/2 is also correct)."
G5:S66-M-Q5,S66-M-Q5,1348,66,MAIN,5,5.NF.B.4.a,tf,"In a model of 3/4 × 8, 8 is split into 4 equal parts and 3 of the parts are taken, so the product is 6.",A. True | B. False,A,True,,,
G5:S66-B1-Q1,S66-B1-Q1,1350,66,BACKWARD 1,1,3.NF.A.1,sa,What fraction of the bar is shaded?,,,3/4,,,
G5:S66-B1-Q2,S66-B1-Q2,1351,66,BACKWARD 1,2,3.NF.A.1,tf,2/3 of a bar means 2 of 3 equal parts.,A. True | B. False,A,True,,,
G5:S66-B1-Q3,S66-B1-Q3,1352,66,BACKWARD 1,3,3.NF.A.1,mc,A bar is split into 6 equal parts and 4 parts are shaded. What fraction is shaded?,A. 6/4 | B. 2/6 | C. 4/6 | D. 4/10,C,4/6,,,
G5:S66-B1-Q4,S66-B1-Q4,1353,66,BACKWARD 1,4,3.NF.A.1,sa,How many (1/3)s make 2/3?,,,2,,,
G5:S66-B1-Q5,S66-B1-Q5,1354,66,BACKWARD 1,5,3.NF.A.1,tf,A bar split into 8 equal parts with 3 parts shaded shows 3/5.,A. True | B. False,B,False,,,
G5:S66-B2-Q1,S66-B2-Q1,1356,66,BACKWARD 2,1,3.OA.A.2,sa,15 is split into 5 equal parts. How much is in each part?,,,3,,,
G5:S66-B2-Q2,S66-B2-Q2,1357,66,BACKWARD 2,2,3.OA.A.2,tf,21 split into 3 equal parts gives 7 in each part.,A. True | B. False,A,True,,,
G5:S66-B2-Q3,S66-B2-Q3,1358,66,BACKWARD 2,3,3.OA.A.2,mc,Which expression shows 32 split into 4 equal parts?,A. 32 ÷ 4 | B. 32 - 4 | C. 4 ÷ 32 | D. 32 × 4,A,32 ÷ 4,,,
G5:S66-B2-Q4,S66-B2-Q4,1359,66,BACKWARD 2,4,3.OA.A.2,sa,The tape diagram shows 16 split into 8 equal parts. What number goes in each part?,,,2,,,
G5:S66-B2-Q5,S66-B2-Q5,1360,66,BACKWARD 2,5,3.OA.A.2,tf,36 split into 6 equal parts gives 5 in each part.,A. True | B. False,B,False,,,
G5:S66-F1-Q1,S66-F1-Q1,1362,66,FORWARD 1,1,6.NS.A.1,sa,How many (1/6)s are in 2/3?,,,4,,,
G5:S66-F1-Q2,S66-F1-Q2,1363,66,FORWARD 1,2,6.NS.A.1,tf,3/4 ÷ 1/8 = 6 because there are 6 eighths in 3/4.,A. True | B. False,A,True,,,
G5:S66-F1-Q3,S66-F1-Q3,1364,66,FORWARD 1,3,6.NS.A.1,mc,"A model shows 2 wholes, each cut into thirds. How many (1/3)s are in 2?",A. 2/3 | B. 1/6 | C. 5 | D. 6,D,6,,,
G5:S66-F1-Q4,S66-F1-Q4,1365,66,FORWARD 1,4,6.NS.A.1,sa,Divide. 5/6 ÷ 1/12,,,10,,,
G5:S66-F1-Q5,S66-F1-Q5,1366,66,FORWARD 1,5,6.NS.A.1,tf,2/5 ÷ 1/10 = 2/50,A. True | B. False,B,False,,,
G5:S66-F2-Q1,S66-F2-Q1,1368,66,FORWARD 2,1,7.NS.A.2.c,sa,Find the product. 3/4 × (-8),,,-6,,,
G5:S66-F2-Q2,S66-F2-Q2,1369,66,FORWARD 2,2,7.NS.A.2.c,tf,-2/3 × (3/4) = -1/2,A. True | B. False,A,True,,,
G5:S66-F2-Q3,S66-F2-Q3,1370,66,FORWARD 2,3,7.NS.A.2.c,mc,Find the product. (-1/2) × (-3/5),A. -3/10 | B. 3/10 | C. -4/7 | D. 4/7,B,3/10,,,
G5:S66-F2-Q4,S66-F2-Q4,1371,66,FORWARD 2,4,7.NS.A.2.c,sa,Find the product. -2/5 × 15,,,-6,,,
G5:S66-F2-Q5,S66-F2-Q5,1372,66,FORWARD 2,5,7.NS.A.2.c,tf,(-1) × (-5/6) = -5/6,A. True | B. False,B,False,,,
G5:S32-M-Q1,S32-M-Q1,1375,32,MAIN,1,5.NF.B.4.b,sa,Find the area of the rectangle.,,,1/2 square foot,,,15/30 is also correct.
G5:S32-M-Q2,S32-M-Q2,1376,32,MAIN,2,5.NF.B.4.b,sa,A rectangle is 2 1/2 inches long and 4/5 inch wide. What is its area?,,,2 square inches,,,
G5:S32-M-Q3,S32-M-Q3,1377,32,MAIN,3,5.NF.B.4.b,mc,A rectangle that is 2/3 unit by 3/4 unit is tiled with small rectangles that are each 1/3 unit by 1/4 unit. What is the area of the large rectangle?,A. 6/12 square unit | B. 6/7 square unit | C. 5/7 square unit | D. 1 5/12 square units,A,6/12 square unit,,,
G5:S32-M-Q4,S32-M-Q4,1378,32,MAIN,4,5.NF.B.4.b,sa,Find the area of the rectangle.,,,1 5/16 square yards,,,21/16 is also correct.
G5:S32-M-Q5,S32-M-Q5,1379,32,MAIN,5,5.NF.B.4.b,tf,A rectangle that is 1/2 foot by 1/2 foot has an area of 1 square foot.,A. True | B. False,B,False,,,
G5:S32-B1-Q1,S32-B1-Q1,1381,32,BACKWARD 1,1,3.MD.C.7.a,sa,"A rectangle is covered by 4 rows of 6 unit squares, with no gaps. What is its area?",,,24 square units,,,
G5:S32-B1-Q2,S32-B1-Q2,1382,32,BACKWARD 1,2,3.MD.C.7.a,tf,Tiling a 3-by-5 rectangle takes 8 unit squares.,A. True | B. False,B,False,,,
G5:S32-B1-Q3,S32-B1-Q3,1383,32,BACKWARD 1,3,3.MD.C.7.a,mc,How many unit squares cover a 7-by-2 rectangle?,A. 72 | B. 9 | C. 14 | D. 18,C,14,,,
G5:S32-B1-Q4,S32-B1-Q4,1384,32,BACKWARD 1,4,3.MD.C.7.a,sa,A rectangle has 5 rows of unit squares with 8 squares in each row. What is its area?,,,40 square units,,,
G5:S32-B1-Q5,S32-B1-Q5,1385,32,BACKWARD 1,5,3.MD.C.7.a,tf,The number of unit squares that cover a rectangle equals its length times its width.,A. True | B. False,A,True,,,
G5:S32-B2-Q1,S32-B2-Q1,1387,32,BACKWARD 2,1,4.MD.A.3,sa,A rectangle is 12 m long and 5 m wide. What is its area?,,,60 square meters,,,
G5:S32-B2-Q2,S32-B2-Q2,1388,32,BACKWARD 2,2,4.MD.A.3,sa,A rectangle has an area of 54 square feet and a length of 9 feet. What is its width?,,,6 feet,,,
G5:S32-B2-Q3,S32-B2-Q3,1389,32,BACKWARD 2,3,4.MD.A.3,tf,The formula A = l × w gives the area of a rectangle.,A. True | B. False,A,True,,,
G5:S32-B2-Q4,S32-B2-Q4,1390,32,BACKWARD 2,4,4.MD.A.3,mc,A rectangle is 15 cm long and 4 cm wide. What is its area?,A. 60 square cm | B. 45 square cm | C. 38 square cm | D. 19 square cm,A,60 square cm,,,
G5:S32-B2-Q5,S32-B2-Q5,1391,32,BACKWARD 2,5,4.MD.A.3,sa,Find the area of the rectangle.,,,40 square inches,,,
G5:S32-B4-Q1,S32-B4-Q1,1393,32,BACKWARD 4,1,4.NF.B.4.b,sa,A rectangle is 3 units long and 2/5 unit wide. Write its area as a fraction.,,,6/5 square units,,,1 1/5 square units is also correct.
G5:S32-B4-Q2,S32-B4-Q2,1394,32,BACKWARD 4,2,4.NF.B.4.b,tf,4 × (3/8) = 12/8,A. True | B. False,A,True,,,
G5:S32-B4-Q3,S32-B4-Q3,1395,32,BACKWARD 4,3,4.NF.B.4.b,mc,5 × (2/3) = ?,A. 10/3 | B. 10/15 | C. 2/15 | D. 7/3,A,10/3,,,
G5:S32-B4-Q4,S32-B4-Q4,1396,32,BACKWARD 4,4,4.NF.B.4.b,sa,Multiply. 6 × (3/4),,,18/4,,,4 1/2 and 9/2 are also correct.
G5:S32-B4-Q5,S32-B4-Q5,1397,32,BACKWARD 4,5,4.NF.B.4.b,tf,2 × (5/6) = 10/12,A. True | B. False,B,False,,,
G5:S32-F1-Q1,S32-F1-Q1,1399,32,FORWARD 1,1,6.G.A.1,sa,A triangle has a base of 4 1/2 inches and a height of 2 inches. What is its area?,,,4 1/2 square inches,,,
G5:S32-F1-Q2,S32-F1-Q2,1400,32,FORWARD 1,2,6.G.A.1,sa,A parallelogram has a base of 3 1/4 feet and a height of 4 feet. What is its area?,,,13 square feet,,,
G5:S32-F1-Q3,S32-F1-Q3,1401,32,FORWARD 1,3,6.G.A.1,mc,A triangle has a base of 3/4 m and a height of 2/3 m. What is its area?,A. 1/2 square meter | B. 5/7 square meter | C. 1/4 square meter | D. 6/7 square meter,C,1/4 square meter,,,
G5:S32-F1-Q4,S32-F1-Q4,1402,32,FORWARD 1,4,6.G.A.1,sa,Find the area of the triangle.,,,7 1/2 square cm,,,
G5:S32-F1-Q5,S32-F1-Q5,1403,32,FORWARD 1,5,6.G.A.1,tf,A trapezoid with bases of 2 1/2 m and 3 1/2 m and a height of 2 m has an area of 6 square meters.,A. True | B. False,A,True,,,
G5:S32-F2-Q1,S32-F2-Q1,1405,32,FORWARD 2,1,7.G.B.6,sa,A figure is made of a rectangle that is 6 1/2 ft by 4 ft and a triangle with a base of 4 ft and a height of 3 ft. What is the total area?,,,32 square feet,,,
G5:S32-F2-Q2,S32-F2-Q2,1406,32,FORWARD 2,2,7.G.B.6,sa,A rectangular garden is 10 m by 7 1/2 m. A square patio with 2 1/2-m sides is inside the garden. What is the area of the garden that is not patio?,,,68 3/4 square meters,,,68.75 is also correct.
G5:S32-F2-Q3,S32-F2-Q3,1407,32,FORWARD 2,3,7.G.B.6,mc,A 1/2-by-2 rectangle is cut out of a 5-by-4 rectangle. What is the area of the part that is left?,A. 21 square units | B. 18 square units | C. 19 square units | D. 20 square units,C,19 square units,,,
G5:S32-F2-Q4,S32-F2-Q4,1408,32,FORWARD 2,4,7.G.B.6,sa,A kite is made of two triangles. Each triangle has a base of 8 in. and a height of 3 1/2 in. What is the area of the kite?,,,28 square inches,,,
G5:S32-F2-Q5,S32-F2-Q5,1409,32,FORWARD 2,5,7.G.B.6,tf,A figure made of two 1/2-by-3 rectangles that do not overlap has an area of 6 square units.,A. True | B. False,B,False,,,
G5:S67-M-Q1,S67-M-Q1,1412,67,MAIN,1,5.NF.B.4.b,plot_text,"The rectangle is 3/4 unit long and 1/2 unit wide. Draw lines to tile it with squares that are 1/4 unit on each side. How many squares fit, and what is the area?",,,6 squares; 6/16 = 3/8 square unit,Lines that split the rectangle into 3 columns and 2 rows of 1/4-unit squares (6 squares),,"Grade both: the tiling (3 by 2 squares, no gaps or overlaps) and the area 6/16 or 3/8 square unit. Each square is 1/4 × 1/4 = 1/16 square unit, and 3/4 × 1/2 = 3/8."
G5:S67-M-Q2,S67-M-Q2,1413,67,MAIN,2,5.NF.B.4.b,sa,The rectangle is tiled with squares that are 1/3 unit on each side. What is its area? Explain how the tiling shows it.,,,8/9 square unit,,,"Each square is 1/3 × 1/3 = 1/9 square unit, and there are 8 squares, so the area is 8/9. This matches 4/3 × 2/3 = 8/9."
G5:S67-M-Q3,S67-M-Q3,1414,67,MAIN,3,5.NF.B.4.b,mc,How many squares with 1/6-unit sides tile a rectangle that is 5/6 unit by 1/2 unit?,A. 5 | B. 30 | C. 8 | D. 15,D,15,,,
G5:S67-M-Q4,S67-M-Q4,1415,67,MAIN,4,5.NF.B.4.b,tf,"Tiling a square with 2/3-unit sides takes 4 squares with 1/3-unit sides, so its area is 4/9 square unit.",A. True | B. False,A,True,,,
G5:S67-M-Q5,S67-M-Q5,1416,67,MAIN,5,5.NF.B.4.b,sa,A rectangle is tiled with 3 rows of 4 squares. Each square has 1/4-unit sides. What are the rectangle's side lengths and its area? Show that multiplying the side lengths gives the same area.,,,1 unit by 3/4 unit; 3/4 square unit,,,"4 × 1/4 = 1 and 3 × 1/4 = 3/4. The tiling gives 12 × 1/16 = 12/16 = 3/4, and 1 × 3/4 = 3/4. Both parts are required."
G5:S67-B1-Q1,S67-B1-Q1,1418,67,BACKWARD 1,1,3.MD.C.6,sa,Each small square is 1 square unit. What is the area of the rectangle?,,,15 square units,,,
G5:S67-B1-Q2,S67-B1-Q2,1419,67,BACKWARD 1,2,3.MD.C.6,tf,A shape covered by 9 unit squares with no gaps or overlaps has an area of 9 square units.,A. True | B. False,A,True,,,
G5:S67-B1-Q3,S67-B1-Q3,1420,67,BACKWARD 1,3,3.MD.C.6,mc,A rectangle is covered by 2 rows of 6 unit squares. What is its area?,A. 8 square units | B. 6 square units | C. 12 square units | D. 16 square units,C,12 square units,,,
G5:S67-B1-Q4,S67-B1-Q4,1421,67,BACKWARD 1,4,3.MD.C.6,sa,Each small square is 1 square inch. What is the area of the shaded part?,,,10 square inches,,,
G5:S67-B1-Q5,S67-B1-Q5,1422,67,BACKWARD 1,5,3.MD.C.6,tf,"If the unit squares overlap, counting them still gives the exact area.",A. True | B. False,B,False,,,
G5:S67-B2-Q1,S67-B2-Q1,1424,67,BACKWARD 2,1,3.NF.A.1,sa,A 1-unit side is split into 3 equal parts. How long is each part?,,,1/3 unit,,,
G5:S67-B2-Q2,S67-B2-Q2,1425,67,BACKWARD 2,2,3.NF.A.1,tf,Four lengths of 1/4 unit make 1 unit.,A. True | B. False,A,True,,,
G5:S67-B2-Q3,S67-B2-Q3,1426,67,BACKWARD 2,3,3.NF.A.1,mc,How many lengths of 1/6 unit make 5/6 unit?,A. 11 | B. 5 | C. 6 | D. 1,B,5,,,
G5:S67-B2-Q4,S67-B2-Q4,1427,67,BACKWARD 2,4,3.NF.A.1,sa,A side is made of 3 lengths of 1/4 unit. How long is the side?,,,3/4 unit,,,
G5:S67-B2-Q5,S67-B2-Q5,1428,67,BACKWARD 2,5,3.NF.A.1,tf,Two lengths of 1/8 unit make 2/16 unit.,A. True | B. False,B,False,,,
G5:S67-F1-Q1,S67-F1-Q1,1430,67,FORWARD 1,1,6.G.A.2,sa,A prism is 1 unit by 1/2 unit by 1/2 unit. How many cubes with edges 1/2 unit long pack it?,,,4,,,
G5:S67-F1-Q2,S67-F1-Q2,1431,67,FORWARD 1,2,6.G.A.2,tf,A cube with edges 1/2 unit long has a volume of 1/8 cubic unit.,A. True | B. False,A,True,,,
G5:S67-F1-Q3,S67-F1-Q3,1432,67,FORWARD 1,3,6.G.A.2,mc,A box is packed with 24 cubes that each have edges 1/2 unit long. What is its volume?,A. 12 cubic units | B. 24 cubic units | C. 3 cubic units | D. 6 cubic units,C,3 cubic units,,,
G5:S67-F1-Q4,S67-F1-Q4,1433,67,FORWARD 1,4,6.G.A.2,sa,Find the volume of a prism that is 3/2 units by 1 unit by 1/2 unit.,,,3/4 cubic unit,,,
G5:S67-F1-Q5,S67-F1-Q5,1434,67,FORWARD 1,5,6.G.A.2,tf,Packing a 1-by-1-by-1 cube with cubes that have edges 1/3 unit long takes 9 cubes.,A. True | B. False,B,False,,,
G5:S67-F2-Q1,S67-F2-Q1,1436,67,FORWARD 2,1,7.G.B.6,sa,A 1/4-m by 1/3-m rectangle is cut out of a 3/4-m by 2/3-m rectangle. What area is left?,,,5/12 square meter,,,
G5:S67-F2-Q2,S67-F2-Q2,1437,67,FORWARD 2,2,7.G.B.6,tf,"Two rectangles that do not overlap, 1/2 ft by 3 ft and 1/2 ft by 1 ft, have a total area of 2 square feet.",A. True | B. False,A,True,,,
G5:S67-F2-Q3,S67-F2-Q3,1438,67,FORWARD 2,3,7.G.B.6,mc,A square with sides of 5/2 units has a square with sides of 1/2 unit removed. What is the area of the figure?,A. 5 square units | B. 6 square units | C. 2 square units | D. 6 1/4 square units,B,6 square units,,,
G5:S67-F2-Q4,S67-F2-Q4,1439,67,FORWARD 2,4,7.G.B.6,sa,A rug is 2 1/2 ft by 4 ft. A square corner with sides of 1 1/2 ft is cut off. What is the area of the rug that is left?,,,7 3/4 square feet,,,10 - 2 1/4 = 7 3/4; 7.75 is also correct.
G5:S67-F2-Q5,S67-F2-Q5,1440,67,FORWARD 2,5,7.G.B.6,tf,A triangle with a base of 3/4 unit and a height of 2/3 unit has an area of 1/2 square unit.,A. True | B. False,B,False,,,
G5:S33-M-Q1,S33-M-Q1,1443,33,MAIN,1,5.NF.B.5.a,mc,"Without multiplying, how does 3/4 × 20 compare to 20?",A. It is less than 20. | B. It is equal to 20. | C. It is 4 times 20. | D. It is greater than 20.,A,It is less than 20.,,,
G5:S33-M-Q2,S33-M-Q2,1444,33,MAIN,2,5.NF.B.5.a,tf,5 × 3 1/2 is greater than 5.,A. True | B. False,A,True,,,
G5:S33-M-Q3,S33-M-Q3,1445,33,MAIN,3,5.NF.B.5.a,sa,"Without multiplying, is 2/3 × 15 greater than, less than, or equal to 15?",,,Less than 15,,,
G5:S33-M-Q4,S33-M-Q4,1446,33,MAIN,4,5.NF.B.5.a,mc,Which product is greater than 8?,A. 9/8 × 8 | B. 1/2 × 8 | C. 7/8 × 8 | D. 8/8 × 8,A,9/8 × 8,,,
G5:S33-M-Q5,S33-M-Q5,1447,33,MAIN,5,5.NF.B.5.a,sa,A photo is 6 inches wide. It is resized to 5/4 of its width. Is the new width greater than or less than 6 inches?,,,Greater than 6 inches,,,5/4 is greater than 1. The new width is 7 1/2 inches.
G5:S33-B1-Q1,S33-B1-Q1,1449,33,BACKWARD 1,1,4.OA.A.2,tf,3 × 12 is 3 more than 12.,A. True | B. False,B,False,,,
G5:S33-B1-Q2,S33-B1-Q2,1450,33,BACKWARD 1,2,4.OA.A.2,sa,A dog weighs 4 times as much as a 6-pound cat. How much does the dog weigh?,,,24 pounds,,,
G5:S33-B1-Q3,S33-B1-Q3,1451,33,BACKWARD 1,3,4.OA.A.2,mc,Which number is 5 times as much as 7?,A. 57 | B. 12 | C. 2 | D. 35,D,35,,,
G5:S33-B1-Q4,S33-B1-Q4,1452,33,BACKWARD 1,4,4.OA.A.2,tf,2 × 9 is less than 9.,A. True | B. False,B,False,,,
G5:S33-B1-Q5,S33-B1-Q5,1453,33,BACKWARD 1,5,4.OA.A.2,sa,Fill in the blank. 42 is ___ times as much as 7.,,,6,,,
G5:S33-B2-Q1,S33-B2-Q1,1455,33,BACKWARD 2,1,4.NF.A.2,tf,4/5 is greater than 1.,A. True | B. False,B,False,,,
G5:S33-B2-Q2,S33-B2-Q2,1456,33,BACKWARD 2,2,4.NF.A.2,mc,Which fraction is less than 1?,A. 6/7 | B. 9/9 | C. 7/6 | D. 3/2,A,6/7,,,
G5:S33-B2-Q3,S33-B2-Q3,1457,33,BACKWARD 2,3,4.NF.A.2,sa,"Write >, <, or = to compare. 8/8 ___ 1",,,=,,,
G5:S33-B2-Q4,S33-B2-Q4,1458,33,BACKWARD 2,4,4.NF.A.2,tf,3/5 > 1,A. True | B. False,B,False,,,
G5:S33-B2-Q5,S33-B2-Q5,1459,33,BACKWARD 2,5,4.NF.A.2,sa,"Is 11/10 greater than, less than, or equal to 1?",,,Greater than 1,,,
G5:S33-F1-Q1,S33-F1-Q1,1461,33,FORWARD 1,1,6.RP.A.3.a,sa,A recipe uses 2 cups of rice for every 3 cups of water. How many cups of water are needed for 8 cups of rice?,,,12,,,
G5:S33-F1-Q2,S33-F1-Q2,1462,33,FORWARD 1,2,6.RP.A.3.a,mc,A ratio table starts with 4 : 10. Which ratio could also be in the table?,A. 4 : 5 | B. 2 : 5 | C. 8 : 15 | D. 10 : 4,B,2 : 5,,,
G5:S33-F1-Q3,S33-F1-Q3,1463,33,FORWARD 1,3,6.RP.A.3.a,sa,The table shows equivalent ratios. Find the missing value.,,,15,,,
G5:S33-F1-Q4,S33-F1-Q4,1464,33,FORWARD 1,4,6.RP.A.3.a,tf,"Multiplying both numbers in 6 : 9 by 1/3 gives 2 : 3, an equivalent ratio.",A. True | B. False,A,True,,,
G5:S33-F1-Q5,S33-F1-Q5,1465,33,FORWARD 1,5,6.RP.A.3.a,sa,A map shows 5 km for every 2 cm. How many kilometers do 7 cm show?,,,17.5 km,,,17 1/2 is also correct.
G5:S33-F2-Q1,S33-F2-Q1,1467,33,FORWARD 2,1,7.G.A.1,sa,A scale drawing uses 1 inch = 4 feet. A wall is 3 1/2 inches long in the drawing. How long is the real wall?,,,14 feet,,,
G5:S33-F2-Q2,S33-F2-Q2,1468,33,FORWARD 2,2,7.G.A.1,sa,A room is 15 feet long. How long is it on a drawing with a scale of 1 inch = 3 feet?,,,5 inches,,,
G5:S33-F2-Q3,S33-F2-Q3,1469,33,FORWARD 2,3,7.G.A.1,mc,A drawing is reduced to 1/2 of its size. A 10-cm side becomes how long?,A. 2 cm | B. 20 cm | C. 10 cm | D. 5 cm,D,5 cm,,,
G5:S33-F2-Q4,S33-F2-Q4,1470,33,FORWARD 2,4,7.G.A.1,sa,A drawing that is 4 cm by 6 cm is enlarged by a scale factor of 3/2. What are the new dimensions?,,,6 cm by 9 cm,,,
G5:S33-F2-Q5,S33-F2-Q5,1471,33,FORWARD 2,5,7.G.A.1,tf,Using a scale factor less than 1 makes a drawing smaller.,A. True | B. False,A,True,,,
G5:S34-M-Q1,S34-M-Q1,1474,34,MAIN,1,5.NF.B.5.b,tf,Multiplying 12 by 7/6 gives a product greater than 12.,A. True | B. False,A,True,,,
G5:S34-M-Q2,S34-M-Q2,1475,34,MAIN,2,5.NF.B.5.b,mc,Which statement explains why 4/5 × 30 is less than 30?,A. 4/5 is less than 1. | B. 4/5 is greater than 1. | C. 30 is greater than 1. | D. The product is a fraction.,A,4/5 is less than 1.,,,
G5:S34-M-Q3,S34-M-Q3,1476,34,MAIN,3,5.NF.B.5.b,sa,Explain why multiplying 24 by 5/8 gives a product less than 24.,,,"5/8 is less than 1, so 5/8 × 24 is only part of 24 (5 of 8 equal parts of 24, which is 15).",,,"Must say the factor 5/8 is less than 1, so the product is a fraction of 24 and smaller than 24. Computing 15 alone is not an explanation."
G5:S34-M-Q4,S34-M-Q4,1477,34,MAIN,4,5.NF.B.5.b,mc,Which expression has a value equal to 9?,A. 6/5 × 9 | B. 5/6 × 9 | C. 1/5 × 9 | D. 5/5 × 9,D,5/5 × 9,,,
G5:S34-M-Q5,S34-M-Q5,1478,34,MAIN,5,5.NF.B.5.b,sa,"Without multiplying, order the products from least to greatest. 3/4 × 10, 4/3 × 10, 4/4 × 10",,,"3/4 × 10, 4/4 × 10, 4/3 × 10",,,
G5:S34-B2-Q1,S34-B2-Q1,1480,34,BACKWARD 2,1,3.NF.A.3.c,tf,4/4 = 4,A. True | B. False,B,False,,,
G5:S34-B2-Q2,S34-B2-Q2,1481,34,BACKWARD 2,2,3.NF.A.3.c,sa,Write 1 as a fraction with a denominator of 6.,,,6/6,,,
G5:S34-B2-Q3,S34-B2-Q3,1482,34,BACKWARD 2,3,3.NF.A.3.c,mc,Which fraction is equal to 1?,A. 0/8 | B. 8/1 | C. 1/8 | D. 8/8,D,8/8,,,
G5:S34-B2-Q4,S34-B2-Q4,1483,34,BACKWARD 2,4,3.NF.A.3.c,tf,6/6 is greater than 1.,A. True | B. False,B,False,,,
G5:S34-B2-Q5,S34-B2-Q5,1484,34,BACKWARD 2,5,3.NF.A.3.c,sa,How many eighths make 1 whole?,,,8,,,
G5:S34-B3-Q1,S34-B3-Q1,1486,34,BACKWARD 3,1,4.NF.B.4.b,tf,3 × (2/3) = 2,A. True | B. False,A,True,,,
G5:S34-B3-Q2,S34-B3-Q2,1487,34,BACKWARD 3,2,4.NF.B.4.b,sa,Multiply. 4 × (3/4),,,3,,,12/4 is also correct.
G5:S34-B3-Q3,S34-B3-Q3,1488,34,BACKWARD 3,3,4.NF.B.4.b,mc,6 × (3/2) = ?,A. 4 | B. 9/2 | C. 18/12 | D. 9,D,9,,,
G5:S34-B3-Q4,S34-B3-Q4,1489,34,BACKWARD 3,4,4.NF.B.4.b,sa,Multiply. 5 × (2/5),,,2,,,10/5 is also correct.
G5:S34-B3-Q5,S34-B3-Q5,1490,34,BACKWARD 3,5,4.NF.B.4.b,tf,2 × (7/8) = 14/16,A. True | B. False,B,False,,,
G5:S34-F1-Q1,S34-F1-Q1,1492,34,FORWARD 1,1,6.RP.A.3.c,tf,150% of 40 is less than 40.,A. True | B. False,B,False,,,
G5:S34-F1-Q2,S34-F1-Q2,1493,34,FORWARD 1,2,6.RP.A.3.c,sa,What is 120% of 50?,,,60,,,
G5:S34-F1-Q3,S34-F1-Q3,1494,34,FORWARD 1,3,6.RP.A.3.c,mc,Which value is less than 80?,A. 200% of 80 | B. 125% of 80 | C. 75% of 80 | D. 100% of 80,C,75% of 80,,,
G5:S34-F1-Q4,S34-F1-Q4,1495,34,FORWARD 1,4,6.RP.A.3.c,sa,What is 100% of 37?,,,37,,,
G5:S34-F1-Q5,S34-F1-Q5,1496,34,FORWARD 1,5,6.RP.A.3.c,sa,What is 250% of 12?,,,30,,,
G5:S34-F2-Q1,S34-F2-Q1,1498,34,FORWARD 2,1,7.RP.A.3,mc,A $60 price increases by 15%. Which expression gives the new price?,A. 1.15 × 60 | B. 60 + 15 | C. 0.85 × 60 | D. 0.15 × 60,A,1.15 × 60,,,
G5:S34-F2-Q2,S34-F2-Q2,1499,34,FORWARD 2,2,7.RP.A.3,sa,A $90 jacket is 20% off. Multiply by a decimal to find the sale price.,,,$72,,,0.8 × 90 = 72
G5:S34-F2-Q3,S34-F2-Q3,1500,34,FORWARD 2,3,7.RP.A.3,tf,Multiplying a price by 0.7 decreases it by 30%.,A. True | B. False,A,True,,,
G5:S34-F2-Q4,S34-F2-Q4,1501,34,FORWARD 2,4,7.RP.A.3,sa,"A population of 2,000 grows by 5%. What is the new population?",,,"2,100",,,
G5:S34-F2-Q5,S34-F2-Q5,1502,34,FORWARD 2,5,7.RP.A.3,mc,Which multiplier shows a 40% decrease?,A. 0.6 | B. 0.4 | C. 1.4 | D. 1.04,A,0.6,,,
G5:S68-M-Q1,S68-M-Q1,1505,68,MAIN,1,5.NF.B.5.b,sa,Use the fact that 4/4 = 1 to explain why 2/3 = 8/12.,,,"2/3 × 4/4 = 8/12, and 4/4 = 1, so multiplying by 4/4 does not change the value.",,,The response must connect the equivalent fraction to multiplying by a fraction equal to 1.
G5:S68-M-Q2,S68-M-Q2,1506,68,MAIN,2,5.NF.B.5.b,mc,Which fraction equal to 1 turns 3/5 into 9/15?,A. 3/3 | B. 15/15 | C. 9/9 | D. 5/5,A,3/3,,,
G5:S68-M-Q3,S68-M-Q3,1507,68,MAIN,3,5.NF.B.5.b,tf,"5/6 × (2/2) = 10/12, and 10/12 = 5/6 because 2/2 = 1.",A. True | B. False,A,True,,,
G5:S68-M-Q4,S68-M-Q4,1508,68,MAIN,4,5.NF.B.5.b,sa,What fraction equal to 1 can you multiply 7/10 by to get 28/40?,,,4/4,,,
G5:S68-M-Q5,S68-M-Q5,1509,68,MAIN,5,5.NF.B.5.b,tf,3/4 × (2/3) = 6/12 shows that 3/4 = 6/12.,A. True | B. False,B,False,,,
G5:S68-B1-Q1,S68-B1-Q1,1511,68,BACKWARD 1,1,4.NF.A.1,tf,"To write a fraction equal to 3/5, you can multiply its numerator and denominator by the same nonzero whole number.",A. True | B. False,A,True,,,
G5:S68-B1-Q2,S68-B1-Q2,1512,68,BACKWARD 1,2,4.NF.A.1,sa,Find the missing number. 3/5 = (?)/20,,,12,,,
G5:S68-B1-Q3,S68-B1-Q3,1513,68,BACKWARD 1,3,4.NF.A.1,mc,Which fraction is equivalent to 7/8?,A. 7/16 | B. 14/24 | C. 21/24 | D. 8/7,C,21/24,,,
G5:S68-B1-Q4,S68-B1-Q4,1514,68,BACKWARD 1,4,4.NF.A.1,sa,Find the missing number. 1/3 = 4/(?),,,12,,,
G5:S68-B1-Q5,S68-B1-Q5,1515,68,BACKWARD 1,5,4.NF.A.1,tf,2/9 = 4/27,A. True | B. False,B,False,,,
G5:S68-B2-Q1,S68-B2-Q1,1517,68,BACKWARD 2,1,3.NF.A.3.b,tf,1/2 = 2/4,A. True | B. False,A,True,,,
G5:S68-B2-Q2,S68-B2-Q2,1518,68,BACKWARD 2,2,3.NF.A.3.b,sa,Find the missing number. 2/3 = (?)/6,,,4,,,
G5:S68-B2-Q3,S68-B2-Q3,1519,68,BACKWARD 2,3,3.NF.A.3.b,mc,Which fraction is equal to 3/4?,A. 6/8 | B. 3/8 | C. 4/3 | D. 4/6,A,6/8,,,
G5:S68-B2-Q4,S68-B2-Q4,1520,68,BACKWARD 2,4,3.NF.A.3.b,sa,The bar shows 1/3 shaded. Each part is cut in half. How many sixths are shaded?,,,2,,,
G5:S68-B2-Q5,S68-B2-Q5,1521,68,BACKWARD 2,5,3.NF.A.3.b,tf,2/4 = 2/8,A. True | B. False,B,False,,,
G5:S68-F1-Q1,S68-F1-Q1,1523,68,FORWARD 1,1,6.RP.A.3.a,sa,Write a ratio equivalent to 3 : 5 by multiplying both numbers by 4.,,,12 : 20,,,
G5:S68-F1-Q2,S68-F1-Q2,1524,68,FORWARD 1,2,6.RP.A.3.a,tf,6 : 8 and 9 : 12 are equivalent ratios.,A. True | B. False,A,True,,,
G5:S68-F1-Q3,S68-F1-Q3,1525,68,FORWARD 1,3,6.RP.A.3.a,mc,Which ratio is equivalent to 2 : 7?,A. 4 : 9 | B. 7 : 2 | C. 2 : 14 | D. 6 : 21,D,6 : 21,,,
G5:S68-F1-Q4,S68-F1-Q4,1526,68,FORWARD 1,4,6.RP.A.3.a,sa,Find the missing value. 5 : 6 = 20 : ?,,,24,,,
G5:S68-F1-Q5,S68-F1-Q5,1527,68,FORWARD 1,5,6.RP.A.3.a,tf,4 : 10 and 6 : 12 are equivalent ratios.,A. True | B. False,B,False,,,
G5:S68-F2-Q1,S68-F2-Q1,1529,68,FORWARD 2,1,7.RP.A.2.a,tf,The table shows a proportional relationship.,A. True | B. False,A,True,,,
G5:S68-F2-Q2,S68-F2-Q2,1530,68,FORWARD 2,2,7.RP.A.2.a,mc,Which table shows a proportional relationship?,"A. x: 1, 2, 3 and y: 4, 6, 8 | B. x: 1, 2, 3 and y: 4, 8, 12 | C. x: 1, 2, 3 and y: 3, 5, 7 | D. x: 1, 2, 3 and y: 5, 6, 7",B,"x: 1, 2, 3 and y: 4, 8, 12",,,
G5:S68-F2-Q3,S68-F2-Q3,1531,68,FORWARD 2,3,7.RP.A.2.a,sa,Are 3 : 4 and 12 : 16 equivalent ratios? Explain using a fraction equal to 1.,,,Yes,,,3/4 × 4/4 = 12/16; multiplying by 4/4 = 1 does not change the value.
G5:S68-F2-Q4,S68-F2-Q4,1532,68,FORWARD 2,4,7.RP.A.2.a,tf,3 : 5 and 9 : 20 are equivalent ratios.,A. True | B. False,B,False,,,
G5:S68-F2-Q5,S68-F2-Q5,1533,68,FORWARD 2,5,7.RP.A.2.a,sa,The ratios 2 : 9 and 8 : y are equivalent. Find y.,,,36,,,
G5:S35-M-Q1,S35-M-Q1,1536,35,MAIN,1,5.NF.B.6,sa,A recipe uses 3/4 cup of oats per batch. How many cups of oats are in 2 1/2 batches?,,,1 7/8 cups,,,
G5:S35-M-Q2,S35-M-Q2,1537,35,MAIN,2,5.NF.B.6,sa,A garden is 6 m long. 2/3 of its length is planted with beans. How many meters are planted with beans?,,,4 m,,,
G5:S35-M-Q3,S35-M-Q3,1538,35,MAIN,3,5.NF.B.6,mc,Sam walks 5/8 mile each day. How far does he walk in 4 days?,A. 5/32 mile | B. 9/8 miles | C. 2 1/2 miles | D. 4 5/8 miles,C,2 1/2 miles,,,
G5:S35-M-Q4,S35-M-Q4,1539,35,MAIN,4,5.NF.B.6,sa,A board is 3 1/3 feet long. Jo uses 3/5 of the board. How many feet does she use?,,,2 feet,,,
G5:S35-M-Q5,S35-M-Q5,1540,35,MAIN,5,5.NF.B.6,sa,A pitcher holds 1 1/2 liters. It is 2/3 full. How many liters are in the pitcher?,,,1 liter,,,
G5:S35-B1-Q1,S35-B1-Q1,1542,35,BACKWARD 1,1,4.NF.B.4.c,sa,Each serving is 2/3 cup. How many cups are in 5 servings?,,,3 1/3 cups,,,10/3 is also correct.
G5:S35-B1-Q2,S35-B1-Q2,1543,35,BACKWARD 1,2,4.NF.B.4.c,tf,4 children each drink 3/8 liter of milk. They drink 1 1/2 liters in all.,A. True | B. False,A,True,,,
G5:S35-B1-Q3,S35-B1-Q3,1544,35,BACKWARD 1,3,4.NF.B.4.c,mc,Each piece of ribbon is 5/6 yard long. How long are 3 pieces in all?,A. 5/18 yard | B. 2 1/2 yards | C. 3 5/6 yards | D. 15/18 yard,B,2 1/2 yards,,,
G5:S35-B1-Q4,S35-B1-Q4,1545,35,BACKWARD 1,4,4.NF.B.4.c,sa,A bug crawls 3/10 meter each minute. How far does it crawl in 7 minutes?,,,2 1/10 meters,,,21/10 is also correct.
G5:S35-B1-Q5,S35-B1-Q5,1546,35,BACKWARD 1,5,4.NF.B.4.c,sa,Each bag holds 1/4 pound of nuts. How many pounds are in 6 bags?,,,1 1/2 pounds,,,
G5:S35-B2-Q1,S35-B2-Q1,1548,35,BACKWARD 2,1,4.NF.B.3.b,sa,Write 2 1/2 as a fraction.,,,5/2,,,
G5:S35-B2-Q2,S35-B2-Q2,1549,35,BACKWARD 2,2,4.NF.B.3.b,sa,Write 3 1/3 as a fraction.,,,10/3,,,
G5:S35-B2-Q3,S35-B2-Q3,1550,35,BACKWARD 2,3,4.NF.B.3.b,tf,1 1/2 = 11/2,A. True | B. False,B,False,,,
G5:S35-B2-Q4,S35-B2-Q4,1551,35,BACKWARD 2,4,4.NF.B.3.b,mc,Which fraction is equal to 4 2/5?,A. 22/5 | B. 42/5 | C. 11/5 | D. 24/5,A,22/5,,,
G5:S35-B2-Q5,S35-B2-Q5,1552,35,BACKWARD 2,5,4.NF.B.3.b,sa,Write 15/8 as a mixed number.,,,1 7/8,,,
G5:S35-B4-Q1,S35-B4-Q1,1554,35,BACKWARD 4,1,4.NF.B.3.d,sa,A recipe uses 3/4 cup of oats. Ann makes the recipe twice. How many cups of oats does she use? Write a fraction.,,,6/4 cups,,,"1 2/4, 1 1/2, and 3/2 cups are also correct."
G5:S35-B4-Q2,S35-B4-Q2,1555,35,BACKWARD 4,2,4.NF.B.3.d,tf,2/5 + 2/5 + 2/5 = 6/5,A. True | B. False,A,True,,,
G5:S35-B4-Q3,S35-B4-Q3,1556,35,BACKWARD 4,3,4.NF.B.3.d,mc,Ty walks 3/8 mile to school and 3/8 mile home. How far does he walk in all?,A. 9/8 mile | B. 6/8 mile | C. 3/8 mile | D. 6/16 mile,B,6/8 mile,,,
G5:S35-B4-Q4,S35-B4-Q4,1557,35,BACKWARD 4,4,4.NF.B.3.d,sa,A plant grew 1/6 inch on Monday and 4/6 inch on Tuesday. How much did it grow in all?,,,5/6 inch,,,
G5:S35-B4-Q5,S35-B4-Q5,1558,35,BACKWARD 4,5,4.NF.B.3.d,tf,5/12 + 5/12 = 10/24,A. True | B. False,B,False,,,
G5:S35-F1-Q1,S35-F1-Q1,1560,35,FORWARD 1,1,6.NS.A.1,sa,How many 3/4-cup servings are in 6 cups of soup?,,,8,,,
G5:S35-F1-Q2,S35-F1-Q2,1561,35,FORWARD 1,2,6.NS.A.1,sa,A 7/8-mile trail is split into 1/8-mile sections. How many sections are there?,,,7,,,
G5:S35-F1-Q3,S35-F1-Q3,1562,35,FORWARD 1,3,6.NS.A.1,mc,A rectangle has an area of 3/4 square foot and a width of 1/2 foot. What is its length?,A. 3/8 foot | B. 1 1/4 feet | C. 1 1/2 feet | D. 2/3 foot,C,1 1/2 feet,,,
G5:S35-F1-Q4,S35-F1-Q4,1563,35,FORWARD 1,4,6.NS.A.1,sa,Ann has 2 1/2 pounds of clay. Each pot uses 5/8 pound. How many pots can she make?,,,4,,,
G5:S35-F1-Q5,S35-F1-Q5,1564,35,FORWARD 1,5,6.NS.A.1,tf,2/3 ÷ 1/6 = 1/9,A. True | B. False,B,False,,,
G5:S35-F2-Q1,S35-F2-Q1,1566,35,FORWARD 2,1,7.NS.A.3,sa,A diver descends 3/4 foot per second for 6 1/2 seconds. What is the diver's change in depth?,,,-4 7/8 feet,,,"""4 7/8 feet down"" is also correct."
G5:S35-F2-Q2,S35-F2-Q2,1567,35,FORWARD 2,2,7.NS.A.3,sa,The temperature was 2°F. It dropped 1/2°F each hour for 9 hours. What was the final temperature?,,,-2 1/2°F,,,
G5:S35-F2-Q3,S35-F2-Q3,1568,35,FORWARD 2,3,7.NS.A.3,mc,A stock loses 3/8 dollar each day for 4 days. What is the total change in value?,A. -4 3/8 dollars | B. -3/32 dollar | C. -1 1/2 dollars | D. 1 1/2 dollars,C,-1 1/2 dollars,,,
G5:S35-F2-Q4,S35-F2-Q4,1569,35,FORWARD 2,4,7.NS.A.3,sa,A tank contains 12 1/2 gallons of water. 2/5 of the water drains out. How many gallons drain out?,,,5 gallons,,,
G5:S35-F2-Q5,S35-F2-Q5,1570,35,FORWARD 2,5,7.NS.A.3,tf,-2/3 × 4 1/2 = -3,A. True | B. False,A,True,,,
G5:S36-M-Q1,S36-M-Q1,1573,36,MAIN,1,5.NF.B.6,sa,A bag of flour weighs 2 1/2 pounds. How much do 3 bags weigh?,,,7 1/2 pounds,,,
G5:S36-M-Q2,S36-M-Q2,1574,36,MAIN,2,5.NF.B.6,sa,A garden bed is 1 1/3 yards long and 1 1/2 yards wide. What is its area?,,,2 square yards,,,
G5:S36-M-Q3,S36-M-Q3,1575,36,MAIN,3,5.NF.B.6,mc,A hiker walks 2 1/4 miles each hour. How far does she walk in 1 2/3 hours?,A. 3 1/6 miles | B. 4 1/2 miles | C. 2 2/12 miles | D. 3 3/4 miles,D,3 3/4 miles,,,
G5:S36-M-Q4,S36-M-Q4,1576,36,MAIN,4,5.NF.B.6,sa,A poster is 3 1/5 feet long. A copy is made 2 1/2 times as long. How long is the copy?,,,8 feet,,,
G5:S36-M-Q5,S36-M-Q5,1577,36,MAIN,5,5.NF.B.6,tf,A recipe uses 1 1/2 cups of milk. Making 1 1/2 times the recipe uses 1 1/4 cups of milk.,A. True | B. False,B,False,,,
G5:S36-B1-Q1,S36-B1-Q1,1579,36,BACKWARD 1,1,4.NF.B.3.b,sa,Write 1 3/4 as a fraction.,,,7/4,,,
G5:S36-B1-Q2,S36-B1-Q2,1580,36,BACKWARD 1,2,4.NF.B.3.b,sa,Write 13/3 as a mixed number.,,,4 1/3,,,
G5:S36-B1-Q3,S36-B1-Q3,1581,36,BACKWARD 1,3,4.NF.B.3.b,tf,2 2/3 = 22/3,A. True | B. False,B,False,,,
G5:S36-B1-Q4,S36-B1-Q4,1582,36,BACKWARD 1,4,4.NF.B.3.b,mc,Which mixed number is equal to 9/2?,A. 2 1/9 | B. 4 1/9 | C. 9 1/2 | D. 4 1/2,D,4 1/2,,,
G5:S36-B1-Q5,S36-B1-Q5,1583,36,BACKWARD 1,5,4.NF.B.3.b,sa,Write 5 1/2 as a fraction.,,,11/2,,,
G5:S36-B3-Q1,S36-B3-Q1,1585,36,BACKWARD 3,1,3.OA.B.5,tf,4 × (5 + 2) = 4 × 5 + 4 × 2,A. True | B. False,A,True,,,
G5:S36-B3-Q2,S36-B3-Q2,1586,36,BACKWARD 3,2,3.OA.B.5,sa,Fill in the blank. 6 × 12 = 6 × 10 + 6 × ___,,,2,,,
G5:S36-B3-Q3,S36-B3-Q3,1587,36,BACKWARD 3,3,3.OA.B.5,mc,Which expression is equal to 3 × 15?,A. 3 × 10 + 5 | B. 3 + 10 × 5 | C. 3 × 10 × 5 | D. 3 × 10 + 3 × 5,D,3 × 10 + 3 × 5,,,
G5:S36-B3-Q4,S36-B3-Q4,1588,36,BACKWARD 3,4,3.OA.B.5,tf,7 × 13 = 7 × 10 + 3,A. True | B. False,B,False,,,
G5:S36-B3-Q5,S36-B3-Q5,1589,36,BACKWARD 3,5,3.OA.B.5,sa,Fill in the blank. 8 × (4 + 1) = 8 × 4 + 8 × ___,,,1,,,
G5:S36-B4-Q1,S36-B4-Q1,1591,36,BACKWARD 4,1,4.MD.A.2,sa,A ribbon is 3/4 yard long. How long are 4 ribbons in all?,,,3 yards,,,12/4 yards is also correct.
G5:S36-B4-Q2,S36-B4-Q2,1592,36,BACKWARD 4,2,4.MD.A.2,tf,Each lap is 1/2 mile. 6 laps is 3 miles.,A. True | B. False,A,True,,,
G5:S36-B4-Q3,S36-B4-Q3,1593,36,BACKWARD 4,3,4.MD.A.2,mc,A jug holds 2 liters. How many milliliters are in 3 jugs?,"A. 6,000 mL | B. 5,000 mL | C. 2,003 mL | D. 600 mL",A,"6,000 mL",,,
G5:S36-B4-Q4,S36-B4-Q4,1594,36,BACKWARD 4,4,4.MD.A.2,sa,Each box weighs 1 1/4 pounds. How much do 2 boxes weigh?,,,2 1/2 pounds,,,2 2/4 pounds is also correct.
G5:S36-B4-Q5,S36-B4-Q5,1595,36,BACKWARD 4,5,4.MD.A.2,tf,"3 pieces of wood, each 2/5 meter long, make 1 meter in all.",A. True | B. False,B,False,,,
G5:S36-F1-Q1,S36-F1-Q1,1597,36,FORWARD 1,1,6.G.A.2,sa,A box is 2 1/2 ft by 2 ft by 1 1/2 ft. What is its volume?,,,7 1/2 cubic feet,,,
G5:S36-F1-Q2,S36-F1-Q2,1598,36,FORWARD 1,2,6.G.A.2,sa,A cube has edges that are 2 1/2 inches long. What is its volume?,,,15 5/8 cubic inches,,,125/8 is also correct.
G5:S36-F1-Q3,S36-F1-Q3,1599,36,FORWARD 1,3,6.G.A.2,mc,A prism has a base area of 3 1/3 square cm and a height of 1 1/2 cm. What is its volume?,A. 3 1/2 cubic cm | B. 10 cubic cm | C. 4 5/6 cubic cm | D. 5 cubic cm,D,5 cubic cm,,,
G5:S36-F1-Q4,S36-F1-Q4,1600,36,FORWARD 1,4,6.G.A.2,sa,Find the volume of the prism.,,,3 cubic feet,,,
G5:S36-F1-Q5,S36-F1-Q5,1601,36,FORWARD 1,5,6.G.A.2,tf,A box that is 1/2 m by 1/2 m by 1/2 m has a volume of 1/8 cubic meter.,A. True | B. False,A,True,,,
G5:S36-F2-Q1,S36-F2-Q1,1603,36,FORWARD 2,1,7.G.B.6,sa,A rectangular prism is 4 cm by 3 cm by 2 1/2 cm. What is its surface area?,,,59 square cm,,,
G5:S36-F2-Q2,S36-F2-Q2,1604,36,FORWARD 2,2,7.G.B.6,sa,A cube has edges that are 2 1/2 inches long. What is its surface area?,,,37 1/2 square inches,,,37.5 is also correct.
G5:S36-F2-Q3,S36-F2-Q3,1605,36,FORWARD 2,3,7.G.B.6,mc,A box is 5 in. by 4 in. by 1 1/2 in. What is its surface area?,A. 30 square inches | B. 40 square inches | C. 67 square inches | D. 33 1/2 square inches,C,67 square inches,,,
G5:S36-F2-Q4,S36-F2-Q4,1606,36,FORWARD 2,4,7.G.B.6,sa,A cube has edges that are 1 1/2 m long. What is its surface area?,,,13 1/2 square meters,,,
G5:S36-F2-Q5,S36-F2-Q5,1607,36,FORWARD 2,5,7.G.B.6,tf,A prism that is 2 ft by 1 1/2 ft by 1 ft has a surface area of 13 square feet.,A. True | B. False,A,True,,,
G5:S37-M-Q1,S37-M-Q1,1610,37,MAIN,1,5.NF.B.7.a,sa,Divide. 1/7 ÷ 2,,,1/14,,,
G5:S37-M-Q2,S37-M-Q2,1611,37,MAIN,2,5.NF.B.7.a,sa,Divide. 1/2 ÷ 5,,,1/10,,,
G5:S37-M-Q3,S37-M-Q3,1612,37,MAIN,3,5.NF.B.7.a,mc,1/4 ÷ 2 = ?,A. 1/2 | B. 2/4 | C. 1/8 | D. 8,C,1/8,,,
G5:S37-M-Q4,S37-M-Q4,1613,37,MAIN,4,5.NF.B.7.a,sa,1/5 of a pan of brownies is shared equally by 3 friends. What fraction of the whole pan does each friend get?,,,1/15,,,
G5:S37-M-Q5,S37-M-Q5,1614,37,MAIN,5,5.NF.B.7.a,tf,1/6 ÷ 3 = 1/2,A. True | B. False,B,False,,,
G5:S37-B1-Q1,S37-B1-Q1,1616,37,BACKWARD 1,1,3.NF.A.1,tf,"When a whole is cut into more equal parts, each part is smaller.",A. True | B. False,A,True,,,
G5:S37-B1-Q2,S37-B1-Q2,1617,37,BACKWARD 1,2,3.NF.A.1,mc,Which unit fraction is the smallest?,A. 1/6 | B. 1/8 | C. 1/2 | D. 1/3,B,1/8,,,
G5:S37-B1-Q3,S37-B1-Q3,1618,37,BACKWARD 1,3,3.NF.A.1,sa,A bar is cut into 6 equal parts. What fraction of the bar is one part?,,,1/6,,,
G5:S37-B1-Q4,S37-B1-Q4,1619,37,BACKWARD 1,4,3.NF.A.1,tf,1/3 < 1/4,A. True | B. False,B,False,,,
G5:S37-B1-Q5,S37-B1-Q5,1620,37,BACKWARD 1,5,3.NF.A.1,sa,What fraction of the bar is shaded?,,,1/4,,,
G5:S37-B2-Q1,S37-B2-Q1,1622,37,BACKWARD 2,1,3.OA.A.2,sa,15 is shared equally among 5 groups. How much is in each group?,,,3,,,
G5:S37-B2-Q2,S37-B2-Q2,1623,37,BACKWARD 2,2,3.OA.A.2,tf,Sharing 8 equally between 2 groups gives 4 in each group.,A. True | B. False,A,True,,,
G5:S37-B2-Q3,S37-B2-Q3,1624,37,BACKWARD 2,3,3.OA.A.2,mc,Which expression shows 21 shared equally among 7 people?,A. 21 ÷ 7 | B. 21 - 7 | C. 7 ÷ 21 | D. 21 × 7,A,21 ÷ 7,,,
G5:S37-B2-Q4,S37-B2-Q4,1625,37,BACKWARD 2,4,3.OA.A.2,sa,Divide. 16 ÷ 4,,,4,,,
G5:S37-B2-Q5,S37-B2-Q5,1626,37,BACKWARD 2,5,3.OA.A.2,sa,36 is shared equally among 6 people. How much does each person get?,,,6,,,
G5:S37-B4-Q1,S37-B4-Q1,1628,37,BACKWARD 4,1,4.NF.A.1,sa,Find the missing number. 1/3 = (?)/12,,,4,,,
G5:S37-B4-Q2,S37-B4-Q2,1629,37,BACKWARD 4,2,4.NF.A.1,tf,1/2 = 5/10,A. True | B. False,A,True,,,
G5:S37-B4-Q3,S37-B4-Q3,1630,37,BACKWARD 4,3,4.NF.A.1,mc,Which fraction is equal to 1/4?,A. 4/1 | B. 1/8 | C. 2/4 | D. 2/8,D,2/8,,,
G5:S37-B4-Q4,S37-B4-Q4,1631,37,BACKWARD 4,4,4.NF.A.1,sa,Find the missing number. 1/5 = 3/(?),,,15,,,
G5:S37-B4-Q5,S37-B4-Q5,1632,37,BACKWARD 4,5,4.NF.A.1,tf,1/6 = 3/12,A. True | B. False,B,False,,,
G5:S37-F1-Q1,S37-F1-Q1,1634,37,FORWARD 1,1,6.NS.A.1,sa,Divide. 3/4 ÷ 3,,,1/4,,,
G5:S37-F1-Q2,S37-F1-Q2,1635,37,FORWARD 1,2,6.NS.A.1,sa,Divide. 2/5 ÷ 4,,,1/10,,,
G5:S37-F1-Q3,S37-F1-Q3,1636,37,FORWARD 1,3,6.NS.A.1,mc,Divide. 5/6 ÷ 1/3,A. 5/18 | B. 2 1/2 | C. 6/9 | D. 1/2,B,2 1/2,,,
G5:S37-F1-Q4,S37-F1-Q4,1637,37,FORWARD 1,4,6.NS.A.1,sa,3/4 pound of trail mix is shared equally among 6 bags. How much trail mix is in each bag?,,,1/8 pound,,,
G5:S37-F1-Q5,S37-F1-Q5,1638,37,FORWARD 1,5,6.NS.A.1,tf,2/3 ÷ 2 = 1 1/3,A. True | B. False,B,False,,,
G5:S37-F2-Q1,S37-F2-Q1,1640,37,FORWARD 2,1,7.NS.A.2.b,sa,Find the quotient. -1/3 ÷ 4,,,-1/12,,,
G5:S37-F2-Q2,S37-F2-Q2,1641,37,FORWARD 2,2,7.NS.A.2.b,sa,Find the quotient. 3/5 ÷ (-3/10),,,-2,,,
G5:S37-F2-Q3,S37-F2-Q3,1642,37,FORWARD 2,3,7.NS.A.2.b,mc,Find the quotient. (-1/2) ÷ (-1/4),A. 1/8 | B. -1/8 | C. -2 | D. 2,D,2,,,
G5:S37-F2-Q4,S37-F2-Q4,1643,37,FORWARD 2,4,7.NS.A.2.b,sa,Find the quotient. -4/9 ÷ 2/3,,,-2/3,,,
G5:S37-F2-Q5,S37-F2-Q5,1644,37,FORWARD 2,5,7.NS.A.2.b,tf,-(1/2 ÷ 5) = (-1/2) ÷ 5,A. True | B. False,A,True,,,
G5:S69-M-Q1,S69-M-Q1,1647,69,MAIN,1,5.NF.B.7.a,plot_text,The bar shows 1/3 shaded. Split every third into 2 equal parts to find 1/3 ÷ 2. Then write the quotient.,,,1/6,Each of the 3 parts split into 2 equal parts (6 small parts in all); the shaded third is now 2 small parts,,"Grade both: all 3 parts split in half, and the quotient 1/6 (one small part is 1/6 of the whole bar)."
G5:S69-M-Q2,S69-M-Q2,1648,69,MAIN,2,5.NF.B.7.a,sa,Explain how you can use multiplication to check that 1/4 ÷ 3 = 1/12.,,,"Multiply the quotient by the divisor: 1/12 × 3 = 3/12 = 1/4, which is the number that was divided, so the quotient is correct.",,,Must multiply 1/12 by 3 (or 3 × 1/12) and get back 1/4.
G5:S69-M-Q3,S69-M-Q3,1649,69,MAIN,3,5.NF.B.7.a,mc,Which equation checks 1/5 ÷ 4 = 1/20?,A. 1/20 ÷ 4 = 1/80 | B. 1/5 + 4 = 4 1/5 | C. 1/20 × 4 = 1/5 | D. 1/5 × 4 = 4/5,C,1/20 × 4 = 1/5,,,
G5:S69-M-Q4,S69-M-Q4,1650,69,MAIN,4,5.NF.B.7.a,tf,1/2 ÷ 3 = 1/6 because 3 groups of 1/6 make 1/2.,A. True | B. False,A,True,,,
G5:S69-M-Q5,S69-M-Q5,1651,69,MAIN,5,5.NF.B.7.a,sa,4 friends share 1/2 of a pizza equally. How much of the whole pizza does each friend get? Describe a model that shows it.,,,1/8 of the pizza,,,"Model: the half is split into 4 equal parts; the whole pizza then has 8 such parts, so each part is 1/8. Both parts are required."
G5:S69-B1-Q1,S69-B1-Q1,1653,69,BACKWARD 1,1,3.NF.A.1,sa,A bar is cut into 8 equal parts. What fraction of the bar is one part?,,,1/8,,,
G5:S69-B1-Q2,S69-B1-Q2,1654,69,BACKWARD 1,2,3.NF.A.1,tf,2 parts of size 1/6 make 2/6.,A. True | B. False,A,True,,,
G5:S69-B1-Q3,S69-B1-Q3,1655,69,BACKWARD 1,3,3.NF.A.1,mc,What fraction of the bar is shaded?,A. 5/6 | B. 1/5 | C. 1/6 | D. 6/1,C,1/6,,,
G5:S69-B1-Q4,S69-B1-Q4,1656,69,BACKWARD 1,4,3.NF.A.1,sa,A whole is cut into 3 equal parts. What fraction of the whole is one part?,,,1/3,,,
G5:S69-B1-Q5,S69-B1-Q5,1657,69,BACKWARD 1,5,3.NF.A.1,tf,1/4 is one of 3 equal parts of a whole.,A. True | B. False,B,False,,,
G5:S69-B2-Q1,S69-B2-Q1,1659,69,BACKWARD 2,1,4.NF.B.4.a,sa,Write 3/12 as a whole number times 1/12.,,,3 × 1/12,,,
G5:S69-B2-Q2,S69-B2-Q2,1660,69,BACKWARD 2,2,4.NF.B.4.a,tf,4 × (1/8) = 4/8,A. True | B. False,A,True,,,
G5:S69-B2-Q3,S69-B2-Q3,1661,69,BACKWARD 2,3,4.NF.B.4.a,mc,Which fraction equals 6 × (1/10)?,A. 1/60 | B. 6/10 | C. 10/6 | D. 6/60,B,6/10,,,
G5:S69-B2-Q4,S69-B2-Q4,1662,69,BACKWARD 2,4,4.NF.B.4.a,sa,Multiply. 2 × (1/6),,,2/6,,,1/3 is also correct.
G5:S69-B2-Q5,S69-B2-Q5,1663,69,BACKWARD 2,5,4.NF.B.4.a,tf,3 × (1/9) = 3/27,A. True | B. False,B,False,,,
G5:S69-F1-Q1,S69-F1-Q1,1665,69,FORWARD 1,1,6.NS.A.1,sa,Divide. 2/3 ÷ 4,,,1/6,,,2/12 is also correct.
G5:S69-F1-Q2,S69-F1-Q2,1666,69,FORWARD 1,2,6.NS.A.1,tf,3/4 ÷ 1/4 = 3 because 3 × (1/4) = 3/4.,A. True | B. False,A,True,,,
G5:S69-F1-Q3,S69-F1-Q3,1667,69,FORWARD 1,3,6.NS.A.1,mc,Which equation checks 2/3 ÷ 3/4 = 8/9?,A. 8/9 × (3/4) = 2/3 | B. 3/4 ÷ 8/9 = 27/32 | C. 8/9 × (2/3) = 16/27 | D. 2/3 × (3/4) = 1/2,A,8/9 × (3/4) = 2/3,,,
G5:S69-F1-Q4,S69-F1-Q4,1668,69,FORWARD 1,4,6.NS.A.1,sa,Divide. 4/5 ÷ 2,,,2/5,,,
G5:S69-F1-Q5,S69-F1-Q5,1669,69,FORWARD 1,5,6.NS.A.1,tf,1/2 ÷ 1/3 = 1/6,A. True | B. False,B,False,,,
G5:S69-F2-Q1,S69-F2-Q1,1671,69,FORWARD 2,1,7.NS.A.2.b,sa,Find the quotient. -1/4 ÷ 2,,,-1/8,,,
G5:S69-F2-Q2,S69-F2-Q2,1672,69,FORWARD 2,2,7.NS.A.2.b,tf,-1/3 ÷ 5 = -1/15,A. True | B. False,A,True,,,
G5:S69-F2-Q3,S69-F2-Q3,1673,69,FORWARD 2,3,7.NS.A.2.b,mc,Find the quotient. 1/6 ÷ (-3),A. 1/18 | B. -1/2 | C. -18 | D. -1/18,D,-1/18,,,
G5:S69-F2-Q4,S69-F2-Q4,1674,69,FORWARD 2,4,7.NS.A.2.b,sa,Find the quotient. (-1/2) ÷ (-4),,,1/8,,,
G5:S69-F2-Q5,S69-F2-Q5,1675,69,FORWARD 2,5,7.NS.A.2.b,tf,(-1/5) ÷ 2 = 1/10,A. True | B. False,B,False,,,
G5:S38-M-Q1,S38-M-Q1,1678,38,MAIN,1,5.NF.B.7.b,sa,Divide. 6 ÷ 1/5,,,30,,,
G5:S38-M-Q2,S38-M-Q2,1679,38,MAIN,2,5.NF.B.7.b,sa,Divide. 3 ÷ 1/6,,,18,,,
G5:S38-M-Q3,S38-M-Q3,1680,38,MAIN,3,5.NF.B.7.b,mc,How many (1/3)s are in 7?,A. 10 | B. 21 | C. 7/3 | D. 1/21,B,21,,,
G5:S38-M-Q4,S38-M-Q4,1681,38,MAIN,4,5.NF.B.7.b,sa,Divide. 9 ÷ 1/4,,,36,,,
G5:S38-M-Q5,S38-M-Q5,1682,38,MAIN,5,5.NF.B.7.b,tf,5 ÷ 1/2 = 2 1/2,A. True | B. False,B,False,,,
G5:S38-B1-Q1,S38-B1-Q1,1684,38,BACKWARD 1,1,3.OA.A.2,sa,How many groups of 3 are in 18?,,,6,,,
G5:S38-B1-Q2,S38-B1-Q2,1685,38,BACKWARD 1,2,3.OA.A.2,tf,"20 ÷ 5 can mean ""How many 5s are in 20?""",A. True | B. False,A,True,,,
G5:S38-B1-Q3,S38-B1-Q3,1686,38,BACKWARD 1,3,3.OA.A.2,mc,Pam puts 24 eggs into cartons of 6. Which equation finds the number of cartons?,A. 6 ÷ 24 = □ | B. 24 - 6 = □ | C. 24 × 6 = □ | D. 24 ÷ 6 = □,D,24 ÷ 6 = □,,,
G5:S38-B1-Q4,S38-B1-Q4,1687,38,BACKWARD 1,4,3.OA.A.2,sa,How many 4s are in 32?,,,8,,,
G5:S38-B1-Q5,S38-B1-Q5,1688,38,BACKWARD 1,5,3.OA.A.2,sa,A 30-inch ribbon is cut into 5-inch pieces. How many pieces are there?,,,6,,,
G5:S38-B2-Q1,S38-B2-Q1,1690,38,BACKWARD 2,1,3.NF.A.1,sa,How many (1/4)s make 1 whole?,,,4,,,
G5:S38-B2-Q2,S38-B2-Q2,1691,38,BACKWARD 2,2,3.NF.A.1,tf,There are 3 thirds in 2 wholes.,A. True | B. False,B,False,,,
G5:S38-B2-Q3,S38-B2-Q3,1692,38,BACKWARD 2,3,3.NF.A.1,mc,How many (1/6)s make 2 wholes?,A. 2 | B. 8 | C. 12 | D. 6,C,12,,,
G5:S38-B2-Q4,S38-B2-Q4,1693,38,BACKWARD 2,4,3.NF.A.1,sa,How many (1/8)s make 1 whole?,,,8,,,
G5:S38-B2-Q5,S38-B2-Q5,1694,38,BACKWARD 2,5,3.NF.A.1,tf,There are 2 halves in 2 wholes.,A. True | B. False,B,False,,,
G5:S38-F1-Q1,S38-F1-Q1,1696,38,FORWARD 1,1,6.NS.A.1,sa,Divide. 6 ÷ 3/4,,,8,,,
G5:S38-F1-Q2,S38-F1-Q2,1697,38,FORWARD 1,2,6.NS.A.1,sa,Divide. 4 ÷ 2/5,,,10,,,
G5:S38-F1-Q3,S38-F1-Q3,1698,38,FORWARD 1,3,6.NS.A.1,mc,How many 2/3-cup servings are in 8 cups?,A. 6 | B. 1/12 | C. 16/3 | D. 12,D,12,,,
G5:S38-F1-Q4,S38-F1-Q4,1699,38,FORWARD 1,4,6.NS.A.1,sa,Divide. 5 ÷ 5/6,,,6,,,
G5:S38-F1-Q5,S38-F1-Q5,1700,38,FORWARD 1,5,6.NS.A.1,tf,3 ÷ 3/8 = 9/8,A. True | B. False,B,False,,,
G5:S38-F2-Q1,S38-F2-Q1,1702,38,FORWARD 2,1,7.RP.A.1,sa,A car uses 1/4 gallon of gas to go 6 miles. How many miles does it go per gallon?,,,24,,,
G5:S38-F2-Q2,S38-F2-Q2,1703,38,FORWARD 2,2,7.RP.A.1,sa,A machine makes 5 parts every 1/3 minute. How many parts does it make per minute?,,,15,,,
G5:S38-F2-Q3,S38-F2-Q3,1704,38,FORWARD 2,3,7.RP.A.1,mc,Lee runs 2 miles in 1/6 hour. What is his speed?,A. 1/12 mile per hour | B. 3 miles per hour | C. 8 miles per hour | D. 12 miles per hour,D,12 miles per hour,,,
G5:S38-F2-Q4,S38-F2-Q4,1705,38,FORWARD 2,4,7.RP.A.1,sa,A hose fills 10 liters in 1/2 minute. How many liters does it fill per minute?,,,20,,,
G5:S38-F2-Q5,S38-F2-Q5,1706,38,FORWARD 2,5,7.RP.A.1,tf,Walking 3 miles in 3/4 hour is a speed of 4 miles per hour.,A. True | B. False,A,True,,,
G5:S70-M-Q1,S70-M-Q1,1709,70,MAIN,1,5.NF.B.7.b,plot_text,Each bar is 1 whole. Split each whole into fourths to find 2 ÷ 1/4. Then write the quotient.,,,8,Each of the 2 bars split into 4 equal parts (8 fourths in all),,"Grade both: both wholes split into fourths, and the quotient 8."
G5:S70-M-Q2,S70-M-Q2,1710,70,MAIN,2,5.NF.B.7.b,sa,Explain how to use multiplication to check that 5 ÷ 1/3 = 15.,,,"15 × 1/3 = 15/3 = 5, which is the number that was divided, so 15 is correct.",,,Must multiply 15 by 1/3 (or 1/3 × 15) and get back 5.
G5:S70-M-Q3,S70-M-Q3,1711,70,MAIN,3,5.NF.B.7.b,mc,Which equation checks 6 ÷ 1/2 = 12?,A. 12 ÷ 1/2 = 24 | B. 6 × (1/2) = 3 | C. 12 × (1/2) = 6 | D. 6 × 12 = 72,C,12 × (1/2) = 6,,,
G5:S70-M-Q4,S70-M-Q4,1712,70,MAIN,4,5.NF.B.7.b,tf,3 ÷ 1/5 = 15 because each of the 3 wholes has 5 fifths.,A. True | B. False,A,True,,,
G5:S70-M-Q5,S70-M-Q5,1713,70,MAIN,5,5.NF.B.7.b,sa,Write a story problem for 4 ÷ 1/2 and solve it. Describe a model that shows the answer.,,,Answer 8. Example story: How many 1/2-cup scoops are in 4 cups?,,,"The story must ask how many groups of 1/2 are in 4 (a story about sharing 4 between 2 people gives 2 and is not correct). Model: 4 wholes, each split into 2 halves, make 8 halves."
G5:S70-B1-Q1,S70-B1-Q1,1715,70,BACKWARD 1,1,4.NF.B.3.b,sa,Write 1 as a sum of thirds.,,,1/3 + 1/3 + 1/3,,,
G5:S70-B1-Q2,S70-B1-Q2,1716,70,BACKWARD 1,2,4.NF.B.3.b,tf,2 = 5/5 + 5/5,A. True | B. False,A,True,,,
G5:S70-B1-Q3,S70-B1-Q3,1717,70,BACKWARD 1,3,4.NF.B.3.b,mc,Which sum equals 1?,A. 1/4 + 1/4 + 1/4 | B. 1/4 + 1/4 + 1/4 + 1/4 | C. 1/4 + 1/4 | D. 1/2 + 1/4,B,1/4 + 1/4 + 1/4 + 1/4,,,
G5:S70-B1-Q4,S70-B1-Q4,1718,70,BACKWARD 1,4,4.NF.B.3.b,sa,Write 2 as a fraction with a denominator of 6.,,,12/6,,,
G5:S70-B1-Q5,S70-B1-Q5,1719,70,BACKWARD 1,5,4.NF.B.3.b,tf,3 = 3/3,A. True | B. False,B,False,,,
G5:S70-B2-Q1,S70-B2-Q1,1721,70,BACKWARD 2,1,4.NF.B.4.a,sa,Write 8/4 as a whole number times 1/4.,,,8 × 1/4,,,
G5:S70-B2-Q2,S70-B2-Q2,1722,70,BACKWARD 2,2,4.NF.B.4.a,tf,15 × (1/3) = 5,A. True | B. False,A,True,,,
G5:S70-B2-Q3,S70-B2-Q3,1723,70,BACKWARD 2,3,4.NF.B.4.a,mc,What is 10 × (1/5)?,A. 2 | B. 1/50 | C. 50 | D. 10/50,A,2,,,
G5:S70-B2-Q4,S70-B2-Q4,1724,70,BACKWARD 2,4,4.NF.B.4.a,sa,Multiply. 6 × (1/2),,,3,,,6/2 is also correct.
G5:S70-B2-Q5,S70-B2-Q5,1725,70,BACKWARD 2,5,4.NF.B.4.a,tf,12 × (1/4) = 48,A. True | B. False,B,False,,,
G5:S70-F1-Q1,S70-F1-Q1,1727,70,FORWARD 1,1,6.NS.A.1,sa,Divide. 3 ÷ 3/5,,,5,,,
G5:S70-F1-Q2,S70-F1-Q2,1728,70,FORWARD 1,2,6.NS.A.1,tf,2 ÷ 2/3 = 3 because 3 × (2/3) = 2.,A. True | B. False,A,True,,,
G5:S70-F1-Q3,S70-F1-Q3,1729,70,FORWARD 1,3,6.NS.A.1,mc,Which equation checks 4 ÷ 2/7 = 14?,A. 4 × 14 = 56 | B. 4 × (2/7) = 8/7 | C. 14 ÷ 2/7 = 49 | D. 14 × (2/7) = 4,D,14 × (2/7) = 4,,,
G5:S70-F1-Q4,S70-F1-Q4,1730,70,FORWARD 1,4,6.NS.A.1,sa,How many 3/4-foot pieces can be cut from a 9-foot board?,,,12,,,
G5:S70-F1-Q5,S70-F1-Q5,1731,70,FORWARD 1,5,6.NS.A.1,tf,6 ÷ 3/4 = 9/2,A. True | B. False,B,False,,,
G5:S70-F2-Q1,S70-F2-Q1,1733,70,FORWARD 2,1,7.NS.A.2.b,sa,Find the quotient. -3 ÷ 1/4,,,-12,,,
G5:S70-F2-Q2,S70-F2-Q2,1734,70,FORWARD 2,2,7.NS.A.2.b,tf,4 ÷ (-1/2) = -8,A. True | B. False,A,True,,,
G5:S70-F2-Q3,S70-F2-Q3,1735,70,FORWARD 2,3,7.NS.A.2.b,mc,Find the quotient. (-5) ÷ (-1/3),A. 15 | B. 5/3 | C. -15 | D. -5/3,A,15,,,
G5:S70-F2-Q4,S70-F2-Q4,1736,70,FORWARD 2,4,7.NS.A.2.b,sa,Find the quotient. -2 ÷ 1/6,,,-12,,,
G5:S70-F2-Q5,S70-F2-Q5,1737,70,FORWARD 2,5,7.NS.A.2.b,tf,(-6) ÷ 1/2 = -3,A. True | B. False,B,False,,,
G5:S39-M-Q1,S39-M-Q1,1740,39,MAIN,1,5.NF.B.7.c,sa,How many 1/4-cup scoops of birdseed are in 3 cups?,,,12,,,
G5:S39-M-Q2,S39-M-Q2,1741,39,MAIN,2,5.NF.B.7.c,sa,4 students share 1/3 liter of paint equally. How much paint does each student get?,,,1/12 liter,,,
G5:S39-M-Q3,S39-M-Q3,1742,39,MAIN,3,5.NF.B.7.c,mc,A 5-meter rope is cut into pieces that are 1/4 meter long. How many pieces are there?,A. 20 | B. 1/20 | C. 5/4 | D. 9,A,20,,,
G5:S39-M-Q4,S39-M-Q4,1743,39,MAIN,4,5.NF.B.7.c,sa,1/8 of a pizza is shared equally by 2 people. What fraction of the whole pizza does each person get?,,,1/16,,,
G5:S39-M-Q5,S39-M-Q5,1744,39,MAIN,5,5.NF.B.7.c,tf,A 6-mile trail is split into 1/2-mile sections. There are 12 sections.,A. True | B. False,A,True,,,
G5:S39-B1-Q1,S39-B1-Q1,1746,39,BACKWARD 1,1,3.OA.A.3,sa,Kim has 28 beads. Each bracelet uses 7 beads. How many bracelets can she make?,,,4,,,
G5:S39-B1-Q2,S39-B1-Q2,1747,39,BACKWARD 1,2,3.OA.A.3,tf,"If 32 students sit 4 at each table, there are 6 tables.",A. True | B. False,B,False,,,
G5:S39-B1-Q3,S39-B1-Q3,1748,39,BACKWARD 1,3,3.OA.A.3,mc,Raj shares 40 cards equally among 5 friends. How many cards does each friend get?,A. 8 | B. 200 | C. 35 | D. 45,A,8,,,
G5:S39-B1-Q4,S39-B1-Q4,1749,39,BACKWARD 1,4,3.OA.A.3,sa,A 27-foot fence is split into 9 equal sections. How long is each section?,,,3 feet,,,
G5:S39-B1-Q5,S39-B1-Q5,1750,39,BACKWARD 1,5,3.OA.A.3,sa,48 eggs are packed 6 to a carton. How many cartons are filled?,,,8,,,
G5:S39-B3-Q1,S39-B3-Q1,1752,39,BACKWARD 3,1,4.NF.B.4.c,sa,Each scoop holds 1/4 cup. How many cups are in 8 scoops?,,,2 cups,,,8/4 cups is also correct.
G5:S39-B3-Q2,S39-B3-Q2,1753,39,BACKWARD 3,2,4.NF.B.4.c,tf,5 servings of 1/3 pound each weigh 5/3 pounds in all.,A. True | B. False,A,True,,,
G5:S39-B3-Q3,S39-B3-Q3,1754,39,BACKWARD 3,3,4.NF.B.4.c,mc,Each piece of ribbon is 1/2 meter long. How long are 6 pieces in all?,A. 1/12 meter | B. 6 1/2 meters | C. 12 meters | D. 3 meters,D,3 meters,,,
G5:S39-B3-Q4,S39-B3-Q4,1755,39,BACKWARD 3,4,4.NF.B.4.c,sa,Each lap is 1/8 mile. How far are 16 laps?,,,2 miles,,,16/8 miles is also correct.
G5:S39-B3-Q5,S39-B3-Q5,1756,39,BACKWARD 3,5,4.NF.B.4.c,tf,4 cups that each hold 1/3 liter hold 4/12 liter in all.,A. True | B. False,B,False,,,
G5:S39-F1-Q1,S39-F1-Q1,1758,39,FORWARD 1,1,6.NS.A.1,sa,How many 3/8-pound bags can be filled from 3 pounds of rice?,,,8,,,
G5:S39-F1-Q2,S39-F1-Q2,1759,39,FORWARD 1,2,6.NS.A.1,sa,2/3 of a cake is shared equally by 4 people. What fraction of the whole cake does each person get?,,,1/6,,,
G5:S39-F1-Q3,S39-F1-Q3,1760,39,FORWARD 1,3,6.NS.A.1,mc,A path is 9/10 mile long. It is split into sections that are 3/10 mile long. How many sections are there?,A. 27/100 | B. 6 | C. 1/3 | D. 3,D,3,,,
G5:S39-F1-Q4,S39-F1-Q4,1761,39,FORWARD 1,4,6.NS.A.1,sa,A rectangle has an area of 2 square yards and a length of 2 1/2 yards. What is its width?,,,4/5 yard,,,
G5:S39-F1-Q5,S39-F1-Q5,1762,39,FORWARD 1,5,6.NS.A.1,tf,3/4 cup of oil fills exactly 3 bottles that hold 1/4 cup each.,A. True | B. False,A,True,,,
G5:S39-F2-Q1,S39-F2-Q1,1764,39,FORWARD 2,1,7.NS.A.3,sa,A diver descends 18 feet in 1/2 minute at a constant rate. What is the change in depth per minute?,,,-36 feet per minute,,,"""36 feet down per minute"" is also correct."
G5:S39-F2-Q2,S39-F2-Q2,1765,39,FORWARD 2,2,7.NS.A.3,sa,"The temperature fell 5°F in 1/4 hour. At this rate, what is the change in temperature per hour?",,,-20°F per hour,,,
G5:S39-F2-Q3,S39-F2-Q3,1766,39,FORWARD 2,3,7.NS.A.3,mc,A bank account changes by -$45 in 1/3 month at a steady rate. What is the change per month?,A. $135 | B. -$45 | C. -$15 | D. -$135,D,-$135,,,
G5:S39-F2-Q4,S39-F2-Q4,1767,39,FORWARD 2,4,7.NS.A.3,sa,Find the value. -6 ÷ 1/3,,,-18,,,
G5:S39-F2-Q5,S39-F2-Q5,1768,39,FORWARD 2,5,7.NS.A.3,tf,-2 ÷ 1/4 = -1/2,A. True | B. False,B,False,,,
G5:S40-M-Q1,S40-M-Q1,1771,40,MAIN,1,5.MD.A.1,sa,How many inches are in 4 1/2 feet?,,,54,,,
G5:S40-M-Q2,S40-M-Q2,1772,40,MAIN,2,5.MD.A.1,sa,How many ounces are in 3 pounds?,,,48,,,
G5:S40-M-Q3,S40-M-Q3,1773,40,MAIN,3,5.MD.A.1,mc,A track is 2.5 kilometers long. How many meters is that?,"A. 250 m | B. 25,000 m | C. 2,500 m | D. 25 m",C,"2,500 m",,,
G5:S40-M-Q4,S40-M-Q4,1774,40,MAIN,4,5.MD.A.1,sa,Convert. 6 yards = ___ feet,,,18,,,
G5:S40-M-Q5,S40-M-Q5,1775,40,MAIN,5,5.MD.A.1,sa,A jug holds 3 gallons. How many quarts is that?,,,12,,,
G5:S40-B1-Q1,S40-B1-Q1,1777,40,BACKWARD 1,1,4.MD.A.1,sa,How many inches are in 1 foot?,,,12,,,
G5:S40-B1-Q2,S40-B1-Q2,1778,40,BACKWARD 1,2,4.MD.A.1,tf,1 pound = 16 ounces,A. True | B. False,A,True,,,
G5:S40-B1-Q3,S40-B1-Q3,1779,40,BACKWARD 1,3,4.MD.A.1,mc,How many quarts are in 1 gallon?,A. 2 | B. 16 | C. 8 | D. 4,D,4,,,
G5:S40-B1-Q4,S40-B1-Q4,1780,40,BACKWARD 1,4,4.MD.A.1,sa,How many meters are in 1 kilometer?,,,"1,000",,,
G5:S40-B1-Q5,S40-B1-Q5,1781,40,BACKWARD 1,5,4.MD.A.1,tf,1 yard = 12 inches,A. True | B. False,B,False,,,
G5:S40-B2-Q1,S40-B2-Q1,1783,40,BACKWARD 2,1,4.NBT.B.5,sa,Multiply. 16 × 3,,,48,,,
G5:S40-B2-Q2,S40-B2-Q2,1784,40,BACKWARD 2,2,4.NBT.B.5,sa,"Multiply. 1,000 × 7",,,"7,000",,,
G5:S40-B2-Q3,S40-B2-Q3,1785,40,BACKWARD 2,3,4.NBT.B.5,tf,3 × 36 = 98,A. True | B. False,B,False,,,
G5:S40-B2-Q4,S40-B2-Q4,1786,40,BACKWARD 2,4,4.NBT.B.5,mc,12 × 9 = ?,A. 96 | B. 118 | C. 21 | D. 108,D,108,,,
G5:S40-B2-Q5,S40-B2-Q5,1787,40,BACKWARD 2,5,4.NBT.B.5,sa,Multiply. 60 × 5,,,300,,,
G5:S40-B4-Q1,S40-B4-Q1,1789,40,BACKWARD 4,1,4.NBT.A.1,sa,Multiply. 25 × 100,,,"2,500",,,
G5:S40-B4-Q2,S40-B4-Q2,1790,40,BACKWARD 4,2,4.NBT.A.1,tf,"7 × 1,000 = 700",A. True | B. False,B,False,,,
G5:S40-B4-Q3,S40-B4-Q3,1791,40,BACKWARD 4,3,4.NBT.A.1,mc,42 × 10 = ?,"A. 4.2 | B. 420 | C. 4,200 | D. 42",B,420,,,
G5:S40-B4-Q4,S40-B4-Q4,1792,40,BACKWARD 4,4,4.NBT.A.1,sa,"Multiply. 16 × 1,000",,,"16,000",,,
G5:S40-B4-Q5,S40-B4-Q5,1793,40,BACKWARD 4,5,4.NBT.A.1,tf,3 × 100 is 10 times as much as 3 × 10.,A. True | B. False,A,True,,,
G5:S40-F1-Q1,S40-F1-Q1,1795,40,FORWARD 1,1,6.RP.A.3.d,sa,There are 2.54 centimeters in 1 inch. How many centimeters are in 5 inches?,,,12.7,,,
G5:S40-F1-Q2,S40-F1-Q2,1796,40,FORWARD 1,2,6.RP.A.3.d,sa,"A car travels 3 miles every 4 minutes. At this rate, how many miles does it travel in 1 hour?",,,45,,,
G5:S40-F1-Q3,S40-F1-Q3,1797,40,FORWARD 1,3,6.RP.A.3.d,mc,There are 3 feet in 1 yard. How many yards are in 27 feet?,A. 81 | B. 30 | C. 9 | D. 24,C,9,,,
G5:S40-F1-Q4,S40-F1-Q4,1798,40,FORWARD 1,4,6.RP.A.3.d,sa,1 kilogram is about 2.2 pounds. About how many pounds are in 15 kilograms?,,,33,,,
G5:S40-F1-Q5,S40-F1-Q5,1799,40,FORWARD 1,5,6.RP.A.3.d,tf,"If 1 cup = 8 fluid ounces, then 5 cups = 13 fluid ounces.",A. True | B. False,B,False,,,
G5:S40-F2-Q1,S40-F2-Q1,1801,40,FORWARD 2,1,7.RP.A.1,sa,A snail moves 6 feet in 1/2 hour. What is its speed in feet per minute?,,,1/5 foot per minute,,,0.2 foot per minute is also correct.
G5:S40-F2-Q2,S40-F2-Q2,1802,40,FORWARD 2,2,7.RP.A.1,sa,A cyclist rides 3/4 mile in 3 minutes. What is the speed in miles per hour?,,,15 miles per hour,,,
G5:S40-F2-Q3,S40-F2-Q3,1803,40,FORWARD 2,3,7.RP.A.1,mc,A faucet drips 1/2 cup every 5 minutes. How many cups does it drip per hour?,A. 2 1/2 | B. 1/10 | C. 6 | D. 10,C,6,,,
G5:S40-F2-Q4,S40-F2-Q4,1804,40,FORWARD 2,4,7.RP.A.1,sa,A plant grows 1/4 inch per week. How many inches does it grow in 52 weeks?,,,13,,,
G5:S40-F2-Q5,S40-F2-Q5,1805,40,FORWARD 2,5,7.RP.A.1,tf,Running 1 1/2 miles in 15 minutes is a speed of 6 miles per hour.,A. True | B. False,A,True,,,
G5:S41-M-Q1,S41-M-Q1,1808,41,MAIN,1,5.MD.A.1,sa,Convert. 30 inches = ___ feet,,,2 1/2,,,2.5 is also correct.
G5:S41-M-Q2,S41-M-Q2,1809,41,MAIN,2,5.MD.A.1,sa,Convert. 750 milliliters = ___ liters,,,0.75,,,3/4 is also correct.
G5:S41-M-Q3,S41-M-Q3,1810,41,MAIN,3,5.MD.A.1,mc,A rope is 45 feet long. How many yards is that?,A. 15 | B. 5 | C. 135 | D. 42,A,15,,,
G5:S41-M-Q4,S41-M-Q4,1811,41,MAIN,4,5.MD.A.1,sa,Convert. 40 ounces = ___ pounds,,,2 1/2,,,2.5 is also correct.
G5:S41-M-Q5,S41-M-Q5,1812,41,MAIN,5,5.MD.A.1,sa,"Convert. 1,350 grams = ___ kilograms",,,1.35,,,
G5:S41-B1-Q1,S41-B1-Q1,1814,41,BACKWARD 1,1,4.MD.A.1,sa,How many milliliters are in 1 liter?,,,"1,000",,,
G5:S41-B1-Q2,S41-B1-Q2,1815,41,BACKWARD 1,2,4.MD.A.1,tf,"1 kilogram = 1,000 grams",A. True | B. False,A,True,,,
G5:S41-B1-Q3,S41-B1-Q3,1816,41,BACKWARD 1,3,4.MD.A.1,mc,How many feet are in 1 yard?,A. 10 | B. 3 | C. 36 | D. 12,B,3,,,
G5:S41-B1-Q4,S41-B1-Q4,1817,41,BACKWARD 1,4,4.MD.A.1,sa,How many cups are in 1 pint?,,,2,,,
G5:S41-B1-Q5,S41-B1-Q5,1818,41,BACKWARD 1,5,4.MD.A.1,tf,1 foot = 10 inches,A. True | B. False,B,False,,,
G5:S41-B2-Q1,S41-B2-Q1,1820,41,BACKWARD 2,1,4.NBT.B.6,sa,Divide. 36 ÷ 3,,,12,,,
G5:S41-B2-Q2,S41-B2-Q2,1821,41,BACKWARD 2,2,4.NBT.B.6,sa,Divide. 64 ÷ 4,,,16,,,
G5:S41-B2-Q3,S41-B2-Q3,1822,41,BACKWARD 2,3,4.NBT.B.6,tf,84 ÷ 7 = 14,A. True | B. False,B,False,,,
G5:S41-B2-Q4,S41-B2-Q4,1823,41,BACKWARD 2,4,4.NBT.B.6,mc,90 ÷ 3 = ?,A. 33 | B. 300 | C. 27 | D. 30,D,30,,,
G5:S41-B2-Q5,S41-B2-Q5,1824,41,BACKWARD 2,5,4.NBT.B.6,sa,"Divide. 5,000 ÷ 5",,,"1,000",,,
G5:S41-B4-Q1,S41-B4-Q1,1826,41,BACKWARD 4,1,4.NF.C.6,sa,Write 75/100 as a decimal.,,,0.75,,,
G5:S41-B4-Q2,S41-B4-Q2,1827,41,BACKWARD 4,2,4.NF.C.6,tf,5/10 = 0.5,A. True | B. False,A,True,,,
G5:S41-B4-Q3,S41-B4-Q3,1828,41,BACKWARD 4,3,4.NF.C.6,mc,Which decimal is equal to 45/100?,A. 45 | B. 0.045 | C. 0.45 | D. 4.5,C,0.45,,,
G5:S41-B4-Q4,S41-B4-Q4,1829,41,BACKWARD 4,4,4.NF.C.6,sa,Write 2 6/10 as a decimal.,,,2.6,,,
G5:S41-B4-Q5,S41-B4-Q5,1830,41,BACKWARD 4,5,4.NF.C.6,tf,8/10 = 0.08,A. True | B. False,B,False,,,
G5:S41-F1-Q1,S41-F1-Q1,1832,41,FORWARD 1,1,6.RP.A.3.d,sa,There are 12 inches in 1 foot. How many feet are in 102 inches?,,,8.5,,,8 1/2 is also correct.
G5:S41-F1-Q2,S41-F1-Q2,1833,41,FORWARD 1,2,6.RP.A.3.d,sa,"There are 1,000 meters in 1 kilometer. How many kilometers are in 4,200 meters?",,,4.2,,,
G5:S41-F1-Q3,S41-F1-Q3,1834,41,FORWARD 1,3,6.RP.A.3.d,mc,A recipe needs 10 cups of milk. There are 4 cups in 1 quart. How many quarts of milk are needed?,A. 40 | B. 6 | C. 2 1/2 | D. 14,C,2 1/2,,,
G5:S41-F1-Q4,S41-F1-Q4,1835,41,FORWARD 1,4,6.RP.A.3.d,sa,A trail is 5 kilometers long. 1 kilometer is about 0.62 mile. About how many miles long is the trail?,,,3.1,,,
G5:S41-F1-Q5,S41-F1-Q5,1836,41,FORWARD 1,5,6.RP.A.3.d,tf,"There are 60 minutes in 1 hour, so 150 minutes = 1 1/2 hours.",A. True | B. False,B,False,,,
G5:S41-F2-Q1,S41-F2-Q1,1838,41,FORWARD 2,1,7.RP.A.2.c,sa,There are 2.54 centimeters in 1 inch. Write an equation for the number of centimeters c in i inches.,,,c = 2.54i,,,
G5:S41-F2-Q2,S41-F2-Q2,1839,41,FORWARD 2,2,7.RP.A.2.c,sa,Write an equation for the number of feet f in y yards.,,,f = 3y,,,
G5:S41-F2-Q3,S41-F2-Q3,1840,41,FORWARD 2,3,7.RP.A.2.c,mc,Which equation converts k kilograms to g grams?,"A. k = 1,000g | B. g = 1,000k | C. g = k ÷ 1,000 | D. g = k + 1,000",B,"g = 1,000k",,,
G5:S41-F2-Q4,S41-F2-Q4,1841,41,FORWARD 2,4,7.RP.A.2.c,sa,Write an equation for the number of pounds p in z ounces.,,,p = z/16,,,p = z ÷ 16 or p = (1/16)z is also correct.
G5:S41-F2-Q5,S41-F2-Q5,1842,41,FORWARD 2,5,7.RP.A.2.c,tf,The equation m = 60h gives the number of minutes m in h hours.,A. True | B. False,A,True,,,
G5:S42-M-Q1,S42-M-Q1,1845,42,MAIN,1,5.MD.A.1,sa,Ana has a 3-yard ribbon. She cuts off 4 feet. How many feet of ribbon are left?,,,5,,,
G5:S42-M-Q2,S42-M-Q2,1846,42,MAIN,2,5.MD.A.1,sa,A recipe needs 2 pounds of flour. Jo has 20 ounces. How many more ounces does she need?,,,12,,,
G5:S42-M-Q3,S42-M-Q3,1847,42,MAIN,3,5.MD.A.1,mc,A runner ran 1.2 km and then 850 m. How many meters did she run in all?,"A. 1,050 m | B. 2,050 m | C. 9,700 m | D. 862 m",B,"2,050 m",,,
G5:S42-M-Q4,S42-M-Q4,1848,42,MAIN,4,5.MD.A.1,sa,A jug holds 2 liters of water. Six glasses of 250 milliliters each are poured from it. How many milliliters are left in the jug?,,,500,,,
G5:S42-M-Q5,S42-M-Q5,1849,42,MAIN,5,5.MD.A.1,sa,A board is 8 feet long. It is cut into pieces that are 16 inches long. How many pieces are there?,,,6,,,
G5:S42-B1-Q1,S42-B1-Q1,1851,42,BACKWARD 1,1,4.MD.A.2,sa,A movie starts at 2:15 and lasts 1 hour 40 minutes. What time does it end?,,,3:55,,,
G5:S42-B1-Q2,S42-B1-Q2,1852,42,BACKWARD 1,2,4.MD.A.2,tf,3 quarters and 2 dimes make 85 cents.,A. True | B. False,B,False,,,
G5:S42-B1-Q3,S42-B1-Q3,1853,42,BACKWARD 1,3,4.MD.A.2,mc,Jake has 2 meters of string. He uses 75 cm. How many centimeters are left?,A. 1.25 cm | B. 75 cm | C. 125 cm | D. 275 cm,C,125 cm,,,
G5:S42-B1-Q4,S42-B1-Q4,1854,42,BACKWARD 1,4,4.MD.A.2,sa,A bag holds 3 kilograms of apples. How many grams is that?,,,"3,000",,,
G5:S42-B1-Q5,S42-B1-Q5,1855,42,BACKWARD 1,5,4.MD.A.2,sa,Liz runs 400 meters four times. How many meters does she run in all?,,,"1,600",,,
G5:S42-B2-Q1,S42-B2-Q1,1857,42,BACKWARD 2,1,4.MD.A.1,sa,How many ounces are in 2 pounds?,,,32,,,
G5:S42-B2-Q2,S42-B2-Q2,1858,42,BACKWARD 2,2,4.MD.A.1,tf,1 gallon = 4 quarts,A. True | B. False,A,True,,,
G5:S42-B2-Q3,S42-B2-Q3,1859,42,BACKWARD 2,3,4.MD.A.1,mc,How many centimeters are in 1 meter?,"A. 1,000 | B. 100 | C. 10 | D. 12",B,100,,,
G5:S42-B2-Q4,S42-B2-Q4,1860,42,BACKWARD 2,4,4.MD.A.1,sa,How many feet are in 3 yards?,,,9,,,
G5:S42-B2-Q5,S42-B2-Q5,1861,42,BACKWARD 2,5,4.MD.A.1,tf,1 liter = 100 milliliters,A. True | B. False,B,False,,,
G5:S42-F1-Q1,S42-F1-Q1,1863,42,FORWARD 1,1,6.RP.A.3.d,sa,A car uses 2 gallons of gas to drive 64 miles. There are 4 quarts in 1 gallon. How many miles does the car drive per quart?,,,8 miles per quart,,,
G5:S42-F1-Q2,S42-F1-Q2,1864,42,FORWARD 1,2,6.RP.A.3.d,sa,"Mo walks 3 kilometers in 40 minutes. At this rate, how many meters does he walk per minute?",,,75,,,
G5:S42-F1-Q3,S42-F1-Q3,1865,42,FORWARD 1,3,6.RP.A.3.d,mc,Fabric costs $6 per yard. How much do 12 feet of fabric cost?,A. $72 | B. $18 | C. $24 | D. $2,C,$24,,,
G5:S42-F1-Q4,S42-F1-Q4,1866,42,FORWARD 1,4,6.RP.A.3.d,sa,A 24-ounce bag of rice costs $3. There are 16 ounces in 1 pound. What is the cost per pound?,,,$2,,,
G5:S42-F1-Q5,S42-F1-Q5,1867,42,FORWARD 1,5,6.RP.A.3.d,tf,60 miles per hour is the same speed as 1 mile per minute.,A. True | B. False,A,True,,,
G5:S42-F2-Q1,S42-F2-Q1,1869,42,FORWARD 2,1,7.RP.A.3,sa,A 2-liter bottle of soda costs $1.80. A 500-milliliter can costs $0.60. Which is the better buy per liter?,,,The 2-liter bottle,,,Bottle: $0.90 per liter; can: $1.20 per liter.
G5:S42-F2-Q2,S42-F2-Q2,1870,42,FORWARD 2,2,7.RP.A.3,sa,A map scale is 1 cm : 2 km. Two towns are 7.5 cm apart on the map. A car drives 60 km per hour. How many minutes does the drive take?,,,15 minutes,,,7.5 cm = 15 km; 15 km at 60 km per hour takes 1/4 hour.
G5:S42-F2-Q3,S42-F2-Q3,1871,42,FORWARD 2,3,7.RP.A.3,mc,"One gallon of paint covers 350 square feet. How many gallons are needed to cover 1,400 square feet?","A. 1,050 | B. 3 | C. 4 | D. 5",C,4,,,
G5:S42-F2-Q4,S42-F2-Q4,1872,42,FORWARD 2,4,7.RP.A.3,sa,A recipe for 4 people uses 600 grams of pasta. How many kilograms are needed for 10 people?,,,1.5 kg,,,
G5:S42-F2-Q5,S42-F2-Q5,1873,42,FORWARD 2,5,7.RP.A.3,tf,"At 5 miles per hour, a 2.5-mile walk takes 50 minutes.",A. True | B. False,B,False,,,
G5:S43-M-Q1,S43-M-Q1,1876,43,MAIN,1,5.MD.B.2,plot,"Pencil lengths (inches): 4 1/2, 5, 4 1/2, 5 1/4, 4 3/4, 5, 4 1/2 Make a line plot of the data.",,,"Line plot: 3 X's at 4 1/2, 1 X at 4 3/4, 2 X's at 5, 1 X at 5 1/4",,,
G5:S43-M-Q2,S43-M-Q2,1877,43,MAIN,2,5.MD.B.2,plot,"Rainfall (inches): 1/4, 1/2, 1/8, 1/4, 3/8, 1/4, 1/2 Make a line plot of the data.",,,"Line plot: 1 X at 1/8, 3 X's at 1/4, 1 X at 3/8, 2 X's at 1/2",,,
G5:S43-M-Q3,S43-M-Q3,1878,43,MAIN,3,5.MD.B.2,plot,"Apple weights (pounds): 3/4, 1/2, 3/4, 1, 1/2, 3/4, 1/4 Make a line plot of the data.",,,"Line plot: 1 X at 1/4, 2 X's at 1/2, 3 X's at 3/4, 1 X at 1",,,
G5:S43-M-Q4,S43-M-Q4,1879,43,MAIN,4,5.MD.B.2,sa,"Lengths (inches): 1/8, 3/8, 3/8, 5/8, 3/8 In a line plot, how many X's are drawn at 3/8?",,,3,,,
G5:S43-M-Q5,S43-M-Q5,1880,43,MAIN,5,5.MD.B.2,plot,"Water in each bottle (liters): 1 1/2, 2, 1 1/4, 1 1/2, 1 3/4, 2, 1 1/2 Make a line plot of the data.",,,"Line plot: 1 X at 1 1/4, 3 X's at 1 1/2, 1 X at 1 3/4, 2 X's at 2",,,
G5:S43-B1-Q1,S43-B1-Q1,1882,43,BACKWARD 1,1,4.MD.B.4,sa,The line plot shows ribbon lengths. How many ribbons are 3/4 yard long?,,,4,,,
G5:S43-B1-Q2,S43-B1-Q2,1883,43,BACKWARD 1,2,4.MD.B.4,tf,Two ribbons are 1/4 yard long.,A. True | B. False,A,True,,,
G5:S43-B1-Q3,S43-B1-Q3,1884,43,BACKWARD 1,3,4.MD.B.4,mc,Which ribbon length is the most common?,A. 1 yard | B. 1/2 yard | C. 1/4 yard | D. 3/4 yard,D,3/4 yard,,,
G5:S43-B1-Q4,S43-B1-Q4,1885,43,BACKWARD 1,4,4.MD.B.4,sa,How many ribbons were measured?,,,8,,,
G5:S43-B1-Q5,S43-B1-Q5,1886,43,BACKWARD 1,5,4.MD.B.4,sa,What is the difference between the longest and the shortest ribbon?,,,3/4 yard,,,
G5:S43-B2-Q1,S43-B2-Q1,1888,43,BACKWARD 2,1,3.NF.A.2,sa,What fraction is at point P?,,,3/8,,,
G5:S43-B2-Q2,S43-B2-Q2,1889,43,BACKWARD 2,2,3.NF.A.2,tf,2/4 and 1/2 are at the same point on a number line.,A. True | B. False,A,True,,,
G5:S43-B2-Q3,S43-B2-Q3,1890,43,BACKWARD 2,3,3.NF.A.2,mc,Into how many equal parts is the space from 0 to 1 divided?,A. 5 | B. 7 | C. 6 | D. 1,C,6,,,
G5:S43-B2-Q4,S43-B2-Q4,1891,43,BACKWARD 2,4,3.NF.A.2,sa,What number is at point Q?,,,1 1/4,,,5/4 is also correct.
G5:S43-B2-Q5,S43-B2-Q5,1892,43,BACKWARD 2,5,3.NF.A.2,tf,"On a number line from 0 to 1 marked in eighths, 6/8 is one mark to the left of 1.",A. True | B. False,B,False,,,
G5:S43-B3-Q1,S43-B3-Q1,1894,43,BACKWARD 3,1,2.MD.D.9,sa,"Lengths (inches): 5, 6, 6, 8, 6 In a line plot, how many X's are drawn at 6?",,,3,,,
G5:S43-B3-Q2,S43-B3-Q2,1895,43,BACKWARD 3,2,2.MD.D.9,tf,A line plot shows each measurement as a mark above a number line.,A. True | B. False,A,True,,,
G5:S43-B3-Q3,S43-B3-Q3,1896,43,BACKWARD 3,3,2.MD.D.9,mc,"Which number line would you use for a line plot of 3, 4, 4, 7?",A. A number line from 0 to 8 | B. A number line from 0 to 3 | C. A number line from 5 to 6 | D. A number line from 10 to 20,A,A number line from 0 to 8,,,
G5:S43-B3-Q4,S43-B3-Q4,1897,43,BACKWARD 3,4,2.MD.D.9,plot,"Lengths (cm): 2, 4, 4, 5 Make a line plot of the data.",,,"Line plot: 1 X at 2, 2 X's at 4, 1 X at 5",,,
G5:S43-B3-Q5,S43-B3-Q5,1898,43,BACKWARD 3,5,2.MD.D.9,sa,"Lengths (feet): 9, 10, 10, 10, 12 Which length gets the most X's?",,,10 feet,,,
G5:S43-F1-Q1,S43-F1-Q1,1900,43,FORWARD 1,1,6.SP.B.4,plot,"Hours of sleep: 8, 9, 9, 10, 8, 9, 7 Make a dot plot of the data.",,,"Dot plot: 1 dot at 7, 2 dots at 8, 3 dots at 9, 1 dot at 10",,,
G5:S43-F1-Q2,S43-F1-Q2,1901,43,FORWARD 1,2,6.SP.B.4,plot,"Number of siblings: 0, 1, 1, 2, 3, 1, 0, 2 Make a dot plot of the data.",,,"Dot plot: 2 dots at 0, 3 dots at 1, 2 dots at 2, 1 dot at 3",,,
G5:S43-F1-Q3,S43-F1-Q3,1902,43,FORWARD 1,3,6.SP.B.4,mc,"Which number line fits a dot plot of 12, 15, 15, 18, 20?",A. A number line from 0 to 5 | B. A number line from 20 to 40 | C. A number line from 10 to 20 | D. A number line from 15 to 18,C,A number line from 10 to 20,,,
G5:S43-F1-Q4,S43-F1-Q4,1903,43,FORWARD 1,4,6.SP.B.4,sa,"Data: 4, 6, 6, 6, 7, 9 In a dot plot, how many dots go at 6?",,,3,,,
G5:S43-F1-Q5,S43-F1-Q5,1904,43,FORWARD 1,5,6.SP.B.4,tf,A dot plot shows every value in a data set.,A. True | B. False,A,True,,,
G5:S43-F2-Q1,S43-F2-Q1,1906,43,FORWARD 2,1,7.SP.B.3,sa,Plot A has a mean of 5 inches and Plot B has a mean of 8 inches. Each plot has a mean absolute deviation (MAD) of 1 inch. The difference in the means is how many times the MAD?,,,3,,,
G5:S43-F2-Q2,S43-F2-Q2,1907,43,FORWARD 2,2,7.SP.B.3,tf,"The difference in the means (3 inches) is 3 times the MAD, so the two distributions overlap only a little.",A. True | B. False,A,True,,,
G5:S43-F2-Q3,S43-F2-Q3,1908,43,FORWARD 2,3,7.SP.B.3,mc,Which statement compares the two plots correctly?,"A. The centers differ by less than 1 MAD, so the plots are about the same. | B. Plot A has much more variation than Plot B. | C. The plots cannot be compared because they show different plants. | D. The centers differ by 3 times the MAD, so Plot B plants are noticeably taller.",D,"The centers differ by 3 times the MAD, so Plot B plants are noticeably taller.",,,
G5:S43-F2-Q4,S43-F2-Q4,1909,43,FORWARD 2,4,7.SP.B.3,sa,Two teams have mean heights of 150 cm and 156 cm. Each team has a MAD of 3 cm. The difference in the means is how many times the MAD?,,,2,,,
G5:S43-F2-Q5,S43-F2-Q5,1910,43,FORWARD 2,5,7.SP.B.3,tf,"Two data sets have means of 20 and 21, and each has a MAD of 4. The difference in the means is large compared with the variability.",A. True | B. False,B,False,,,
G5:S44-M-Q1,S44-M-Q1,1913,44,MAIN,1,5.MD.B.2,sa,The line plot shows the water in some beakers. What is the total amount of water?,,,2 3/8 liters,,,
G5:S44-M-Q2,S44-M-Q2,1914,44,MAIN,2,5.MD.B.2,sa,"If all of the water were shared equally among the beakers, how much would each beaker hold?",,,19/64 liter,,,Total 2 3/8 liters ÷ 8 beakers.
G5:S44-M-Q3,S44-M-Q3,1915,44,MAIN,3,5.MD.B.2,mc,How much more water is in the fullest beaker than in the least full beaker?,A. 1/2 liter | B. 1/8 liter | C. 5/8 liter | D. 3/8 liter,D,3/8 liter,,,
G5:S44-M-Q4,S44-M-Q4,1916,44,MAIN,4,5.MD.B.2,sa,What is the total amount of water in the beakers that hold 1/4 liter each?,,,3/4 liter,,,
G5:S44-M-Q5,S44-M-Q5,1917,44,MAIN,5,5.MD.B.2,tf,The beakers that hold 1/2 liter each contain 1 liter in all.,A. True | B. False,A,True,,,
G5:S44-B1-Q1,S44-B1-Q1,1919,44,BACKWARD 1,1,4.MD.B.4,sa,How many insects are 1/2 inch long?,,,3,,,
G5:S44-B1-Q2,S44-B1-Q2,1920,44,BACKWARD 1,2,4.MD.B.4,sa,What is the difference between the longest and the shortest insect?,,,1/2 inch,,,
G5:S44-B1-Q3,S44-B1-Q3,1921,44,BACKWARD 1,3,4.MD.B.4,tf,The total length of the 3/4-inch insects is 1 1/2 inches.,A. True | B. False,A,True,,,
G5:S44-B1-Q4,S44-B1-Q4,1922,44,BACKWARD 1,4,4.MD.B.4,mc,How many insects were measured?,A. 4 | B. 3 | C. 5 | D. 6,D,6,,,
G5:S44-B1-Q5,S44-B1-Q5,1923,44,BACKWARD 1,5,4.MD.B.4,sa,What is the total length of the 1/2-inch insects?,,,1 1/2 inches,,,
G5:S44-B4-Q1,S44-B4-Q1,1925,44,BACKWARD 4,1,4.NF.A.1,sa,Write 1/4 as eighths.,,,2/8,,,
G5:S44-B4-Q2,S44-B4-Q2,1926,44,BACKWARD 4,2,4.NF.A.1,tf,1/2 = 4/8,A. True | B. False,A,True,,,
G5:S44-B4-Q3,S44-B4-Q3,1927,44,BACKWARD 4,3,4.NF.A.1,mc,Which fraction is equal to 3/4?,A. 6/8 | B. 3/8 | C. 7/8 | D. 4/8,A,6/8,,,
G5:S44-B4-Q4,S44-B4-Q4,1928,44,BACKWARD 4,4,4.NF.A.1,sa,Find the missing number. 1/2 = (?)/8,,,4,,,
G5:S44-B4-Q5,S44-B4-Q5,1929,44,BACKWARD 4,5,4.NF.A.1,tf,3/8 = 3/4,A. True | B. False,B,False,,,
G5:S44-B5-Q1,S44-B5-Q1,1931,44,BACKWARD 5,1,4.NF.B.3.a,sa,Add. 1/8 + 2/8,,,3/8,,,
G5:S44-B5-Q2,S44-B5-Q2,1932,44,BACKWARD 5,2,4.NF.B.3.a,tf,3/8 + 3/8 = 6/16,A. True | B. False,B,False,,,
G5:S44-B5-Q3,S44-B5-Q3,1933,44,BACKWARD 5,3,4.NF.B.3.a,mc,2/8 + 4/8 + 1/8 = ?,A. 6/8 | B. 7/8 | C. 7/24 | D. 1,B,7/8,,,
G5:S44-B5-Q4,S44-B5-Q4,1934,44,BACKWARD 5,4,4.NF.B.3.a,sa,Add. 5/8 + 3/8,,,1,,,8/8 is also correct.
G5:S44-B5-Q5,S44-B5-Q5,1935,44,BACKWARD 5,5,4.NF.B.3.a,tf,1/8 + 1/8 + 1/8 = 3/8,A. True | B. False,A,True,,,
G5:S44-F1-Q1,S44-F1-Q1,1937,44,FORWARD 1,1,6.SP.B.5.c,sa,"Find the mean. 3, 5, 6, 8, 8",,,6,,,
G5:S44-F1-Q2,S44-F1-Q2,1938,44,FORWARD 1,2,6.SP.B.5.c,sa,"Find the mean. 12, 15, 21",,,16,,,
G5:S44-F1-Q3,S44-F1-Q3,1939,44,FORWARD 1,3,6.SP.B.5.c,mc,"Four friends have 2, 4, 5, and 9 marbles. They share the marbles equally. How many marbles does each friend get?",A. 4.5 | B. 5 | C. 20 | D. 4,B,5,,,
G5:S44-F1-Q4,S44-F1-Q4,1940,44,FORWARD 1,4,6.SP.B.5.c,sa,The dot plot shows the goals scored in 6 games. What is the mean number of goals?,,,2.5,,,2 1/2 is also correct.
G5:S44-F1-Q5,S44-F1-Q5,1941,44,FORWARD 1,5,6.SP.B.5.c,tf,"The mean of 4, 4, and 10 is 4.",A. True | B. False,B,False,,,
G5:S44-F2-Q1,S44-F2-Q1,1943,44,FORWARD 2,1,7.SP.B.4,sa,Random samples: Sample A has a mean of 15 minutes. Sample B has a mean of 22 minutes. How much greater is the mean of Sample B?,,,7 minutes,,,
G5:S44-F2-Q2,S44-F2-Q2,1944,44,FORWARD 2,2,7.SP.B.4,mc,Two random samples of plant heights have means of 18 cm and 24 cm. Both samples have similar variability. Which conclusion is best?,A. The populations are the same. | B. Plants in the second population tend to be taller. | C. Plants in the first population tend to be taller. | D. No conclusion is possible.,B,Plants in the second population tend to be taller.,,,
G5:S44-F2-Q3,S44-F2-Q3,1945,44,FORWARD 2,3,7.SP.B.4,tf,Comparing the means of random samples is one way to compare two populations.,A. True | B. False,A,True,,,
G5:S44-F2-Q4,S44-F2-Q4,1946,44,FORWARD 2,4,7.SP.B.4,sa,"In random samples, Class X sleeps a mean of 7.5 hours and Class Y sleeps a mean of 8.25 hours. Which class probably sleeps more?",,,Class Y,,,
G5:S44-F2-Q5,S44-F2-Q5,1947,44,FORWARD 2,5,7.SP.B.4,sa,A random sample of 30 students from School A spends a mean of 40 minutes on homework. A random sample of 30 students from School B spends a mean of 50 minutes. The samples have similar variability. What can you infer about all the students at the two schools?,,,Students at School B probably tend to spend more time on homework than students at School A.,,,"Must draw a conclusion about the populations (all students at each school), for example that School B students typically spend about 10 minutes more. Comparing only the two sample means, without a conclusion about the schools, is not enough."
G5:S45-M-Q1,S45-M-Q1,1950,45,MAIN,1,5.MD.C.3.a,tf,A cube with edges that are 1 unit long is called a unit cube.,A. True | B. False,A,True,,,
G5:S45-M-Q2,S45-M-Q2,1951,45,MAIN,2,5.MD.C.3.a,mc,What is the volume of a unit cube?,A. 1 square unit | B. 6 square units | C. 1 cubic unit | D. 3 cubic units,C,1 cubic unit,,,
G5:S45-M-Q3,S45-M-Q3,1952,45,MAIN,3,5.MD.C.3.a,sa,What is the volume of a cube with edges that are 1 cm long?,,,1 cubic centimeter,,,
G5:S45-M-Q4,S45-M-Q4,1953,45,MAIN,4,5.MD.C.3.a,mc,Which object has a volume closest to 1 cubic inch?,A. A shoebox | B. A sugar cube | C. A bathtub | D. A school bus,B,A sugar cube,,,
G5:S45-M-Q5,S45-M-Q5,1954,45,MAIN,5,5.MD.C.3.a,tf,Volume measures the amount of space inside a solid figure.,A. True | B. False,A,True,,,
G5:S45-B1-Q1,S45-B1-Q1,1956,45,BACKWARD 1,1,3.MD.C.5.a,tf,A square with sides that are 1 unit long is called a unit square.,A. True | B. False,A,True,,,
G5:S45-B1-Q2,S45-B1-Q2,1957,45,BACKWARD 1,2,3.MD.C.5.a,mc,What is the area of a unit square?,A. 1 square unit | B. 1 cubic unit | C. 2 square units | D. 4 square units,A,1 square unit,,,
G5:S45-B1-Q3,S45-B1-Q3,1958,45,BACKWARD 1,3,3.MD.C.5.a,sa,How many unit squares cover a 3-by-3 square?,,,9,,,
G5:S45-B1-Q4,S45-B1-Q4,1959,45,BACKWARD 1,4,3.MD.C.5.a,tf,Area is measured in cubic units.,A. True | B. False,B,False,,,
G5:S45-B1-Q5,S45-B1-Q5,1960,45,BACKWARD 1,5,3.MD.C.5.a,sa,A square has sides that are 1 inch long. What is its area?,,,1 square inch,,,
G5:S45-B2-Q1,S45-B2-Q1,1962,45,BACKWARD 2,1,2.G.A.1,sa,How many faces does a cube have?,,,6,,,
G5:S45-B2-Q2,S45-B2-Q2,1963,45,BACKWARD 2,2,2.G.A.1,tf,All the faces of a cube are squares.,A. True | B. False,A,True,,,
G5:S45-B2-Q3,S45-B2-Q3,1964,45,BACKWARD 2,3,2.G.A.1,mc,How many edges does a cube have?,A. 6 | B. 12 | C. 4 | D. 8,B,12,,,
G5:S45-B2-Q4,S45-B2-Q4,1965,45,BACKWARD 2,4,2.G.A.1,sa,How many vertices (corners) does a cube have?,,,8,,,
G5:S45-B2-Q5,S45-B2-Q5,1966,45,BACKWARD 2,5,2.G.A.1,tf,All the edges of a cube are the same length.,A. True | B. False,A,True,,,
G5:S45-F1-Q1,S45-F1-Q1,1968,45,FORWARD 1,1,6.G.A.2,sa,What is the volume of a cube with edges that are 1/2 inch long?,,,1/8 cubic inch,,,
G5:S45-F1-Q2,S45-F1-Q2,1969,45,FORWARD 1,2,6.G.A.2,sa,How many cubes with 1/2-inch edges fit in a cube with 1-inch edges?,,,8,,,
G5:S45-F1-Q3,S45-F1-Q3,1970,45,FORWARD 1,3,6.G.A.2,mc,A cube has edges that are 1/3 foot long. What is its volume?,A. 1/3 cubic foot | B. 1/9 cubic foot | C. 1/27 cubic foot | D. 1 cubic foot,C,1/27 cubic foot,,,
G5:S45-F1-Q4,S45-F1-Q4,1971,45,FORWARD 1,4,6.G.A.2,sa,A box is packed with 16 cubes that each have 1/2-cm edges. What is the volume of the box?,,,2 cubic cm,,,
G5:S45-F1-Q5,S45-F1-Q5,1972,45,FORWARD 1,5,6.G.A.2,tf,Four cubes with 1/2-unit edges have a total volume of 1 cubic unit.,A. True | B. False,B,False,,,
G5:S45-F2-Q1,S45-F2-Q1,1974,45,FORWARD 2,1,7.G.B.6,sa,A prism has a base area of 24 square cm and a height of 5 cm. What is its volume?,,,120 cubic cm,,,
G5:S45-F2-Q2,S45-F2-Q2,1975,45,FORWARD 2,2,7.G.B.6,sa,A cube has edges that are 3 m long. What is its volume?,,,27 cubic meters,,,
G5:S45-F2-Q3,S45-F2-Q3,1976,45,FORWARD 2,3,7.G.B.6,mc,A triangular prism has a triangle base with an area of 6 square inches. The prism is 10 inches long. What is its volume?,A. 60 cubic inches | B. 30 cubic inches | C. 16 cubic inches | D. 600 cubic inches,A,60 cubic inches,,,
G5:S45-F2-Q4,S45-F2-Q4,1977,45,FORWARD 2,4,7.G.B.6,sa,A box is 2.5 cm by 4 cm by 6 cm. What is its volume?,,,60 cubic cm,,,
G5:S45-F2-Q5,S45-F2-Q5,1978,45,FORWARD 2,5,7.G.B.6,tf,Volume is measured in cubic units.,A. True | B. False,A,True,,,
G5:S46-M-Q1,S46-M-Q1,1981,46,MAIN,1,5.MD.C.3.b,sa,A box is filled with 30 unit cubes with no gaps or overlaps. What is its volume?,,,30 cubic units,,,
G5:S46-M-Q2,S46-M-Q2,1982,46,MAIN,2,5.MD.C.3.b,tf,"If unit cubes fill a box but leave gaps, the number of cubes is less than the volume of the box.",A. True | B. False,A,True,,,
G5:S46-M-Q3,S46-M-Q3,1983,46,MAIN,3,5.MD.C.3.b,mc,A solid is built from 18 unit cubes with no gaps or overlaps. What is its volume?,A. 18 square units | B. 18 cubic units | C. 54 cubic units | D. 6 cubic units,B,18 cubic units,,,
G5:S46-M-Q4,S46-M-Q4,1984,46,MAIN,4,5.MD.C.3.b,sa,Each cube is 1 cubic unit. What is the volume of the solid?,,,12 cubic units,,,
G5:S46-M-Q5,S46-M-Q5,1985,46,MAIN,5,5.MD.C.3.b,sa,A tower is made of 9 cubes stacked with no gaps. Each cube is 1 cubic inch. What is the volume of the tower?,,,9 cubic inches,,,
G5:S46-B1-Q1,S46-B1-Q1,1987,46,BACKWARD 1,1,3.MD.C.6,sa,A shape is covered by 12 unit squares with no gaps or overlaps. What is its area?,,,12 square units,,,
G5:S46-B1-Q2,S46-B1-Q2,1988,46,BACKWARD 1,2,3.MD.C.6,tf,Overlapping squares give a wrong count for area.,A. True | B. False,A,True,,,
G5:S46-B1-Q3,S46-B1-Q3,1989,46,BACKWARD 1,3,3.MD.C.6,mc,A rectangle is covered by 20 unit squares. What is its area?,A. 10 square units | B. 40 square units | C. 20 cubic units | D. 20 square units,D,20 square units,,,
G5:S46-B1-Q4,S46-B1-Q4,1990,46,BACKWARD 1,4,3.MD.C.6,sa,Each square is 1 square cm. A rectangle is covered by 15 of these squares. What is its area?,,,15 square cm,,,
G5:S46-B1-Q5,S46-B1-Q5,1991,46,BACKWARD 1,5,3.MD.C.6,tf,Area can be found by counting the unit squares that cover a shape.,A. True | B. False,A,True,,,
G5:S46-B2-Q1,S46-B2-Q1,1993,46,BACKWARD 2,1,2.OA.C.4,sa,An array has 4 rows with 5 in each row. How many are there in all?,,,20,,,
G5:S46-B2-Q2,S46-B2-Q2,1994,46,BACKWARD 2,2,2.OA.C.4,tf,3 rows of 5 make 8.,A. True | B. False,B,False,,,
G5:S46-B2-Q3,S46-B2-Q3,1995,46,BACKWARD 2,3,2.OA.C.4,mc,Which equation matches an array with 2 rows of 5?,A. 2 + 5 = 7 | B. 5 + 5 = 10 | C. 5 - 2 = 3 | D. 2 + 2 = 4,B,5 + 5 = 10,,,
G5:S46-B2-Q4,S46-B2-Q4,1996,46,BACKWARD 2,4,2.OA.C.4,sa,An array has 5 rows with 3 in each row. How many are there in all?,,,15,,,
G5:S46-B2-Q5,S46-B2-Q5,1997,46,BACKWARD 2,5,2.OA.C.4,sa,Write an addition equation for 3 rows of 4.,,,4 + 4 + 4 = 12,,,
G5:S46-F1-Q1,S46-F1-Q1,1999,46,FORWARD 1,1,6.G.A.2,sa,"A box is packed with cubes that have 1/2-inch edges. It is 4 cubes long, 2 cubes wide, and 2 cubes tall. What is the volume of the box?",,,2 cubic inches,,,
G5:S46-F1-Q2,S46-F1-Q2,2000,46,FORWARD 1,2,6.G.A.2,sa,How many cubes with 1/4-inch edges fill a cube with 1-inch edges?,,,64,,,
G5:S46-F1-Q3,S46-F1-Q3,2001,46,FORWARD 1,3,6.G.A.2,mc,A prism is packed with 27 cubes that each have 1/3-foot edges. What is its volume?,A. 27 cubic feet | B. 9 cubic feet | C. 1 cubic foot | D. 3 cubic feet,C,1 cubic foot,,,
G5:S46-F1-Q4,S46-F1-Q4,2002,46,FORWARD 1,4,6.G.A.2,sa,A box is 1 1/2 in. by 1 in. by 1/2 in. How many cubes with 1/2-inch edges fill it?,,,6,,,
G5:S46-F1-Q5,S46-F1-Q5,2003,46,FORWARD 1,5,6.G.A.2,tf,40 cubes with 1/2-unit edges have a total volume of 20 cubic units.,A. True | B. False,B,False,,,
G5:S46-F2-Q1,S46-F2-Q1,2005,46,FORWARD 2,1,7.G.B.6,sa,A fish tank is 30 cm by 20 cm by 25 cm. What is its volume?,,,"15,000 cubic cm",,,
G5:S46-F2-Q2,S46-F2-Q2,2006,46,FORWARD 2,2,7.G.B.6,sa,A prism has a volume of 96 cubic inches and a base area of 12 square inches. What is its height?,,,8 inches,,,
G5:S46-F2-Q3,S46-F2-Q3,2007,46,FORWARD 2,3,7.G.B.6,mc,A triangular prism has a triangle base with a base of 4 m and a height of 3 m. The prism is 7 m long. What is its volume?,A. 84 cubic meters | B. 42 cubic meters | C. 21 cubic meters | D. 14 cubic meters,B,42 cubic meters,,,
G5:S46-F2-Q4,S46-F2-Q4,2008,46,FORWARD 2,4,7.G.B.6,sa,A storage box is 1.5 m by 1 m by 0.8 m. What is its volume?,,,1.2 cubic meters,,,
G5:S46-F2-Q5,S46-F2-Q5,2009,46,FORWARD 2,5,7.G.B.6,tf,Two prisms with the same base area and the same height have the same volume.,A. True | B. False,A,True,,,
G5:S47-M-Q1,S47-M-Q1,2012,47,MAIN,1,5.MD.C.4,sa,Each cube is 1 cubic cm. What is the volume of the prism?,,,24 cubic cm,,,
G5:S47-M-Q2,S47-M-Q2,2013,47,MAIN,2,5.MD.C.4,sa,Each cube is 1 cubic inch. What is the volume of the prism?,,,30 cubic inches,,,
G5:S47-M-Q3,S47-M-Q3,2014,47,MAIN,3,5.MD.C.4,mc,Each cube is 1 cubic foot. What is the volume of the prism?,A. 18 cubic feet | B. 54 cubic feet | C. 27 cubic feet | D. 9 cubic feet,C,27 cubic feet,,,
G5:S47-M-Q4,S47-M-Q4,2015,47,MAIN,4,5.MD.C.4,sa,"A box is filled with number cubes. The bottom layer has 6 rows of 4 cubes, and there are 3 layers. What is the volume of the box, measured in number cubes?",,,72 number cubes,,,
G5:S47-M-Q5,S47-M-Q5,2016,47,MAIN,5,5.MD.C.4,tf,Each cube is 1 cubic cm. The volume of the prism is 16 cubic cm.,A. True | B. False,A,True,,,
G5:S47-B1-Q1,S47-B1-Q1,2018,47,BACKWARD 1,1,3.MD.C.7.a,sa,The bottom layer of a box has 5 rows of 4 cubes. How many cubes are in the layer?,,,20,,,
G5:S47-B1-Q2,S47-B1-Q2,2019,47,BACKWARD 1,2,3.MD.C.7.a,tf,A layer with 3 rows of 6 cubes has 18 cubes.,A. True | B. False,A,True,,,
G5:S47-B1-Q3,S47-B1-Q3,2020,47,BACKWARD 1,3,3.MD.C.7.a,mc,How many unit squares cover a 4-by-6 rectangle?,A. 10 | B. 46 | C. 24 | D. 20,C,24,,,
G5:S47-B1-Q4,S47-B1-Q4,2021,47,BACKWARD 1,4,3.MD.C.7.a,sa,A rectangle is tiled with 7 rows of 3 unit squares. How many squares are there?,,,21,,,
G5:S47-B1-Q5,S47-B1-Q5,2022,47,BACKWARD 1,5,3.MD.C.7.a,tf,The number of unit squares that tile a rectangle is its length times its width.,A. True | B. False,A,True,,,
G5:S47-B2-Q1,S47-B2-Q1,2024,47,BACKWARD 2,1,3.OA.A.1,sa,There are 3 layers with 12 cubes in each layer. How many cubes are there in all?,,,36,,,
G5:S47-B2-Q2,S47-B2-Q2,2025,47,BACKWARD 2,2,3.OA.A.1,tf,4 layers of 10 cubes is 14 cubes.,A. True | B. False,B,False,,,
G5:S47-B2-Q3,S47-B2-Q3,2026,47,BACKWARD 2,3,3.OA.A.1,mc,Which expression shows 5 layers of 8 cubes?,A. 8 - 5 | B. 5 × 8 | C. 5 + 8 | D. 58,B,5 × 8,,,
G5:S47-B2-Q4,S47-B2-Q4,2027,47,BACKWARD 2,4,3.OA.A.1,sa,Multiply. 6 × 9,,,54,,,
G5:S47-B2-Q5,S47-B2-Q5,2028,47,BACKWARD 2,5,3.OA.A.1,sa,There are 2 layers with 15 cubes in each layer. How many cubes are there in all?,,,30,,,
G5:S47-F1-Q1,S47-F1-Q1,2030,47,FORWARD 1,1,6.G.A.2,sa,"A prism is 3 cubes long, 2 cubes wide, and 2 cubes tall. Each cube has 1/2-inch edges. What is the volume of the prism?",,,1 1/2 cubic inches,,,
G5:S47-F1-Q2,S47-F1-Q2,2031,47,FORWARD 1,2,6.G.A.2,sa,A box is 2 1/2 cm by 2 cm by 1 cm. What is its volume?,,,5 cubic cm,,,
G5:S47-F1-Q3,S47-F1-Q3,2032,47,FORWARD 1,3,6.G.A.2,mc,How many cubes with 1/2-foot edges fill a box that is 2 ft by 1 ft by 1 ft?,A. 4 | B. 8 | C. 16 | D. 2,C,16,,,
G5:S47-F1-Q4,S47-F1-Q4,2033,47,FORWARD 1,4,6.G.A.2,sa,Find the volume of the prism.,,,9 cubic inches,,,
G5:S47-F1-Q5,S47-F1-Q5,2034,47,FORWARD 1,5,6.G.A.2,tf,A cube with edges of 1 1/2 feet has a volume of 2 1/4 cubic feet.,A. True | B. False,B,False,,,
G5:S47-F2-Q1,S47-F2-Q1,2036,47,FORWARD 2,1,7.G.B.6,sa,A prism has a rectangular base that is 5 units by 4 units. It is 6 units tall. What is its volume?,,,120 cubic units,,,
G5:S47-F2-Q2,S47-F2-Q2,2037,47,FORWARD 2,2,7.G.B.6,sa,A box has a volume of 120 cubic cm. Its base is 6 cm by 5 cm. What is its height?,,,4 cm,,,
G5:S47-F2-Q3,S47-F2-Q3,2038,47,FORWARD 2,3,7.G.B.6,mc,A prism has a base area of 15 square feet and a height of 4 feet. What is its volume?,A. 60 cubic feet | B. 30 cubic feet | C. 120 cubic feet | D. 19 cubic feet,A,60 cubic feet,,,
G5:S47-F2-Q4,S47-F2-Q4,2039,47,FORWARD 2,4,7.G.B.6,sa,A triangular prism has a base area of 9 square cm and a length of 12 cm. What is its volume?,,,108 cubic cm,,,
G5:S47-F2-Q5,S47-F2-Q5,2040,47,FORWARD 2,5,7.G.B.6,tf,A box that is 10 in. by 2 in. by 3 in. has a volume of 15 cubic inches.,A. True | B. False,B,False,,,
G5:S48-M-Q1,S48-M-Q1,2043,48,MAIN,1,5.MD.C.5.a,sa,"A prism is packed with unit cubes. It is 5 cubes long, 3 cubes wide, and 4 layers tall. What is its volume?",,,60 cubic units,,,
G5:S48-M-Q2,S48-M-Q2,2044,48,MAIN,2,5.MD.C.5.a,mc,The bottom layer of a prism has 12 unit cubes. There are 5 layers. Which expression gives the volume?,A. 12 × 12 × 5 | B. 12 × 5 | C. 5 × 5 | D. 12 + 5,B,12 × 5,,,
G5:S48-M-Q3,S48-M-Q3,2045,48,MAIN,3,5.MD.C.5.a,tf,"For a prism that is 4 by 3 by 2, (4 × 3) × 2 and 4 × (3 × 2) give the same volume.",A. True | B. False,A,True,,,
G5:S48-M-Q4,S48-M-Q4,2046,48,MAIN,4,5.MD.C.5.a,sa,Each cube is 1 cubic unit. Find the volume by multiplying the area of the base by the height.,,,36 cubic units,,,Base area 4 × 3 = 12; 12 × 3 = 36.
G5:S48-M-Q5,S48-M-Q5,2047,48,MAIN,5,5.MD.C.5.a,sa,A prism has a base area of 18 square units and a height of 4 units. What is its volume?,,,72 cubic units,,,
G5:S48-B1-Q1,S48-B1-Q1,2049,48,BACKWARD 1,1,3.MD.C.7.a,sa,A rectangle is tiled with unit squares in 3 rows of 4. What is its area?,,,12 square units,,,
G5:S48-B1-Q2,S48-B1-Q2,2050,48,BACKWARD 1,2,3.MD.C.7.a,tf,The area of a 5-by-2 rectangle is 10 square units.,A. True | B. False,A,True,,,
G5:S48-B1-Q3,S48-B1-Q3,2051,48,BACKWARD 1,3,3.MD.C.7.a,mc,Which expression gives the area of a 6-by-3 rectangle?,A. 6 - 3 | B. 6 + 3 | C. 6 × 3 | D. 2 × (6 + 3),C,6 × 3,,,
G5:S48-B1-Q4,S48-B1-Q4,2052,48,BACKWARD 1,4,3.MD.C.7.a,sa,How many unit squares tile a 9-by-2 rectangle?,,,18,,,
G5:S48-B1-Q5,S48-B1-Q5,2053,48,BACKWARD 1,5,3.MD.C.7.a,tf,Tiling a rectangle and multiplying its side lengths give the same area.,A. True | B. False,A,True,,,
G5:S48-B2-Q1,S48-B2-Q1,2055,48,BACKWARD 2,1,3.OA.B.5,tf,(2 × 3) × 4 = 2 × 3 + 4,A. True | B. False,B,False,,,
G5:S48-B2-Q2,S48-B2-Q2,2056,48,BACKWARD 2,2,3.OA.B.5,sa,Fill in the blank. (5 × 2) × 3 = 5 × (2 × ___),,,3,,,
G5:S48-B2-Q3,S48-B2-Q3,2057,48,BACKWARD 2,3,3.OA.B.5,mc,Which expression is equal to 4 × 5 × 2?,A. 9 × 2 | B. 20 + 2 | C. 4 + 5 + 2 | D. 4 × 10,D,4 × 10,,,
G5:S48-B2-Q4,S48-B2-Q4,2058,48,BACKWARD 2,4,3.OA.B.5,sa,Multiply. 3 × 2 × 5,,,30,,,
G5:S48-B2-Q5,S48-B2-Q5,2059,48,BACKWARD 2,5,3.OA.B.5,tf,6 × (2 × 3) = 6 + 6,A. True | B. False,B,False,,,
G5:S48-F1-Q1,S48-F1-Q1,2061,48,FORWARD 1,1,6.G.A.2,sa,"Use V = l × w × h to find V when l = 3 1/2 in., w = 2 in., and h = 1 1/2 in.",,,10 1/2 cubic inches,,,
G5:S48-F1-Q2,S48-F1-Q2,2062,48,FORWARD 1,2,6.G.A.2,sa,Use V = b × h to find the volume of a prism with b = 6 1/4 square cm and h = 4 cm.,,,25 cubic cm,,,
G5:S48-F1-Q3,S48-F1-Q3,2063,48,FORWARD 1,3,6.G.A.2,mc,"A prism is packed with cubes that have edges 1/2 unit long: 6 cubes long, 4 cubes wide, and 2 cubes tall. Which shows its volume?",A. 6 + 4 + 2 = 12 cubic units | B. 3 × 2 × 1 = 6 cubic units | C. 6 × 4 × 2 = 48 cubic units | D. 1/2 × 48 = 24 cubic units,B,3 × 2 × 1 = 6 cubic units,,,
G5:S48-F1-Q4,S48-F1-Q4,2064,48,FORWARD 1,4,6.G.A.2,sa,A cube has edges that are 3/4 foot long. What is its volume?,,,27/64 cubic foot,,,
G5:S48-F1-Q5,S48-F1-Q5,2065,48,FORWARD 1,5,6.G.A.2,tf,"For a rectangular prism, V = l × w × h and V = b × h give the same volume.",A. True | B. False,A,True,,,
G5:S48-F2-Q1,S48-F2-Q1,2067,48,FORWARD 2,1,7.G.B.6,sa,A triangular prism has a triangle base with a base of 6 cm and a height of 4 cm. The prism is 10 cm long. What is its volume?,,,120 cubic cm,,,
G5:S48-F2-Q2,S48-F2-Q2,2068,48,FORWARD 2,2,7.G.B.6,sa,A prism has a trapezoid base with an area of 14 square inches. The prism is 5 inches tall. What is its volume?,,,70 cubic inches,,,
G5:S48-F2-Q3,S48-F2-Q3,2069,48,FORWARD 2,3,7.G.B.6,mc,A prism has a volume of 84 cubic meters and a base area of 12 square meters. What is its height?,"A. 1,008 m | B. 7 m | C. 72 m | D. 96 m",B,7 m,,,
G5:S48-F2-Q4,S48-F2-Q4,2070,48,FORWARD 2,4,7.G.B.6,sa,A rectangular prism is 8 by 5 by 2.5. What is its volume?,,,100 cubic units,,,
G5:S48-F2-Q5,S48-F2-Q5,2071,48,FORWARD 2,5,7.G.B.6,tf,V = b × h works for triangular prisms as well as rectangular prisms.,A. True | B. False,A,True,,,
G5:S49-M-Q1,S49-M-Q1,2074,49,MAIN,1,5.MD.C.5.b,sa,"A fish tank is 24 inches long, 12 inches wide, and 15 inches tall. What is its volume?",,,"4,320 cubic inches",,,
G5:S49-M-Q2,S49-M-Q2,2075,49,MAIN,2,5.MD.C.5.b,sa,A sandbox has a base area of 30 square feet. It is filled with sand to a depth of 2 feet. How much sand does it hold?,,,60 cubic feet,,,
G5:S49-M-Q3,S49-M-Q3,2076,49,MAIN,3,5.MD.C.5.b,mc,"A box is 9 cm long, 4 cm wide, and 5 cm tall. What is its volume?",A. 90 cubic cm | B. 36 cubic cm | C. 180 cubic cm | D. 18 cubic cm,C,180 cubic cm,,,
G5:S49-M-Q4,S49-M-Q4,2077,49,MAIN,4,5.MD.C.5.b,sa,Find the volume of the prism.,,,120 cubic meters,,,
G5:S49-M-Q5,S49-M-Q5,2078,49,MAIN,5,5.MD.C.5.b,sa,A cube-shaped box has edges that are 7 inches long. What is its volume?,,,343 cubic inches,,,
G5:S49-B1-Q1,S49-B1-Q1,2080,49,BACKWARD 1,1,4.NBT.B.5,sa,Multiply. 24 × 12,,,288,,,
G5:S49-B1-Q2,S49-B1-Q2,2081,49,BACKWARD 1,2,4.NBT.B.5,sa,Multiply. 288 × 5,,,"1,440",,,
G5:S49-B1-Q3,S49-B1-Q3,2082,49,BACKWARD 1,3,4.NBT.B.5,tf,36 × 5 = 150,A. True | B. False,B,False,,,
G5:S49-B1-Q4,S49-B1-Q4,2083,49,BACKWARD 1,4,4.NBT.B.5,mc,49 × 7 = ?,A. 56 | B. 343 | C. 283 | D. 353,B,343,,,
G5:S49-B1-Q5,S49-B1-Q5,2084,49,BACKWARD 1,5,4.NBT.B.5,sa,Multiply. 15 × 24,,,360,,,
G5:S49-B2-Q1,S49-B2-Q1,2086,49,BACKWARD 2,1,4.MD.A.3,sa,A rectangle is 24 in. by 12 in. What is its area?,,,288 square inches,,,
G5:S49-B2-Q2,S49-B2-Q2,2087,49,BACKWARD 2,2,4.MD.A.3,tf,A 9-by-4 rectangle has an area of 36 square units.,A. True | B. False,A,True,,,
G5:S49-B2-Q3,S49-B2-Q3,2088,49,BACKWARD 2,3,4.MD.A.3,mc,The base of a box is 8 m by 3 m. What is the area of the base?,A. 11 square meters | B. 24 square meters | C. 22 square meters | D. 48 square meters,B,24 square meters,,,
G5:S49-B2-Q4,S49-B2-Q4,2089,49,BACKWARD 2,4,4.MD.A.3,sa,A square has sides that are 7 inches long. What is its area?,,,49 square inches,,,
G5:S49-B2-Q5,S49-B2-Q5,2090,49,BACKWARD 2,5,4.MD.A.3,sa,A rectangle has an area of 30 square feet and a length of 6 feet. What is its width?,,,5 feet,,,
G5:S49-F1-Q1,S49-F1-Q1,2092,49,FORWARD 1,1,6.G.A.2,sa,A box is 1 1/2 ft by 1 ft by 3/4 ft. What is its volume?,,,1 1/8 cubic feet,,,9/8 is also correct.
G5:S49-F1-Q2,S49-F1-Q2,2093,49,FORWARD 1,2,6.G.A.2,sa,A prism has a base area of 12 1/2 square inches and a height of 3 inches. What is its volume?,,,37 1/2 cubic inches,,,
G5:S49-F1-Q3,S49-F1-Q3,2094,49,FORWARD 1,3,6.G.A.2,mc,A cube has edges that are 2 1/2 cm long. What is its volume?,A. 6 1/4 cubic cm | B. 15 cubic cm | C. 7 1/2 cubic cm | D. 15 5/8 cubic cm,D,15 5/8 cubic cm,,,
G5:S49-F1-Q4,S49-F1-Q4,2095,49,FORWARD 1,4,6.G.A.2,sa,A drawer is 2 ft by 1 1/2 ft by 1/2 ft. What is its volume?,,,1 1/2 cubic feet,,,
G5:S49-F1-Q5,S49-F1-Q5,2096,49,FORWARD 1,5,6.G.A.2,tf,A box that is 3 by 1/2 by 4 has a volume of 12 cubic units.,A. True | B. False,B,False,,,
G5:S49-F2-Q1,S49-F2-Q1,2098,49,FORWARD 2,1,7.G.B.6,sa,A tent is a triangular prism. Its triangle has a base of 2 m and a height of 1.5 m. The tent is 3 m long. What is its volume?,,,4.5 cubic meters,,,
G5:S49-F2-Q2,S49-F2-Q2,2099,49,FORWARD 2,2,7.G.B.6,sa,"A pool is 10 m long, 5 m wide, and 2 m deep. It is filled to 3/4 of its depth. How much water is in the pool?",,,75 cubic meters,,,
G5:S49-F2-Q3,S49-F2-Q3,2100,49,FORWARD 2,3,7.G.B.6,mc,A box has a volume of 360 cubic inches. Its base is 12 in. by 6 in. What is its height?,A. 3 inches | B. 30 inches | C. 5 inches | D. 60 inches,C,5 inches,,,
G5:S49-F2-Q4,S49-F2-Q4,2101,49,FORWARD 2,4,7.G.B.6,sa,A rectangular prism is 4.5 cm by 2 cm by 3 cm. What is its volume?,,,27 cubic cm,,,
G5:S49-F2-Q5,S49-F2-Q5,2102,49,FORWARD 2,5,7.G.B.6,tf,A triangular prism with a base area of 8 square feet and a length of 5 feet holds 40 cubic feet.,A. True | B. False,A,True,,,
G5:S50-M-Q1,S50-M-Q1,2105,50,MAIN,1,5.MD.C.5.b,sa,A box has a volume of 96 cubic inches. It is 6 inches long and 4 inches wide. How tall is it?,,,4 inches,,,
G5:S50-M-Q2,S50-M-Q2,2106,50,MAIN,2,5.MD.C.5.b,sa,A prism has a volume of 150 cubic cm and a height of 6 cm. What is the area of its base?,,,25 square cm,,,
G5:S50-M-Q3,S50-M-Q3,2107,50,MAIN,3,5.MD.C.5.b,mc,A tank holds 240 cubic feet. Its base is 8 feet by 5 feet. How deep is the tank?,A. 6 feet | B. 30 feet | C. 40 feet | D. 227 feet,A,6 feet,,,
G5:S50-M-Q4,S50-M-Q4,2108,50,MAIN,4,5.MD.C.5.b,sa,A rectangular prism has a volume of 84 cubic meters. It is 7 m long and 4 m tall. How wide is it?,,,3 m,,,
G5:S50-M-Q5,S50-M-Q5,2109,50,MAIN,5,5.MD.C.5.b,tf,A box with a volume of 60 cubic units and a base area of 12 square units is 5 units tall.,A. True | B. False,A,True,,,
G5:S50-B1-Q1,S50-B1-Q1,2111,50,BACKWARD 1,1,4.NBT.B.6,sa,Divide. 96 ÷ 4,,,24,,,
G5:S50-B1-Q2,S50-B1-Q2,2112,50,BACKWARD 1,2,4.NBT.B.6,sa,Divide. 150 ÷ 6,,,25,,,
G5:S50-B1-Q3,S50-B1-Q3,2113,50,BACKWARD 1,3,4.NBT.B.6,tf,240 ÷ 8 = 3,A. True | B. False,B,False,,,
G5:S50-B1-Q4,S50-B1-Q4,2114,50,BACKWARD 1,4,4.NBT.B.6,mc,84 ÷ 7 = ?,A. 12 | B. 77 | C. 11 | D. 13,A,12,,,
G5:S50-B1-Q5,S50-B1-Q5,2115,50,BACKWARD 1,5,4.NBT.B.6,sa,Divide. 60 ÷ 5,,,12,,,
G5:S50-B2-Q1,S50-B2-Q1,2117,50,BACKWARD 2,1,3.OA.A.4,sa,What number goes in the box? 6 × □ = 48,,,8,,,
G5:S50-B2-Q2,S50-B2-Q2,2118,50,BACKWARD 2,2,3.OA.A.4,tf,"If □ × 5 = 35, then □ = 7.",A. True | B. False,A,True,,,
G5:S50-B2-Q3,S50-B2-Q3,2119,50,BACKWARD 2,3,3.OA.A.4,mc,What number goes in the box? 4 × □ = 36,A. 9 | B. 8 | C. 32 | D. 40,A,9,,,
G5:S50-B2-Q4,S50-B2-Q4,2120,50,BACKWARD 2,4,3.OA.A.4,sa,What number goes in the box? □ × 7 = 63,,,9,,,
G5:S50-B2-Q5,S50-B2-Q5,2121,50,BACKWARD 2,5,3.OA.A.4,tf,"If 8 × □ = 56, then □ = 6.",A. True | B. False,B,False,,,
G5:S50-F1-Q1,S50-F1-Q1,2123,50,FORWARD 1,1,6.EE.B.7,sa,Solve for h. 24h = 96,,,4,,,
G5:S50-F1-Q2,S50-F1-Q2,2124,50,FORWARD 1,2,6.EE.B.7,sa,Solve for b. 6b = 150,,,25,,,
G5:S50-F1-Q3,S50-F1-Q3,2125,50,FORWARD 1,3,6.EE.B.7,mc,Solve for w. 28w = 84,"A. 56 | B. 2,352 | C. 112 | D. 3",D,3,,,
G5:S50-F1-Q4,S50-F1-Q4,2126,50,FORWARD 1,4,6.EE.B.7,sa,A prism has a volume of 52.5 cubic cm and a base area of 15 square cm. Write and solve an equation to find its height h.,,,15h = 52.5; h = 3.5 cm,,,
G5:S50-F1-Q5,S50-F1-Q5,2127,50,FORWARD 1,5,6.EE.B.7,tf,The solution of (3/4)x = 12 is x = 9.,A. True | B. False,B,False,,,
G5:S50-F2-Q1,S50-F2-Q1,2129,50,FORWARD 2,1,7.EE.B.4.a,sa,"A box is 4 in. wide, 5 in. tall, and (x + 2) in. long. Its volume is 120 cubic inches. Find x.",,,4,,,20(x + 2) = 120
G5:S50-F2-Q2,S50-F2-Q2,2130,50,FORWARD 2,2,7.EE.B.4.a,sa,Solve for x. 6(x + 3) = 54,,,6,,,
G5:S50-F2-Q3,S50-F2-Q3,2131,50,FORWARD 2,3,7.EE.B.4.a,mc,Solve for h. 12h + 8 = 68,A. 5 | B. 6.3 | C. 60 | D. 4,A,5,,,
G5:S50-F2-Q4,S50-F2-Q4,2132,50,FORWARD 2,4,7.EE.B.4.a,sa,Two boxes have a total volume of 100 cubic feet. One box holds 40 cubic feet. The other has a base area of 12 square feet. Write and solve an equation to find the height h of the other box.,,,12h + 40 = 100; h = 5 feet,,,
G5:S50-F2-Q5,S50-F2-Q5,2133,50,FORWARD 2,5,7.EE.B.4.a,tf,The solution of 3(x - 2) = 21 is x = 9.,A. True | B. False,A,True,,,
G5:S51-M-Q1,S51-M-Q1,2136,51,MAIN,1,5.MD.C.5.c,sa,A figure is made of two rectangular prisms that do not overlap. One is 6 ft by 4 ft by 3 ft. The other is 2 ft by 4 ft by 5 ft. What is the total volume?,,,112 cubic feet,,,
G5:S51-M-Q2,S51-M-Q2,2137,51,MAIN,2,5.MD.C.5.c,sa,"A figure is made of the two prisms shown, which do not overlap. What is the total volume?",,,66 cubic cm,,,
G5:S51-M-Q3,S51-M-Q3,2138,51,MAIN,3,5.MD.C.5.c,mc,An L-shaped step is made of a 4-by-2-by-1 prism with a 2-by-2-by-1 prism on top. What is its volume?,A. 12 cubic units | B. 8 cubic units | C. 10 cubic units | D. 16 cubic units,A,12 cubic units,,,
G5:S51-M-Q4,S51-M-Q4,2139,51,MAIN,4,5.MD.C.5.c,sa,A building is a 10 m by 8 m by 6 m prism with a 4 m by 8 m by 3 m prism attached to one side. What is the total volume?,,,576 cubic meters,,,
G5:S51-M-Q5,S51-M-Q5,2140,51,MAIN,5,5.MD.C.5.c,tf,The volume of a figure made of two prisms that do not overlap is the sum of their volumes.,A. True | B. False,A,True,,,
G5:S51-B1-Q1,S51-B1-Q1,2142,51,BACKWARD 1,1,3.MD.C.7.d,sa,A figure is split into two rectangles that do not overlap. Their areas are 15 square units and 8 square units. What is the area of the figure?,,,23 square units,,,
G5:S51-B1-Q2,S51-B1-Q2,2143,51,BACKWARD 1,2,3.MD.C.7.d,tf,The area of a figure made of two non-overlapping parts is the sum of the areas of the parts.,A. True | B. False,A,True,,,
G5:S51-B1-Q3,S51-B1-Q3,2144,51,BACKWARD 1,3,3.MD.C.7.d,mc,The figure is split into a 6-by-2 rectangle along the bottom and a rectangle above it. What is the area of the 6-by-2 rectangle?,A. 12 square units | B. 16 square units | C. 6 square units | D. 8 square units,A,12 square units,,,
G5:S51-B1-Q4,S51-B1-Q4,2145,51,BACKWARD 1,4,3.MD.C.7.d,mc,"A figure is made of two squares that do not overlap. Their areas are 9 square units and 25 square units. To find the area of the figure, what do you do with the two areas?",A. Divide them | B. Multiply them | C. Subtract them | D. Add them,D,Add them,,,
G5:S51-B1-Q5,S51-B1-Q5,2146,51,BACKWARD 1,5,3.MD.C.7.d,sa,A square with an area of 4 square units is cut out of a rectangle with an area of 48 square units. What is the area of the part that is left?,,,44 square units,,,
G5:S51-B3-Q1,S51-B3-Q1,2148,51,BACKWARD 3,1,4.MD.A.3,sa,A rectangle is 6 units by 4 units. What is its area?,,,24 square units,,,
G5:S51-B3-Q2,S51-B3-Q2,2149,51,BACKWARD 3,2,4.MD.A.3,tf,A rectangle with an area of 32 square units and a length of 8 units has a width of 4 units.,A. True | B. False,A,True,,,
G5:S51-B3-Q3,S51-B3-Q3,2150,51,BACKWARD 3,3,4.MD.A.3,mc,A rectangle is 10 m by 8 m. What is its area?,A. 36 square meters | B. 800 square meters | C. 80 square meters | D. 18 square meters,C,80 square meters,,,
G5:S51-B3-Q4,S51-B3-Q4,2151,51,BACKWARD 3,4,4.MD.A.3,sa,A rectangle has an area of 45 square feet and a width of 5 feet. What is its length?,,,9 feet,,,
G5:S51-B3-Q5,S51-B3-Q5,2152,51,BACKWARD 3,5,4.MD.A.3,tf,A 4-by-8 rectangle has an area of 24 square units.,A. True | B. False,B,False,,,
G5:S51-F1-Q1,S51-F1-Q1,2154,51,FORWARD 1,1,6.G.A.2,sa,"A figure is made of two prisms that do not overlap: 2 1/2 ft by 2 ft by 1 ft, and 1 ft by 2 ft by 1/2 ft. What is the total volume?",,,6 cubic feet,,,
G5:S51-F1-Q2,S51-F1-Q2,2155,51,FORWARD 1,2,6.G.A.2,sa,Two prisms are joined. One has a volume of 4 1/2 cubic inches. The other is 3 in. by 1 in. by 1/2 in. What is the total volume?,,,6 cubic inches,,,
G5:S51-F1-Q3,S51-F1-Q3,2156,51,FORWARD 1,3,6.G.A.2,mc,A step is made of a 3-by-1-by-1/2 prism and a 1-by-1-by-1/2 prism that do not overlap. What is its volume?,A. 2 cubic units | B. 1/2 cubic unit | C. 4 cubic units | D. 1 1/2 cubic units,A,2 cubic units,,,
G5:S51-F1-Q4,S51-F1-Q4,2157,51,FORWARD 1,4,6.G.A.2,sa,A block that is 1 in. by 1 in. by 2 1/2 in. is cut out of a box that is 4 in. by 3 in. by 2 1/2 in. What volume is left?,,,27 1/2 cubic inches,,,
G5:S51-F1-Q5,S51-F1-Q5,2158,51,FORWARD 1,5,6.G.A.2,tf,A figure made of two cubes with 1/2-foot edges has a volume of 1 cubic foot.,A. True | B. False,B,False,,,
G5:S51-F2-Q1,S51-F2-Q1,2160,51,FORWARD 2,1,7.G.B.6,sa,"A figure is a 6-by-4-by-3 rectangular prism with a triangular prism on top. The triangle has a base of 4 and a height of 2, and the triangular prism is 6 long. What is the total volume?",,,96 cubic units,,,
G5:S51-F2-Q2,S51-F2-Q2,2161,51,FORWARD 2,2,7.G.B.6,sa,A concrete step is made of two prisms: 1.5 m by 0.5 m by 0.2 m and 1.5 m by 0.25 m by 0.4 m. What is the total volume?,,,0.3 cubic meter,,,
G5:S51-F2-Q3,S51-F2-Q3,2162,51,FORWARD 2,3,7.G.B.6,mc,A 10-by-10-by-10 cube has a 2-by-2-by-10 hole cut all the way through it. What volume remains?,"A. 960 cubic units | B. 800 cubic units | C. 1,000 cubic units | D. 40 cubic units",A,960 cubic units,,,
G5:S51-F2-Q4,S51-F2-Q4,2163,51,FORWARD 2,4,7.G.B.6,sa,"A shed is a 3 m by 4 m by 2.5 m prism with a roof shaped like a triangular prism. The triangle has a base of 3 m and a height of 1 m, and the roof is 4 m long. What is the total volume?",,,36 cubic meters,,,
G5:S51-F2-Q5,S51-F2-Q5,2164,51,FORWARD 2,5,7.G.B.6,tf,The volume of a composite solid can be found by adding the volumes of its parts.,A. True | B. False,A,True,,,
G5:S52-M-Q1,S52-M-Q1,2167,52,MAIN,1,5.G.A.1,mc,What is the point where the x-axis and the y-axis meet called?,A. The y-axis | B. The origin | C. The x-coordinate | D. A quadrant,B,The origin,,,
G5:S52-M-Q2,S52-M-Q2,2168,52,MAIN,2,5.G.A.1,sa,"In the ordered pair (7, 2), what does the 7 tell you?",,,Start at the origin and move 7 units along the x-axis (to the right).,,,
G5:S52-M-Q3,S52-M-Q3,2169,52,MAIN,3,5.G.A.1,sa,What are the coordinates of point A?,,,"(3, 5)",,,
G5:S52-M-Q4,S52-M-Q4,2170,52,MAIN,4,5.G.A.1,tf,"To reach (0, 6), you start at the origin and move 6 units to the right along the x-axis.",A. True | B. False,B,False,,,
G5:S52-M-Q5,S52-M-Q5,2171,52,MAIN,5,5.G.A.1,mc,"Which point is at (5, 1)?",A. Point A | B. Point B | C. Point C | D. Point D,A,Point A,,,
G5:S52-B1-Q1,S52-B1-Q1,2173,52,BACKWARD 1,1,2.MD.B.6,sa,What number is at point P?,,,6,,,
G5:S52-B1-Q2,S52-B1-Q2,2174,52,BACKWARD 1,2,2.MD.B.6,tf,"On a number line, numbers increase from left to right.",A. True | B. False,A,True,,,
G5:S52-B1-Q3,S52-B1-Q3,2175,52,BACKWARD 1,3,2.MD.B.6,mc,Which number is 4 units to the right of 0?,A. 4 | B. 8 | C. 40 | D. 0,A,4,,,
G5:S52-B1-Q4,S52-B1-Q4,2176,52,BACKWARD 1,4,2.MD.B.6,sa,How many units is it from 0 to 9 on a number line?,,,9,,,
G5:S52-B1-Q5,S52-B1-Q5,2177,52,BACKWARD 1,5,2.MD.B.6,tf,"On a number line, 3 is farther from 0 than 7 is.",A. True | B. False,B,False,,,
G5:S52-B2-Q1,S52-B2-Q1,2179,52,BACKWARD 2,1,4.G.A.1,tf,Perpendicular lines meet to form right angles.,A. True | B. False,A,True,,,
G5:S52-B2-Q2,S52-B2-Q2,2180,52,BACKWARD 2,2,4.G.A.1,mc,The x-axis and the y-axis are ___.,A. perpendicular | B. parallel | C. curved | D. the same line,A,perpendicular,,,
G5:S52-B2-Q3,S52-B2-Q3,2181,52,BACKWARD 2,3,4.G.A.1,sa,How many degrees are in a right angle?,,,90,,,
G5:S52-B2-Q4,S52-B2-Q4,2182,52,BACKWARD 2,4,4.G.A.1,tf,Parallel lines never meet.,A. True | B. False,A,True,,,
G5:S52-B2-Q5,S52-B2-Q5,2183,52,BACKWARD 2,5,4.G.A.1,mc,Which letter is made of two perpendicular line segments?,A. S | B. L | C. O | D. C,B,L,,,
G5:S52-F1-Q1,S52-F1-Q1,2185,52,FORWARD 1,1,6.NS.C.6.c,sa,What are the coordinates of point A?,,,"(-3, 4)",,,
G5:S52-F1-Q2,S52-F1-Q2,2186,52,FORWARD 1,2,6.NS.C.6.c,sa,What are the coordinates of point B?,,,"(2, -5)",,,
G5:S52-F1-Q3,S52-F1-Q3,2187,52,FORWARD 1,3,6.NS.C.6.c,mc,Which ordered pair names point C?,"A. (-4, -2) | B. (-2, -4) | C. (4, 2) | D. (-4, 2)",A,"(-4, -2)",,,
G5:S52-F1-Q4,S52-F1-Q4,2188,52,FORWARD 1,4,6.NS.C.6.c,sa,What are the coordinates of point D?,,,"(0, -3)",,,
G5:S52-F1-Q5,S52-F1-Q5,2189,52,FORWARD 1,5,6.NS.C.6.c,tf,"Point E is located at (5, -1).",A. True | B. False,B,False,,,
G5:S52-F2-Q1,S52-F2-Q1,2191,52,FORWARD 2,1,7.RP.A.2.d,sa,"The graph shows the cost of pears. What does the point (3, 6) represent?",,,3 pounds of pears cost $6.,,,
G5:S52-F2-Q2,S52-F2-Q2,2192,52,FORWARD 2,2,7.RP.A.2.d,mc,"The graph shows the cost of pears. What does the point (1, 2) represent?",A. The cost starts at $2. | B. 2 pounds cost $1. | C. $1 buys 2 pounds. | D. 1 pound costs $2.,D,1 pound costs $2.,,,
G5:S52-F2-Q3,S52-F2-Q3,2193,52,FORWARD 2,3,7.RP.A.2.d,tf,"On the graph of a proportional relationship between pounds and cost, the point (0, 0) means 0 pounds cost $0.",A. True | B. False,A,True,,,
G5:S52-F2-Q4,S52-F2-Q4,2194,52,FORWARD 2,4,7.RP.A.2.d,sa,"The graph of a proportional relationship passes through (1, r) and (4, 20). What is r?",,,5,,,
G5:S52-F2-Q5,S52-F2-Q5,2195,52,FORWARD 2,5,7.RP.A.2.d,mc,"A graph shows a proportional relationship between the time x, in hours, that a bus drives and the distance y, in miles. It passes through (2, 90). What does this point mean?","A. The speed is 2 miles per hour. | B. In 90 hours, the distance is 2 miles. | C. The speed is 90 miles per hour. | D. In 2 hours, the distance is 90 miles.",D,"In 2 hours, the distance is 90 miles.",,,
G5:S53-M-Q1,S53-M-Q1,2198,53,MAIN,1,5.G.A.2,plot,"Plot and label the points A(2, 7), B(6, 3), and C(0, 5).",,,"A plotted at (2, 7), B at (6, 3), and C at (0, 5) on the y-axis, each labeled",,,
G5:S53-M-Q2,S53-M-Q2,2199,53,MAIN,2,5.G.A.2,plot,"Plot and label the points D(4, 4), E(7, 0), and F(1, 6).",,,"D plotted at (4, 4), E at (7, 0) on the x-axis, and F at (1, 6), each labeled",,,
G5:S53-M-Q3,S53-M-Q3,2200,53,MAIN,3,5.G.A.2,plot,Plot the points from the table.,,,"Points plotted at (1, 3), (2, 6), (3, 9), (4, 12)",,,
G5:S53-M-Q4,S53-M-Q4,2201,53,MAIN,4,5.G.A.2,plot,"Plot and label the points G(3, 2 1/2) and H(5 1/2, 4).",,,"G plotted at (3, 2 1/2), halfway between 2 and 3 on the y-axis scale; H plotted at (5 1/2, 4); each labeled",,,
G5:S53-M-Q5,S53-M-Q5,2202,53,MAIN,5,5.G.A.2,plot_text,"Plot P(2, 3) and Q(2, 7). How far apart are the two points?",,,4 units,"P plotted at (2, 3) and Q plotted at (2, 7)",,"Grade both: both points at the correct places, and the distance 4 units."
G5:S53-B2-Q1,S53-B2-Q1,2204,53,BACKWARD 2,1,3.MD.B.3,mc,What does each grid line on the scale stand for?,A. 10 | B. 20 | C. 5 | D. 1,C,5,,,
G5:S53-B2-Q2,S53-B2-Q2,2205,53,BACKWARD 2,2,3.MD.B.3,sa,How many pears were sold?,,,35,,,
G5:S53-B2-Q3,S53-B2-Q3,2206,53,BACKWARD 2,3,3.MD.B.3,tf,More kiwis than apples were sold.,A. True | B. False,A,True,,,
G5:S53-B2-Q4,S53-B2-Q4,2207,53,BACKWARD 2,4,3.MD.B.3,sa,How many fewer plums than pears were sold?,,,25,,,
G5:S53-B2-Q5,S53-B2-Q5,2208,53,BACKWARD 2,5,3.MD.B.3,sa,How many apples and kiwis were sold in all?,,,45,,,
G5:S53-B3-Q1,S53-B3-Q1,2210,53,BACKWARD 3,1,3.NF.A.2,sa,What number is at point A?,,,2 1/2,,,5/2 is also correct.
G5:S53-B3-Q2,S53-B3-Q2,2211,53,BACKWARD 3,2,3.NF.A.2,tf,2 1/2 is halfway between 2 and 3 on a number line.,A. True | B. False,A,True,,,
G5:S53-B3-Q3,S53-B3-Q3,2212,53,BACKWARD 3,3,3.NF.A.2,mc,Which point is at 1 1/2?,A. Point A | B. Point B | C. Point C | D. Point D,B,Point B,,,
G5:S53-B3-Q4,S53-B3-Q4,2213,53,BACKWARD 3,4,3.NF.A.2,sa,What number is at point B?,,,4,,,
G5:S53-B3-Q5,S53-B3-Q5,2214,53,BACKWARD 3,5,3.NF.A.2,tf,"On a number line, 5 1/2 is between 6 and 7.",A. True | B. False,B,False,,,
G5:S53-F1-Q1,S53-F1-Q1,2216,53,FORWARD 1,1,6.NS.C.6.b,plot,"Plot and label A(2, 4). Then plot its reflection across the x-axis and label it B.",,,"A plotted at (2, 4) and B at (2, -4), each labeled",,,
G5:S53-F1-Q2,S53-F1-Q2,2217,53,FORWARD 1,2,6.NS.C.6.b,sa,"The point (5, 2) is reflected across the x-axis. What are the coordinates of its image?",,,"(5, -2)",,,
G5:S53-F1-Q3,S53-F1-Q3,2218,53,FORWARD 1,3,6.NS.C.6.b,mc,"The point (-3, 5) is reflected across the x-axis. What are the coordinates of its image?","A. (3, -5) | B. (3, 5) | C. (-3, -5) | D. (5, -3)",C,"(-3, -5)",,,
G5:S53-F1-Q4,S53-F1-Q4,2219,53,FORWARD 1,4,6.NS.C.6.b,sa,"The point (-4, 1) is reflected across the y-axis. What are the coordinates of its image?",,,"(4, 1)",,,
G5:S53-F1-Q5,S53-F1-Q5,2220,53,FORWARD 1,5,6.NS.C.6.b,tf,"The points (3, 5) and (-3, 5) are reflections of each other across the x-axis.",A. True | B. False,B,False,,,
G5:S53-F2-Q1,S53-F2-Q1,2222,53,FORWARD 2,1,7.RP.A.2.a,plot_text,"Graph the pairs (1, 3), (2, 6), and (4, 12). Is the relationship proportional? Explain using your graph.",,,"Yes; the points lie on a straight line through (0, 0)","Points plotted at (1, 3), (2, 6) and (4, 12)",,"Grade both: all three points at the correct places, and ""yes"" with the reason (a straight line through the origin, or y = 3x for every point)."
G5:S53-F2-Q2,S53-F2-Q2,2223,53,FORWARD 2,2,7.RP.A.2.a,plot_text,"Graph the pairs (0, 2), (1, 4), and (2, 6). Is the relationship proportional? Explain using your graph.",,,"No; the points are on a line, but the line does not pass through (0, 0)","Points plotted at (0, 2), (1, 4) and (2, 6)",,"Grade both: all three points at the correct places, and ""no"" with the reason (the line does not go through the origin; when x is 0, y is 2)."
G5:S53-F2-Q3,S53-F2-Q3,2224,53,FORWARD 2,3,7.RP.A.2.a,mc,Which graph shows a proportional relationship?,"A. A curve through (0, 0) | B. Points that are not on a line | C. A straight line through (0, 3) | D. A straight line through (0, 0)",D,"A straight line through (0, 0)",,,
G5:S53-F2-Q4,S53-F2-Q4,2225,53,FORWARD 2,4,7.RP.A.2.a,tf,"The points (2, 1), (4, 2), and (6, 3) show a proportional relationship.",A. True | B. False,A,True,,,
G5:S53-F2-Q5,S53-F2-Q5,2226,53,FORWARD 2,5,7.RP.A.2.a,plot_text,Graph the pairs from the table. Is the relationship proportional? Explain using your graph.,,,"Yes; the points lie on a straight line through (0, 0)","Points plotted at (1, 4), (2, 8) and (3, 12)",,"Grade both: all three points at the correct places, and ""yes"" with the reason (a straight line through the origin, or y = 4x)."
G5:S54-M-Q1,S54-M-Q1,2229,54,MAIN,1,5.G.A.2,sa,The grid is a map. Each unit is 1 block. How many blocks is it from the school S to the library L?,,,5,,,
G5:S54-M-Q2,S54-M-Q2,2230,54,MAIN,2,5.G.A.2,sa,The graph shows the height of a plant. How tall was the plant after 4 weeks?,,,8 cm,,,
G5:S54-M-Q3,S54-M-Q3,2231,54,MAIN,3,5.G.A.2,mc,"The point (3, 12) is on a graph of hours worked (x) and dollars earned (y). What does the point mean?",A. Working 3 hours earns $12. | B. Working 12 hours earns $3. | C. The pay starts at $12. | D. Each hour earns $3.,A,Working 3 hours earns $12.,,,
G5:S54-M-Q4,S54-M-Q4,2232,54,MAIN,4,5.G.A.2,plot,The table shows the cost of a taxi ride. Graph the points.,,,"Points plotted at (1, 5), (2, 7), (3, 9), (4, 11)",,,
G5:S54-M-Q5,S54-M-Q5,2233,54,MAIN,5,5.G.A.2,sa,"On a map grid, the park is at (1, 6) and the pool is at (7, 6). Each unit is 100 meters. How far apart are the park and the pool?",,,600 meters,,,
G5:S54-B2-Q1,S54-B2-Q1,2235,54,BACKWARD 2,1,2.MD.B.6,sa,What is the distance from 2 to 7 on a number line?,,,5 units,,,
G5:S54-B2-Q2,S54-B2-Q2,2236,54,BACKWARD 2,2,2.MD.B.6,tf,The distance from 3 to 10 is 13 units.,A. True | B. False,B,False,,,
G5:S54-B2-Q3,S54-B2-Q3,2237,54,BACKWARD 2,3,2.MD.B.6,mc,How many units apart are 1 and 8 on a number line?,A. 9 | B. 8 | C. 1 | D. 7,D,7,,,
G5:S54-B2-Q4,S54-B2-Q4,2238,54,BACKWARD 2,4,2.MD.B.6,sa,What is the distance from 6 to 6 on a number line?,,,0,,,
G5:S54-B2-Q5,S54-B2-Q5,2239,54,BACKWARD 2,5,2.MD.B.6,sa,How many units apart are points A and B?,,,7,,,
G5:S54-B3-Q1,S54-B3-Q1,2241,54,BACKWARD 3,1,3.MD.B.3,sa,How many miles were walked on Thursday?,,,10,,,
G5:S54-B3-Q2,S54-B3-Q2,2242,54,BACKWARD 3,2,3.MD.B.3,tf,The same number of miles were walked on Monday and Wednesday.,A. True | B. False,B,False,,,
G5:S54-B3-Q3,S54-B3-Q3,2243,54,BACKWARD 3,3,3.MD.B.3,mc,On which day were 8 miles walked?,A. Thursday | B. Friday | C. Monday | D. Tuesday,D,Tuesday,,,
G5:S54-B3-Q4,S54-B3-Q4,2244,54,BACKWARD 3,4,3.MD.B.3,sa,How many more miles were walked on Thursday than on Friday?,,,8,,,
G5:S54-B3-Q5,S54-B3-Q5,2245,54,BACKWARD 3,5,3.MD.B.3,tf,Each grid line on the scale stands for 2 miles.,A. True | B. False,A,True,,,
G5:S54-F1-Q1,S54-F1-Q1,2247,54,FORWARD 1,1,6.NS.C.8,sa,"Find the distance between (-4, 2) and (5, 2).",,,9 units,,,
G5:S54-F1-Q2,S54-F1-Q2,2248,54,FORWARD 1,2,6.NS.C.8,sa,"Find the distance between (3, -6) and (3, 1).",,,7 units,,,
G5:S54-F1-Q3,S54-F1-Q3,2249,54,FORWARD 1,3,6.NS.C.8,mc,"On a map, the store is at (-2, -3) and the bank is at (-2, 4). Each unit is 1 block. How far apart are they?",A. 7 blocks | B. 1 block | C. 4 blocks | D. 6 blocks,A,7 blocks,,,
G5:S54-F1-Q4,S54-F1-Q4,2250,54,FORWARD 1,4,6.NS.C.8,sa,"A rectangle has vertices at (-3, 1), (2, 1), (2, -2), and (-3, -2). What is its perimeter?",,,16 units,,,
G5:S54-F1-Q5,S54-F1-Q5,2251,54,FORWARD 1,5,6.NS.C.8,tf,"The distance between (-5, 0) and (5, 0) is 0.",A. True | B. False,B,False,,,
G5:S54-F2-Q1,S54-F2-Q1,2253,54,FORWARD 2,1,7.G.A.1,sa,"On a map grid, each unit is 2 miles. Two towns are at (1, 3) and (6, 3). What is the actual distance between them?",,,10 miles,,,
G5:S54-F2-Q2,S54-F2-Q2,2254,54,FORWARD 2,2,7.G.A.1,sa,"On a floor plan, each unit is 1 1/2 feet. A wall goes from (0, 0) to (0, 8). How long is the real wall?",,,12 feet,,,
G5:S54-F2-Q3,S54-F2-Q3,2255,54,FORWARD 2,3,7.G.A.1,mc,A scale drawing uses 1 grid unit = 5 m. A path on the grid is 7 units long. How long is the real path?,A. 12 m | B. 35 m | C. 2 m | D. 7 m,B,35 m,,,
G5:S54-F2-Q4,S54-F2-Q4,2256,54,FORWARD 2,4,7.G.A.1,sa,"A garden plan has corners at (0, 0), (6, 0), (6, 4), and (0, 4). Each unit is 3 feet. What are the real length and width?",,,18 feet by 12 feet,,,
G5:S54-F2-Q5,S54-F2-Q5,2257,54,FORWARD 2,5,7.G.A.1,tf,"If each grid unit is 10 km, the points (2, 5) and (2, 9) are 4 km apart.",A. True | B. False,B,False,,,
G5:S55-M-Q1,S55-M-Q1,2260,55,MAIN,1,5.G.B.3,tf,"Every parallelogram has opposite sides of equal length. A rhombus is a parallelogram, so every rhombus has opposite sides of equal length.",A. True | B. False,A,True,,,
G5:S55-M-Q2,S55-M-Q2,2261,55,MAIN,2,5.G.B.3,mc,All parallelograms have two pairs of parallel sides. Which shape must also have two pairs of parallel sides?,A. Kite | B. Pentagon | C. Triangle | D. Rhombus,D,Rhombus,,,
G5:S55-M-Q3,S55-M-Q3,2262,55,MAIN,3,5.G.B.3,sa,A rhombus is a quadrilateral with 4 sides of equal length. Is every square a rhombus? Explain.,,,Yes,,,"A square is a quadrilateral with 4 sides of equal length, so it has every attribute of a rhombus."
G5:S55-M-Q4,S55-M-Q4,2263,55,MAIN,4,5.G.B.3,tf,All quadrilaterals have 4 right angles.,A. True | B. False,B,False,,,
G5:S55-M-Q5,S55-M-Q5,2264,55,MAIN,5,5.G.B.3,mc,Which statement is true?,A. Every parallelogram is a square. | B. Every square is a rectangle. | C. Every quadrilateral is a rectangle. | D. Every rectangle is a square.,B,Every square is a rectangle.,,,
G5:S55-B1-Q1,S55-B1-Q1,2266,55,BACKWARD 1,1,3.G.A.1,sa,How many sides does every quadrilateral have?,,,4,,,
G5:S55-B1-Q2,S55-B1-Q2,2267,55,BACKWARD 1,2,3.G.A.1,tf,"Triangles, rectangles, and squares are all quadrilaterals.",A. True | B. False,B,False,,,
G5:S55-B1-Q3,S55-B1-Q3,2268,55,BACKWARD 1,3,3.G.A.1,mc,Which shape is NOT a quadrilateral?,A. Rectangle | B. Square | C. Rhombus | D. Triangle,D,Triangle,,,
G5:S55-B1-Q4,S55-B1-Q4,2269,55,BACKWARD 1,4,3.G.A.1,tf,A square has 4 sides of equal length.,A. True | B. False,A,True,,,
G5:S55-B1-Q5,S55-B1-Q5,2270,55,BACKWARD 1,5,3.G.A.1,sa,Name a quadrilateral that always has 4 right angles.,,,Rectangle,,,Square is also correct.
G5:S55-B2-Q1,S55-B2-Q1,2272,55,BACKWARD 2,1,4.G.A.1,tf,Parallel lines are always the same distance apart.,A. True | B. False,A,True,,,
G5:S55-B2-Q2,S55-B2-Q2,2273,55,BACKWARD 2,2,4.G.A.1,mc,Which angle measure is a right angle?,A. 90° | B. 180° | C. 45° | D. 120°,A,90°,,,
G5:S55-B2-Q3,S55-B2-Q3,2274,55,BACKWARD 2,3,4.G.A.1,sa,What do we call two lines that meet to form right angles?,,,Perpendicular lines,,,
G5:S55-B2-Q4,S55-B2-Q4,2275,55,BACKWARD 2,4,4.G.A.1,tf,An obtuse angle is smaller than a right angle.,A. True | B. False,B,False,,,
G5:S55-B2-Q5,S55-B2-Q5,2276,55,BACKWARD 2,5,4.G.A.1,mc,How many pairs of parallel sides does a rectangle have?,A. 4 | B. 0 | C. 2 | D. 1,C,2,,,
G5:S55-B3-Q1,S55-B3-Q1,2278,55,BACKWARD 3,1,4.G.A.2,tf,A shape with no parallel sides can still be a quadrilateral.,A. True | B. False,A,True,,,
G5:S55-B3-Q2,S55-B3-Q2,2279,55,BACKWARD 3,2,4.G.A.2,mc,Which kind of triangle has a right angle?,A. An equilateral triangle | B. An acute triangle | C. A right triangle | D. An obtuse triangle,C,A right triangle,,,
G5:S55-B3-Q3,S55-B3-Q3,2280,55,BACKWARD 3,3,4.G.A.2,sa,How many right angles does a square have?,,,4,,,
G5:S55-B3-Q4,S55-B3-Q4,2281,55,BACKWARD 3,4,4.G.A.2,tf,A rhombus always has 4 right angles.,A. True | B. False,B,False,,,
G5:S55-B3-Q5,S55-B3-Q5,2282,55,BACKWARD 3,5,4.G.A.2,mc,Which shape always has two pairs of parallel sides?,A. Rectangle | B. Kite | C. Triangle | D. Pentagon,A,Rectangle,,,
G5:S55-F1-Q1,S55-F1-Q1,2284,55,FORWARD 1,1,6.G.A.3,plot_text,"Plot A(-2, 1), B(3, 1), C(3, -3), and D(-2, -3). Connect them in order. What is the most specific name for the polygon?",,,Rectangle,"A, B, C and D plotted and joined in order A-B-C-D-A",,"Grade both: the four points and the four connecting segments, and the name. The sides are 5 and 4 units with four right angles, so ""rectangle"" is the most specific name. ""Parallelogram"" or ""quadrilateral"" are true but not the most specific; ""square"" is wrong."
G5:S55-F1-Q2,S55-F1-Q2,2285,55,FORWARD 1,2,6.G.A.3,plot_text,"Plot E(0, 3), F(3, 0), G(0, -3), and H(-3, 0). Connect them in order. What is the most specific name for the polygon?",,,Square,"E, F, G and H plotted and joined in order E-F-G-H-E",,"Grade both: the four points and the four connecting segments, and the name. All four sides are equal and all four angles are right angles, so ""square"" is the most specific name. ""Rhombus"", ""rectangle"", ""parallelogram"" and ""quadrilateral"" are true but not the most specific."
G5:S55-F1-Q3,S55-F1-Q3,2286,55,FORWARD 1,3,6.G.A.3,mc,"The points (-1, 2), (4, 2), and (4, -1) are three vertices of a rectangle. What is the fourth vertex?","A. (1, -1) | B. (-1, -1) | C. (-1, 4) | D. (4, 2)",B,"(-1, -1)",,,
G5:S55-F1-Q4,S55-F1-Q4,2287,55,FORWARD 1,4,6.G.A.3,sa,"What is the length of the side from (-2, 5) to (4, 5)?",,,6 units,,,
G5:S55-F1-Q5,S55-F1-Q5,2288,55,FORWARD 1,5,6.G.A.3,tf,"The points (0, 0), (4, 0), (4, 2), and (0, 2) are the vertices of a square.",A. True | B. False,B,False,,,
G5:S55-F2-Q1,S55-F2-Q1,2290,55,FORWARD 2,1,7.G.A.2,plot_text,"Draw a triangle with sides of 3 units, 4 units, and 5 units. Put the 3-unit and 4-unit sides along grid lines. Classify the triangle by its angles.",,,Right triangle,"A triangle with a 3-unit side and a 4-unit side along grid lines meeting at a right angle, and the third side (5 units) joining their ends",,"Grade both: the drawn side lengths 3 and 4 along grid lines with the third side joining them, and ""right triangle""."
G5:S55-F2-Q2,S55-F2-Q2,2291,55,FORWARD 2,2,7.G.A.2,sa,"Can a triangle have sides of 2 cm, 2 cm, and 5 cm? Explain.",,,No,,,"2 + 2 = 4 is less than 5, so the two short sides cannot meet to close the triangle."
G5:S55-F2-Q3,S55-F2-Q3,2292,55,FORWARD 2,3,7.G.A.2,plot_text,"Draw a triangle with angles of 90°, 45°, and 45°. Make its two shorter sides 4 units long, along grid lines. Could a triangle with these same angles be drawn in a different size?",,,Yes,"A right triangle with two 4-unit legs along grid lines meeting at a right angle, and the third side joining their ends",,"Grade both: the drawing (two 4-unit legs at a right angle) and ""yes"": three angles do not fix the size, so larger or smaller triangles with the same angles can be drawn."
G5:S55-F2-Q4,S55-F2-Q4,2293,55,FORWARD 2,4,7.G.A.2,sa,"Can a triangle have angles of 100°, 50°, and 40°? Explain.",,,No,,,"The angles of a triangle add to 180°, but 100 + 50 + 40 = 190."
G5:S55-F2-Q5,S55-F2-Q5,2294,55,FORWARD 2,5,7.G.A.2,plot_text,Draw a quadrilateral that has exactly one pair of parallel sides. What is the name of this kind of quadrilateral?,,,Trapezoid,A quadrilateral with one pair of parallel sides (for example a horizontal top and bottom of different lengths) and one pair of sides that are not parallel,,"Grade both: exactly one pair of parallel sides in the drawing, and the name ""trapezoid""."
G5:S56-M-Q1,S56-M-Q1,2297,56,MAIN,1,5.G.B.4,mc,Which list goes from the most general category to the most specific?,"A. Square, rectangle, parallelogram, quadrilateral | B. Rectangle, square, quadrilateral, parallelogram | C. Quadrilateral, parallelogram, rectangle, square | D. Parallelogram, quadrilateral, square, rectangle",C,"Quadrilateral, parallelogram, rectangle, square",,,
G5:S56-M-Q2,S56-M-Q2,2298,56,MAIN,2,5.G.B.4,tf,"A square is a rectangle, a rhombus, and a parallelogram.",A. True | B. False,A,True,,,
G5:S56-M-Q3,S56-M-Q3,2299,56,MAIN,3,5.G.B.4,sa,"Which of these categories does every rhombus belong to? quadrilateral, parallelogram, rectangle, square",,,Quadrilateral and parallelogram,,,
G5:S56-M-Q4,S56-M-Q4,2300,56,MAIN,4,5.G.B.4,mc,A shape has 4 sides of equal length and 4 right angles. What is the most specific name for it?,A. Rectangle | B. Rhombus | C. Square | D. Quadrilateral,C,Square,,,
G5:S56-M-Q5,S56-M-Q5,2301,56,MAIN,5,5.G.B.4,tf,Every parallelogram is a rhombus.,A. True | B. False,B,False,,,
G5:S56-B1-Q1,S56-B1-Q1,2303,56,BACKWARD 1,1,3.G.A.1,tf,A rectangle is a quadrilateral.,A. True | B. False,A,True,,,
G5:S56-B1-Q2,S56-B1-Q2,2304,56,BACKWARD 1,2,3.G.A.1,mc,Which shape always has 4 sides of equal length?,A. Triangle | B. Rectangle | C. Rhombus | D. Kite,C,Rhombus,,,
G5:S56-B1-Q3,S56-B1-Q3,2305,56,BACKWARD 1,3,3.G.A.1,sa,How many angles does a quadrilateral have?,,,4,,,
G5:S56-B1-Q4,S56-B1-Q4,2306,56,BACKWARD 1,4,3.G.A.1,tf,Every quadrilateral is a square.,A. True | B. False,B,False,,,
G5:S56-B1-Q5,S56-B1-Q5,2307,56,BACKWARD 1,5,3.G.A.1,sa,Name a shape that is a quadrilateral but is not a parallelogram.,,,A trapezoid with exactly one pair of parallel sides,,,"Any quadrilateral with fewer than two pairs of parallel sides is correct, for example a trapezoid with exactly one pair of parallel sides or a kite with no parallel sides. A rhombus, rectangle or square is wrong because each is a parallelogram."
G5:S56-B2-Q1,S56-B2-Q1,2309,56,BACKWARD 2,1,4.G.A.2,tf,A quadrilateral with 2 pairs of parallel sides is a parallelogram.,A. True | B. False,A,True,,,
G5:S56-B2-Q2,S56-B2-Q2,2310,56,BACKWARD 2,2,4.G.A.2,mc,Which shape always has 4 right angles?,A. Rectangle | B. Parallelogram | C. Kite | D. Rhombus,A,Rectangle,,,
G5:S56-B2-Q3,S56-B2-Q3,2311,56,BACKWARD 2,3,4.G.A.2,sa,How many pairs of parallel sides does a parallelogram have?,,,2,,,
G5:S56-B2-Q4,S56-B2-Q4,2312,56,BACKWARD 2,4,4.G.A.2,tf,The sides of a square that meet at a corner are perpendicular.,A. True | B. False,A,True,,,
G5:S56-B2-Q5,S56-B2-Q5,2313,56,BACKWARD 2,5,4.G.A.2,mc,Which description fits every rhombus?,A. No parallel sides | B. 3 sides | C. 4 sides of equal length | D. 4 right angles,C,4 sides of equal length,,,
G5:S56-F1-Q1,S56-F1-Q1,2315,56,FORWARD 1,1,6.G.A.1,sa,A parallelogram has a base of 10 cm and a height of 6 cm. What is its area?,,,60 square cm,,,
G5:S56-F1-Q2,S56-F1-Q2,2316,56,FORWARD 1,2,6.G.A.1,sa,A rhombus has a base of 7 in. and a height of 5 in. What is its area?,,,35 square inches,,,
G5:S56-F1-Q3,S56-F1-Q3,2317,56,FORWARD 1,3,6.G.A.1,mc,"A trapezoid has bases of 4 m and 10 m and a height of 6 m. It is cut into a 4-m by 6-m rectangle and two triangles, each with a base of 3 m and a height of 6 m. What is the area of the trapezoid?",A. 84 square meters | B. 42 square meters | C. 60 square meters | D. 24 square meters,B,42 square meters,,,
G5:S56-F1-Q4,S56-F1-Q4,2318,56,FORWARD 1,4,6.G.A.1,sa,A trapezoid has bases of 6 ft and 10 ft and a height of 4 ft. What is its area?,,,32 square feet,,,
G5:S56-F1-Q5,S56-F1-Q5,2319,56,FORWARD 1,5,6.G.A.1,tf,A parallelogram has a greater area than a rectangle with the same base and the same height.,A. True | B. False,B,False,,,
G5:S56-F2-Q1,S56-F2-Q1,2321,56,FORWARD 2,1,7.G.A.2,plot_text,Draw a rectangle that is not a square. Write its side lengths.,,,"Two different lengths that match the drawing, for example 6 units by 3 units",A rectangle drawn along grid lines with two different side lengths,,"Grade both: four right angles with unequal adjacent sides in the drawing, and side lengths that match it."
G5:S56-F2-Q2,S56-F2-Q2,2322,56,FORWARD 2,2,7.G.A.2,plot_text,"Draw a rhombus that is not a square, with every side 5 units long. (Hint: a side can go 3 units across and 4 units up.) How do you know it is not a square?",,,Its angles are not right angles.,"A quadrilateral with four 5-unit sides whose angles are not right angles, for example with vertices (0, 0), (5, 0), (8, 4) and (3, 4)",,"Grade both: four equal sides that are not perpendicular, and a reason that names the angles (not right angles)."
G5:S56-F2-Q3,S56-F2-Q3,2323,56,FORWARD 2,3,7.G.A.2,sa,Can a quadrilateral have exactly 3 right angles? Explain.,,,No,,,"The angles of a quadrilateral add to 360°. If three are 90°, the fourth is 360 - 270 = 90°, so it has 4 right angles."
G5:S56-F2-Q4,S56-F2-Q4,2324,56,FORWARD 2,4,7.G.A.2,plot_text,"Draw a parallelogram that is not a rectangle, with a base of 6 units and a height of 3 units. What is its area?",,,18 square units,"A parallelogram with a 6-unit base along a grid line and the opposite side 3 units above it, shifted sideways so the angles are not right angles",,"Grade both: the drawing meets all three conditions, and the area 18 square units."
G5:S56-F2-Q5,S56-F2-Q5,2325,56,FORWARD 2,5,7.G.A.2,sa,"A triangle has sides of 6 cm, 6 cm, and 6 cm. Can triangles of different shapes be drawn with these sides? Explain.",,,No,,,Three side lengths determine one unique triangle (here an equilateral triangle); every copy is the same shape and size.
G5:S57-M-Q1,S57-M-Q1,2328,57,MAIN,1,5.G.B.4,mc,"A triangle has sides of 6 cm, 6 cm, and 6 cm. Which name fits it?",A. Obtuse | B. Scalene | C. Equilateral | D. Right,C,Equilateral,,,
G5:S57-M-Q2,S57-M-Q2,2329,57,MAIN,2,5.G.B.4,sa,"A triangle has angles of 90°, 50°, and 40°. Classify it by its angles.",,,Right triangle,,,
G5:S57-M-Q3,S57-M-Q3,2330,57,MAIN,3,5.G.B.4,tf,An isosceles triangle has at least two sides of equal length. Every equilateral triangle is also an isosceles triangle.,A. True | B. False,A,True,,,
G5:S57-M-Q4,S57-M-Q4,2331,57,MAIN,4,5.G.B.4,mc,"A triangle has sides of 3, 5, and 7 units and an angle of 120°. Which name fits it?",A. Acute equilateral | B. Right scalene | C. Right isosceles | D. Obtuse scalene,D,Obtuse scalene,,,
G5:S57-M-Q5,S57-M-Q5,2332,57,MAIN,5,5.G.B.4,sa,"A triangle has angles of 70°, 70°, and 40°. Classify it by its angles and by its sides.",,,Acute; isosceles,,,Two equal angles mean two equal sides.
G5:S57-B1-Q1,S57-B1-Q1,2334,57,BACKWARD 1,1,4.G.A.2,tf,A right triangle has exactly one right angle.,A. True | B. False,A,True,,,
G5:S57-B1-Q2,S57-B1-Q2,2335,57,BACKWARD 1,2,4.G.A.2,mc,Which angle measure is obtuse?,A. 10° | B. 45° | C. 130° | D. 90°,C,130°,,,
G5:S57-B1-Q3,S57-B1-Q3,2336,57,BACKWARD 1,3,4.G.A.2,sa,A triangle has one angle greater than 90°. What kind of triangle is it?,,,Obtuse triangle,,,
G5:S57-B1-Q4,S57-B1-Q4,2337,57,BACKWARD 1,4,4.G.A.2,tf,"In an acute triangle, all three angles are less than 90°.",A. True | B. False,A,True,,,
G5:S57-B1-Q5,S57-B1-Q5,2338,57,BACKWARD 1,5,4.G.A.2,mc,Which angle measure is acute?,A. 100° | B. 180° | C. 60° | D. 90°,C,60°,,,
G5:S57-B2-Q1,S57-B2-Q1,2340,57,BACKWARD 2,1,4.G.A.1,tf,A right angle measures 90°.,A. True | B. False,A,True,,,
G5:S57-B2-Q2,S57-B2-Q2,2341,57,BACKWARD 2,2,4.G.A.1,mc,What kind of angle measures 35°?,A. Right | B. Straight | C. Obtuse | D. Acute,D,Acute,,,
G5:S57-B2-Q3,S57-B2-Q3,2342,57,BACKWARD 2,3,4.G.A.1,sa,What kind of angle measures 150°?,,,Obtuse,,,
G5:S57-B2-Q4,S57-B2-Q4,2343,57,BACKWARD 2,4,4.G.A.1,tf,Two right angles together make 360°.,A. True | B. False,B,False,,,
G5:S57-B2-Q5,S57-B2-Q5,2344,57,BACKWARD 2,5,4.G.A.1,sa,What kind of angle measures exactly 90°?,,,Right angle,,,
G5:S57-B3-Q1,S57-B3-Q1,2346,57,BACKWARD 3,1,2.G.A.1,sa,How many sides does a triangle have?,,,3,,,
G5:S57-B3-Q2,S57-B3-Q2,2347,57,BACKWARD 3,2,2.G.A.1,tf,A triangle has 3 angles.,A. True | B. False,A,True,,,
G5:S57-B3-Q3,S57-B3-Q3,2348,57,BACKWARD 3,3,2.G.A.1,mc,Which shape has 3 sides?,A. Square | B. Hexagon | C. Pentagon | D. Triangle,D,Triangle,,,
G5:S57-B3-Q4,S57-B3-Q4,2349,57,BACKWARD 3,4,2.G.A.1,tf,All triangles have sides of equal length.,A. True | B. False,B,False,,,
G5:S57-B3-Q5,S57-B3-Q5,2350,57,BACKWARD 3,5,2.G.A.1,sa,How many vertices (corners) does a triangle have?,,,3,,,
G5:S57-F1-Q1,S57-F1-Q1,2352,57,FORWARD 1,1,6.G.A.1,sa,A right triangle has legs that are 6 cm and 8 cm long. What is its area?,,,24 square cm,,,
G5:S57-F1-Q2,S57-F1-Q2,2353,57,FORWARD 1,2,6.G.A.1,sa,A triangle has a base of 10 in. and a height of 7 in. What is its area?,,,35 square inches,,,
G5:S57-F1-Q3,S57-F1-Q3,2354,57,FORWARD 1,3,6.G.A.1,mc,"An obtuse triangle has a base of 5 m. Its height, measured outside the triangle, is 4 m. What is its area?",A. 20 square meters | B. 40 square meters | C. 10 square meters | D. 9 square meters,C,10 square meters,,,
G5:S57-F1-Q4,S57-F1-Q4,2355,57,FORWARD 1,4,6.G.A.1,sa,Find the area of the triangle.,,,20 square feet,,,
G5:S57-F1-Q5,S57-F1-Q5,2356,57,FORWARD 1,5,6.G.A.1,tf,Two triangles with the same base and the same height have the same area.,A. True | B. False,A,True,,,
G5:S57-F2-Q1,S57-F2-Q1,2358,57,FORWARD 2,1,7.G.B.5,sa,The two angles form a straight line. Write an equation and solve for x.,,,(3x + 20) + 64 = 180; x = 32,,,Any equivalent equation is correct (for example 3x + 84 = 180). Both the equation and x = 32 are required.
G5:S57-F2-Q2,S57-F2-Q2,2359,57,FORWARD 2,2,7.G.B.5,sa,The two angles together form a right angle. Write an equation and solve for x.,,,(2x + 15) + 35 = 90; x = 20,,,Any equivalent equation is correct (for example 2x + 50 = 90). Both the equation and x = 20 are required.
G5:S57-F2-Q3,S57-F2-Q3,2360,57,FORWARD 2,3,7.G.B.5,sa,Two lines cross. The marked angles are vertical angles. Write an equation and solve for x.,,,4x - 10 = 50; x = 15,,,Vertical angles are equal. Any equivalent equation is correct. Both the equation and x = 15 are required.
G5:S57-F2-Q4,S57-F2-Q4,2361,57,FORWARD 2,4,7.G.B.5,mc,Three angles together form a straight line. Which equation can be used to find x?,A. x = 40 × 70 | B. 40 + x + 70 = 180 | C. 40 + x = 70 | D. 40 + x + 70 = 90,B,40 + x + 70 = 180,,,
G5:S57-F2-Q5,S57-F2-Q5,2362,57,FORWARD 2,5,7.G.B.5,sa,"Angle ABC and angle CBD together form a straight line. Angle ABC is (5x)° and angle CBD is (x + 30)°. Write an equation, solve for x, and find both angles.",,,"5x + (x + 30) = 180; x = 25; angle ABC = 125°, angle CBD = 55°",,,Any equivalent equation is correct (6x + 30 = 180). All three parts are required.
G5:S71-M-Q1,S71-M-Q1,2365,71,MAIN,1,5.G.B.4,mc,Which list goes from the most general category to the most specific?,"A. Triangle, isosceles triangle, equilateral triangle | B. Isosceles triangle, triangle, equilateral triangle | C. Triangle, equilateral triangle, isosceles triangle | D. Equilateral triangle, isosceles triangle, triangle",A,"Triangle, isosceles triangle, equilateral triangle",,,
G5:S71-M-Q2,S71-M-Q2,2366,71,MAIN,2,5.G.B.4,tf,Every right isosceles triangle belongs to both the category of right triangles and the category of isosceles triangles.,A. True | B. False,A,True,,,
G5:S71-M-Q3,S71-M-Q3,2367,71,MAIN,3,5.G.B.4,sa,"Isosceles means at least two sides of equal length. A triangle has sides of 7, 7, and 7 units. Which of these categories does it belong to? triangle, isosceles, equilateral, scalene",,,"Triangle, isosceles, and equilateral",,,All three are required. Scalene is wrong because a scalene triangle has no sides of equal length.
G5:S71-M-Q4,S71-M-Q4,2368,71,MAIN,4,5.G.B.4,mc,Isosceles means at least two sides of equal length. Which statement is true?,A. Some isosceles triangles are equilateral. | B. No right triangle is isosceles. | C. Every isosceles triangle is equilateral. | D. Some scalene triangles are isosceles.,A,Some isosceles triangles are equilateral.,,,
G5:S71-M-Q5,S71-M-Q5,2369,71,MAIN,5,5.G.B.4,sa,Explain why a triangle cannot be both a right triangle and an obtuse triangle.,,,"A right triangle has a 90° angle and an obtuse triangle has an angle greater than 90°. The three angles of a triangle add to 180°, so these two angles together would already be more than 180°.",,,"Accept the 180° angle-sum reason, or that a triangle can have only one angle of 90° or more because the two sides would never meet. The categories ""right"" and ""obtuse"" do not overlap."
G5:S71-B1-Q1,S71-B1-Q1,2371,71,BACKWARD 1,1,4.G.A.2,tf,"A triangle with angles of 30°, 60°, and 90° is a right triangle.",A. True | B. False,A,True,,,
G5:S71-B1-Q2,S71-B1-Q2,2372,71,BACKWARD 1,2,4.G.A.2,mc,"A triangle has angles of 110°, 40°, and 30°. What kind of triangle is it?",A. Equilateral | B. Acute | C. Right | D. Obtuse,D,Obtuse,,,
G5:S71-B1-Q3,S71-B1-Q3,2373,71,BACKWARD 1,3,4.G.A.2,sa,"A triangle has angles of 50°, 60°, and 70°. Is it acute, right, or obtuse?",,,Acute,,,
G5:S71-B1-Q4,S71-B1-Q4,2374,71,BACKWARD 1,4,4.G.A.2,tf,A triangle can have two obtuse angles.,A. True | B. False,B,False,,,
G5:S71-B1-Q5,S71-B1-Q5,2375,71,BACKWARD 1,5,4.G.A.2,mc,Which three angles could be the angles of an acute triangle?,"A. 100°, 50°, 30° | B. 120°, 30°, 30° | C. 80°, 60°, 40° | D. 90°, 45°, 45°",C,"80°, 60°, 40°",,,
G5:S71-B2-Q1,S71-B2-Q1,2377,71,BACKWARD 2,1,3.G.A.1,tf,"Rhombuses, rectangles, and squares are all quadrilaterals.",A. True | B. False,A,True,,,
G5:S71-B2-Q2,S71-B2-Q2,2378,71,BACKWARD 2,2,3.G.A.1,mc,What do all quadrilaterals have in common?,A. 4 right angles | B. 4 sides | C. 2 pairs of parallel sides | D. 4 sides of equal length,B,4 sides,,,
G5:S71-B2-Q3,S71-B2-Q3,2379,71,BACKWARD 2,3,3.G.A.1,sa,Name a quadrilateral that is not a rectangle.,,,A rhombus that is not a square,,,"Any quadrilateral that is not a rectangle is correct, for example a trapezoid or a rhombus that is not a square."
G5:S71-B2-Q4,S71-B2-Q4,2380,71,BACKWARD 2,4,3.G.A.1,tf,Every quadrilateral is a rhombus.,A. True | B. False,B,False,,,
G5:S71-B2-Q5,S71-B2-Q5,2381,71,BACKWARD 2,5,3.G.A.1,mc,A square is also a ___.,A. rectangle | B. pentagon | C. hexagon | D. triangle,A,rectangle,,,
G5:S71-F1-Q1,S71-F1-Q1,2383,71,FORWARD 1,1,6.G.A.1,sa,A right isosceles triangle has legs that are 6 cm long. What is its area?,,,18 square cm,,,
G5:S71-F1-Q2,S71-F1-Q2,2384,71,FORWARD 1,2,6.G.A.1,tf,A triangle with a base of 4 in. and a height of 3 1/2 in. has an area of 7 square inches.,A. True | B. False,A,True,,,
G5:S71-F1-Q3,S71-F1-Q3,2385,71,FORWARD 1,3,6.G.A.1,mc,A square with sides of 8 m is cut along a diagonal into two triangles. What is the area of each triangle?,A. 64 square meters | B. 8 square meters | C. 32 square meters | D. 16 square meters,C,32 square meters,,,
G5:S71-F1-Q4,S71-F1-Q4,2386,71,FORWARD 1,4,6.G.A.1,sa,An isosceles triangle has a base of 10 ft and a height of 12 ft. What is its area?,,,60 square feet,,,
G5:S71-F1-Q5,S71-F1-Q5,2387,71,FORWARD 1,5,6.G.A.1,tf,A right triangle with legs of 5 units and 9 units has an area of 45 square units.,A. True | B. False,B,False,,,
G5:S71-F2-Q1,S71-F2-Q1,2389,71,FORWARD 2,1,7.G.A.2,mc,"How many differently shaped triangles can be drawn with sides of 5 cm, 5 cm, and 8 cm?",A. Exactly two | B. More than one | C. Exactly one | D. None,C,Exactly one,,,
G5:S71-F2-Q2,S71-F2-Q2,2390,71,FORWARD 2,2,7.G.A.2,tf,"Triangles of many different sizes can be drawn with angles of 60°, 60°, and 60°.",A. True | B. False,A,True,,,
G5:S71-F2-Q3,S71-F2-Q3,2391,71,FORWARD 2,3,7.G.A.2,sa,"Can a triangle have sides of 3 m, 4 m, and 8 m? Explain.",,,No,,,"3 + 4 = 7 is less than 8, so the two shorter sides cannot meet."
G5:S71-F2-Q4,S71-F2-Q4,2392,71,FORWARD 2,4,7.G.A.2,tf,"A triangle can have angles of 90°, 60°, and 40°.",A. True | B. False,B,False,,,
G5:S71-F2-Q5,S71-F2-Q5,2393,71,FORWARD 2,5,7.G.A.2,sa,"Can a right triangle also be isosceles? If it can, give its angle measures.",,,"Yes; 90°, 45°, 45°",,,
