id,page,set,section,number,standard,type,question,choices,correct_letter,correct_answer,grading_note
S1-M-Q1,9,1,MAIN,1,6.RP.A.1,sa,A fruit bowl has 5 pears and 8 plums. Write the ratio of pears to plums.,,,5 : 8,
S1-M-Q2,10,1,MAIN,2,6.RP.A.1,sa,A choir has 14 sopranos and 9 altos. Write the ratio of altos to sopranos.,,,9 : 14,
S1-M-Q3,11,1,MAIN,3,6.RP.A.1,sa,The table shows the pets owned by students in a class. Write the ratio of dogs to fish.,,,11 : 4,
S1-M-Q4,12,1,MAIN,4,6.RP.A.1,sa,A parking lot has 13 cars and 7 trucks. There are no other vehicles. Write the ratio of trucks to all of the vehicles.,,,7 : 20,
S1-M-Q5,13,1,MAIN,5,6.RP.A.1,sa,A bag has 20 marbles. 12 are green and the rest are yellow. Write the ratio of yellow marbles to green marbles.,,,8 : 12,Equivalent ratio 2 : 3 is also correct
S1-B1-Q1,15,1,BACKWARD 1,1,3.MD.B.3,sa,The graph shows the favorite fruits of a class. How many students chose grape?,,,8,
S1-B1-Q2,16,1,BACKWARD 1,2,3.MD.B.3,sa,The graph shows the favorite fruits of a class. How many students chose banana?,,,4,
S1-B1-Q3,17,1,BACKWARD 1,3,3.MD.B.3,sa,The table shows the pets owned by students. How many students own cats?,,,6,
S1-B1-Q4,18,1,BACKWARD 1,4,3.MD.B.3,mc,Which fruit was chosen by 2 students?,A. Grape | B. Orange | C. Banana | D. Apple,B,Orange,
S1-B1-Q5,19,1,BACKWARD 1,5,3.MD.B.3,tf,6 students chose apple.,A. True | B. False,A,True,
S1-B2-Q1,21,1,BACKWARD 2,1,2.OA.A.1,sa,A team has 9 boys and 6 girls. How many players are on the team?,,,15,
S1-B2-Q2,22,1,BACKWARD 2,2,2.OA.A.1,sa,A box holds 24 crayons. 15 are broken. How many crayons are NOT broken?,,,9,
S1-B2-Q3,23,1,BACKWARD 2,3,2.OA.A.1,tf,A shelf has 7 red books and 12 blue books. There are 19 books in all.,A. True | B. False,A,True,
S1-B2-Q4,24,1,BACKWARD 2,4,2.OA.A.1,mc,A garden has 30 plants. 18 are flowers and the rest are herbs. How many herbs are there?,A. 12 | B. 18 | C. 22 | D. 48,A,12,
S1-B2-Q5,25,1,BACKWARD 2,5,2.OA.A.1,sa,A bus has 17 adults and 26 children. How many people are on the bus?,,,43,
S1-B3-Q1,27,1,BACKWARD 3,1,3.NF.A.1,sa,The bar is divided into equal parts. What fraction of the bar is shaded?,,,3/7,
S1-B3-Q2,28,1,BACKWARD 3,2,3.NF.A.1,sa,A pizza is cut into 6 equal slices. Ava eats 5 slices. What fraction of the pizza does Ava eat?,,,5/6,
S1-B3-Q3,29,1,BACKWARD 3,3,3.NF.A.1,tf,A bar is cut into 4 equal parts and 1 part is shaded. The shaded part is 1/4 of the bar.,A. True | B. False,A,True,
S1-B3-Q4,30,1,BACKWARD 3,4,3.NF.A.1,mc,What fraction of the bar is shaded?,A. 2/5 | B. 3/5 | C. 2/3 | D. 5/2,A,2/5,
S1-B3-Q5,31,1,BACKWARD 3,5,3.NF.A.1,sa,A field has 8 equal sections. Corn grows in 3 of the sections. What fraction of the field has corn?,,,3/8,
S1-F1-Q1,33,1,FORWARD 1,1,7.RP.A.1,sa,A dressing uses 1/2 cup of oil for every 3/4 cup of vinegar. How many cups of oil are used per cup of vinegar?,,,2/3 cup,
S1-F1-Q2,34,1,FORWARD 1,2,7.RP.A.1,sa,Mia paints 2/3 of a fence in 1/2 hour. How much of the fence does she paint per hour?,,,4/3 = 1 1/3 fences per hour,
S1-F1-Q3,35,1,FORWARD 1,3,7.RP.A.1,mc,A garden uses 3/4 bag of soil for every 3/8 bag of mulch. How many bags of soil are used per bag of mulch?,A. 9/32 | B. 1/2 | C. 1 1/8 | D. 2,D,2,
S1-F1-Q4,36,1,FORWARD 1,4,7.RP.A.1,sa,A cyclist rides 2 1/2 miles in 1/6 hour. What is the speed in miles per hour?,,,15 miles per hour,
S1-F1-Q5,37,1,FORWARD 1,5,7.RP.A.1,sa,A pump moves 5/8 gallon of water every 1/4 minute. How many gallons does it move per minute?,,,5/2 = 2 1/2 gallons per minute,
S1-F2-Q1,39,1,FORWARD 2,1,8.EE.B.5,sa,The graph shows a proportional relationship between minutes and gallons. What is the slope of the line?,,,5/2 = 2.5,
S1-F2-Q2,40,1,FORWARD 2,2,8.EE.B.5,sa,"The graph of a proportional relationship passes through (0, 0) and (6, 9). What is the slope?",,,3/2 = 1.5,
S1-F2-Q3,41,1,FORWARD 2,3,8.EE.B.5,sa,The graph shows the distance a car travels. What is the slope of the line in miles per hour?,,,60,
S1-F2-Q4,42,1,FORWARD 2,4,8.EE.B.5,mc,A proportional relationship has a unit rate of 4 dollars per pound. Which point is on its graph?,"A. (3, 12) | B. (4, 1) | C. (3, 7) | D. (12, 3)",A,"(3, 12)",
S1-F2-Q5,43,1,FORWARD 2,5,8.EE.B.5,tf,"For y = 2.5x, the unit rate is 2.5, and the slope of its graph is also 2.5.",A. True | B. False,A,True,
S2-M-Q1,46,2,MAIN,1,6.RP.A.1,mc,A recipe uses 5 cups of flour for every 2 cups of sugar. Which statement describes the same ratio?,"A. For every 7 cups of sugar, there are 5 cups of flour. | B. The ratio of sugar to flour is 2 : 5. | C. For every 2 cups of flour, there are 5 cups of sugar. | D. The ratio of flour to sugar is 2 : 5.",B,The ratio of sugar to flour is 2 : 5.,
S2-M-Q2,47,2,MAIN,2,6.RP.A.1,mc,"At an aquarium, the ratio of sharks to rays is 4 : 9. Which statement is true?","A. For every 4 rays, there are 9 sharks. | B. For every 9 sharks, there are 4 rays. | C. For every 13 sharks, there are 4 rays. | D. For every 9 rays, there are 4 sharks.",D,"For every 9 rays, there are 4 sharks.",
S2-M-Q3,48,2,MAIN,3,6.RP.A.1,mc,The ratio of red beads to blue beads is 3 : 7. Which statement is true?,"A. For every 10 blue beads, there are 3 red beads. | B. For every 7 red beads, there are 3 blue beads. | C. For every 3 red beads, there are 7 blue beads. | D. For every 3 blue beads, there are 7 red beads.",C,"For every 3 red beads, there are 7 blue beads.",
S2-M-Q4,49,2,MAIN,4,6.RP.A.1,mc,"At a camp, there are 2 counselors for every 9 campers. What is the ratio of campers to counselors?",A. 2 : 9 | B. 11 : 9 | C. 9 : 2 | D. 2 : 11,C,9 : 2,
S2-M-Q5,50,2,MAIN,5,6.RP.A.1,mc,"In a class vote, there were 4 votes for pizza for every 3 votes for tacos. Which statement is true?",A. The ratio of pizza votes to taco votes is 3 : 4. | B. The ratio of pizza votes to all votes is 4 : 3. | C. There were 4 taco votes for every 3 pizza votes. | D. The ratio of taco votes to pizza votes is 3 : 4.,D,The ratio of taco votes to pizza votes is 3 : 4.,
S2-B1-Q1,52,2,BACKWARD 1,1,3.OA.A.1,tf,4 × 6 can mean 4 groups with 6 in each group.,A. True | B. False,A,True,
S2-B1-Q2,53,2,BACKWARD 1,2,3.OA.A.1,mc,There are 3 bags with 5 apples in each bag. Which expression shows the total?,A. 3 × 5 | B. 5 - 3 | C. 3 + 5 | D. 5 ÷ 3,A,3 × 5,
S2-B1-Q3,54,2,BACKWARD 1,3,3.OA.A.1,sa,There are 7 tables with 4 chairs at each table. How many chairs are there?,,,28,
S2-B1-Q4,55,2,BACKWARD 1,4,3.OA.A.1,tf,"""2 wheels for every bike"" means each bike has 2 wheels.",A. True | B. False,A,True,
S2-B1-Q5,56,2,BACKWARD 1,5,3.OA.A.1,mc,What does 6 × 2 mean?,A. 6 groups of 2 | B. 62 | C. 6 more than 2 | D. 6 minus 2,A,6 groups of 2,
S2-B2-Q1,58,2,BACKWARD 2,1,4.OA.A.1,tf,24 is 3 times as many as 8.,A. True | B. False,A,True,
S2-B2-Q2,59,2,BACKWARD 2,2,4.OA.A.1,mc,"Which equation shows ""42 is 6 times as many as 7""?",A. 42 = 6 + 7 | B. 42 = 6 × 7 | C. 42 - 7 = 6 | D. 7 = 6 × 42,B,42 = 6 × 7,
S2-B2-Q3,60,2,BACKWARD 2,3,4.OA.A.1,tf,18 is 6 times as many as 3.,A. True | B. False,A,True,
S2-B2-Q4,61,2,BACKWARD 2,4,4.OA.A.1,sa,Fill in the blank. 45 is ___ times as many as 9.,,,5,
S2-B2-Q5,62,2,BACKWARD 2,5,4.OA.A.1,tf,20 is 4 times as many as 16.,A. True | B. False,B,False,
S2-F1-Q1,64,2,FORWARD 1,1,7.RP.A.2.b,sa,A candle burns 2 inches every 3 hours at a constant rate. What is the constant of proportionality in inches per hour?,,,2/3 inch per hour,
S2-F1-Q2,65,2,FORWARD 1,2,7.RP.A.2.b,sa,"For every 5 laps, Jo swims 250 meters. What is the constant of proportionality in meters per lap?",,,50 meters per lap,
S2-F1-Q3,66,2,FORWARD 1,3,7.RP.A.2.b,mc,A machine fills 18 bottles for every 4 minutes. What is the constant of proportionality in bottles per minute?,A. 2/9 | B. 4.5 | C. 14 | D. 72,B,4.5,
S2-F1-Q4,67,2,FORWARD 1,4,7.RP.A.2.b,sa,"For every 8 cups of water, a recipe uses 3 cups of rice. What is the constant of proportionality in cups of rice per cup of water?",,,3/8,
S2-F1-Q5,68,2,FORWARD 1,5,7.RP.A.2.b,tf,"For every 6 pounds of apples, the cost is $9. The constant of proportionality is 1.5 dollars per pound.",A. True | B. False,A,True,
S2-F2-Q1,70,2,FORWARD 2,1,8.EE.B.5,mc,"Cyclist A's distance is shown in the graph. Cyclist B rides according to d = 7.5t, where d is miles and t is hours. Which cyclist is faster?",A. Cyclist A | B. Cyclist B | C. They ride at the same speed.,A,Cyclist A,
S2-F2-Q2,71,2,FORWARD 2,2,8.EE.B.5,sa,"Tank A fills according to y = 12x, where x is minutes and y is gallons. The graph of Tank B is a line through (0, 0) and (3, 45). Which tank fills faster, and by how many gallons per minute?",,,"Tank B is faster, by 3 gallons per minute",Tank B rate = 45/3 = 15 gal/min; Tank A = 12 gal/min
S2-F2-Q3,72,2,FORWARD 2,3,8.EE.B.5,mc,Store A: 2 pounds of apples cost $3.50. Store B: the cost is c = 1.6p for p pounds. Which store charges less per pound?,A. Store A | B. Store B | C. They charge the same.,B,Store B,
S2-F2-Q4,73,2,FORWARD 2,4,8.EE.B.5,mc,Printer A prints 3 pages for every 2 seconds. Printer B prints according to p = 1.4s. Which printer is faster?,A. Printer A | B. Printer B | C. They are the same.,A,Printer A,
S2-F2-Q5,74,2,FORWARD 2,5,8.EE.B.5,sa,"Car A travels 150 miles in 3 hours at a constant speed. Car B travels according to d = 48t. How much faster is Car A, in miles per hour?",,,2 miles per hour,Car A = 150/3 = 50 mph; Car B = 48 mph
S3-M-Q1,77,3,MAIN,1,6.RP.A.2,sa,A car travels 150 miles in 3 hours at a constant speed. What is the unit rate in miles per hour?,,,50 miles per hour,
S3-M-Q2,78,3,MAIN,2,6.RP.A.2,sa,A 4-pound bag of rice costs $12. What is the price per pound?,,,$3 per pound,
S3-M-Q3,79,3,MAIN,3,6.RP.A.2,sa,A punch recipe uses 5 cups of juice for every 8 cups of water. How many cups of juice are used for each cup of water?,,,5/8 cup,
S3-M-Q4,80,3,MAIN,4,6.RP.A.2,mc,There are 2 teachers for every 30 students on a field trip. How many students are there per teacher?,A. 15 | B. 28 | C. 30 | D. 60,A,15,
S3-M-Q5,81,3,MAIN,5,6.RP.A.2,sa,A printer prints 90 pages in 6 minutes. How many pages does it print per minute?,,,15 pages per minute,
S3-B1-Q1,83,3,BACKWARD 1,1,4.NBT.B.6,sa,Find the quotient. 150 ÷ 3,,,50,
S3-B1-Q2,84,3,BACKWARD 1,2,4.NBT.B.6,mc,Which is equal to 96 ÷ 4?,A. 22 | B. 23 | C. 24 | D. 26,C,24,
S3-B1-Q3,85,3,BACKWARD 1,3,4.NBT.B.6,tf,84 ÷ 6 = 14,A. True | B. False,A,True,
S3-B1-Q4,86,3,BACKWARD 1,4,4.NBT.B.6,sa,Find the quotient. 212 ÷ 4,,,53,
S3-B1-Q5,87,3,BACKWARD 1,5,4.NBT.B.6,sa,Find the quotient. 135 ÷ 5,,,27,
S3-B2-Q1,89,3,BACKWARD 2,1,5.NF.B.3,sa,Write 5 ÷ 8 as a fraction.,,,5/8,
S3-B2-Q2,90,3,BACKWARD 2,2,5.NF.B.3,tf,2/5 means the same as 2 ÷ 5.,A. True | B. False,A,True,
S3-B2-Q3,91,3,BACKWARD 2,3,5.NF.B.3,sa,Four friends share 3 sandwiches equally. How much sandwich does each friend get?,,,3/4 of a sandwich,
S3-B2-Q4,92,3,BACKWARD 2,4,5.NF.B.3,mc,Which division expression is equal to 7/8?,A. 8 ÷ 7 | B. 8 - 7 | C. 7 ÷ 8 | D. 7 × 8,C,7 ÷ 8,
S3-B2-Q5,93,3,BACKWARD 2,5,5.NF.B.3,sa,A 5-yard ribbon is cut into 6 equal pieces. How long is each piece?,,,5/6 yard,
S3-B3-Q1,95,3,BACKWARD 3,1,3.OA.A.2,sa,12 apples are packed equally into 4 bags. How many apples are in each bag?,,,3,
S3-B3-Q2,96,3,BACKWARD 3,2,3.OA.A.2,tf,"""5 miles per hour"" means 5 miles for each 1 hour.",A. True | B. False,A,True,
S3-B3-Q3,97,3,BACKWARD 3,3,3.OA.A.2,mc,"Which phrase means the same as ""$2 per pound""?",A. $2 for each pound | B. $2 for all of the pounds | C. 2 pounds for each dollar | D. $2 more than a pound,A,$2 for each pound,
S3-B3-Q4,98,3,BACKWARD 3,4,3.OA.A.2,sa,"A farmer puts 24 eggs into cartons, 6 eggs per carton. How many cartons does the farmer fill?",,,4,
S3-B3-Q5,99,3,BACKWARD 3,5,3.OA.A.2,sa,Jen reads 40 pages in 5 days. She reads the same number of pages each day. How many pages does she read per day?,,,8,
S3-F1-Q1,101,3,FORWARD 1,1,7.RP.A.1,sa,Kim walks 3/4 mile in 1/4 hour. What is her speed in miles per hour?,,,3 miles per hour,
S3-F1-Q2,102,3,FORWARD 1,2,7.RP.A.1,sa,"A painter paints 2/3 of a wall in 1/3 hour. At this rate, how many walls can the painter paint per hour?",,,2 walls per hour,
S3-F1-Q3,103,3,FORWARD 1,3,7.RP.A.1,sa,A snail crawls 5/6 foot in 1/3 minute. How many feet does it crawl per minute?,,,5/2 = 2 1/2 feet per minute,
S3-F1-Q4,104,3,FORWARD 1,4,7.RP.A.1,mc,A machine fills 3/4 of a tank in 1/2 hour. How many tanks does it fill per hour?,A. 1/4 | B. 3/8 | C. 1 1/4 | D. 1 1/2,D,1 1/2,
S3-F1-Q5,105,3,FORWARD 1,5,7.RP.A.1,sa,Leo mows 7/8 of an acre in 1/2 hour. How many acres does he mow per hour?,,,7/4 = 1 3/4 acres per hour,
S3-F2-Q1,107,3,FORWARD 2,1,8.F.B.4,sa,The table shows a linear function. What is the rate of change?,,,3,
S3-F2-Q2,108,3,FORWARD 2,2,8.F.B.4,sa,A plumber charges a $40 fee plus $65 per hour. Write a function for the cost C after h hours.,,,C = 65h + 40,
S3-F2-Q3,109,3,FORWARD 2,3,8.F.B.4,sa,"A line passes through (2, 7) and (6, 19). What is the rate of change?",,,3,
S3-F2-Q4,110,3,FORWARD 2,4,8.F.B.4,sa,A tank drains at a constant rate. What is the rate of change in gallons per minute?,,,-6 gallons per minute,"The tank loses 6 gallons each minute; ""6 gallons per minute, decreasing"" is also correct"
S3-F2-Q5,111,3,FORWARD 2,5,8.F.B.4,mc,A taxi ride costs $3 plus $2.50 per mile. Which function gives the cost y for a ride of x miles?,A. y = 3x + 2.5 | B. y = 2.5x - 3 | C. y = 2.5x + 3 | D. y = 5.5x,C,y = 2.5x + 3,
S4-M-Q1,114,4,MAIN,1,6.RP.A.3.a,sa,The table shows equivalent ratios. Find the missing value.,,,15,
S4-M-Q2,115,4,MAIN,2,6.RP.A.3.a,sa,Paint is mixed in the same ratio in every column. Find the missing value.,,,12,
S4-M-Q3,116,4,MAIN,3,6.RP.A.3.a,sa,A swimmer keeps the same pace. Find the missing value.,,,9,
S4-M-Q4,117,4,MAIN,4,6.RP.A.3.a,mc,The table shows equivalent ratios. What is the missing value?,A. 16 | B. 18 | C. 20 | D. 35,B,18,
S4-M-Q5,118,4,MAIN,5,6.RP.A.3.a,sa,A recipe uses 5 cups of oats for every 2 cups of raisins. Find the missing values A and B.,,,"A = 15, B = 4",
S4-B1-Q1,120,4,BACKWARD 1,1,4.NF.A.1,tf,2/3 is equivalent to 8/12.,A. True | B. False,A,True,
S4-B1-Q2,121,4,BACKWARD 1,2,4.NF.A.1,sa,Find the missing number. 3/4 = (?)/20,,,15,
S4-B1-Q3,122,4,BACKWARD 1,3,4.NF.A.1,mc,Which fraction is equivalent to 5/6?,A. 5/12 | B. 10/12 | C. 6/7 | D. 10/11,B,10/12,
S4-B1-Q4,123,4,BACKWARD 1,4,4.NF.A.1,tf,4/5 is equivalent to 6/7.,A. True | B. False,B,False,
S4-B1-Q5,124,4,BACKWARD 1,5,4.NF.A.1,sa,Find the missing number. 2/5 = 6/(?),,,15,
S4-B2-Q1,126,4,BACKWARD 2,1,5.OA.B.3,sa,Pattern A starts at 0 and adds 2. Pattern B starts at 0 and adds 5. What is the 5th number in Pattern B?,,,20,
S4-B2-Q2,127,4,BACKWARD 2,2,5.OA.B.3,tf,Each number in Pattern B is 2 times the matching number in Pattern A.,A. True | B. False,A,True,
S4-B2-Q3,128,4,BACKWARD 2,3,5.OA.B.3,sa,Pattern A starts at 0 and adds 7. Pattern B starts at 0 and adds 14. What is the 4th number in Pattern A?,,,21,
S4-B2-Q4,129,4,BACKWARD 2,4,5.OA.B.3,mc,"Pattern A: 0, 2, 4, 6, 8 Pattern B: 0, 6, 12, 18, 24 How does each number in Pattern B compare to the matching number in Pattern A?",A. 2 times as large | B. 3 times as large | C. 4 more | D. 6 times as large,B,3 times as large,
S4-B2-Q5,130,4,BACKWARD 2,5,5.OA.B.3,sa,"Pattern A: 0, 1, 2, 3, ... Pattern B: 0, 4, 8, 12, ... What number in Pattern B matches 5 in Pattern A?",,,20,
S4-B3-Q1,132,4,BACKWARD 3,1,4.OA.B.4,sa,List the first four multiples of 3.,,,"3, 6, 9, 12",
S4-B3-Q2,133,4,BACKWARD 3,2,4.OA.B.4,tf,40 is a multiple of 8.,A. True | B. False,A,True,
S4-B3-Q3,134,4,BACKWARD 3,3,4.OA.B.4,mc,Which number is a multiple of 5?,A. 32 | B. 35 | C. 48 | D. 52,B,35,
S4-B3-Q4,135,4,BACKWARD 3,4,4.OA.B.4,sa,What is the 6th multiple of 4?,,,24,
S4-B3-Q5,136,4,BACKWARD 3,5,4.OA.B.4,tf,27 is a multiple of 6.,A. True | B. False,B,False,
S4-F1-Q1,138,4,FORWARD 1,1,7.RP.A.2.b,sa,The table shows a proportional relationship. What is the constant of proportionality (y/x)?,,,3.5,
S4-F1-Q2,139,4,FORWARD 1,2,7.RP.A.2.b,sa,The table shows the cost of cheese. What is the constant of proportionality in dollars per pound?,,,$2.50 per pound,
S4-F1-Q3,140,4,FORWARD 1,3,7.RP.A.2.b,mc,The table shows a proportional relationship. What is the constant of proportionality?,A. 3/4 | B. 4/3 | C. 3 | D. 12,A,3/4,
S4-F1-Q4,141,4,FORWARD 1,4,7.RP.A.2.b,sa,The table shows how far a toy car rolls. What is the constant of proportionality in meters per second?,,,0.6 meter per second,
S4-F1-Q5,142,4,FORWARD 1,5,7.RP.A.2.b,tf,The constant of proportionality for the table is 6.,A. True | B. False,A,True,
S4-F2-Q1,144,4,FORWARD 2,1,8.F.B.4,sa,The table shows a linear function. What are the rate of change and the initial value?,,,Rate of change: 3; Initial value: 4,
S4-F2-Q2,145,4,FORWARD 2,2,8.F.B.4,sa,The table shows the height of a plant. What is the rate of change in cm per week?,,,1.5 cm per week,
S4-F2-Q3,146,4,FORWARD 2,3,8.F.B.4,mc,The table shows a linear function. Which equation matches the table?,A. y = x + 5 | B. y = 5x + 2 | C. y = 2x + 5 | D. y = 2x,C,y = 2x + 5,
S4-F2-Q4,147,4,FORWARD 2,4,8.F.B.4,sa,The table shows a linear function. Write an equation for the function.,,,y = 4x + 5,
S4-F2-Q5,148,4,FORWARD 2,5,8.F.B.4,tf,The initial value of the function in the table is 20.,A. True | B. False,A,True,
S5-M-Q1,151,5,MAIN,1,6.RP.A.3.a,plot,Plot the pairs of values from the table on the coordinate plane.,,,"Points plotted at (1, 2), (2, 4), (3, 6), (4, 8)",
S5-M-Q2,152,5,MAIN,2,6.RP.A.3.a,plot,Plot the pairs of values from the table on the coordinate plane.,,,"Points plotted at (1, 10), (2, 20), (3, 30)",
S5-M-Q3,153,5,MAIN,3,6.RP.A.3.a,plot,Plot the pairs of values from the table on the coordinate plane.,,,"Points plotted at (1, 3), (2, 6), (3, 9), (4, 12)",
S5-M-Q4,154,5,MAIN,4,6.RP.A.3.a,plot,Plot the pairs of values from the table on the coordinate plane.,,,"Points plotted at (2, 15), (4, 30), (6, 45)",
S5-M-Q5,155,5,MAIN,5,6.RP.A.3.a,plot,Plot the pairs of values from the table on the coordinate plane.,,,"Points plotted at (2, 5), (4, 10), (6, 15)",
S5-B1-Q1,157,5,BACKWARD 1,1,5.OA.B.3,sa,"Pattern A: 0, 1, 2, 3 Pattern B: 0, 3, 6, 9 Write the ordered pair formed by the 3rd numbers of the patterns.",,,"(2, 6)",
S5-B1-Q2,158,5,BACKWARD 1,2,5.OA.B.3,mc,Which ordered pairs come from the table?,"A. (1, 5), (2, 10), (3, 15) | B. (5, 1), (10, 2), (15, 3) | C. (1, 2), (5, 10), (15, 3) | D. (1, 10), (2, 5), (3, 15)",A,"(1, 5), (2, 10), (3, 15)",
S5-B1-Q3,159,5,BACKWARD 1,3,5.OA.B.3,tf,"The table gives the ordered pair (4, 12).",A. True | B. False,A,True,
S5-B1-Q4,160,5,BACKWARD 1,4,5.OA.B.3,sa,Write the ordered pair from the last column of the table.,,,"(4, 28)",
S5-B1-Q5,161,5,BACKWARD 1,5,5.OA.B.3,tf,"In an ordered pair, the first number comes from the top row of the table.",A. True | B. False,A,True,
S5-B2-Q1,163,5,BACKWARD 2,1,5.G.A.1,tf,"To plot (3, 7), start at (0, 0), move 3 units right, then 7 units up.",A. True | B. False,A,True,
S5-B2-Q2,164,5,BACKWARD 2,2,5.G.A.1,mc,"In the ordered pair (6, 2), which number tells how far to move up?",A. 2 | B. 4 | C. 6 | D. 8,A,2,
S5-B2-Q3,165,5,BACKWARD 2,3,5.G.A.1,sa,What are the coordinates of the origin?,,,"(0, 0)",
S5-B2-Q4,166,5,BACKWARD 2,4,5.G.A.1,tf,"(4, 9) and (9, 4) name the same point.",A. True | B. False,B,False,
S5-B2-Q5,167,5,BACKWARD 2,5,5.G.A.1,mc,Which axis is vertical?,A. The x-axis | B. The y-axis,B,The y-axis,
S5-B3-Q1,169,5,BACKWARD 3,1,5.G.A.2,plot,"Plot and label point A at (3, 5).",,,"Point A plotted at (3, 5) and labeled",
S5-B3-Q2,170,5,BACKWARD 3,2,5.G.A.2,plot,"Plot and label point B at (6, 2).",,,"Point B plotted at (6, 2) and labeled",
S5-B3-Q3,171,5,BACKWARD 3,3,5.G.A.2,plot,"Plot and label point C at (0, 4).",,,"Point C plotted at (0, 4) on the y-axis and labeled",
S5-B3-Q4,172,5,BACKWARD 3,4,5.G.A.2,mc,"Which point is at (2, 7)?",A. Point A | B. Point B | C. Point C | D. Point D,D,Point D,
S5-B3-Q5,173,5,BACKWARD 3,5,5.G.A.2,plot,"Plot and label point D at (5, 5).",,,"Point D plotted at (5, 5) and labeled",
S5-B4-Q1,175,5,BACKWARD 4,1,3.MD.B.3,mc,"On the y-axis, the grid lines are numbered 0, 5, 10, 15. Where would 20 go?",A. At the 2nd grid line | B. At the 20th grid line | C. One grid line above 15 | D. Halfway between 10 and 15,C,One grid line above 15,
S5-B4-Q2,176,5,BACKWARD 4,2,3.MD.B.3,tf,"On an axis numbered 0, 3, 6, 9, the value 12 is one grid line above 9.",A. True | B. False,A,True,
S5-B4-Q3,177,5,BACKWARD 4,3,3.MD.B.3,sa,"On an axis numbered 0, 2, 4, 6, 8, where does the value 5 go?",,,Halfway between 4 and 6,
S5-B4-Q4,178,5,BACKWARD 4,4,3.MD.B.3,mc,"An axis is numbered 0, 5, 10, 15, 20. How many units does each grid line stand for?",A. 1 | B. 5 | C. 10 | D. 20,B,5,
S5-B4-Q5,179,5,BACKWARD 4,5,3.MD.B.3,tf,"On an axis numbered by 10s, the value 35 is halfway between 30 and 40.",A. True | B. False,A,True,
S5-F1-Q1,181,5,FORWARD 1,1,7.RP.A.2.a,tf,The graph shows a proportional relationship.,A. True | B. False,A,True,
S5-F1-Q2,182,5,FORWARD 1,2,7.RP.A.2.a,mc,Which statement about the graph is true?,"A. It is proportional because y increases by 2. | B. It is not proportional because the line does not pass through (0, 0). | C. It is not proportional because the points are not on a line. | D. It is proportional because it is a straight line.",B,"It is not proportional because the line does not pass through (0, 0).",
S5-F1-Q3,183,5,FORWARD 1,3,7.RP.A.2.a,tf,The graph shows a proportional relationship.,A. True | B. False,B,False,
S5-F1-Q4,184,5,FORWARD 1,4,7.RP.A.2.a,sa,"The points (2, 5), (4, 10), and (6, 15) are graphed. Do they lie on a straight line through the origin? Write yes or no.",,,Yes,
S5-F1-Q5,185,5,FORWARD 1,5,7.RP.A.2.a,mc,Which set of points lies on a straight line through the origin?,"A. (0, 2), (1, 4), (2, 6) | B. (1, 3), (2, 4), (3, 5) | C. (2, 3), (4, 6), (6, 9) | D. (1, 1), (2, 4), (3, 9)",C,"(2, 3), (4, 6), (6, 9)",
S5-F2-Q1,187,5,FORWARD 2,1,8.EE.B.5,sa,Graph y = 2x on the coordinate plane. What is the slope of the line?,,,Slope: 2,"Graph: straight line through (0, 0), (1, 2), (3, 6), (6, 12)"
S5-F2-Q2,188,5,FORWARD 2,2,8.EE.B.5,sa,Graph y = 1.5x on the coordinate plane. What is the slope of the line?,,,Slope: 1.5,"Graph: straight line through (0, 0), (2, 3), (4, 6), (6, 9)"
S5-F2-Q3,189,5,FORWARD 2,3,8.EE.B.5,sa,Water flows at 4 gallons per minute. Graph the gallons y after x minutes. What is the slope of the line?,,,Slope: 4,"Graph: straight line through (0, 0), (1, 4), (5, 20)"
S5-F2-Q4,190,5,FORWARD 2,4,8.EE.B.5,mc,"The graph of a proportional relationship passes through (5, 2). What is the slope?",A. 2/5 | B. 2 | C. 5/2 | D. 5,A,2/5,
S5-F2-Q5,191,5,FORWARD 2,5,8.EE.B.5,tf,"The graph of y = 3x passes through (0, 0) and (2, 6), and its slope is 3.",A. True | B. False,A,True,
S6-M-Q1,194,6,MAIN,1,6.RP.A.3.a,mc,Lemonade A uses 2 cups of mix for every 5 cups of water. Lemonade B uses 3 cups of mix for every 7 cups of water. Use tables of equivalent ratios. Which lemonade has a stronger mix flavor?,A. Lemonade A | B. Lemonade B | C. They taste the same.,B,Lemonade B,A = 2/5 = 0.4; B = 3/7 ≈ 0.43
S6-M-Q2,195,6,MAIN,2,6.RP.A.3.a,mc,Class A has 4 boys for every 6 girls. Class B has 6 boys for every 9 girls. Use tables of equivalent ratios. Which statement is true?,A. Class A has a greater ratio of boys to girls. | B. Class B has a greater ratio of boys to girls. | C. The ratios are equivalent.,C,The ratios are equivalent.,
S6-M-Q3,196,6,MAIN,3,6.RP.A.3.a,mc,Runner A runs 3 laps in 10 minutes. Runner B runs 4 laps in 12 minutes. Use tables of equivalent ratios. Who runs faster?,A. Runner A | B. Runner B | C. They run at the same speed.,B,Runner B,A: 0.3 lap/min; B: 1/3 lap/min
S6-M-Q4,197,6,MAIN,4,6.RP.A.3.a,mc,Paint A uses 1 part blue for every 3 parts white. Paint B uses 2 parts blue for every 5 parts white. Use tables of equivalent ratios. Which paint is a darker blue?,A. Paint A | B. Paint B | C. They are the same color.,B,Paint B,A: 1/3; B: 2/5
S6-M-Q5,198,6,MAIN,5,6.RP.A.3.a,mc,Store A sells 5 pens for $3. Store B sells 8 pens for $5. Use tables of equivalent ratios. Which store gives more pens for the same amount of money?,A. Store A | B. Store B | C. They are the same.,A,Store A,A: 5/3 pens per $; B: 8/5 pens per $
S6-B1-Q1,200,6,BACKWARD 1,1,4.NF.A.2,mc,Which fraction is greater?,A. 3/7 | B. 3/5,B,3/5,
S6-B1-Q2,201,6,BACKWARD 1,2,4.NF.A.2,tf,5/8 > 4/8,A. True | B. False,A,True,
S6-B1-Q3,202,6,BACKWARD 1,3,4.NF.A.2,mc,Which symbol makes the statement true? 2/3 ___ 3/4,A. < | B. > | C. =,A,<,
S6-B1-Q4,203,6,BACKWARD 1,4,4.NF.A.2,tf,1/3 = 2/6,A. True | B. False,A,True,
S6-B1-Q5,204,6,BACKWARD 1,5,4.NF.A.2,mc,Which fraction is greatest?,A. 1/2 | B. 7/12 | C. 2/3 | D. 5/6,D,5/6,
S6-B2-Q1,206,6,BACKWARD 2,1,4.OA.B.4,sa,List the multiples of 5 and the multiples of 7 up to 40. Which number is on both lists?,,,35,
S6-B2-Q2,207,6,BACKWARD 2,2,4.OA.B.4,tf,30 is a multiple of both 5 and 6.,A. True | B. False,A,True,
S6-B2-Q3,208,6,BACKWARD 2,3,4.OA.B.4,mc,Which number is a multiple of both 3 and 4?,A. 9 | B. 12 | C. 14 | D. 16,B,12,
S6-B2-Q4,209,6,BACKWARD 2,4,4.OA.B.4,sa,Name a number that is a multiple of both 6 and 9.,,,18,"Any common multiple of 18 (18, 36, 54, ...) is correct"
S6-B2-Q5,210,6,BACKWARD 2,5,4.OA.B.4,tf,20 is a multiple of both 4 and 8.,A. True | B. False,B,False,
S6-B3-Q1,212,6,BACKWARD 3,1,4.NF.A.1,sa,Find the missing number. 2/5 = (?)/35,,,14,
S6-B3-Q2,213,6,BACKWARD 3,2,4.NF.A.1,tf,3/7 = 6/14,A. True | B. False,A,True,
S6-B3-Q3,214,6,BACKWARD 3,3,4.NF.A.1,mc,Which fraction is equivalent to 4/6?,A. 4/9 | B. 6/9 | C. 6/8 | D. 8/10,B,6/9,
S6-B3-Q4,215,6,BACKWARD 3,4,4.NF.A.1,sa,Find the missing number. 1/3 = 5/(?),,,15,
S6-B3-Q5,216,6,BACKWARD 3,5,4.NF.A.1,tf,3/10 = 9/20,A. True | B. False,B,False,
S6-F1-Q1,218,6,FORWARD 1,1,7.RP.A.1,mc,Ana walks 1/2 mile in 1/5 hour. Ben walks 3/4 mile in 1/3 hour. Who walks faster?,A. Ana | B. Ben | C. They walk at the same speed.,A,Ana,Ana 2 1/2 mph; Ben 2 1/4 mph
S6-F1-Q2,219,6,FORWARD 1,2,7.RP.A.1,mc,Mix A uses 2/3 cup of sugar per 1/2 cup of water. Mix B uses 3/4 cup of sugar per 2/3 cup of water. Which mix is sweeter?,A. Mix A | B. Mix B | C. They are the same.,A,Mix A,A: 4/3; B: 9/8 cup sugar per cup water
S6-F1-Q3,220,6,FORWARD 1,3,7.RP.A.1,sa,"Pump A moves 3/8 gallon in 1/4 minute. Pump B moves 1/2 gallon in 1/2 minute. Which pump is faster, and what is its rate in gallons per minute?",,,"Pump A, 1 1/2 gallons per minute",Pump B = 1 gallon per minute
S6-F1-Q4,221,6,FORWARD 1,4,7.RP.A.1,mc,Snail A crawls 1/6 foot in 1/2 minute. Snail B crawls 1/4 foot in 2/3 minute. Which snail is faster?,A. Snail A | B. Snail B | C. They are the same.,B,Snail B,A: 1/3 ft/min; B: 3/8 ft/min
S6-F1-Q5,222,6,FORWARD 1,5,7.RP.A.1,tf,1/2 mile in 1/4 hour is a faster speed than 3/4 mile in 1/2 hour.,A. True | B. False,A,True,
S6-F2-Q1,224,6,FORWARD 2,1,8.EE.B.5,mc,"Runner A's distance is shown in the graph. Runner B runs according to d = 0.15t, where d is kilometers and t is minutes. Which runner is faster?",A. Runner A | B. Runner B | C. They are the same.,A,Runner A,Runner A = 0.2 km per minute
S6-F2-Q2,225,6,FORWARD 2,2,8.EE.B.5,mc,"Machine A: y = 45x bottles after x minutes. Machine B: the table shows 3 minutes → 120 bottles, 6 minutes → 240 bottles. Which machine is faster?",A. Machine A | B. Machine B | C. They are the same.,A,Machine A,Machine B = 40 bottles per minute
S6-F2-Q3,226,6,FORWARD 2,3,8.EE.B.5,sa,"Recipe A uses flour and sugar in the ratio y = 1.5x. Recipe B's graph passes through (0, 0) and (4, 7). Which recipe uses more flour y per cup of sugar x?",,,Recipe B,B: 7/4 = 1.75 per cup vs A: 1.5
S6-F2-Q4,227,6,FORWARD 2,4,8.EE.B.5,mc,"Two proportional relationships: P is y = 6x. Q is a line through (0, 0) and (2, 13). Which has the greater slope?",A. P | B. Q | C. They are the same.,B,Q,Q slope = 6.5
S6-F2-Q5,228,6,FORWARD 2,5,8.EE.B.5,sa,"Plan A: 20 minutes of calls cost $3.00. Plan B: c = 0.12m, where m is minutes. Which plan costs less per minute?",,,Plan B,Plan A = $0.15 per minute; Plan B = $0.12 per minute
S7-M-Q1,231,7,MAIN,1,6.RP.A.3.b,sa,"4 notebooks cost $10. At this rate, how much do 7 notebooks cost?",,,$17.50,
S7-M-Q2,232,7,MAIN,2,6.RP.A.3.b,sa,"3 pounds of apples cost $5.40. At this rate, how much do 5 pounds cost?",,,$9.00,
S7-M-Q3,233,7,MAIN,3,6.RP.A.3.b,sa,"6 cans of soup cost $7.50. At this rate, how much do 10 cans cost?",,,$12.50,
S7-M-Q4,234,7,MAIN,4,6.RP.A.3.b,mc,"5 movie tickets cost $42.50. At this rate, how much do 3 tickets cost?",A. $8.50 | B. $25.50 | C. $28.33 | D. $127.50,B,$25.50,
S7-M-Q5,235,7,MAIN,5,6.RP.A.3.b,sa,"8 yards of fabric cost $36. At this rate, how much do 3 yards cost?",,,$13.50,
S7-B1-Q1,237,7,BACKWARD 1,1,5.NBT.B.7,sa,Find the quotient. $10.00 ÷ 4,,,$2.50,
S7-B1-Q2,238,7,BACKWARD 1,2,5.NBT.B.7,sa,Find the quotient. $5.40 ÷ 3,,,$1.80,
S7-B1-Q3,239,7,BACKWARD 1,3,5.NBT.B.7,mc,$7.50 ÷ 6 = ?,A. $0.80 | B. $1.20 | C. $1.25 | D. $12.50,C,$1.25,
S7-B1-Q4,240,7,BACKWARD 1,4,5.NBT.B.7,sa,Find the quotient. $36 ÷ 8,,,$4.50,
S7-B1-Q5,241,7,BACKWARD 1,5,5.NBT.B.7,tf,$42.50 ÷ 5 = $8.50,A. True | B. False,A,True,
S7-B2-Q1,243,7,BACKWARD 2,1,5.NBT.B.7,sa,Multiply. $2.50 × 7,,,$17.50,
S7-B2-Q2,244,7,BACKWARD 2,2,5.NBT.B.7,sa,Multiply. $1.80 × 5,,,$9.00,
S7-B2-Q3,245,7,BACKWARD 2,3,5.NBT.B.7,tf,$1.25 × 10 = $12.50,A. True | B. False,A,True,
S7-B2-Q4,246,7,BACKWARD 2,4,5.NBT.B.7,mc,$4.50 × 3 = ?,A. $1.50 | B. $7.50 | C. $12.50 | D. $13.50,D,$13.50,
S7-B2-Q5,247,7,BACKWARD 2,5,5.NBT.B.7,sa,Multiply. $8.50 × 3,,,$25.50,
S7-B3-Q1,249,7,BACKWARD 3,1,3.OA.A.2,sa,4 toys cost $12 in all. Each toy costs the same. How much does 1 toy cost?,,,$3,
S7-B3-Q2,250,7,BACKWARD 3,2,3.OA.A.2,sa,5 pencils cost 30 cents in all. Each pencil costs the same. How much does 1 pencil cost?,,,6 cents,
S7-B3-Q3,251,7,BACKWARD 3,3,3.OA.A.2,tf,"6 stickers cost 18 cents in all. Each costs the same, so 1 sticker costs 3 cents.",A. True | B. False,A,True,
S7-B3-Q4,252,7,BACKWARD 3,4,3.OA.A.2,mc,8 cards cost $16. Each card costs the same. How much is 1 card?,A. $2 | B. $8 | C. $24 | D. $128,A,$2,
S7-B3-Q5,253,7,BACKWARD 3,5,3.OA.A.2,sa,3 books cost $27 in all. Each book costs the same. How much does 1 book cost?,,,$9,
S7-F1-Q1,255,7,FORWARD 1,1,7.RP.A.2.c,sa,Apples cost $2.50 per pound. Write an equation for the cost c of p pounds of apples.,,,c = 2.5p,
S7-F1-Q2,256,7,FORWARD 1,2,7.RP.A.2.c,sa,The table shows a proportional relationship. Write an equation for the earnings e after h hours.,,,e = 18h,
S7-F1-Q3,257,7,FORWARD 1,3,7.RP.A.2.c,mc,Pens cost $0.75 each. Which equation gives the cost c of n pens?,A. c = n/0.75 | B. c = n + 0.75 | C. c = 0.75n | D. n = 0.75c,C,c = 0.75n,
S7-F1-Q4,258,7,FORWARD 1,4,7.RP.A.2.c,sa,5 pounds of rice cost $8. Write an equation for the cost c of p pounds of rice.,,,c = 1.6p,
S7-F1-Q5,259,7,FORWARD 1,5,7.RP.A.2.c,tf,Grapes cost $3.20 per pound. The equation c = 3.2p gives the cost c of p pounds.,A. True | B. False,A,True,
S7-F2-Q1,261,7,FORWARD 2,1,8.F.B.4,sa,A store charges $2.50 per pound of cherries plus a $4 box fee. Write a function for the total cost C of p pounds.,,,C = 2.5p + 4,
S7-F2-Q2,262,7,FORWARD 2,2,8.F.B.4,mc,Tickets cost $12 each plus a $5 service fee per order. Which function gives the cost C of t tickets?,A. C = 5t + 12 | B. C = 12t - 5 | C. C = 12t + 5 | D. C = 17t,C,C = 12t + 5,
S7-F2-Q3,263,7,FORWARD 2,3,8.F.B.4,sa,A delivery costs $6 plus $1.75 per mile. What are the rate of change and the initial value?,,,Rate of change: $1.75 per mile; Initial value: $6,
S7-F2-Q4,264,7,FORWARD 2,4,8.F.B.4,sa,The table shows the cost of a gym membership. Write a function for the cost C after m months.,,,C = 30m + 25,
S7-F2-Q5,265,7,FORWARD 2,5,8.F.B.4,tf,"A function for ""$3 per pound plus a $2 bag fee"" is C = 3p + 2.",A. True | B. False,A,True,
S8-M-Q1,268,8,MAIN,1,6.RP.A.3.b,sa,A runner runs 12 kilometers in 60 minutes at a constant speed. How far does the runner go in 25 minutes?,,,5 km,
S8-M-Q2,269,8,MAIN,2,6.RP.A.3.b,sa,A train travels 180 miles in 3 hours at a constant speed. How far does it travel in 5 hours?,,,300 miles,
S8-M-Q3,270,8,MAIN,3,6.RP.A.3.b,sa,A cyclist rides 45 miles in 3 hours at a constant speed. How long does it take to ride 75 miles?,,,5 hours,
S8-M-Q4,271,8,MAIN,4,6.RP.A.3.b,mc,A snail moves 18 cm in 6 minutes at a constant speed. How far does it move in 20 minutes?,A. 3 cm | B. 54 cm | C. 60 cm | D. 120 cm,C,60 cm,
S8-M-Q5,272,8,MAIN,5,6.RP.A.3.b,sa,A car travels 220 miles in 4 hours at a constant speed. How long does it take to travel 385 miles?,,,7 hours,
S8-B1-Q1,274,8,BACKWARD 1,1,4.NBT.B.6,sa,Divide. 180 ÷ 3,,,60,
S8-B1-Q2,275,8,BACKWARD 1,2,4.NBT.B.6,sa,Divide. 220 ÷ 4,,,55,
S8-B1-Q3,276,8,BACKWARD 1,3,4.NBT.B.6,tf,385 ÷ 55 = 7,A. True | B. False,A,True,
S8-B1-Q4,277,8,BACKWARD 1,4,4.NBT.B.6,mc,45 ÷ 3 = ?,A. 12 | B. 14 | C. 15 | D. 135,C,15,
S8-B1-Q5,278,8,BACKWARD 1,5,4.NBT.B.6,sa,Divide. 375 ÷ 5,,,75,
S8-B2-Q1,280,8,BACKWARD 2,1,4.NBT.B.5,sa,Multiply. 60 × 5,,,300,
S8-B2-Q2,281,8,BACKWARD 2,2,4.NBT.B.5,sa,Multiply. 15 × 7,,,105,
S8-B2-Q3,282,8,BACKWARD 2,3,4.NBT.B.5,tf,55 × 4 = 220,A. True | B. False,A,True,
S8-B2-Q4,283,8,BACKWARD 2,4,4.NBT.B.5,mc,48 × 6 = ?,"A. 54 | B. 248 | C. 288 | D. 2,448",C,288,
S8-B2-Q5,284,8,BACKWARD 2,5,4.NBT.B.5,sa,Multiply. 125 × 3,,,375,
S8-B3-Q1,286,8,BACKWARD 3,1,4.MD.A.1,sa,How many minutes are in 3 hours?,,,180,
S8-B3-Q2,287,8,BACKWARD 3,2,4.MD.A.1,tf,There are 60 minutes in 1 hour.,A. True | B. False,A,True,
S8-B3-Q3,288,8,BACKWARD 3,3,4.MD.A.1,sa,Complete. 5 hours = ___ minutes,,,300,
S8-B3-Q4,289,8,BACKWARD 3,4,4.MD.A.1,mc,Which is longer?,A. 1 hour | B. 90 minutes | C. They are the same.,B,90 minutes,
S8-B3-Q5,290,8,BACKWARD 3,5,4.MD.A.1,sa,How many minutes are in 1/2 hour?,,,30,
S8-F1-Q1,292,8,FORWARD 1,1,7.RP.A.1,sa,A hiker walks 3/4 mile in 3/8 hour. What is the hiker's speed in miles per hour?,,,2 miles per hour,
S8-F1-Q2,293,8,FORWARD 1,2,7.RP.A.1,sa,A turtle crawls 1/5 mile in 1/2 hour. What is its speed in miles per hour?,,,2/5 mile per hour,
S8-F1-Q3,294,8,FORWARD 1,3,7.RP.A.1,mc,A boat travels 2 1/2 miles in 1/4 hour. What is its speed in miles per hour?,A. 5/8 | B. 2 3/4 | C. 5 | D. 10,D,10,
S8-F1-Q4,295,8,FORWARD 1,4,7.RP.A.1,sa,A skater glides 2/3 kilometer in 1/6 hour. What is the skater's speed in kilometers per hour?,,,4 kilometers per hour,
S8-F1-Q5,296,8,FORWARD 1,5,7.RP.A.1,tf,Going 1/2 mile in 1/10 hour is a speed of 5 miles per hour.,A. True | B. False,A,True,
S8-F2-Q1,298,8,FORWARD 2,1,8.EE.B.5,mc,Car A's distance is shown in the graph. Car B travels according to d = 55t. Which car is faster?,A. Car A | B. Car B | C. They are the same.,A,Car A,Car A = 60 mph
S8-F2-Q2,299,8,FORWARD 2,2,8.EE.B.5,sa,"Train A travels according to d = 80t. Train B's graph is a line through (0, 0) and (3, 210). Which train is faster, and by how many miles per hour?",,,"Train A is faster, by 10 miles per hour",Train B = 210/3 = 70 mph
S8-F2-Q3,300,8,FORWARD 2,3,8.EE.B.5,mc,"Walker A: d = 3.5t. Walker B: the graph passes through (0, 0) and (2, 8). Who is faster?",A. Walker A | B. Walker B | C. They are the same.,B,Walker B,Walker B = 4 per hour
S8-F2-Q4,301,8,FORWARD 2,4,8.EE.B.5,sa,What is the speed shown by the graph in miles per hour?,,,12 miles per hour,
S8-F2-Q5,302,8,FORWARD 2,5,8.EE.B.5,tf,"A line through (0, 0) and (5, 300) shows a greater speed than d = 65t.",A. True | B. False,B,False,
S9-M-Q1,305,9,MAIN,1,6.RP.A.3.b,mc,Which is the better buy? A: 6 bottles of water for $4.50 B: 10 bottles of water for $7.00,A. A | B. B | C. Both are the same.,B,B,A: $0.75 per bottle; B: $0.70 per bottle
S9-M-Q2,306,9,MAIN,2,6.RP.A.3.b,mc,Which is the better buy? A: a 12-ounce box of cereal for $3.60 B: an 18-ounce box of cereal for $4.95,A. A | B. B | C. Both are the same.,B,B,A: $0.30 per oz; B: $0.275 per oz
S9-M-Q3,307,9,MAIN,3,6.RP.A.3.b,mc,Which store has the lower price per pound? A: 4 pounds of grapes for $7.00 B: 3 pounds of grapes for $5.40,A. A | B. B | C. Both are the same.,A,A,A: $1.75 per lb; B: $1.80 per lb
S9-M-Q4,308,9,MAIN,4,6.RP.A.3.b,mc,Which is the better buy? A: 8 batteries for $10.00 B: 12 batteries for $14.40,A. A | B. B | C. Both are the same.,B,B,A: $1.25 each; B: $1.20 each
S9-M-Q5,309,9,MAIN,5,6.RP.A.3.b,mc,Which printer is faster? A: 90 pages in 6 minutes B: 140 pages in 10 minutes,A. A | B. B | C. Both are the same.,A,A,A: 15 pages/min; B: 14 pages/min
S9-B1-Q1,311,9,BACKWARD 1,1,5.NBT.B.7,sa,Find the quotient. $4.50 ÷ 6,,,$0.75,
S9-B1-Q2,312,9,BACKWARD 1,2,5.NBT.B.7,sa,Find the quotient. $3.60 ÷ 12,,,$0.30,
S9-B1-Q3,313,9,BACKWARD 1,3,5.NBT.B.7,mc,$7.00 ÷ 10 = ?,A. $0.07 | B. $0.70 | C. $7.00 | D. $70.00,B,$0.70,
S9-B1-Q4,314,9,BACKWARD 1,4,5.NBT.B.7,sa,Find the quotient. $14.40 ÷ 12,,,$1.20,
S9-B1-Q5,315,9,BACKWARD 1,5,5.NBT.B.7,tf,$5.40 ÷ 3 = $1.80,A. True | B. False,A,True,
S9-B2-Q1,317,9,BACKWARD 2,1,5.NBT.A.3.b,mc,Which amount is less?,A. $0.70 | B. $0.75,A,$0.70,
S9-B2-Q2,318,9,BACKWARD 2,2,5.NBT.A.3.b,tf,0.8 > 0.75,A. True | B. False,A,True,
S9-B2-Q3,319,9,BACKWARD 2,3,5.NBT.A.3.b,sa,"Write >, <, or = to compare. 0.275 ___ 0.3",,,<,
S9-B2-Q4,320,9,BACKWARD 2,4,5.NBT.A.3.b,mc,Which number is greatest?,A. 1.075 | B. 1.705 | C. 1.75 | D. 1.8,D,1.8,
S9-B2-Q5,321,9,BACKWARD 2,5,5.NBT.A.3.b,tf,1.25 < 1.2,A. True | B. False,B,False,
S9-B3-Q1,323,9,BACKWARD 3,1,3.OA.A.2,sa,"3 bags hold 21 oranges in all, the same number in each. How many oranges are in 1 bag?",,,7,
S9-B3-Q2,324,9,BACKWARD 3,2,3.OA.A.2,sa,"A worker packs 32 boxes in 4 hours, the same number each hour. How many boxes per hour?",,,8,
S9-B3-Q3,325,9,BACKWARD 3,3,3.OA.A.2,tf,"9 muffins cost $18 in all, the same price each, so 1 muffin costs $2.",A. True | B. False,A,True,
S9-B3-Q4,326,9,BACKWARD 3,4,3.OA.A.2,mc,"40 pages are read in 8 days, the same number each day. How many pages per day?",A. 5 | B. 32 | C. 48 | D. 320,A,5,
S9-B3-Q5,327,9,BACKWARD 3,5,3.OA.A.2,sa,"6 packs hold 54 cards in all, the same number in each. How many cards are in 1 pack?",,,9,
S9-F1-Q1,329,9,FORWARD 1,1,7.RP.A.3,mc,A $60 jacket is on sale. Which deal saves more money?,A. $10 off | B. 20% off | C. They save the same.,B,20% off,20% of $60 = $12
S9-F1-Q2,330,9,FORWARD 1,2,7.RP.A.3,mc,Which costs less after the discount? A: a $45 game at 30% off B: a $40 game at 20% off,A. A | B. B | C. They cost the same.,A,A,A: $31.50; B: $32.00
S9-F1-Q3,331,9,FORWARD 1,3,7.RP.A.3,sa,"Store A sells a $80 bike at 15% off. Store B sells the same bike for $70. Which store has the lower price, and by how much?",,,"Store A, by $2",Store A price = $68
S9-F1-Q4,332,9,FORWARD 1,4,7.RP.A.3,mc,Which is the better deal on a $120 phone?,A. 25% off | B. $25 off | C. They are the same.,A,25% off,25% of $120 = $30
S9-F1-Q5,333,9,FORWARD 1,5,7.RP.A.3,tf,A $50 item at 10% off costs the same as a $55 item at 20% off.,A. True | B. False,B,False,
S9-F2-Q1,335,9,FORWARD 2,1,8.F.A.2,mc,Plan A costs y = 12x dollars for x months. Plan B is shown in the table. Which plan has the greater rate of change?,A. Plan A | B. Plan B | C. They are the same.,B,Plan B,Plan B = $13 per month
S9-F2-Q2,336,9,FORWARD 2,2,8.F.A.2,mc,Function A is y = 3x + 4. Function B is shown in the graph. Which function has the greater rate of change?,A. Function A | B. Function B | C. They are the same.,B,Function B,Function B slope = 4
S9-F2-Q3,337,9,FORWARD 2,3,8.F.A.2,mc,Function A is shown in the table. Function B is y = -3x + 2. Which function has the greater y-intercept?,A. Function A | B. Function B | C. They are the same.,A,Function A,Function A y-intercept = 5
S9-F2-Q4,338,9,FORWARD 2,4,8.F.A.2,sa,"Phone plan A costs $30 plus $0.05 per text. Phone plan B is a line through (0, 20) and (100, 35). Which plan has the greater cost per text?",,,Plan B,Plan B = $0.15 per text; Plan A = $0.05 per text
S9-F2-Q5,339,9,FORWARD 2,5,8.F.A.2,tf,y = 4x + 1 has a greater rate of change than the function in the table.,A. True | B. False,B,False,
S10-M-Q1,342,10,MAIN,1,6.RP.A.3.c,sa,What is 35% of 60?,,,21,
S10-M-Q2,343,10,MAIN,2,6.RP.A.3.c,sa,A jacket costs $60. The sales tax is 8%. How much is the tax?,,,$4.80,
S10-M-Q3,344,10,MAIN,3,6.RP.A.3.c,sa,A class has 25 students. 40% of the students walk to school. How many students walk to school?,,,10,
S10-M-Q4,345,10,MAIN,4,6.RP.A.3.c,mc,A $80 pair of shoes is 15% off. How many dollars are taken off the price?,A. $1.20 | B. $12 | C. $15 | D. $68,B,$12,
S10-M-Q5,346,10,MAIN,5,6.RP.A.3.c,sa,A school has 450 students. 12% of them play in the band. How many students play in the band?,,,54,
S10-B1-Q1,348,10,BACKWARD 1,1,4.NF.C.6,sa,Write 45/100 as a decimal.,,,0.45,
S10-B1-Q2,349,10,BACKWARD 1,2,4.NF.C.6,tf,0.07 = 7/100,A. True | B. False,A,True,
S10-B1-Q3,350,10,BACKWARD 1,3,4.NF.C.6,mc,Which decimal is equal to 30/100?,A. 0.03 | B. 0.30 | C. 3.0 | D. 30.0,B,0.30,
S10-B1-Q4,351,10,BACKWARD 1,4,4.NF.C.6,sa,Write 0.58 as a fraction with a denominator of 100.,,,58/100,
S10-B1-Q5,352,10,BACKWARD 1,5,4.NF.C.6,tf,8/100 = 0.8,A. True | B. False,B,False,
S10-B2-Q1,354,10,BACKWARD 2,1,4.NF.C.5,sa,Find the missing number. 3/10 = (?)/100,,,30,
S10-B2-Q2,355,10,BACKWARD 2,2,4.NF.C.5,tf,6/10 + 3/100 = 63/100,A. True | B. False,A,True,
S10-B2-Q3,356,10,BACKWARD 2,3,4.NF.C.5,mc,Which fraction is equal to 7/10?,A. 7/100 | B. 10/70 | C. 17/100 | D. 70/100,D,70/100,
S10-B2-Q4,357,10,BACKWARD 2,4,4.NF.C.5,sa,Add. 2/10 + 45/100,,,65/100,Equivalent 13/20 or 0.65 is also correct
S10-B2-Q5,358,10,BACKWARD 2,5,4.NF.C.5,tf,9/10 = 90/100,A. True | B. False,A,True,
S10-B3-Q1,360,10,BACKWARD 3,1,5.NF.B.4.a,sa,Multiply. 35/100 × 60,,,21,
S10-B3-Q2,361,10,BACKWARD 3,2,5.NF.B.4.a,sa,Find 1/4 of 60.,,,15,
S10-B3-Q3,362,10,BACKWARD 3,3,5.NF.B.4.a,tf,2/5 × 25 = 10,A. True | B. False,A,True,
S10-B3-Q4,363,10,BACKWARD 3,4,5.NF.B.4.a,mc,3/4 × 20 = ?,A. 5 | B. 12 | C. 15 | D. 16,C,15,
S10-B3-Q5,364,10,BACKWARD 3,5,5.NF.B.4.a,sa,Find 7/10 of 50.,,,35,
S10-B4-Q1,366,10,BACKWARD 4,1,5.NBT.B.7,sa,Multiply. 0.35 × 60,,,21,
S10-B4-Q2,367,10,BACKWARD 4,2,5.NBT.B.7,sa,Multiply. 0.08 × 60,,,4.8,
S10-B4-Q3,368,10,BACKWARD 4,3,5.NBT.B.7,tf,0.12 × 450 = 54,A. True | B. False,A,True,
S10-B4-Q4,369,10,BACKWARD 4,4,5.NBT.B.7,mc,0.4 × 25 = ?,A. 0.1 | B. 1 | C. 10 | D. 100,C,10,
S10-B4-Q5,370,10,BACKWARD 4,5,5.NBT.B.7,sa,Multiply. 0.15 × 80,,,12,
S10-F1-Q1,372,10,FORWARD 1,1,7.RP.A.3,sa,A meal costs $40. You leave a 15% tip. What is the total cost of the meal with the tip?,,,$46,
S10-F1-Q2,373,10,FORWARD 1,2,7.RP.A.3,sa,A pair of shoes costs $80. They are on sale for 25% off. What is the sale price?,,,$60,
S10-F1-Q3,374,10,FORWARD 1,3,7.RP.A.3,sa,"A town's population grew from 2,000 to 2,300. What is the percent increase?",,,15%,
S10-F1-Q4,375,10,FORWARD 1,4,7.RP.A.3,mc,A $50 game is marked up 20%. Then a 5% sales tax is added to the new price. What is the final cost?,A. $60.00 | B. $62.00 | C. $62.50 | D. $63.00,D,$63.00,
S10-F1-Q5,376,10,FORWARD 1,5,7.RP.A.3,sa,"A salesperson earns a 6% commission. She sells $3,500 in products. How much commission does she earn?",,,$210,
S10-F2-Q1,378,10,FORWARD 2,1,8.F.B.4,sa,A salesperson earns $300 per week plus 5% of her sales s. Write a function for her weekly earnings E.,,,E = 0.05s + 300,
S10-F2-Q2,379,10,FORWARD 2,2,8.F.B.4,mc,A server earns $40 per shift plus 18% of the food sales f. Which function gives the earnings E?,A. E = 0.18f - 40 | B. E = 0.18f + 40 | C. E = 18f + 40 | D. E = 40f + 0.18,B,E = 0.18f + 40,
S10-F2-Q3,380,10,FORWARD 2,3,8.F.B.4,sa,An agent earns $500 per month plus 3% of her sales r. What are the rate of change and the initial value of this function?,,,Rate of change: 0.03 (3% of sales); Initial value: $500,
S10-F2-Q4,381,10,FORWARD 2,4,8.F.B.4,sa,A delivery driver earns $60 per day plus 10% of the orders d delivered in dollars. Write a function for the daily pay P.,,,P = 0.1d + 60,
S10-F2-Q5,382,10,FORWARD 2,5,8.F.B.4,tf,"For E = 0.04s + 250, earnings increase by $0.04 for each $1 of sales s.",A. True | B. False,A,True,
S11-M-Q1,385,11,MAIN,1,6.RP.A.3.c,sa,12 is 25% of what number?,,,48,
S11-M-Q2,386,11,MAIN,2,6.RP.A.3.c,sa,A student answered 18 questions correctly. This was 90% of the questions on the test. How many questions were on the test?,,,20,
S11-M-Q3,387,11,MAIN,3,6.RP.A.3.c,sa,Maria has saved $45. This is 30% of the cost of a bike. How much does the bike cost?,,,$150,
S11-M-Q4,388,11,MAIN,4,6.RP.A.3.c,mc,The tape diagram shows that 20% of a number is 14. What is the number?,A. 28 | B. 34 | C. 70 | D. 280,C,70,
S11-M-Q5,389,11,MAIN,5,6.RP.A.3.c,sa,"In a survey, 36 students chose pizza. This was 40% of the students surveyed. How many students were surveyed?",,,90,
S11-B1-Q1,391,11,BACKWARD 1,1,4.NF.A.1,sa,Find the missing number. 25/100 = 1/(?),,,4,
S11-B1-Q2,392,11,BACKWARD 1,2,4.NF.A.1,sa,Find the missing number. 50/100 = (?)/2,,,1,
S11-B1-Q3,393,11,BACKWARD 1,3,4.NF.A.1,tf,20/100 = 1/5,A. True | B. False,A,True,
S11-B1-Q4,394,11,BACKWARD 1,4,4.NF.A.1,mc,Which fraction is equivalent to 75/100?,A. 1/75 | B. 7/10 | C. 3/4 | D. 4/3,C,3/4,
S11-B1-Q5,395,11,BACKWARD 1,5,4.NF.A.1,sa,Find the missing number. 10/100 = 1/(?),,,10,
S11-B2-Q1,397,11,BACKWARD 2,1,3.OA.A.4,sa,What number goes in the box? □ × 4 = 36,,,9,
S11-B2-Q2,398,11,BACKWARD 2,2,3.OA.A.4,sa,What number goes in the box? 5 × □ = 45,,,9,
S11-B2-Q3,399,11,BACKWARD 2,3,3.OA.A.4,tf,"If 6 × □ = 42, then □ = 7.",A. True | B. False,A,True,
S11-B2-Q4,400,11,BACKWARD 2,4,3.OA.A.4,mc,□ × 8 = 56 What number goes in the box?,A. 6 | B. 7 | C. 8 | D. 48,B,7,
S11-B2-Q5,401,11,BACKWARD 2,5,3.OA.A.4,sa,What number goes in the box? 9 × □ = 63,,,7,
S11-B3-Q1,403,11,BACKWARD 3,1,5.NF.B.7.b,sa,Divide. 12 ÷ 1/4,,,48,
S11-B3-Q2,404,11,BACKWARD 3,2,5.NF.B.7.b,sa,Divide. 5 ÷ 1/3,,,15,
S11-B3-Q3,405,11,BACKWARD 3,3,5.NF.B.7.b,tf,6 ÷ 1/2 = 3,A. True | B. False,B,False,
S11-B3-Q4,406,11,BACKWARD 3,4,5.NF.B.7.b,mc,How many fifths are in 3?,A. 3/5 | B. 5 | C. 8 | D. 15,D,15,
S11-B3-Q5,407,11,BACKWARD 3,5,5.NF.B.7.b,sa,Divide. 8 ÷ 1/5,,,40,
S11-F1-Q1,409,11,FORWARD 1,1,7.RP.A.3,sa,"After a 20% discount, a jacket costs $48. What was the original price?",,,$60,
S11-F1-Q2,410,11,FORWARD 1,2,7.RP.A.3,sa,A price increased by 10%. The new price is $55. What was the original price?,,,$50,
S11-F1-Q3,411,11,FORWARD 1,3,7.RP.A.3,sa,The sales tax on an item was $3.60. The tax rate is 6%. What was the price before tax?,,,$60,
S11-F1-Q4,412,11,FORWARD 1,4,7.RP.A.3,mc,"A town's population grew by 25% to 1,500 people. What was the population before the increase?","A. 1,125 | B. 1,200 | C. 1,475 | D. 1,875",B,"1,200",
S11-F1-Q5,413,11,FORWARD 1,5,7.RP.A.3,sa,A store marks up the price of a bike by 40%. The selling price is $210. How much did the store pay for the bike?,,,$150,
S11-F2-Q1,415,11,FORWARD 2,1,8.EE.C.7.b,sa,Solve for x. x - 0.2x = 48,,,60,
S11-F2-Q2,416,11,FORWARD 2,2,8.EE.C.7.b,sa,Solve for x. 0.4x + 12 = 0.1x + 30,,,60,
S11-F2-Q3,417,11,FORWARD 2,3,8.EE.C.7.b,sa,Solve for x. 0.25(x + 40) = 30,,,80,
S11-F2-Q4,418,11,FORWARD 2,4,8.EE.C.7.b,mc,Which value of n solves the equation? n + 0.15n = 92,A. 78.2 | B. 80 | C. 92.15 | D. 105.8,B,80,
S11-F2-Q5,419,11,FORWARD 2,5,8.EE.C.7.b,sa,Solve for y. 2.5y - 7 = 1.5y + 3,,,10,
S12-M-Q1,422,12,MAIN,1,6.RP.A.3.d,sa,There are 3 feet in 1 yard. How many feet are in 14 yards?,,,42,
S12-M-Q2,423,12,MAIN,2,6.RP.A.3.d,sa,There are 12 inches in 1 foot. How many inches are in 4.5 feet?,,,54,
S12-M-Q3,424,12,MAIN,3,6.RP.A.3.d,sa,There are 16 ounces in 1 pound. How many pounds are in 56 ounces?,,,3.5,3 1/2 pounds
S12-M-Q4,425,12,MAIN,4,6.RP.A.3.d,mc,A recipe needs 3 quarts of milk. There are 4 cups in 1 quart. How many cups of milk are needed?,A. 3/4 cup | B. 1 1/3 cups | C. 7 cups | D. 12 cups,D,12 cups,
S12-M-Q5,426,12,MAIN,5,6.RP.A.3.d,sa,1 inch = 2.54 centimeters. A book is 10 inches tall. How many centimeters tall is it?,,,25.4,
S12-B1-Q1,428,12,BACKWARD 1,1,4.MD.A.1,sa,How many ounces are in 1 pound?,,,16,
S12-B1-Q2,429,12,BACKWARD 1,2,4.MD.A.1,tf,There are 12 inches in 1 yard.,A. True | B. False,B,False,
S12-B1-Q3,430,12,BACKWARD 1,3,4.MD.A.1,mc,How many cups are in 1 quart?,A. 2 | B. 4 | C. 8 | D. 16,B,4,
S12-B1-Q4,431,12,BACKWARD 1,4,4.MD.A.1,sa,How many grams are in 1 kilogram?,,,"1,000",
S12-B1-Q5,432,12,BACKWARD 1,5,4.MD.A.1,tf,1 meter = 100 centimeters,A. True | B. False,A,True,
S12-B2-Q1,434,12,BACKWARD 2,1,5.NBT.A.2,sa,"Multiply. 3.4 × 1,000",,,"3,400",
S12-B2-Q2,435,12,BACKWARD 2,2,5.NBT.A.2,sa,Multiply. 2.54 × 10,,,25.4,
S12-B2-Q3,436,12,BACKWARD 2,3,5.NBT.A.2,tf,"0.6 × 1,000 = 60",A. True | B. False,B,False,
S12-B2-Q4,437,12,BACKWARD 2,4,5.NBT.A.2,mc,450 ÷ 100 = ?,"A. 0.45 | B. 4.5 | C. 45 | D. 45,000",B,4.5,
S12-B2-Q5,438,12,BACKWARD 2,5,5.NBT.A.2,sa,Multiply. 7.25 × 100,,,725,
S12-B3-Q1,440,12,BACKWARD 3,1,5.NBT.B.7,sa,Multiply. 4.5 × 12,,,54,
S12-B3-Q2,441,12,BACKWARD 3,2,5.NBT.B.7,sa,Multiply. 3.5 × 16,,,56,
S12-B3-Q3,442,12,BACKWARD 3,3,5.NBT.B.7,tf,1.5 × 4 = 6,A. True | B. False,A,True,
S12-B3-Q4,443,12,BACKWARD 3,4,5.NBT.B.7,mc,2.25 × 4 = ?,A. 0.9 | B. 8.1 | C. 9 | D. 90,C,9,
S12-B3-Q5,444,12,BACKWARD 3,5,5.NBT.B.7,sa,Multiply. 6 × 0.75,,,4.5,
S12-F1-Q1,446,12,FORWARD 1,1,7.RP.A.1,sa,A faucet drips 1/4 cup of water every 1/3 minute. How many cups does it drip per hour?,,,45 cups per hour,
S12-F1-Q2,447,12,FORWARD 1,2,7.RP.A.1,sa,A snail travels 3/8 foot every 1/2 minute. How many feet does it travel per hour?,,,45 feet per hour,
S12-F1-Q3,448,12,FORWARD 1,3,7.RP.A.1,mc,A plant grows 1/2 inch in 2/3 week. How many inches does it grow per week?,A. 1/6 | B. 1/3 | C. 3/4 | D. 1 1/3,C,3/4,
S12-F1-Q4,449,12,FORWARD 1,4,7.RP.A.1,sa,A hose fills 3/4 gallon in 1/6 minute. How many gallons does it fill per minute?,,,4 1/2 gallons per minute,
S12-F1-Q5,450,12,FORWARD 1,5,7.RP.A.1,sa,A worker paints 2/5 of a room in 1/2 hour. How many rooms can the worker paint in an 8-hour day?,,,6 2/5 rooms,(2/5 ÷ 1/2) × 8 = 32/5
S12-F2-Q1,452,12,FORWARD 2,1,8.EE.A.4,sa,1 km = 10⁶ mm. Write 3.2 × 10⁶ millimeters in kilometers.,,,3.2 km,
S12-F2-Q2,453,12,FORWARD 2,2,8.EE.A.4,sa,Earth is about 1.5 × 10⁸ km from the Sun. 1 km = 10³ m. How many meters is this? Write the answer in scientific notation.,,,1.5 × 10¹¹ m,
S12-F2-Q3,454,12,FORWARD 2,3,8.EE.A.4,mc,A sheet of paper is about 1 × 10⁻⁴ meter thick. Which unit is the most appropriate for this measurement?,A. Miles | B. Meters | C. Millimeters | D. Kilometers,C,Millimeters,
S12-F2-Q4,455,12,FORWARD 2,4,8.EE.A.4,sa,A virus is 1.2 × 10⁻⁷ meter long. 1 nanometer = 10⁻⁹ meter. How many nanometers long is the virus?,,,120 nm,
S12-F2-Q5,456,12,FORWARD 2,5,8.EE.A.4,sa,A glacier moves 3 × 10⁻¹ meter per day. 1 m = 10² cm. How many centimeters does it move per day?,,,30 cm,
S13-M-Q1,459,13,MAIN,1,6.NS.A.1,sa,Divide. 3/5 ÷ 2/3,,,9/10,
S13-M-Q2,460,13,MAIN,2,6.NS.A.1,sa,Divide. 5/6 ÷ 1/3,,,5/2 = 2 1/2,
S13-M-Q3,461,13,MAIN,3,6.NS.A.1,sa,Divide. 1 1/2 ÷ 3/4,,,2,
S13-M-Q4,462,13,MAIN,4,6.NS.A.1,mc,Which is equal to 4/5 ÷ 2/3?,A. 2/15 | B. 8/15 | C. 5/6 | D. 1 1/5,D,1 1/5,
S13-M-Q5,463,13,MAIN,5,6.NS.A.1,sa,Divide. 3 1/3 ÷ 5/6,,,4,
S13-B1-Q1,465,13,BACKWARD 1,1,5.NF.B.4.a,sa,Multiply. 3/5 × 2/7,,,6/35,
S13-B1-Q2,466,13,BACKWARD 1,2,5.NF.B.4.a,tf,3/4 × 2/5 = 6/20,A. True | B. False,A,True,
S13-B1-Q3,467,13,BACKWARD 1,3,5.NF.B.4.a,mc,1/2 × 5/6 = ?,A. 1/3 | B. 5/12 | C. 5/8 | D. 6/8,B,5/12,
S13-B1-Q4,468,13,BACKWARD 1,4,5.NF.B.4.a,sa,Multiply. 4/5 × 3/2,,,6/5 = 1 1/5,
S13-B1-Q5,469,13,BACKWARD 1,5,5.NF.B.4.a,sa,Multiply. 5/6 × 3,,,5/2 = 2 1/2,
S13-B2-Q1,471,13,BACKWARD 2,1,5.NF.B.7.b,sa,Divide. 3 ÷ 1/4,,,12,
S13-B2-Q2,472,13,BACKWARD 2,2,5.NF.B.7.b,tf,4 ÷ 1/2 = 8,A. True | B. False,A,True,
S13-B2-Q3,473,13,BACKWARD 2,3,5.NF.B.7.b,mc,How many thirds are in 2?,A. 1/6 | B. 2/3 | C. 5 | D. 6,D,6,
S13-B2-Q4,474,13,BACKWARD 2,4,5.NF.B.7.b,sa,Divide. 6 ÷ 1/5,,,30,
S13-B2-Q5,475,13,BACKWARD 2,5,5.NF.B.7.b,sa,Divide. 2 ÷ 1/8,,,16,
S13-B3-Q1,477,13,BACKWARD 3,1,5.NF.B.7.a,sa,Divide. 1/4 ÷ 3,,,1/12,
S13-B3-Q2,478,13,BACKWARD 3,2,5.NF.B.7.a,tf,1/2 ÷ 3 = 1/6,A. True | B. False,A,True,
S13-B3-Q3,479,13,BACKWARD 3,3,5.NF.B.7.a,mc,1/5 ÷ 2 = ?,A. 1/10 | B. 2/5 | C. 5/2 | D. 10,A,1/10,
S13-B3-Q4,480,13,BACKWARD 3,4,5.NF.B.7.a,sa,Divide. 1/6 ÷ 3,,,1/18,
S13-B3-Q5,481,13,BACKWARD 3,5,5.NF.B.7.a,tf,1/6 ÷ 2 = 2/6,A. True | B. False,B,False,
S13-B4-Q1,483,13,BACKWARD 4,1,4.NF.A.1,tf,8/12 is equivalent to 2/3.,A. True | B. False,A,True,
S13-B4-Q2,484,13,BACKWARD 4,2,4.NF.A.1,sa,Find the missing number. 10/15 = (?)/3,,,2,
S13-B4-Q3,485,13,BACKWARD 4,3,4.NF.A.1,mc,Which fraction is equivalent to 9/12?,A. 2/3 | B. 3/4 | C. 12/9 | D. 9/4,B,3/4,
S13-B4-Q4,486,13,BACKWARD 4,4,4.NF.A.1,sa,Find the missing number. 6/8 = (?)/4,,,3,
S13-B4-Q5,487,13,BACKWARD 4,5,4.NF.A.1,tf,4/6 is equivalent to 6/8.,A. True | B. False,B,False,
S13-B5-Q1,489,13,BACKWARD 5,1,4.NF.B.3.b,sa,Write 1 1/2 as a fraction.,,,3/2,
S13-B5-Q2,490,13,BACKWARD 5,2,4.NF.B.3.b,sa,Write 3 1/3 as a fraction.,,,10/3,
S13-B5-Q3,491,13,BACKWARD 5,3,4.NF.B.3.b,tf,2 1/4 = 9/4,A. True | B. False,A,True,
S13-B5-Q4,492,13,BACKWARD 5,4,4.NF.B.3.b,mc,Which fraction is equal to 1 2/3?,A. 3/3 | B. 5/3 | C. 7/3 | D. 12/3,B,5/3,
S13-B5-Q5,493,13,BACKWARD 5,5,4.NF.B.3.b,sa,Write 11/4 as a mixed number.,,,2 3/4,
S13-F1-Q1,495,13,FORWARD 1,1,7.NS.A.2.c,sa,Find the value. (-2/3) ÷ 4/5,,,-5/6,
S13-F1-Q2,496,13,FORWARD 1,2,7.NS.A.2.c,sa,Find the value. -3/4 × (-8/9),,,2/3,
S13-F1-Q3,497,13,FORWARD 1,3,7.NS.A.2.c,mc,(-1 1/2) ÷ (-3/8) = ?,A. -4 | B. -9/16 | C. 9/16 | D. 4,D,4,
S13-F1-Q4,498,13,FORWARD 1,4,7.NS.A.2.c,sa,Find the value. 5/6 ÷ (-5/12),,,-2,
S13-F1-Q5,499,13,FORWARD 1,5,7.NS.A.2.c,tf,(-1/2) × 4/5 = -2/5,A. True | B. False,A,True,
S13-F2-Q1,501,13,FORWARD 2,1,8.EE.C.7.b,sa,Solve for x. 3/4(x - 2) = 1/2x + 5,,,26,
S13-F2-Q2,502,13,FORWARD 2,2,8.EE.C.7.b,sa,Solve for x. 2/3x + 4 = 1/6x + 7,,,6,
S13-F2-Q3,503,13,FORWARD 2,3,8.EE.C.7.b,mc,Solve for x. x/2 + x/3 = 10,A. 5 | B. 6 | C. 12 | D. 60,C,12,
S13-F2-Q4,504,13,FORWARD 2,4,8.EE.C.7.b,sa,Solve for x. 1/2(4x + 6) = 3x - 5,,,8,
S13-F2-Q5,505,13,FORWARD 2,5,8.EE.C.7.b,sa,Solve for y. 5/8y - 1 = 3/8y + 2,,,12,
S14-M-Q1,508,14,MAIN,1,6.NS.A.1,sa,How many 2/3-cup scoops are in 5/6 cup of flour?,,,5/4 = 1 1/4 scoops,
S14-M-Q2,509,14,MAIN,2,6.NS.A.1,sa,A path is 3/4 mile long. It is divided into sections that are each 1/8 mile long. How many sections are there?,,,6 sections,
S14-M-Q3,510,14,MAIN,3,6.NS.A.1,sa,A rectangular patio has an area of 3/5 square yard. Its length is 9/10 yard. What is its width?,,,2/3 yard,
S14-M-Q4,511,14,MAIN,4,6.NS.A.1,mc,A pitcher holds 9/10 liter of juice. Each glass holds 3/10 liter. How many glasses can be filled?,A. 27/100 | B. 1/3 | C. 3 | D. 6,C,3,
S14-M-Q5,512,14,MAIN,5,6.NS.A.1,sa,Ana has 5/6 pound of trail mix. She fills bags that each hold 5/12 pound. How many bags can she fill?,,,2 bags,
S14-B1-Q1,514,14,BACKWARD 1,1,3.OA.A.2,sa,How many groups of 4 are in 20?,,,5,
S14-B1-Q2,515,14,BACKWARD 1,2,3.OA.A.2,tf,"12 ÷ 3 can mean ""How many groups of 3 are in 12?""",A. True | B. False,A,True,
S14-B1-Q3,516,14,BACKWARD 1,3,3.OA.A.2,mc,Tom has 18 cookies. He puts 6 cookies in each bag. Which equation finds the number of bags?,A. 18 × 6 = □ | B. 18 - 6 = □ | C. 18 ÷ 6 = □ | D. 6 ÷ 18 = □,C,18 ÷ 6 = □,
S14-B1-Q4,517,14,BACKWARD 1,4,3.OA.A.2,sa,24 students are split into teams of 8. How many teams are there?,,,3,
S14-B1-Q5,518,14,BACKWARD 1,5,3.OA.A.2,sa,How many 5s are in 35?,,,7,
S14-B2-Q1,520,14,BACKWARD 2,1,3.NF.A.1,sa,How many 1/4s make 3/4?,,,3,
S14-B2-Q2,521,14,BACKWARD 2,2,3.NF.A.1,sa,How many 1/8s make 1 whole?,,,8,
S14-B2-Q3,522,14,BACKWARD 2,3,3.NF.A.1,tf,5/6 is 5 parts of size 1/6.,A. True | B. False,A,True,
S14-B2-Q4,523,14,BACKWARD 2,4,3.NF.A.1,mc,3/8 is made of how many parts of size 1/8?,A. 1/3 | B. 3 | C. 5 | D. 8,B,3,
S14-B2-Q5,524,14,BACKWARD 2,5,3.NF.A.1,sa,How many 1/3s make 2/3?,,,2,
S14-B3-Q1,526,14,BACKWARD 3,1,5.NF.B.4.b,sa,What is the area of the rectangle?,,,1/2 square meter,
S14-B3-Q2,527,14,BACKWARD 3,2,5.NF.B.4.b,tf,A rectangle that is 1/2 foot by 1/3 foot has an area of 1/6 square foot.,A. True | B. False,A,True,
S14-B3-Q3,528,14,BACKWARD 3,3,5.NF.B.4.b,mc,A rectangle is 2/5 unit by 1/2 unit. What is its area?,A. 1/5 square unit | B. 2/7 square unit | C. 3/7 square unit | D. 9/10 square unit,A,1/5 square unit,
S14-B3-Q4,529,14,BACKWARD 3,4,5.NF.B.4.b,sa,What is the area of the rectangle?,,,3/8 square foot,
S14-B3-Q5,530,14,BACKWARD 3,5,5.NF.B.4.b,sa,A garden is 5/6 yard long and 3/5 yard wide. What is its area?,,,1/2 square yard,
S14-B4-Q1,532,14,BACKWARD 4,1,5.NF.B.7.c,sa,How many 1/4-pound burgers can be made from 3 pounds of beef?,,,12,
S14-B4-Q2,533,14,BACKWARD 4,2,5.NF.B.7.c,sa,A 4-pound bag of rice is divided into 1/2-pound portions. How many portions are there?,,,8,
S14-B4-Q3,534,14,BACKWARD 4,3,5.NF.B.7.c,mc,Which expression finds how many 1/5-mile laps are in 3 miles?,A. 1/5 ÷ 3 | B. 3 - 1/5 | C. 3 ÷ 1/5 | D. 3 × 1/5,C,3 ÷ 1/5,
S14-B4-Q4,535,14,BACKWARD 4,4,5.NF.B.7.c,sa,4 friends share 1/3 pound of cheese equally. How much cheese does each friend get?,,,1/12 pound,
S14-B4-Q5,536,14,BACKWARD 4,5,5.NF.B.7.c,tf,There are 10 half-hours in 5 hours.,A. True | B. False,A,True,
S14-F1-Q1,538,14,FORWARD 1,1,7.NS.A.3,sa,A diver descends 3/4 foot each second. How many seconds does it take to descend 5 1/4 feet?,,,7 seconds,
S14-F1-Q2,539,14,FORWARD 1,2,7.NS.A.3,sa,The temperature was 4°F. It dropped 2 1/2°F each hour for 3 hours. What was the final temperature?,,,-3.5°F,-3 1/2 degrees
S14-F1-Q3,540,14,FORWARD 1,3,7.NS.A.3,mc,A stock's value changed by -$1 1/4 each day for 4 days. What was the total change?,A. -$5 | B. -$4 1/4 | C. -$1 | D. $5,A,-$5,
S14-F1-Q4,541,14,FORWARD 1,4,7.NS.A.3,sa,A recipe needs 2/3 cup of oil per batch. Jo has 3 1/3 cups of oil. How many batches can Jo make?,,,5 batches,
S14-F1-Q5,542,14,FORWARD 1,5,7.NS.A.3,sa,"A hiker descends 1,250 feet in 5/6 hour at a constant rate. What is the change in elevation per hour?",,,"-1,500 feet per hour","A descent of 1,500 feet per hour"
S14-F2-Q1,544,14,FORWARD 2,1,8.EE.C.7.b,sa,Solve for x. 1/2(x + 6) = 1/3(x + 12),,,6,
S14-F2-Q2,545,14,FORWARD 2,2,8.EE.C.7.b,sa,Lee's age plus 1/3 of his age is 24. Write and solve an equation to find Lee's age.,,,18 years old,"Equation: a + (1/3)a = 24, or equivalent"
S14-F2-Q3,546,14,FORWARD 2,3,8.EE.C.7.b,sa,Tank A has 40 gallons and drains 3/4 gallon per minute. Tank B has 10 gallons and fills at 1 1/4 gallons per minute. After how many minutes will the tanks hold the same amount?,,,15 minutes,40 - (3/4)t = 10 + (5/4)t
S14-F2-Q4,547,14,FORWARD 2,4,8.EE.C.7.b,mc,Solve for x. 2/5x - 3 = 1/5x + 1,A. -10 | B. 4 | C. 10 | D. 20,D,20,
S14-F2-Q5,548,14,FORWARD 2,5,8.EE.C.7.b,sa,Solve for n. 3/4n + 1/2 = 1/4n + 4,,,7,
S15-M-Q1,551,15,MAIN,1,6.NS.B.2,sa,"Use the standard algorithm to divide. 4,508 ÷ 23",,,196,
S15-M-Q2,552,15,MAIN,2,6.NS.B.2,sa,"Use the standard algorithm to divide. 7,236 ÷ 36",,,201,
S15-M-Q3,553,15,MAIN,3,6.NS.B.2,sa,"Use the standard algorithm to divide. 9,975 ÷ 75",,,133,
S15-M-Q4,554,15,MAIN,4,6.NS.B.2,mc,"Use the standard algorithm to divide. 1,680 ÷ 48",A. 30 | B. 35 | C. 36 | D. 350,B,35,
S15-M-Q5,555,15,MAIN,5,6.NS.B.2,sa,"Use the standard algorithm to divide. 25,494 ÷ 42",,,607,
S15-B1-Q1,557,15,BACKWARD 1,1,5.NBT.B.5,sa,Multiply. 46 × 23,,,"1,058",
S15-B1-Q2,558,15,BACKWARD 1,2,5.NBT.B.5,sa,Multiply. 196 × 23,,,"4,508",
S15-B1-Q3,559,15,BACKWARD 1,3,5.NBT.B.5,tf,"35 × 48 = 1,680",A. True | B. False,A,True,
S15-B1-Q4,560,15,BACKWARD 1,4,5.NBT.B.5,mc,133 × 75 = ?,"A. 1,596 | B. 9,775 | C. 9,875 | D. 9,975",D,"9,975",
S15-B1-Q5,561,15,BACKWARD 1,5,5.NBT.B.5,sa,Multiply. 607 × 42,,,"25,494",
S15-B2-Q1,563,15,BACKWARD 2,1,4.NBT.B.6,sa,Divide. 852 ÷ 4,,,213,
S15-B2-Q2,564,15,BACKWARD 2,2,4.NBT.B.6,sa,"Divide. 1,256 ÷ 8",,,157,
S15-B2-Q3,565,15,BACKWARD 2,3,4.NBT.B.6,tf,936 ÷ 3 = 312,A. True | B. False,A,True,
S15-B2-Q4,566,15,BACKWARD 2,4,4.NBT.B.6,mc,714 ÷ 7 = ?,"A. 12 | B. 102 | C. 120 | D. 1,002",B,102,
S15-B2-Q5,567,15,BACKWARD 2,5,4.NBT.B.6,sa,"Divide. 2,345 ÷ 5",,,469,
S15-B3-Q1,569,15,BACKWARD 3,1,5.NBT.B.6,mc,"Which is the best estimate for 4,508 ÷ 23?","A. 2 | B. 20 | C. 200 | D. 2,000",C,200,
S15-B3-Q2,570,15,BACKWARD 3,2,5.NBT.B.6,mc,"Which is the best estimate for 7,236 ÷ 36?","A. 2 | B. 20 | C. 200 | D. 2,000",C,200,
S15-B3-Q3,571,15,BACKWARD 3,3,5.NBT.B.6,tf,"9,975 ÷ 75 is between 100 and 200.",A. True | B. False,A,True,
S15-B3-Q4,572,15,BACKWARD 3,4,5.NBT.B.6,sa,"Estimate 6,120 ÷ 29 by rounding 29 to 30.",,,204,"6,120 ÷ 30 = 204; ""about 200"" is also acceptable"
S15-B3-Q5,573,15,BACKWARD 3,5,5.NBT.B.6,mc,"How many digits are in the quotient of 1,680 ÷ 48?",A. 1 | B. 2 | C. 3 | D. 4,B,2,
S15-B4-Q1,575,15,BACKWARD 4,1,4.NBT.B.4,sa,"Subtract. 5,012 - 4,698",,,314,
S15-B4-Q2,576,15,BACKWARD 4,2,4.NBT.B.4,sa,"Subtract. 3,000 - 1,847",,,"1,153",
S15-B4-Q3,577,15,BACKWARD 4,3,4.NBT.B.4,tf,"7,236 - 7,200 = 36",A. True | B. False,A,True,
S15-B4-Q4,578,15,BACKWARD 4,4,4.NBT.B.4,mc,"9,975 - 9,000 = ?","A. 75 | B. 975 | C. 1,975 | D. 9,075",B,975,
S15-B4-Q5,579,15,BACKWARD 4,5,4.NBT.B.4,sa,"Subtract. 6,203 - 2,875",,,"3,328",
S15-F1-Q1,581,15,FORWARD 1,1,7.NS.A.2.d,sa,Use long division to write 5/11 as a decimal.,,,0.454545... (0.45 repeating),
S15-F1-Q2,582,15,FORWARD 1,2,7.NS.A.2.d,sa,Use long division to write 3/8 as a decimal.,,,0.375,
S15-F1-Q3,583,15,FORWARD 1,3,7.NS.A.2.d,mc,Which fraction has a repeating decimal?,A. 1/5 | B. 2/3 | C. 3/4 | D. 7/8,B,2/3,
S15-F1-Q4,584,15,FORWARD 1,4,7.NS.A.2.d,tf,The decimal form of 7/20 terminates.,A. True | B. False,A,True,
S15-F1-Q5,585,15,FORWARD 1,5,7.NS.A.2.d,sa,Use long division to write 5/6 as a decimal.,,,"0.8333... (0.83, with the 3 repeating)",
S15-F2-Q1,587,15,FORWARD 2,1,8.NS.A.1,sa,Write 0.272727... as a fraction in simplest form.,,,3/11,
S15-F2-Q2,588,15,FORWARD 2,2,8.NS.A.1,sa,Write 0.444... as a fraction.,,,4/9,
S15-F2-Q3,589,15,FORWARD 2,3,8.NS.A.1,mc,Which number is irrational?,A. 0.333... | B. 5/8 | C. √16 | D. √7,D,√7,
S15-F2-Q4,590,15,FORWARD 2,4,8.NS.A.1,tf,Every repeating decimal is a rational number.,A. True | B. False,A,True,
S15-F2-Q5,591,15,FORWARD 2,5,8.NS.A.1,sa,Write 1.1666... as a fraction.,,,7/6,1 1/6 is also correct
S16-M-Q1,594,16,MAIN,1,6.NS.B.3,sa,Find the sum. 315.4 + 28.75 + 6.309,,,350.459,
S16-M-Q2,595,16,MAIN,2,6.NS.B.3,sa,Find the sum. 47.08 + 9.6,,,56.68,
S16-M-Q3,596,16,MAIN,3,6.NS.B.3,sa,Find the sum. 128.5 + 3.47 + 60.009,,,191.979,
S16-M-Q4,597,16,MAIN,4,6.NS.B.3,mc,Find the sum. 6.75 + 12.9 + 0.48,A. 7.23 | B. 19.23 | C. 20.03 | D. 20.13,D,20.13,
S16-M-Q5,598,16,MAIN,5,6.NS.B.3,sa,Find the sum. 0.875 + 14.2 + 3.06,,,18.135,
S16-B1-Q1,600,16,BACKWARD 1,1,5.NBT.A.3.a,mc,"In 7.358, what place value does the digit 5 have?",A. Tenths | B. Hundredths | C. Ones | D. Thousandths,B,Hundredths,
S16-B1-Q2,601,16,BACKWARD 1,2,5.NBT.A.3.a,sa,"In 42.906, which digit is in the tenths place?",,,9,
S16-B1-Q3,602,16,BACKWARD 1,3,5.NBT.A.3.a,tf,"In 3.47, the digit 7 is in the hundredths place.",A. True | B. False,A,True,
S16-B1-Q4,603,16,BACKWARD 1,4,5.NBT.A.3.a,mc,What is the value of the 8 in 0.584?,A. 0.008 | B. 0.08 | C. 0.8 | D. 8,B,0.08,
S16-B1-Q5,604,16,BACKWARD 1,5,5.NBT.A.3.a,sa,Write 5 + 0.3 + 0.07 as a decimal.,,,5.37,
S16-B2-Q1,606,16,BACKWARD 2,1,5.NBT.A.3.b,tf,2.4 and 2.40 have the same value.,A. True | B. False,A,True,
S16-B2-Q2,607,16,BACKWARD 2,2,5.NBT.A.3.b,tf,5.6 and 5.06 have the same value.,A. True | B. False,B,False,
S16-B2-Q3,608,16,BACKWARD 2,3,5.NBT.A.3.b,mc,Which decimal is equal to 7.5?,A. 0.75 | B. 7.005 | C. 7.05 | D. 7.50,D,7.50,
S16-B2-Q4,609,16,BACKWARD 2,4,5.NBT.A.3.b,sa,Write 9.6 with a zero in the hundredths place.,,,9.60,
S16-B2-Q5,610,16,BACKWARD 2,5,5.NBT.A.3.b,tf,0.300 = 0.3,A. True | B. False,A,True,
S16-B3-Q1,612,16,BACKWARD 3,1,5.NBT.B.7,mc,Which setup lines up the decimal points for 36.2 + 4.58?,A. (picture) | B. (picture),B,Choice B (picture),
S16-B3-Q2,613,16,BACKWARD 3,2,5.NBT.B.7,mc,Which setup lines up the decimal points for 5.07 + 12.3?,A. (picture) | B. (picture),A,Choice A (picture),
S16-B3-Q3,614,16,BACKWARD 3,3,5.NBT.B.7,tf,The decimal points are lined up correctly.,A. True | B. False,B,False,
S16-B3-Q4,615,16,BACKWARD 3,4,5.NBT.B.7,mc,Which setup lines up the decimal points for 128.5 + 3.47?,A. (picture) | B. (picture),A,Choice A (picture),
S16-B3-Q5,616,16,BACKWARD 3,5,5.NBT.B.7,tf,The decimal points are lined up correctly.,A. True | B. False,A,True,
S16-B4-Q1,618,16,BACKWARD 4,1,4.NBT.B.4,sa,"Add. 3,154 + 2,875",,,"6,029",
S16-B4-Q2,619,16,BACKWARD 4,2,4.NBT.B.4,sa,"Add. 4,605 + 2,798",,,"7,403",
S16-B4-Q3,620,16,BACKWARD 4,3,4.NBT.B.4,tf,"1,975 + 3,489 = 5,464",A. True | B. False,A,True,
S16-B4-Q4,621,16,BACKWARD 4,4,4.NBT.B.4,mc,"6,758 + 1,265 = ?","A. 7,013 | B. 7,923 | C. 8,013 | D. 8,023",D,"8,023",
S16-B4-Q5,622,16,BACKWARD 4,5,4.NBT.B.4,sa,"Add. 12,480 + 9,635",,,"22,115",
S16-F1-Q1,624,16,FORWARD 1,1,7.NS.A.1.d,sa,Find the value. -18.6 + 4.35 =,,,-14.25,
S16-F1-Q2,625,16,FORWARD 1,2,7.NS.A.1.d,sa,Find the value. -24.5 + 3.27 =,,,-21.23,
S16-F1-Q3,626,16,FORWARD 1,3,7.NS.A.1.d,sa,Find the value. -3.4 + (-9.15) =,,,-12.55,
S16-F1-Q4,627,16,FORWARD 1,4,7.NS.A.1.d,mc,Find the value. -6.25 + (-2.8) = ?,A. -9.05 | B. -3.45 | C. 3.45 | D. 9.05,A,-9.05,
S16-F1-Q5,628,16,FORWARD 1,5,7.NS.A.1.d,sa,Find the value. -15.75 + 20.3 =,,,4.55,
S16-F2-Q1,630,16,FORWARD 2,1,8.EE.C.7.b,sa,Solve for x. -2.4x + 7.8 = 1.2x - 1.2,,,2.5,
S16-F2-Q2,631,16,FORWARD 2,2,8.EE.C.7.b,sa,Solve for x. -1.5x + 6.4 = 0.5x - 1.6,,,4,
S16-F2-Q3,632,16,FORWARD 2,3,8.EE.C.7.b,sa,Solve for x. 0.8x + 7.2 = -1.2x + 1.2,,,-3,
S16-F2-Q4,633,16,FORWARD 2,4,8.EE.C.7.b,sa,Solve for x. -4.5x - 3.25 = -2.5x + 0.75,,,-2,
S16-F2-Q5,634,16,FORWARD 2,5,8.EE.C.7.b,sa,Solve for x. 2.4(x + 1.5) = 1.4x + 6.6,,,3,
S17-M-Q1,637,17,MAIN,1,6.NS.B.3,sa,Find the difference. 52.3 - 18.47,,,33.83,
S17-M-Q2,638,17,MAIN,2,6.NS.B.3,sa,Find the difference. 100 - 36.58,,,63.42,
S17-M-Q3,639,17,MAIN,3,6.NS.B.3,sa,Find the difference. 7.4 - 2.068,,,5.332,
S17-M-Q4,640,17,MAIN,4,6.NS.B.3,mc,Find the difference. 15.02 - 6.9,A. 8.12 | B. 8.93 | C. 9.12 | D. 14.33,A,8.12,
S17-M-Q5,641,17,MAIN,5,6.NS.B.3,sa,Find the difference. 243.6 - 87.95,,,155.65,
S17-B1-Q1,643,17,BACKWARD 1,1,5.NBT.A.3.a,mc,"In 2.068, what place value does the digit 6 have?",A. Tenths | B. Thousandths | C. Hundredths | D. Ones,C,Hundredths,
S17-B1-Q2,644,17,BACKWARD 1,2,5.NBT.A.3.a,sa,"In 87.95, which digit is in the hundredths place?",,,5,
S17-B1-Q3,645,17,BACKWARD 1,3,5.NBT.A.3.a,tf,"In 36.58, the digit 5 is in the tenths place.",A. True | B. False,A,True,
S17-B1-Q4,646,17,BACKWARD 1,4,5.NBT.A.3.a,mc,What is the value of the 4 in 7.04?,A. 0.004 | B. 0.04 | C. 0.4 | D. 4,B,0.04,
S17-B1-Q5,647,17,BACKWARD 1,5,5.NBT.A.3.a,sa,Write 20 + 0.6 + 0.009 as a decimal.,,,20.609,
S17-B2-Q1,649,17,BACKWARD 2,1,5.NBT.A.3.b,tf,7.4 = 7.400,A. True | B. False,A,True,
S17-B2-Q2,650,17,BACKWARD 2,2,5.NBT.A.3.b,sa,Write 100 with two decimal places.,,,100.00,
S17-B2-Q3,651,17,BACKWARD 2,3,5.NBT.A.3.b,mc,Which decimal is equal to 15.1?,A. 1.51 | B. 15.001 | C. 15.01 | D. 15.10,D,15.10,
S17-B2-Q4,652,17,BACKWARD 2,4,5.NBT.A.3.b,sa,"Write 52.3 with a digit in the hundredths place, without changing its value.",,,52.30,
S17-B2-Q5,653,17,BACKWARD 2,5,5.NBT.A.3.b,tf,6.9 = 6.09,A. True | B. False,B,False,
S17-B3-Q1,655,17,BACKWARD 3,1,5.NBT.B.7,mc,Which setup lines up the decimal points for 15.6 - 3.42?,A. (picture) | B. (picture),A,Choice A (picture),
S17-B3-Q2,656,17,BACKWARD 3,2,5.NBT.B.7,mc,Which setup lines up the decimal points for 52.3 - 18.47?,A. (picture) | B. (picture),B,Choice B (picture),
S17-B3-Q3,657,17,BACKWARD 3,3,5.NBT.B.7,tf,The decimal points are lined up correctly.,A. True | B. False,B,False,
S17-B3-Q4,658,17,BACKWARD 3,4,5.NBT.B.7,tf,The decimal points are lined up correctly.,A. True | B. False,A,True,
S17-B3-Q5,659,17,BACKWARD 3,5,5.NBT.B.7,mc,Which setup lines up the decimal points for 243.6 - 87.95?,A. (picture) | B. (picture),A,Choice A (picture),
S17-B4-Q1,661,17,BACKWARD 4,1,4.NBT.B.4,sa,"Subtract. 5,000 - 2,847",,,"2,153",
S17-B4-Q2,662,17,BACKWARD 4,2,4.NBT.B.4,sa,"Subtract. 3,006 - 1,478",,,"1,528",
S17-B4-Q3,663,17,BACKWARD 4,3,4.NBT.B.4,tf,"6,000 - 2,458 = 3,542",A. True | B. False,A,True,
S17-B4-Q4,664,17,BACKWARD 4,4,4.NBT.B.4,mc,"8,014 - 3,276 = ?","A. 4,738 | B. 4,748 | C. 4,838 | D. 5,262",A,"4,738",
S17-B4-Q5,665,17,BACKWARD 4,5,4.NBT.B.4,sa,"Subtract. 10,000 - 3,658",,,"6,342",
S17-F1-Q1,667,17,FORWARD 1,1,7.NS.A.1.c,sa,Find the value. -4.2 - 3.75,,,-7.95,
S17-F1-Q2,668,17,FORWARD 1,2,7.NS.A.1.c,sa,Find the value. 2.5 - (-6.8),,,9.3,
S17-F1-Q3,669,17,FORWARD 1,3,7.NS.A.1.c,mc,Which expression is equal to 8.1 - 12.4?,A. 12.4 - 8.1 | B. -8.1 + 12.4 | C. 8.1 + (-12.4) | D. 8.1 + 12.4,C,8.1 + (-12.4),
S17-F1-Q4,670,17,FORWARD 1,4,7.NS.A.1.c,sa,Find the value. -0.65 - (-1.2),,,0.55,
S17-F1-Q5,671,17,FORWARD 1,5,7.NS.A.1.c,tf,-7.5 - 2.5 = -7.5 + (-2.5),A. True | B. False,A,True,
S17-F2-Q1,673,17,FORWARD 2,1,8.EE.C.7.b,sa,Solve for x. 5.2x - 3.75 = 2.2x + 8.25,,,4,
S17-F2-Q2,674,17,FORWARD 2,2,8.EE.C.7.b,sa,Solve for x. 0.9x + 12.5 = 0.4x + 10,,,-5,
S17-F2-Q3,675,17,FORWARD 2,3,8.EE.C.7.b,mc,Solve for x. 6.3 - 1.2x = 0.8x - 1.7,A. -4 | B. 0.4 | C. 2.5 | D. 4,D,4,
S17-F2-Q4,676,17,FORWARD 2,4,8.EE.C.7.b,sa,Solve for x. 4.75 - x = 2x - 1.25,,,2,
S17-F2-Q5,677,17,FORWARD 2,5,8.EE.C.7.b,sa,Solve for x. 3.4x - 9.6 = 1.4x - 2.6,,,3.5,
S18-M-Q1,680,18,MAIN,1,6.NS.B.3,sa,Jon put this example on the board. What mistake was made? What should the answer be?,,,Mistake: the numbers were lined up by their last digits instead of by their decimal points. Correct answer: 347.936,
S18-M-Q2,681,18,MAIN,2,6.NS.B.3,sa,Ava put this example on the board. What mistake was made? What should the answer be?,,,Mistake: the numbers were lined up by their last digits instead of by their decimal points. Correct answer: 59.65,
S18-M-Q3,682,18,MAIN,3,6.NS.B.3,sa,Leo put this example on the board. What mistake was made? What should the answer be?,,,Mistake: the numbers were lined up by their last digits instead of by their decimal points. Correct answer: 46.45,
S18-M-Q4,683,18,MAIN,4,6.NS.B.3,sa,Mia put this example on the board. What mistake was made? What should the answer be?,,,Mistake: the numbers were lined up by their last digits instead of by their decimal points. Correct answer: 19.68,
S18-M-Q5,684,18,MAIN,5,6.NS.B.3,sa,Ben put this example on the board. What mistake was made? What should the answer be?,,,Mistake: the numbers were lined up by their last digits instead of by their decimal points. Correct answer: 122.12,
S18-B1-Q1,686,18,BACKWARD 1,1,5.NBT.B.7,mc,Which setup lines up the decimal points for 56.4 + 3.25?,A. (picture) | B. (picture),B,Choice B (picture),
S18-B1-Q2,687,18,BACKWARD 1,2,5.NBT.B.7,mc,Which setup lines up the decimal points for 48.6 - 2.15?,A. (picture) | B. (picture),A,Choice A (picture),
S18-B1-Q3,688,18,BACKWARD 1,3,5.NBT.B.7,tf,The decimal points are lined up correctly.,A. True | B. False,B,False,
S18-B1-Q4,689,18,BACKWARD 1,4,5.NBT.B.7,tf,The decimal points are lined up correctly.,A. True | B. False,A,True,
S18-B1-Q5,690,18,BACKWARD 1,5,5.NBT.B.7,mc,Which setup lines up the decimal points for 24.8 + 7.936?,A. (picture) | B. (picture),B,Choice B (picture),
S18-B2-Q1,692,18,BACKWARD 2,1,5.NBT.A.3.a,mc,"In 7.936, what place value does the digit 3 have?",A. Hundredths | B. Tenths | C. Thousandths | D. Ones,A,Hundredths,
S18-B2-Q2,693,18,BACKWARD 2,2,5.NBT.A.3.a,sa,"In 315.2, which digit is in the ones place?",,,5,
S18-B2-Q3,694,18,BACKWARD 2,3,5.NBT.A.3.a,tf,"In 3.25, the digit 2 is in the tenths place.",A. True | B. False,A,True,
S18-B2-Q4,695,18,BACKWARD 2,4,5.NBT.A.3.a,mc,What is the value of the 6 in 12.56?,A. 0.06 | B. 0.6 | C. 6 | D. 60,A,0.06,
S18-B2-Q5,696,18,BACKWARD 2,5,5.NBT.A.3.a,sa,"In 48.6, which digit is in the tenths place?",,,6,
S18-B3-Q1,698,18,BACKWARD 3,1,5.NBT.A.4,sa,Round each number to the nearest whole number. Then add to estimate. 315.2 + 24.8 + 7.936,,,348,315 + 25 + 8
S18-B3-Q2,699,18,BACKWARD 3,2,5.NBT.A.4,sa,Round 48.6 to the nearest whole number.,,,49,
S18-B3-Q3,700,18,BACKWARD 3,3,5.NBT.A.4,tf,7.08 + 12.6 is about 20.,A. True | B. False,A,True,
S18-B3-Q4,701,18,BACKWARD 3,4,5.NBT.A.4,mc,Which is the best estimate for 125.6 - 3.48?,A. 9 | B. 90 | C. 122 | D. 130,C,122,
S18-B3-Q5,702,18,BACKWARD 3,5,5.NBT.A.4,sa,Round 56.4 and 3.25 to the nearest whole numbers. Then add.,,,59,56 + 3
S18-F1-Q1,704,18,FORWARD 1,1,7.NS.A.1.d,sa,Ray wrote: -3.5 + 1.25 = -4.75 What mistake was made? What is the correct value?,,,"Mistake: the numbers have different signs, so their absolute values should be subtracted, not added. Correct value: -2.25",
S18-F1-Q2,705,18,FORWARD 1,2,7.NS.A.1.d,sa,Tia wrote: -6.2 - 2.4 = -3.8 What mistake was made? What is the correct value?,,,"Mistake: subtracting 2.4 means adding -2.4; the result should be more negative, not closer to 0. Correct value: -8.6",
S18-F1-Q3,706,18,FORWARD 1,3,7.NS.A.1.d,sa,Sam wrote: 4.5 - (-1.5) = 3 What mistake was made? What is the correct value?,,,"Mistake: subtracting -1.5 means adding 1.5, not subtracting 1.5. Correct value: 6",
S18-F1-Q4,707,18,FORWARD 1,4,7.NS.A.1.d,sa,Kai wrote: -7.25 + (-2.5) = -4.75 What mistake was made? What is the correct value?,,,"Mistake: both numbers are negative, so their absolute values should be added, not subtracted. Correct value: -9.75",
S18-F1-Q5,708,18,FORWARD 1,5,7.NS.A.1.d,sa,Lia wrote: -0.8 + 2.3 = -1.5 What mistake was made? What is the correct value?,,,"Mistake: the sign is wrong; 2.3 has the greater absolute value, so the sum is positive. Correct value: 1.5",
S18-F2-Q1,710,18,FORWARD 2,1,8.EE.C.7.b,sa,Kim solved 2.4x + 1.2 = 0.4x - 3.8. Step 1: 2x + 1.2 = -3.8 Step 2: 2x = -2.6 Step 3: x = -1.3 Which step has the mistake? What is the correct solution?,,,Step 2 (subtracting 1.2 gives 2x = -5). Correct solution: x = -2.5,
S18-F2-Q2,711,18,FORWARD 2,2,8.EE.C.7.b,sa,Jo solved 3.5x - 2 = 1.5x + 6. Step 1: 2x - 2 = 6 Step 2: 2x = 4 Step 3: x = 2 Which step has the mistake? What is the correct solution?,,,Step 2 (adding 2 gives 2x = 8). Correct solution: x = 4,
S18-F2-Q3,712,18,FORWARD 2,3,8.EE.C.7.b,sa,Ali solved -1.2x + 5 = 0.8x - 3. Step 1: -2x + 5 = -3 Step 2: -2x = -8 Step 3: x = -4 Which step has the mistake? What is the correct solution?,,,Step 3 (dividing -8 by -2 gives 4). Correct solution: x = 4,
S18-F2-Q4,713,18,FORWARD 2,4,8.EE.C.7.b,sa,Ned solved 0.5(x + 6) = 2x - 3. Step 1: 0.5x + 6 = 2x - 3 Step 2: 9 = 1.5x Step 3: x = 6 Which step has the mistake? What is the correct solution?,,,Step 1 (0.5 must multiply both terms: 0.5x + 3). Correct solution: x = 4,
S18-F2-Q5,714,18,FORWARD 2,5,8.EE.C.7.b,sa,Eve solved 4.2x - 1.5 = 2.2x + 2.5. Step 1: 2x - 1.5 = 2.5 Step 2: 2x = 1 Step 3: x = 0.5 Which step has the mistake? What is the correct solution?,,,Step 2 (adding 1.5 gives 2x = 4). Correct solution: x = 2,
S19-M-Q1,717,19,MAIN,1,6.NS.B.3,sa,Multiply. 3.6 × 0.45,,,1.62,
S19-M-Q2,718,19,MAIN,2,6.NS.B.3,sa,Multiply. 12.5 × 3.8,,,47.5,
S19-M-Q3,719,19,MAIN,3,6.NS.B.3,sa,Multiply. 4.25 × 2.4,,,10.2,
S19-M-Q4,720,19,MAIN,4,6.NS.B.3,mc,Multiply. 0.07 × 0.6,A. 0.0042 | B. 0.042 | C. 0.42 | D. 4.2,B,0.042,
S19-M-Q5,721,19,MAIN,5,6.NS.B.3,sa,Multiply. 18.4 × 0.35,,,6.44,
S19-B1-Q1,723,19,BACKWARD 1,1,5.NBT.B.5,sa,Multiply. 36 × 45,,,"1,620",
S19-B1-Q2,724,19,BACKWARD 1,2,5.NBT.B.5,sa,Multiply. 125 × 38,,,"4,750",
S19-B1-Q3,725,19,BACKWARD 1,3,5.NBT.B.5,tf,"425 × 24 = 10,200",A. True | B. False,A,True,
S19-B1-Q4,726,19,BACKWARD 1,4,5.NBT.B.5,mc,184 × 35 = ?,"A. 1,472 | B. 5,440 | C. 6,340 | D. 6,440",D,"6,440",
S19-B1-Q5,727,19,BACKWARD 1,5,5.NBT.B.5,sa,Multiply. 208 × 15,,,"3,120",
S19-B2-Q1,729,19,BACKWARD 2,1,5.NBT.A.2,sa,Multiply. 0.45 × 10,,,4.5,
S19-B2-Q2,730,19,BACKWARD 2,2,5.NBT.A.2,sa,Multiply. 3.6 × 100,,,360,
S19-B2-Q3,731,19,BACKWARD 2,3,5.NBT.A.2,tf,24 ÷ 10 = 2.4,A. True | B. False,A,True,
S19-B2-Q4,732,19,BACKWARD 2,4,5.NBT.A.2,mc,"1,620 ÷ 1,000 = ?",A. 0.162 | B. 1.62 | C. 16.2 | D. 162,B,1.62,
S19-B2-Q5,733,19,BACKWARD 2,5,5.NBT.A.2,sa,Divide. 475 ÷ 10,,,47.5,
S19-B3-Q1,735,19,BACKWARD 3,1,5.NBT.B.7,sa,Multiply. 0.3 × 0.2,,,0.06,
S19-B3-Q2,736,19,BACKWARD 3,2,5.NBT.B.7,sa,Multiply. 0.5 × 0.8,,,0.4,
S19-B3-Q3,737,19,BACKWARD 3,3,5.NBT.B.7,tf,0.4 × 0.4 = 1.6,A. True | B. False,B,False,
S19-B3-Q4,738,19,BACKWARD 3,4,5.NBT.B.7,mc,0.2 × 0.03 = ?,A. 0.006 | B. 0.06 | C. 0.6 | D. 6,A,0.006,
S19-B3-Q5,739,19,BACKWARD 3,5,5.NBT.B.7,sa,Multiply. 1.2 × 0.3,,,0.36,
S19-B4-Q1,741,19,BACKWARD 4,1,5.NBT.A.4,sa,Round 3.62 to the nearest whole number.,,,4,
S19-B4-Q2,742,19,BACKWARD 4,2,5.NBT.A.4,sa,Round 12.48 to the nearest tenth.,,,12.5,
S19-B4-Q3,743,19,BACKWARD 4,3,5.NBT.A.4,tf,4.25 rounded to the nearest whole number is 4.,A. True | B. False,A,True,
S19-B4-Q4,744,19,BACKWARD 4,4,5.NBT.A.4,mc,Round 0.456 to the nearest hundredth.,A. 0.4 | B. 0.45 | C. 0.46 | D. 0.5,C,0.46,
S19-B4-Q5,745,19,BACKWARD 4,5,5.NBT.A.4,sa,Round 8.75 to the nearest whole number.,,,9,
S19-F1-Q1,747,19,FORWARD 1,1,7.NS.A.2.c,sa,Find the value. (-3.6)(0.45),,,-1.62,
S19-F1-Q2,748,19,FORWARD 1,2,7.NS.A.2.c,sa,Find the value. (-2.5)(-4.2),,,10.5,
S19-F1-Q3,749,19,FORWARD 1,3,7.NS.A.2.c,mc,-0.8 × 1.5 = ?,A. -1.2 | B. -0.12 | C. 0.12 | D. 1.2,A,-1.2,
S19-F1-Q4,750,19,FORWARD 1,4,7.NS.A.2.c,sa,Find the value. (-1.2)(-0.5)(-3),,,-1.8,
S19-F1-Q5,751,19,FORWARD 1,5,7.NS.A.2.c,tf,(-0.6)(0.7) = 0.42,A. True | B. False,B,False,
S19-F2-Q1,753,19,FORWARD 2,1,8.EE.A.4,sa,Multiply. Write the answer in scientific notation. (3.6 × 10⁴)(4.5 × 10⁻²),,,1.62 × 10³,
S19-F2-Q2,754,19,FORWARD 2,2,8.EE.A.4,sa,Multiply. Write the answer in scientific notation. (2.5 × 10³)(4 × 10⁵),,,1 × 10⁹,
S19-F2-Q3,755,19,FORWARD 2,3,8.EE.A.4,mc,(1.2 × 10⁶)(3 × 10⁻⁴) = ?,A. 4.2 × 10² | B. 3.6 × 10¹⁰ | C. 3.6 × 10² | D. 3.6 × 10⁻²,C,3.6 × 10²,
S19-F2-Q4,756,19,FORWARD 2,4,8.EE.A.4,sa,A light-year is about 9.5 × 10¹² km. About how many kilometers are in 4.2 light-years? Write the answer in scientific notation.,,,3.99 × 10¹³ km,
S19-F2-Q5,757,19,FORWARD 2,5,8.EE.A.4,tf,(5 × 10³)(6 × 10²) = 3 × 10⁶,A. True | B. False,A,True,
S20-M-Q1,760,20,MAIN,1,6.NS.B.3,sa,Divide. 15.75 ÷ 0.35,,,45,
S20-M-Q2,761,20,MAIN,2,6.NS.B.3,sa,Divide. 8.64 ÷ 2.4,,,3.6,
S20-M-Q3,762,20,MAIN,3,6.NS.B.3,sa,Divide. 12.6 ÷ 0.45,,,28,
S20-M-Q4,763,20,MAIN,4,6.NS.B.3,mc,Divide. 0.72 ÷ 0.08,A. 0.09 | B. 0.9 | C. 9 | D. 90,C,9,
S20-M-Q5,764,20,MAIN,5,6.NS.B.3,sa,Divide. 283.5 ÷ 13.5,,,21,
S20-B1-Q1,766,20,BACKWARD 1,1,5.NBT.B.6,sa,"Divide. 1,575 ÷ 35",,,45,
S20-B1-Q2,767,20,BACKWARD 1,2,5.NBT.B.6,sa,Divide. 864 ÷ 24,,,36,
S20-B1-Q3,768,20,BACKWARD 1,3,5.NBT.B.6,tf,"1,260 ÷ 45 = 28",A. True | B. False,A,True,
S20-B1-Q4,769,20,BACKWARD 1,4,5.NBT.B.6,mc,672 ÷ 32 = ?,A. 12 | B. 21 | C. 22 | D. 210,B,21,
S20-B1-Q5,770,20,BACKWARD 1,5,5.NBT.B.6,sa,"Divide. 2,835 ÷ 15",,,189,
S20-B2-Q1,772,20,BACKWARD 2,1,5.NBT.A.2,mc,Which has the same quotient as 15.75 ÷ 0.35?,"A. 1,575 ÷ 35 | B. 157.5 ÷ 35 | C. 1,575 ÷ 3.5 | D. 15.75 ÷ 35",A,"1,575 ÷ 35",
S20-B2-Q2,773,20,BACKWARD 2,2,5.NBT.A.2,tf,8.64 ÷ 2.4 has the same quotient as 86.4 ÷ 24.,A. True | B. False,A,True,
S20-B2-Q3,774,20,BACKWARD 2,3,5.NBT.A.2,sa,Multiply. 0.45 × 100,,,45,
S20-B2-Q4,775,20,BACKWARD 2,4,5.NBT.A.2,sa,Multiply. 12.6 × 100,,,"1,260",
S20-B2-Q5,776,20,BACKWARD 2,5,5.NBT.A.2,mc,0.08 × ___ = 8,"A. 0.1 | B. 10 | C. 100 | D. 1,000",C,100,
S20-B3-Q1,778,20,BACKWARD 3,1,5.NBT.B.7,sa,Divide. 2.4 ÷ 0.6,,,4,
S20-B3-Q2,779,20,BACKWARD 3,2,5.NBT.B.7,sa,Divide. 3.5 ÷ 0.5,,,7,
S20-B3-Q3,780,20,BACKWARD 3,3,5.NBT.B.7,tf,1.2 ÷ 0.3 = 0.4,A. True | B. False,B,False,
S20-B3-Q4,781,20,BACKWARD 3,4,5.NBT.B.7,mc,0.9 ÷ 0.3 = ?,A. 0.03 | B. 0.3 | C. 3 | D. 30,C,3,
S20-B3-Q5,782,20,BACKWARD 3,5,5.NBT.B.7,sa,Divide. 4.8 ÷ 4,,,1.2,
S20-F1-Q1,784,20,FORWARD 1,1,7.NS.A.2.b,sa,Find the value. (-15.75) ÷ 0.35,,,-45,
S20-F1-Q2,785,20,FORWARD 1,2,7.NS.A.2.b,sa,Find the value. -8.64 ÷ (-2.4),,,3.6,
S20-F1-Q3,786,20,FORWARD 1,3,7.NS.A.2.b,tf,-(12 ÷ 4) = (-12) ÷ 4,A. True | B. False,A,True,
S20-F1-Q4,787,20,FORWARD 1,4,7.NS.A.2.b,mc,7.2 ÷ (-0.9) = ?,A. -8 | B. -0.8 | C. 0.8 | D. 8,A,-8,
S20-F1-Q5,788,20,FORWARD 1,5,7.NS.A.2.b,sa,Find the value. -0.72 ÷ 0.08,,,-9,
S20-F2-Q1,790,20,FORWARD 2,1,8.EE.A.4,sa,Divide. Write the answer in scientific notation. (6.3 × 10⁸) ÷ (2.1 × 10³),,,3 × 10⁵,
S20-F2-Q2,791,20,FORWARD 2,2,8.EE.A.4,sa,Divide. Write the answer in scientific notation. (4.8 × 10⁻²) ÷ (1.6 × 10⁻⁵),,,3 × 10³,
S20-F2-Q3,792,20,FORWARD 2,3,8.EE.A.4,mc,(9 × 10⁶) ÷ (3 × 10⁹) = ?,A. 6 × 10⁻³ | B. 3 × 10¹⁵ | C. 3 × 10³ | D. 3 × 10⁻³,D,3 × 10⁻³,
S20-F2-Q4,793,20,FORWARD 2,4,8.EE.A.4,sa,Divide. Write the answer in scientific notation. (7.5 × 10⁴) ÷ (2.5 × 10⁻¹),,,3 × 10⁵,
S20-F2-Q5,794,20,FORWARD 2,5,8.EE.A.4,tf,(8.4 × 10⁵) ÷ (4.2 × 10²) = 2 × 10³,A. True | B. False,A,True,
S21-M-Q1,797,21,MAIN,1,6.NS.B.4,sa,Find the greatest common factor of 24 and 36.,,,12,
S21-M-Q2,798,21,MAIN,2,6.NS.B.4,mc,What is the greatest common factor of 18 and 45?,A. 3 | B. 9 | C. 15 | D. 90,B,9,
S21-M-Q3,799,21,MAIN,3,6.NS.B.4,sa,Find the greatest common factor of 28 and 42.,,,14,
S21-M-Q4,800,21,MAIN,4,6.NS.B.4,sa,Find the greatest common factor of 30 and 75.,,,15,
S21-M-Q5,801,21,MAIN,5,6.NS.B.4,sa,Find the greatest common factor of 16 and 40.,,,8,
S21-B1-Q1,803,21,BACKWARD 1,1,4.OA.B.4,sa,List all the factors of 18.,,,"1, 2, 3, 6, 9, 18",
S21-B1-Q2,804,21,BACKWARD 1,2,4.OA.B.4,tf,7 is a factor of 42.,A. True | B. False,A,True,
S21-B1-Q3,805,21,BACKWARD 1,3,4.OA.B.4,mc,Which number is NOT a factor of 36?,A. 4 | B. 8 | C. 9 | D. 12,B,8,
S21-B1-Q4,806,21,BACKWARD 1,4,4.OA.B.4,tf,5 is a factor of 32.,A. True | B. False,B,False,
S21-B1-Q5,807,21,BACKWARD 1,5,4.OA.B.4,sa,List all the factors of 24.,,,"1, 2, 3, 4, 6, 8, 12, 24",
S21-B2-Q1,809,21,BACKWARD 2,1,4.OA.B.4,tf,13 is a prime number.,A. True | B. False,A,True,
S21-B2-Q2,810,21,BACKWARD 2,2,4.OA.B.4,mc,Which number is composite?,A. 2 | B. 11 | C. 17 | D. 21,D,21,
S21-B2-Q3,811,21,BACKWARD 2,3,4.OA.B.4,tf,1 is a prime number.,A. True | B. False,B,False,
S21-B2-Q4,812,21,BACKWARD 2,4,4.OA.B.4,sa,Is 29 prime or composite?,,,Prime,
S21-B2-Q5,813,21,BACKWARD 2,5,4.OA.B.4,mc,Which number is prime?,A. 27 | B. 31 | C. 33 | D. 39,B,31,
S21-B3-Q1,815,21,BACKWARD 3,1,3.OA.C.7,sa,Divide. 42 ÷ 7,,,6,
S21-B3-Q2,816,21,BACKWARD 3,2,3.OA.C.7,sa,Divide. 36 ÷ 4,,,9,
S21-B3-Q3,817,21,BACKWARD 3,3,3.OA.C.7,tf,45 ÷ 9 = 5,A. True | B. False,A,True,
S21-B3-Q4,818,21,BACKWARD 3,4,3.OA.C.7,mc,56 ÷ 8 = ?,A. 6 | B. 7 | C. 8 | D. 9,B,7,
S21-B3-Q5,819,21,BACKWARD 3,5,3.OA.C.7,sa,Divide. 63 ÷ 9,,,7,
S21-F1-Q1,821,21,FORWARD 1,1,7.EE.A.1,sa,Factor using the greatest common factor. 18x + 24,,,6(3x + 4),
S21-F1-Q2,822,21,FORWARD 1,2,7.EE.A.1,sa,Factor using the greatest common factor. 20a - 35,,,5(4a - 7),
S21-F1-Q3,823,21,FORWARD 1,3,7.EE.A.1,mc,Which shows 16m + 40 factored using the greatest common factor?,A. 8(2m + 5) | B. 2(8m + 20) | C. 8(2m + 40) | D. 4(4m + 10),A,8(2m + 5),
S21-F1-Q4,824,21,FORWARD 1,4,7.EE.A.1,sa,Factor using the greatest common factor. 27x + 45y,,,9(3x + 5y),
S21-F1-Q5,825,21,FORWARD 1,5,7.EE.A.1,tf,14n - 21 = 7(2n - 3),A. True | B. False,A,True,
S21-F2-Q1,827,21,FORWARD 2,1,8.EE.C.7.b,sa,Solve for x. 12x + 18 = 6(x + 5),,,2,
S21-F2-Q2,828,21,FORWARD 2,2,8.EE.C.7.b,sa,Solve for x. 4(3x - 2) = 8(x + 1),,,4,
S21-F2-Q3,829,21,FORWARD 2,3,8.EE.C.7.b,mc,Solve for x. 15x - 10 = 5(2x + 3),A. -1 | B. 1 | C. 5 | D. 25,C,5,
S21-F2-Q4,830,21,FORWARD 2,4,8.EE.C.7.b,sa,Solve for x. 9(x + 2) = 6(x + 5),,,4,
S21-F2-Q5,831,21,FORWARD 2,5,8.EE.C.7.b,sa,Solve for x. 10x + 25 = 5(x + 10),,,5,
S22-M-Q1,834,22,MAIN,1,6.NS.B.4,sa,Find the least common multiple of 6 and 8.,,,24,
S22-M-Q2,835,22,MAIN,2,6.NS.B.4,sa,Find the least common multiple of 4 and 10.,,,20,
S22-M-Q3,836,22,MAIN,3,6.NS.B.4,mc,What is the least common multiple of 9 and 12?,A. 3 | B. 36 | C. 72 | D. 108,B,36,
S22-M-Q4,837,22,MAIN,4,6.NS.B.4,sa,Find the least common multiple of 5 and 7.,,,35,
S22-M-Q5,838,22,MAIN,5,6.NS.B.4,sa,Find the least common multiple of 6 and 15.,,,30,
S22-B1-Q1,840,22,BACKWARD 1,1,4.OA.B.4,sa,List the first five multiples of 6.,,,"6, 12, 18, 24, 30",
S22-B1-Q2,841,22,BACKWARD 1,2,4.OA.B.4,tf,36 is a multiple of 8.,A. True | B. False,B,False,
S22-B1-Q3,842,22,BACKWARD 1,3,4.OA.B.4,mc,Which number is a multiple of both 4 and 6?,A. 8 | B. 12 | C. 18 | D. 20,B,12,
S22-B1-Q4,843,22,BACKWARD 1,4,4.OA.B.4,tf,45 is a multiple of 9.,A. True | B. False,A,True,
S22-B1-Q5,844,22,BACKWARD 1,5,4.OA.B.4,sa,What is the 4th multiple of 7?,,,28,
S22-B2-Q1,846,22,BACKWARD 2,1,3.OA.C.7,sa,Multiply. 6 × 8,,,48,
S22-B2-Q2,847,22,BACKWARD 2,2,3.OA.C.7,sa,Multiply. 9 × 4,,,36,
S22-B2-Q3,848,22,BACKWARD 2,3,3.OA.C.7,tf,7 × 5 = 35,A. True | B. False,A,True,
S22-B2-Q4,849,22,BACKWARD 2,4,3.OA.C.7,mc,3 × 12 = ?,A. 15 | B. 33 | C. 36 | D. 39,C,36,
S22-B2-Q5,850,22,BACKWARD 2,5,3.OA.C.7,sa,Multiply. 5 × 6,,,30,
S22-F1-Q1,852,22,FORWARD 1,1,7.NS.A.1.d,sa,Find the value. -5/6 + 3/8,,,-11/24,
S22-F1-Q2,853,22,FORWARD 1,2,7.NS.A.1.d,sa,Find the value. 3/4 - (-1/6),,,11/12,
S22-F1-Q3,854,22,FORWARD 1,3,7.NS.A.1.d,mc,-2/3 - 1/4 = ?,A. -11/12 | B. -3/7 | C. -1/12 | D. 5/12,A,-11/12,
S22-F1-Q4,855,22,FORWARD 1,4,7.NS.A.1.d,sa,Find the value. -1 1/2 + 5/6,,,-2/3,
S22-F1-Q5,856,22,FORWARD 1,5,7.NS.A.1.d,tf,3/10 + (-2/15) = 1/6,A. True | B. False,A,True,
S22-F2-Q1,858,22,FORWARD 2,1,8.EE.C.7.b,sa,Solve for x. x/6 + x/8 = 7,,,24,
S22-F2-Q2,859,22,FORWARD 2,2,8.EE.C.7.b,sa,Solve for x. x/4 - 1 = x/6 + 2,,,36,
S22-F2-Q3,860,22,FORWARD 2,3,8.EE.C.7.b,mc,Solve for x. 2x/3 + x/2 = 14,A. 7 | B. 12 | C. 84/5 | D. 42,B,12,
S22-F2-Q4,861,22,FORWARD 2,4,8.EE.C.7.b,sa,Solve for x. x/5 + 3 = x/2,,,10,
S22-F2-Q5,862,22,FORWARD 2,5,8.EE.C.7.b,sa,Solve for x. (x+1)/4 = (x−2)/3,,,11,
S23-M-Q1,865,23,MAIN,1,6.NS.B.4,sa,Use the greatest common factor to write 45 + 20 as a product of the GCF and a sum of two whole numbers.,,,5(9 + 4),
S23-M-Q2,866,23,MAIN,2,6.NS.B.4,mc,Which expression is equal to 42 + 56 and uses the greatest common factor?,A. 2(21 + 28) | B. 14(3 + 4) | C. 14(3 + 8) | D. 7(6 + 8),B,14(3 + 4),
S23-M-Q3,867,23,MAIN,3,6.NS.B.4,sa,Use the greatest common factor to write 27 + 45 as a product.,,,9(3 + 5),
S23-M-Q4,868,23,MAIN,4,6.NS.B.4,tf,24 + 60 = 12(2 + 5),A. True | B. False,A,True,
S23-M-Q5,869,23,MAIN,5,6.NS.B.4,sa,Complete the equation. 30 + 75 = 15(___ + ___),,,First blank: 2; Second blank: 5,5 and 2 in either order is also correct
S23-B1-Q1,871,23,BACKWARD 1,1,4.OA.B.4,tf,5 is a factor of both 45 and 20.,A. True | B. False,A,True,
S23-B1-Q2,872,23,BACKWARD 1,2,4.OA.B.4,sa,List the factors of 12 and the factors of 18. Which factors do they share?,,,"1, 2, 3, 6",
S23-B1-Q3,873,23,BACKWARD 1,3,4.OA.B.4,mc,Which number is a factor of both 27 and 45?,A. 5 | B. 6 | C. 9 | D. 15,C,9,
S23-B1-Q4,874,23,BACKWARD 1,4,4.OA.B.4,sa,List all the factors of 42.,,,"1, 2, 3, 6, 7, 14, 21, 42",
S23-B1-Q5,875,23,BACKWARD 1,5,4.OA.B.4,tf,6 is a factor of 56.,A. True | B. False,B,False,
S23-B2-Q1,877,23,BACKWARD 2,1,3.OA.B.5,tf,9 × 6 = 9 × 4 + 9 × 2,A. True | B. False,A,True,
S23-B2-Q2,878,23,BACKWARD 2,2,3.OA.B.5,tf,4 × (9 + 2) = 4 × 9 + 2,A. True | B. False,B,False,
S23-B2-Q3,879,23,BACKWARD 2,3,3.OA.B.5,mc,Which is equal to 6 × 12?,A. 6 × 10 + 2 | B. 6 × 10 × 2 | C. 6 × 10 + 6 × 2 | D. 6 + 10 × 2,C,6 × 10 + 6 × 2,
S23-B2-Q4,880,23,BACKWARD 2,4,3.OA.B.5,sa,Fill in the blank. 5 × 13 = 5 × 10 + 5 × ___,,,3,
S23-B2-Q5,881,23,BACKWARD 2,5,3.OA.B.5,sa,Fill in the blank. 3 × (4 + 5) = 3 × 4 + 3 × ___,,,5,
S23-B3-Q1,883,23,BACKWARD 3,1,5.OA.A.1,sa,Evaluate. 5 × (9 + 4),,,65,
S23-B3-Q2,884,23,BACKWARD 3,2,5.OA.A.1,sa,Evaluate. 14 × (3 + 4),,,98,
S23-B3-Q3,885,23,BACKWARD 3,3,5.OA.A.1,tf,9 × (3 + 5) = 32,A. True | B. False,B,False,
S23-B3-Q4,886,23,BACKWARD 3,4,5.OA.A.1,mc,12 × (2 + 5) = ?,A. 17 | B. 29 | C. 60 | D. 84,D,84,
S23-B3-Q5,887,23,BACKWARD 3,5,5.OA.A.1,sa,Evaluate. (20 - 5) × 3,,,45,
S23-F1-Q1,889,23,FORWARD 1,1,7.EE.A.1,sa,Factor. 12x - 18,,,6(2x - 3),
S23-F1-Q2,890,23,FORWARD 1,2,7.EE.A.1,sa,Expand. -3(2x - 5),,,-6x + 15,
S23-F1-Q3,891,23,FORWARD 1,3,7.EE.A.1,mc,Which expression is equivalent to 8y + 20?,A. 4(2y + 20) | B. 8(y + 20) | C. 2(4y + 20) | D. 4(2y + 5),D,4(2y + 5),
S23-F1-Q4,892,23,FORWARD 1,4,7.EE.A.1,sa,Factor. 15a + 10b - 5,,,5(3a + 2b - 1),
S23-F1-Q5,893,23,FORWARD 1,5,7.EE.A.1,tf,1/2(6x - 4) = 3x - 2,A. True | B. False,A,True,
S23-F2-Q1,895,23,FORWARD 2,1,8.EE.C.7.a,mc,How many solutions does the equation have? 4(x + 3) = 4x + 12,A. One solution | B. No solution | C. Infinitely many solutions,C,Infinitely many solutions,
S23-F2-Q2,896,23,FORWARD 2,2,8.EE.C.7.a,mc,How many solutions does the equation have? 2(3x - 1) = 6x + 5,A. One solution | B. No solution | C. Infinitely many solutions,B,No solution,
S23-F2-Q3,897,23,FORWARD 2,3,8.EE.C.7.a,mc,How many solutions does the equation have? 3(x + 2) = 2x + 9,A. One solution | B. No solution | C. Infinitely many solutions,A,One solution,
S23-F2-Q4,898,23,FORWARD 2,4,8.EE.C.7.a,sa,What number goes in the box so that the equation has infinitely many solutions? 5(x - 2) = 5x - □,,,10,
S23-F2-Q5,899,23,FORWARD 2,5,8.EE.C.7.a,mc,Which equation has no solution?,A. 2(x + 4) = 2x + 5 | B. 2(x + 4) = x + 8 | C. 2(x + 4) = 2x + 8 | D. 2(x + 4) = 3x,A,2(x + 4) = 2x + 5,
S24-M-Q1,902,24,MAIN,1,6.NS.C.5,sa,A diver is 30 feet below sea level. Write an integer to represent the diver's position.,,,-30,
S24-M-Q2,903,24,MAIN,2,6.NS.C.5,sa,"A company lost $2,500 this month. Write an integer to represent this change.",,,"-2,500",
S24-M-Q3,904,24,MAIN,3,6.NS.C.5,mc,A bank account shows a withdrawal of $45. Which number represents this change?,A. -45 | B. -4.5 | C. 0 | D. 45,A,-45,
S24-M-Q4,905,24,MAIN,4,6.NS.C.5,sa,The temperature rose 12 degrees. Write an integer to represent this change.,,,12,+12 is also correct
S24-M-Q5,906,24,MAIN,5,6.NS.C.5,sa,A hawk flies 120 feet above sea level. A submarine is 120 feet below sea level. Write an integer for each position.,,,Hawk: 120; Submarine: -120,
S24-B1-Q1,908,24,BACKWARD 1,1,2.MD.B.6,sa,What number does point A represent?,,,7,
S24-B1-Q2,909,24,BACKWARD 1,2,2.MD.B.6,sa,How many units from 0 is the number 6?,,,6,
S24-B1-Q3,910,24,BACKWARD 1,3,2.MD.B.6,tf,"On a number line, 9 is farther from 0 than 4 is.",A. True | B. False,A,True,
S24-B1-Q4,911,24,BACKWARD 1,4,2.MD.B.6,mc,Which point is 3 units from 0?,A. Point A | B. Point B | C. Point C | D. Point D,B,Point B,
S24-B1-Q5,912,24,BACKWARD 1,5,2.MD.B.6,sa,What number does point B represent?,,,14,
S24-B2-Q1,914,24,BACKWARD 2,1,2.OA.A.1,sa,Kim had $20. She spent $8. How much money does she have now?,,,$12,
S24-B2-Q2,915,24,BACKWARD 2,2,2.OA.A.1,sa,A plant was 12 cm tall. It grew 5 cm. How tall is the plant now?,,,17 cm,
S24-B2-Q3,916,24,BACKWARD 2,3,2.OA.A.1,mc,Which situation describes a decrease?,A. A plant grows 4 inches. | B. Tom earns $10. | C. A team gains 5 yards. | D. A balloon loses 6 feet of height.,D,A balloon loses 6 feet of height.,
S24-B2-Q4,917,24,BACKWARD 2,4,2.OA.A.1,tf,"""The temperature fell 7 degrees"" describes a decrease.",A. True | B. False,A,True,
S24-B2-Q5,918,24,BACKWARD 2,5,2.OA.A.1,mc,Which word describes an increase in money?,A. Deposit | B. Loss | C. Drop | D. Withdrawal,A,Deposit,
S24-F1-Q1,920,24,FORWARD 1,1,7.NS.A.1.b,sa,The temperature is -4°F. It rises 9°F. What is the new temperature?,,,5°F,
S24-F1-Q2,921,24,FORWARD 1,2,7.NS.A.1.b,sa,A submarine is at -120 feet. It rises 45 feet. What is its new position?,,,-75 feet,75 feet below sea level
S24-F1-Q3,922,24,FORWARD 1,3,7.NS.A.1.b,mc,"On a number line, where is 6 + (-4) compared to 6?",A. 4 units to the right of 6 | B. 4 units to the left of 6 | C. At 0 | D. 6 units to the left of 4,B,4 units to the left of 6,
S24-F1-Q4,923,24,FORWARD 1,4,7.NS.A.1.b,sa,The number line shows -2 + 5. What is the sum?,,,3,
S24-F1-Q5,924,24,FORWARD 1,5,7.NS.A.1.b,tf,A $30 debt plus a $30 deposit makes a balance of $0.,A. True | B. False,A,True,
S24-F2-Q1,926,24,FORWARD 2,1,8.F.B.4,sa,A tank holds 60 gallons. It drains 3 gallons per minute. Write a function for the amount A after t minutes.,,,A = 60 - 3t,
S24-F2-Q2,927,24,FORWARD 2,2,8.F.B.4,mc,"An airplane at 12,000 feet descends 800 feet per minute. What is the rate of change of its altitude?","A. -12,000 feet per minute | B. -800 feet per minute | C. 800 feet per minute | D. 12,000 feet per minute",B,-800 feet per minute,
S24-F2-Q3,928,24,FORWARD 2,3,8.F.B.4,sa,The table shows a linear function. What is the rate of change in degrees per hour?,,,-2 degrees per hour,
S24-F2-Q4,929,24,FORWARD 2,4,8.F.B.4,sa,A diver starts at -10 feet and descends 4 feet per second. Write a function for the diver's position d after t seconds.,,,d = -10 - 4t,
S24-F2-Q5,930,24,FORWARD 2,5,8.F.B.4,tf,"A line through (0, 8) and (4, 0) has a rate of change of -2.",A. True | B. False,A,True,
S25-M-Q1,933,25,MAIN,1,6.NS.C.5,mc,"On a Celsius thermometer, what does 0°C represent?",A. No temperature at all | B. The temperature at which water freezes | C. The hottest possible temperature | D. The temperature at which water boils,B,The temperature at which water freezes,
S25-M-Q2,934,25,MAIN,2,6.NS.C.5,mc,"When numbers describe elevation, what does 0 represent?",A. Sea level | B. No elevation at all | C. The top of a mountain | D. The ocean floor,A,Sea level,
S25-M-Q3,935,25,MAIN,3,6.NS.C.5,mc,A bank account has a balance of $0. What does this mean?,A. The account has no money and owes nothing. | B. The account owes money. | C. The account has money in it. | D. The account earns interest.,A,The account has no money and owes nothing.,
S25-M-Q4,936,25,MAIN,4,6.NS.C.5,mc,A football team's change in yards on a play is 0. What does 0 mean?,A. The team scored. | B. The team gained 10 yards. | C. The team neither gained nor lost yards. | D. The team lost all its yards.,C,The team neither gained nor lost yards.,
S25-M-Q5,937,25,MAIN,5,6.NS.C.5,sa,A scale shows that your weight changed by 0 pounds since last month. What does 0 mean in this situation?,,,The weight did not change: there was no gain and no loss.,
S25-B1-Q1,939,25,BACKWARD 1,1,2.MD.B.6,tf,"On a number line, 0 is the starting point for measuring distance.",A. True | B. False,A,True,
S25-B1-Q2,940,25,BACKWARD 1,2,2.MD.B.6,sa,What number is at point A?,,,0,
S25-B1-Q3,941,25,BACKWARD 1,3,2.MD.B.6,mc,How far is 0 from itself on a number line?,A. 0 units | B. 1 unit | C. 2 units | D. 10 units,A,0 units,
S25-B1-Q4,942,25,BACKWARD 1,4,2.MD.B.6,sa,How far is 5 from 0 on a number line?,,,5 units,
S25-B1-Q5,943,25,BACKWARD 1,5,2.MD.B.6,tf,A ruler starts measuring at 1.,A. True | B. False,B,False,
S25-B2-Q1,945,25,BACKWARD 2,1,1.OA.D.8,sa,What number goes in the box? 8 + □ = 8,,,0,
S25-B2-Q2,946,25,BACKWARD 2,2,1.OA.D.8,sa,What number goes in the box? 15 - □ = 15,,,0,
S25-B2-Q3,947,25,BACKWARD 2,3,1.OA.D.8,tf,A plant was 12 cm tall last week and is 12 cm tall now. It grew 0 cm.,A. True | B. False,A,True,
S25-B2-Q4,948,25,BACKWARD 2,4,1.OA.D.8,mc,A score went from 45 to 45. What was the change?,A. 0 | B. 1 | C. 45 | D. 90,A,0,
S25-B2-Q5,949,25,BACKWARD 2,5,1.OA.D.8,sa,What number goes in the box? □ + 23 = 23,,,0,
S25-F1-Q1,951,25,FORWARD 1,1,7.NS.A.1.a,sa,Maya earns $25 and then spends $25. What is the total change in her money?,,,$0,No change
S25-F1-Q2,952,25,FORWARD 1,2,7.NS.A.1.a,tf,-8 + 8 = 0,A. True | B. False,A,True,
S25-F1-Q3,953,25,FORWARD 1,3,7.NS.A.1.a,mc,Which sum is equal to 0?,A. -3.5 + 3.5 | B. -3.5 + 0 | C. -3.5 + (-3.5) | D. 3.5 + 3.5,A,-3.5 + 3.5,
S25-F1-Q4,954,25,FORWARD 1,4,7.NS.A.1.a,sa,A balloon rises 40 feet and then falls 40 feet. What is its total change in height?,,,0 feet,No change
S25-F1-Q5,955,25,FORWARD 1,5,7.NS.A.1.a,sa,What number added to 14.2 gives 0?,,,-14.2,
S25-F2-Q1,957,25,FORWARD 2,1,8.F.B.4,sa,"The water in a tank is W = 60 - 3t, where t is minutes. What does 60 represent?",,,The starting amount: the tank holds 60 gallons at t = 0,
S25-F2-Q2,958,25,FORWARD 2,2,8.F.B.4,mc,"A hiker's elevation is E = -40 + 15t, where t is hours. What does -40 represent?",A. The hiker starts 40 m below sea level. | B. The hiker ends 40 m below sea level. | C. The hiker climbs 40 m each hour. | D. The hike lasts 40 hours.,A,The hiker starts 40 m below sea level.,
S25-F2-Q3,959,25,FORWARD 2,3,8.F.B.4,sa,"A phone's battery charge is B = 100 - 8h after h hours. What is B when h = 0, and what does it mean?",,,Value: 100; Meaning: the battery starts fully charged (100%) at 0 hours,
S25-F2-Q4,960,25,FORWARD 2,4,8.F.B.4,mc,A savings account has y = 25x + 150 dollars after x weeks. What does 150 represent?,A. The starting amount | B. The amount saved each week | C. The number of weeks | D. The amount after 25 weeks,A,The starting amount,
S25-F2-Q5,961,25,FORWARD 2,5,8.F.B.4,tf,"For the function y = 4x, the output is 0 when the input is 0.",A. True | B. False,A,True,
S26-M-Q1,964,26,MAIN,1,6.NS.C.6.a,sa,What is the opposite of -7?,,,7,
S26-M-Q2,965,26,MAIN,2,6.NS.C.6.a,sa,Simplify. -(-12),,,12,
S26-M-Q3,966,26,MAIN,3,6.NS.C.6.a,mc,Which number is the opposite of the number at point P?,A. -5 | B. 0 | C. 1/5 | D. 5,D,5,
S26-M-Q4,967,26,MAIN,4,6.NS.C.6.a,tf,The opposite of 0 is 0.,A. True | B. False,A,True,
S26-M-Q5,968,26,MAIN,5,6.NS.C.6.a,sa,What is the opposite of the opposite of 9?,,,9,
S26-B1-Q1,970,26,BACKWARD 1,1,2.MD.B.6,sa,How far is point A from 0?,,,4 units,
S26-B1-Q2,971,26,BACKWARD 1,2,2.MD.B.6,sa,How many units from 0 is the number 8?,,,8 units,
S26-B1-Q3,972,26,BACKWARD 1,3,2.MD.B.6,mc,Which number is 2 units from 0 on this number line?,A. 0 | B. 2 | C. 4 | D. 20,B,2,
S26-B1-Q4,973,26,BACKWARD 1,4,2.MD.B.6,sa,What number does point K represent?,,,9,
S26-B1-Q5,974,26,BACKWARD 1,5,2.MD.B.6,tf,The distance from 0 to 7 is 7 units.,A. True | B. False,A,True,
S26-B2-Q1,976,26,BACKWARD 2,1,6.NS.C.5,tf,-5 can represent 5 degrees below zero.,A. True | B. False,A,True,
S26-B2-Q2,977,26,BACKWARD 2,2,6.NS.C.5,sa,Write an integer for a gain of 12 yards.,,,12,+12 is also correct
S26-B2-Q3,978,26,BACKWARD 2,3,6.NS.C.5,mc,Which integer represents 20 feet below sea level?,A. -20 | B. -2 | C. 0 | D. 20,A,-20,
S26-B2-Q4,979,26,BACKWARD 2,4,6.NS.C.5,sa,Write an integer for a loss of $7.,,,-7,
S26-B2-Q5,980,26,BACKWARD 2,5,6.NS.C.5,tf,A deposit of $15 is written as -15.,A. True | B. False,B,False,
S26-F1-Q1,982,26,FORWARD 1,1,7.NS.A.1.c,sa,Rewrite 5 - 8 as an addition expression.,,,5 + (-8),
S26-F1-Q2,983,26,FORWARD 1,2,7.NS.A.1.c,sa,Find the value. -3 - (-7),,,4,
S26-F1-Q3,984,26,FORWARD 1,3,7.NS.A.1.c,tf,6 - (-2) = 6 + 2,A. True | B. False,A,True,
S26-F1-Q4,985,26,FORWARD 1,4,7.NS.A.1.c,mc,Which expression is equal to -4 - 9?,A. 4 + 9 | B. 4 - (-9) | C. -4 + 9 | D. -4 + (-9),D,-4 + (-9),
S26-F1-Q5,986,26,FORWARD 1,5,7.NS.A.1.c,sa,Find the value. 2.5 - 6,,,-3.5,
S26-F2-Q1,988,26,FORWARD 2,1,8.EE.C.7.b,sa,Solve for x. 5x - 7 = 2x + 8,,,5,
S26-F2-Q2,989,26,FORWARD 2,2,8.EE.C.7.b,sa,Solve for x. -3x + 4 = 3x - 8,,,2,
S26-F2-Q3,990,26,FORWARD 2,3,8.EE.C.7.b,mc,Solve for x. 6 - 2x = 4x - 12,A. -3 | B. 1 | C. 3 | D. 9,C,3,
S26-F2-Q4,991,26,FORWARD 2,4,8.EE.C.7.b,sa,Solve for x. 7x + 3 = -2x + 21,,,2,
S26-F2-Q5,992,26,FORWARD 2,5,8.EE.C.7.b,sa,Solve for x. 4(x - 1) = 2x + 10,,,7,
S27-M-Q1,995,27,MAIN,1,6.NS.C.6.b,mc,"In which quadrant is the point (-4, 7)?",A. Quadrant I | B. Quadrant II | C. Quadrant III | D. Quadrant IV,B,Quadrant II,
S27-M-Q2,996,27,MAIN,2,6.NS.C.6.b,mc,"In which quadrant is the point (3, -8)?",A. Quadrant I | B. Quadrant II | C. Quadrant III | D. Quadrant IV,D,Quadrant IV,
S27-M-Q3,997,27,MAIN,3,6.NS.C.6.b,mc,"In which quadrant is the point (-2.5, -6)?",A. Quadrant I | B. Quadrant II | C. Quadrant III | D. Quadrant IV,C,Quadrant III,
S27-M-Q4,998,27,MAIN,4,6.NS.C.6.b,sa,A point has a negative x-coordinate and a positive y-coordinate. In which quadrant is it?,,,Quadrant II,
S27-M-Q5,999,27,MAIN,5,6.NS.C.6.b,mc,Which point is in Quadrant III?,"A. (-5, -1) | B. (5, 1) | C. (5, -1) | D. (-5, 1)",A,"(-5, -1)",
S27-B1-Q1,1001,27,BACKWARD 1,1,5.G.A.1,tf,"The origin is the point (0, 0).",A. True | B. False,A,True,
S27-B1-Q2,1002,27,BACKWARD 1,2,5.G.A.1,mc,"In the ordered pair (5, 2), which number tells how far to move along the x-axis?",A. 2 | B. 3 | C. 5 | D. 7,C,5,
S27-B1-Q3,1003,27,BACKWARD 1,3,5.G.A.1,sa,What is the name of the point where the x-axis and the y-axis meet?,,,The origin,
S27-B1-Q4,1004,27,BACKWARD 1,4,5.G.A.1,tf,"In the ordered pair (3, 8), the y-coordinate is 3.",A. True | B. False,B,False,
S27-B1-Q5,1005,27,BACKWARD 1,5,5.G.A.1,mc,Which axis is horizontal?,A. The x-axis | B. The y-axis,A,The x-axis,
S27-B2-Q1,1007,27,BACKWARD 2,1,6.NS.C.6.a,tf,"On a horizontal number line, -4 is to the left of 0.",A. True | B. False,A,True,
S27-B2-Q2,1008,27,BACKWARD 2,2,6.NS.C.6.a,mc,"On a vertical number line, where is -3?",A. Above 0 | B. Above 3 | C. Below 0 | D. At 0,C,Below 0,
S27-B2-Q3,1009,27,BACKWARD 2,3,6.NS.C.6.a,tf,"On a vertical number line, 5 is below 0.",A. True | B. False,B,False,
S27-B2-Q4,1010,27,BACKWARD 2,4,6.NS.C.6.a,sa,"On a horizontal number line, is 2.5 to the left or the right of 0?",,,To the right of 0,
S27-B2-Q5,1011,27,BACKWARD 2,5,6.NS.C.6.a,mc,Which number is to the left of 0 on a horizontal number line?,A. -6 | B. 0 | C. 1/2 | D. 6,A,-6,
S27-B3-Q1,1013,27,BACKWARD 3,1,5.G.A.2,sa,What are the coordinates of point B?,,,"(5, 4)",
S27-B3-Q2,1014,27,BACKWARD 3,2,5.G.A.2,mc,"Which point is located at (2, 6)?",A. Point A | B. Point B | C. Point C | D. Point D,B,Point B,
S27-B3-Q3,1015,27,BACKWARD 3,3,5.G.A.2,sa,What are the coordinates of point T?,,,"(7, 0)",
S27-B3-Q4,1016,27,BACKWARD 3,4,5.G.A.2,tf,"Point R is located at (2, 4).",A. True | B. False,B,False,
S27-B3-Q5,1017,27,BACKWARD 3,5,5.G.A.2,sa,What are the coordinates of point W?,,,"(1, 6)",
S27-F1-Q1,1019,27,FORWARD 1,1,7.NS.A.2.a,sa,"The point (x, y) is in Quadrant II. Is the product xy positive or negative?",,,Negative,
S27-F1-Q2,1020,27,FORWARD 1,2,7.NS.A.2.a,sa,"The point (x, y) is in Quadrant III. Is the product xy positive or negative?",,,Positive,
S27-F1-Q3,1021,27,FORWARD 1,3,7.NS.A.2.a,mc,"For the point (x, y), the product xy is positive and x is negative. In which quadrant is the point?",A. Quadrant I | B. Quadrant II | C. Quadrant III | D. Quadrant IV,C,Quadrant III,
S27-F1-Q4,1022,27,FORWARD 1,4,7.NS.A.2.a,tf,"If (x, y) is in Quadrant IV, then the product xy is negative.",A. True | B. False,A,True,
S27-F1-Q5,1023,27,FORWARD 1,5,7.NS.A.2.a,sa,"Find the product of the coordinates of the point (-3, 5).",,,-15,
S27-F2-Q1,1025,27,FORWARD 2,1,8.G.A.3,sa,"The point (2, 5) is rotated 180° about the origin. What are the coordinates of the image, and in which quadrant is it?",,,"Image: (-2, -5); Quadrant: III",
S27-F2-Q2,1026,27,FORWARD 2,2,8.G.A.3,mc,A point in Quadrant II is reflected across the y-axis. In which quadrant is the image?,A. Quadrant I | B. Quadrant II | C. Quadrant III | D. Quadrant IV,A,Quadrant I,
S27-F2-Q3,1027,27,FORWARD 2,3,8.G.A.3,sa,"The point (-3, -4) is rotated 90° counterclockwise about the origin. What are the coordinates of the image?",,,"(4, -3)",
S27-F2-Q4,1028,27,FORWARD 2,4,8.G.A.3,tf,"Translating (1, 2) 5 units to the left moves it into Quadrant II.",A. True | B. False,A,True,
S27-F2-Q5,1029,27,FORWARD 2,5,8.G.A.3,mc,"The point (4, -1) is reflected across the x-axis. In which quadrant is the image?",A. Quadrant I | B. Quadrant II | C. Quadrant III | D. Quadrant IV,A,Quadrant I,
S28-M-Q1,1032,28,MAIN,1,6.NS.C.6.b,sa,"The point (3, -5) is reflected across the x-axis. What are the coordinates of its image?",,,"(3, 5)",
S28-M-Q2,1033,28,MAIN,2,6.NS.C.6.b,sa,"The point (-2, 6) is reflected across the y-axis. What are the coordinates of its image?",,,"(2, 6)",
S28-M-Q3,1034,28,MAIN,3,6.NS.C.6.b,sa,Point A is reflected across the y-axis. What are the coordinates of its image?,,,"(4, 3)",
S28-M-Q4,1035,28,MAIN,4,6.NS.C.6.b,mc,"Which point is the reflection of (-7, -2) across the x-axis?","A. (7, 2) | B. (-2, -7) | C. (-7, 2) | D. (7, -2)",C,"(-7, 2)",
S28-M-Q5,1036,28,MAIN,5,6.NS.C.6.b,sa,"Point B(5, 1) is reflected across the y-axis and then across the x-axis. What are the coordinates of the final image?",,,"(-5, -1)",
S28-B1-Q1,1038,28,BACKWARD 1,1,6.NS.C.6.a,sa,What is the opposite of 6?,,,-6,
S28-B1-Q2,1039,28,BACKWARD 1,2,6.NS.C.6.a,tf,The opposite of -9 is 9.,A. True | B. False,A,True,
S28-B1-Q3,1040,28,BACKWARD 1,3,6.NS.C.6.a,mc,Which pair of numbers are opposites?,A. 0 and 4 | B. -4 and -4 | C. 4 and 1/4 | D. -4 and 4,D,-4 and 4,
S28-B1-Q4,1041,28,BACKWARD 1,4,6.NS.C.6.a,sa,What is the opposite of -2.5?,,,2.5,
S28-B1-Q5,1042,28,BACKWARD 1,5,6.NS.C.6.a,tf,-(-3) = -3,A. True | B. False,B,False,
S28-B2-Q1,1044,28,BACKWARD 2,1,4.G.A.3,tf,A line of symmetry divides a figure into two matching halves.,A. True | B. False,A,True,
S28-B2-Q2,1045,28,BACKWARD 2,2,4.G.A.3,mc,How many lines of symmetry does a square have?,A. 0 | B. 1 | C. 2 | D. 4,D,4,
S28-B2-Q3,1046,28,BACKWARD 2,3,4.G.A.3,tf,The dashed line is a line of symmetry of the rectangle.,A. True | B. False,A,True,
S28-B2-Q4,1047,28,BACKWARD 2,4,4.G.A.3,mc,Which letter has a vertical line of symmetry?,A. F | B. A | C. J | D. R,B,A,
S28-B2-Q5,1048,28,BACKWARD 2,5,4.G.A.3,sa,How many lines of symmetry does a rectangle that is not a square have?,,,2,
S28-B3-Q1,1050,28,BACKWARD 3,1,5.G.A.2,sa,What are the coordinates of point E?,,,"(3, 6)",
S28-B3-Q2,1051,28,BACKWARD 3,2,5.G.A.2,sa,What are the coordinates of point F?,,,"(6, 3)",
S28-B3-Q3,1052,28,BACKWARD 3,3,5.G.A.2,mc,"Which point is located at (4, 0)?",A. Point A | B. Point B | C. Point C | D. Point D,D,Point D,
S28-B3-Q4,1053,28,BACKWARD 3,4,5.G.A.2,tf,"Point H is located at (5, 2).",A. True | B. False,B,False,
S28-B3-Q5,1054,28,BACKWARD 3,5,5.G.A.2,sa,What are the coordinates of point G?,,,"(0, 3)",
S28-F1-Q1,1056,28,FORWARD 1,1,7.NS.A.1.c,sa,"The point (3, -4.5) is reflected across the x-axis. How far apart are the point and its image?",,,9 units,
S28-F1-Q2,1057,28,FORWARD 1,2,7.NS.A.1.c,sa,"The point (-6.5, 2) is reflected across the y-axis. How far apart are the point and its image?",,,13 units,
S28-F1-Q3,1058,28,FORWARD 1,3,7.NS.A.1.c,mc,"The point (1, -2 1/2) is reflected across the x-axis. How far apart are the point and its image?",A. -5 | B. 0 | C. 2 1/2 | D. 5,D,5,
S28-F1-Q4,1059,28,FORWARD 1,4,7.NS.A.1.c,sa,A point in Quadrant I and its reflection across the y-axis are 11 units apart. The point's y-coordinate is 7. What is the point's x-coordinate?,,,5.5,
S28-F1-Q5,1060,28,FORWARD 1,5,7.NS.A.1.c,tf,"The point (-4, 3) and its reflection across the x-axis are 6 units apart.",A. True | B. False,A,True,
S28-F2-Q1,1062,28,FORWARD 2,1,8.G.A.3,sa,"A triangle has a vertex at (2, -3). The triangle is reflected across the y-axis. What are the coordinates of the image of that vertex?",,,"(-2, -3)",
S28-F2-Q2,1063,28,FORWARD 2,2,8.G.A.3,mc,"Which transformation is described by (x, y) → (x, -y)?",A. A rotation of 180° | B. A reflection across the x-axis | C. A translation | D. A reflection across the y-axis,B,A reflection across the x-axis,
S28-F2-Q3,1064,28,FORWARD 2,3,8.G.A.3,sa,"The point (4, 1) is rotated 180° about the origin. What are the coordinates of its image?",,,"(-4, -1)",
S28-F2-Q4,1065,28,FORWARD 2,4,8.G.A.3,sa,Triangle ABC is reflected across the x-axis. What are the coordinates of B′?,,,"(4, -5)",
S28-F2-Q5,1066,28,FORWARD 2,5,8.G.A.3,tf,"Reflecting (-3, 5) across the y-axis gives (3, 5).",A. True | B. False,A,True,
S29-M-Q1,1069,29,MAIN,1,6.NS.C.6.c,sa,What number does point P represent?,,,-1.5,-1 1/2 is also correct
S29-M-Q2,1070,29,MAIN,2,6.NS.C.6.c,sa,Write the number at point Q as a mixed number.,,,-1 1/4,
S29-M-Q3,1071,29,MAIN,3,6.NS.C.6.c,tf,Point R is located at -0.4.,A. True | B. False,A,True,
S29-M-Q4,1072,29,MAIN,4,6.NS.C.6.c,sa,The number line shows elevations in meters. What elevation does point S show?,,,-20 meters,
S29-M-Q5,1073,29,MAIN,5,6.NS.C.6.c,sa,Write the number at point T as a fraction.,,,-2/3,
S29-B1-Q1,1075,29,BACKWARD 1,1,3.NF.A.2,sa,What fraction does point A represent?,,,3/4,
S29-B1-Q2,1076,29,BACKWARD 1,2,3.NF.A.2,sa,What fraction does point B represent?,,,1/3,
S29-B1-Q3,1077,29,BACKWARD 1,3,3.NF.A.2,tf,Point C is located at 5/6.,A. True | B. False,A,True,
S29-B1-Q4,1078,29,BACKWARD 1,4,3.NF.A.2,mc,The space from 0 to 1 is split into equal parts. How many equal parts are there?,A. 7 | B. 8 | C. 9 | D. 10,B,8,
S29-B1-Q5,1079,29,BACKWARD 1,5,3.NF.A.2,sa,Write the number at point D as a fraction.,,,3/2,1 1/2 is also correct
S29-B2-Q1,1081,29,BACKWARD 2,1,4.NF.C.6,sa,What decimal does point A represent?,,,0.7,
S29-B2-Q2,1082,29,BACKWARD 2,2,4.NF.C.6,sa,What decimal does point B represent?,,,2.4,
S29-B2-Q3,1083,29,BACKWARD 2,3,4.NF.C.6,tf,Point C is located at 0.3.,A. True | B. False,A,True,
S29-B2-Q4,1084,29,BACKWARD 2,4,4.NF.C.6,mc,What decimal does point D represent?,A. 0.206 | B. 0.26 | C. 0.62 | D. 2.6,B,0.26,
S29-B2-Q5,1085,29,BACKWARD 2,5,4.NF.C.6,sa,What decimal does point E represent?,,,5.9,
S29-B3-Q1,1087,29,BACKWARD 3,1,6.NS.C.6.a,sa,Point B (not shown) is the opposite of point A. What number is at point B?,,,-3,
S29-B3-Q2,1088,29,BACKWARD 3,2,6.NS.C.6.a,tf,-2.5 and 2.5 are the same distance from 0.,A. True | B. False,A,True,
S29-B3-Q3,1089,29,BACKWARD 3,3,6.NS.C.6.a,mc,What is the opposite of 1 3/4?,A. -1 3/4 | B. -4/7 | C. 4/7 | D. 1 3/4,A,-1 3/4,
S29-B3-Q4,1090,29,BACKWARD 3,4,6.NS.C.6.a,sa,What is the opposite of -0.8?,,,0.8,
S29-B3-Q5,1091,29,BACKWARD 3,5,6.NS.C.6.a,tf,Points A and B represent opposite numbers.,A. True | B. False,B,False,
S29-F1-Q1,1093,29,FORWARD 1,1,7.NS.A.1.b,sa,Start at -2.5 on a number line and move 4 units to the right. Where do you end?,,,1.5,
S29-F1-Q2,1094,29,FORWARD 1,2,7.NS.A.1.b,sa,The number line shows 1 + (-4). What is the sum?,,,-3,
S29-F1-Q3,1095,29,FORWARD 1,3,7.NS.A.1.b,mc,Which expression does the number line show?,A. 5 + 3 | B. -3 - 5 | C. -3 + 5 | D. 2 + 5,C,-3 + 5,
S29-F1-Q4,1096,29,FORWARD 1,4,7.NS.A.1.b,sa,The number line shows -0.5 + (-1.5). What is the sum?,,,-2,
S29-F1-Q5,1097,29,FORWARD 1,5,7.NS.A.1.b,tf,"On a number line, -3 + 7 is 7 units to the right of -3.",A. True | B. False,A,True,
S29-F2-Q1,1099,29,FORWARD 2,1,8.NS.A.2,sa,Between which two consecutive whole numbers is √20?,,,4 and 5,
S29-F2-Q2,1100,29,FORWARD 2,2,8.NS.A.2,mc,Which point best shows √10?,A. Point A | B. Point B | C. Point C | D. Point D,C,Point C,
S29-F2-Q3,1101,29,FORWARD 2,3,8.NS.A.2,sa,Estimate √50 to the nearest tenth.,,,7.1,
S29-F2-Q4,1102,29,FORWARD 2,4,8.NS.A.2,mc,Which list is ordered from least to greatest?,"A. 2.5, √5, √8 | B. √5, 2.5, √8 | C. √8, √5, 2.5 | D. √5, √8, 2.5",B,"√5, 2.5, √8",
S29-F2-Q5,1103,29,FORWARD 2,5,8.NS.A.2,tf,π is between 3.1 and 3.2 on the number line.,A. True | B. False,A,True,
S30-M-Q1,1106,30,MAIN,1,6.NS.C.6.c,plot,Plot and label point A at -2.5 on the number line.,,,Point A plotted at -2.5 (halfway between -3 and -2) and labeled,
S30-M-Q2,1107,30,MAIN,2,6.NS.C.6.c,plot,Plot and label point B at -3/4 on the number line.,,,Point B plotted at -3/4 (third tick to the left of 0) and labeled,
S30-M-Q3,1108,30,MAIN,3,6.NS.C.6.c,plot,Plot and label -1.2 and its opposite on the number line.,,,Points plotted at -1.2 and 1.2 and labeled,
S30-M-Q4,1109,30,MAIN,4,6.NS.C.6.c,plot,The number line shows elevations in feet. Plot and label point C at -35 feet.,,,"Point C plotted at -35 (halfway between -40 and -30, below 0) and labeled",
S30-M-Q5,1110,30,MAIN,5,6.NS.C.6.c,plot,Plot and label point D at 1 2/3 on the number line.,,,Point D plotted at 1 2/3 (second tick to the right of 1) and labeled,
S30-B1-Q1,1112,30,BACKWARD 1,1,3.NF.A.2,plot,Plot and label 3/4 on the number line.,,,3/4 plotted at the third tick after 0 and labeled,
S30-B1-Q2,1113,30,BACKWARD 1,2,3.NF.A.2,plot,Plot and label 2/3 on the number line.,,,2/3 plotted at the second tick after 0 and labeled,
S30-B1-Q3,1114,30,BACKWARD 1,3,3.NF.A.2,mc,Which point is at 1/2?,A. Point A | B. Point B | C. Point C | D. Point D,B,Point B,
S30-B1-Q4,1115,30,BACKWARD 1,4,3.NF.A.2,plot,Plot and label 5/6 on the number line.,,,5/6 plotted at the fifth tick after 0 and labeled,
S30-B1-Q5,1116,30,BACKWARD 1,5,3.NF.A.2,tf,"To plot 3/8, count 3 of the 8 equal parts from 0.",A. True | B. False,A,True,
S30-B2-Q1,1118,30,BACKWARD 2,1,4.NF.C.6,plot,Plot and label 0.7 on the number line.,,,0.7 plotted at the seventh tick after 0 and labeled,
S30-B2-Q2,1119,30,BACKWARD 2,2,4.NF.C.6,plot,Plot and label 2.4 on the number line.,,,2.4 plotted at the fourth tick after 2 and labeled,
S30-B2-Q3,1120,30,BACKWARD 2,3,4.NF.C.6,mc,Which point is at 0.6?,A. Point A | B. Point B | C. Point C | D. Point D,C,Point C,
S30-B2-Q4,1121,30,BACKWARD 2,4,4.NF.C.6,plot,Plot and label 0.35 on the number line.,,,0.35 plotted at the fifth tick after 0.3 and labeled,
S30-B2-Q5,1122,30,BACKWARD 2,5,4.NF.C.6,tf,"On a number line marked in tenths, 0.9 is one tick mark to the left of 1.",A. True | B. False,A,True,
S30-B3-Q1,1124,30,BACKWARD 3,1,6.NS.C.6.a,plot,Point A is at 3. Plot and label its opposite.,,,Point plotted at -3 and labeled,
S30-B3-Q2,1125,30,BACKWARD 3,2,6.NS.C.6.a,plot,Plot and label 2 and -2 on the number line.,,,Points plotted at 2 and -2 and labeled,
S30-B3-Q3,1126,30,BACKWARD 3,3,6.NS.C.6.a,tf,A number and its opposite are the same distance from 0.,A. True | B. False,A,True,
S30-B3-Q4,1127,30,BACKWARD 3,4,6.NS.C.6.a,mc,Point B is at -1.5. Where is its opposite?,A. At -1.5 | B. At 1.5 | C. At 0 | D. At 0.15,B,At 1.5,
S30-B3-Q5,1128,30,BACKWARD 3,5,6.NS.C.6.a,plot,Plot and label the opposite of -4.,,,Point plotted at 4 and labeled,
S30-F1-Q1,1130,30,FORWARD 1,1,7.NS.A.1.b,sa,Draw an arrow on the number line to show -2 + 3.5. What is the sum?,,,1.5,Arrow from -2 to 1.5
S30-F1-Q2,1131,30,FORWARD 1,2,7.NS.A.1.b,sa,Draw arrows on the number line to show 1.5 + (-3). What is the sum?,,,-1.5,"Arrows: 0 to 1.5, then 1.5 to -1.5"
S30-F1-Q3,1132,30,FORWARD 1,3,7.NS.A.1.b,sa,Draw arrows on the vertical number line to show -10 + 25. What is the sum?,,,15,"Arrows: 0 down to -10, then up 25 to 15"
S30-F1-Q4,1133,30,FORWARD 1,4,7.NS.A.1.b,mc,An arrow on a number line starts at -1/2 and moves 3/4 unit to the right. Where does it end?,A. -1 1/4 | B. -1/4 | C. 1/4 | D. 3/4,C,1/4,
S30-F1-Q5,1134,30,FORWARD 1,5,7.NS.A.1.b,sa,Draw arrows on the number line to show -1 1/4 + (-3/4). What is the sum?,,,-2,"Arrows: 0 to -1 1/4, then -1 1/4 to -2"
S30-F2-Q1,1136,30,FORWARD 2,1,8.NS.A.2,plot,Plot √10 at its approximate location on the number line.,,,"Point just past 3, at about 3.16 (between 3 and 3.5, closer to 3)",
S30-F2-Q2,1137,30,FORWARD 2,2,8.NS.A.2,plot,Plot √2 at its approximate location on the number line.,,,Point at about 1.41 (between 1.4 and 1.5),
S30-F2-Q3,1138,30,FORWARD 2,3,8.NS.A.2,plot,Plot π at its approximate location on the number line.,,,Point at about 3.14 (between 3.1 and 3.2),
S30-F2-Q4,1139,30,FORWARD 2,4,8.NS.A.2,plot,Plot -√5 at its approximate location on the number line.,,,"Point at about -2.24 (between -2.5 and -2, closer to -2)",
S30-F2-Q5,1140,30,FORWARD 2,5,8.NS.A.2,plot,Plot √30 at its approximate location on the number line.,,,Point at about 5.48 (just to the left of 5.5),
S31-M-Q1,1143,31,MAIN,1,6.NS.C.6.c,sa,What are the coordinates of point A?,,,"(-4, 3)",
S31-M-Q2,1144,31,MAIN,2,6.NS.C.6.c,sa,What are the coordinates of point B?,,,"(2, -5)",
S31-M-Q3,1145,31,MAIN,3,6.NS.C.6.c,sa,What are the coordinates of point C?,,,"(-3, -2)",
S31-M-Q4,1146,31,MAIN,4,6.NS.C.6.c,mc,Which ordered pair names point M?,"A. (0, 4) | B. (4, 0) | C. (0, -4) | D. (-4, 0)",C,"(0, -4)",
S31-M-Q5,1147,31,MAIN,5,6.NS.C.6.c,sa,What are the coordinates of point K?,,,"(-5, -1)",
S31-B1-Q1,1149,31,BACKWARD 1,1,5.G.A.1,tf,The x-coordinate tells how far to move from the origin along the x-axis.,A. True | B. False,A,True,
S31-B1-Q2,1150,31,BACKWARD 1,2,5.G.A.1,mc,"In the ordered pair (7, 3), what is the y-coordinate?",A. 3 | B. 4 | C. 7 | D. 10,A,3,
S31-B1-Q3,1151,31,BACKWARD 1,3,5.G.A.1,sa,The x-axis and the y-axis cross at a point. What are its name and coordinates?,,,"Name: the origin; Coordinates: (0, 0)",
S31-B1-Q4,1152,31,BACKWARD 1,4,5.G.A.1,tf,"(2, 5) and (5, 2) name the same point.",A. True | B. False,B,False,
S31-B1-Q5,1153,31,BACKWARD 1,5,5.G.A.1,mc,"In an ordered pair, which number is written first?",A. The smaller number | B. The x-coordinate | C. The y-coordinate | D. The larger number,B,The x-coordinate,
S31-B2-Q1,1155,31,BACKWARD 2,1,5.G.A.2,sa,What are the coordinates of point E?,,,"(4, 7)",
S31-B2-Q2,1156,31,BACKWARD 2,2,5.G.A.2,sa,What are the coordinates of point F?,,,"(7, 2)",
S31-B2-Q3,1157,31,BACKWARD 2,3,5.G.A.2,mc,"Which point is located at (0, 5)?",A. Point A | B. Point B | C. Point C | D. Point D,B,Point B,
S31-B2-Q4,1158,31,BACKWARD 2,4,5.G.A.2,tf,"Point H is located at (6, 1).",A. True | B. False,B,False,
S31-B2-Q5,1159,31,BACKWARD 2,5,5.G.A.2,sa,What are the coordinates of point G?,,,"(6, 0)",
S31-B3-Q1,1161,31,BACKWARD 3,1,6.NS.C.6.b,mc,In which quadrant are both coordinates negative?,A. Quadrant I | B. Quadrant II | C. Quadrant III | D. Quadrant IV,C,Quadrant III,
S31-B3-Q2,1162,31,BACKWARD 3,2,6.NS.C.6.b,mc,"In which quadrant is (5, -2)?",A. Quadrant I | B. Quadrant II | C. Quadrant III | D. Quadrant IV,D,Quadrant IV,
S31-B3-Q3,1163,31,BACKWARD 3,3,6.NS.C.6.b,tf,"(-3, 4) is in Quadrant II.",A. True | B. False,A,True,
S31-B3-Q4,1164,31,BACKWARD 3,4,6.NS.C.6.b,sa,"A point is in Quadrant IV. Write ""positive"" or ""negative"" for each coordinate.",,,x-coordinate: positive; y-coordinate: negative,
S31-B3-Q5,1165,31,BACKWARD 3,5,6.NS.C.6.b,tf,"The point (0, -6) is in Quadrant III.",A. True | B. False,B,False,
S31-F1-Q1,1167,31,FORWARD 1,1,7.RP.A.2.d,sa,"The graph shows the cost of apples. What does the point (2, 8) represent?",,,2 pounds of apples cost $8.,
S31-F1-Q2,1168,31,FORWARD 1,2,7.RP.A.2.d,mc,"The graph shows the cost of apples. What does the point (1, 4) represent?",A. 4 pounds cost $1. | B. 1 pound costs $4. | C. $1 buys 4 pounds. | D. The cost starts at $4.,B,1 pound costs $4.,
S31-F1-Q3,1169,31,FORWARD 1,3,7.RP.A.2.d,tf,"On the graph of a proportional relationship between pounds and cost, the point (0, 0) means 0 pounds cost $0.",A. True | B. False,A,True,
S31-F1-Q4,1170,31,FORWARD 1,4,7.RP.A.2.d,sa,"The graph of a proportional relationship passes through (1, r) and (5, 30). What is r?",,,6,
S31-F1-Q5,1171,31,FORWARD 1,5,7.RP.A.2.d,mc,"A graph shows the distance y in miles after x hours. It passes through (3, 150). What does this point mean?","A. In 3 hours, the distance is 150 miles. | B. The speed is 150 miles per hour. | C. In 150 hours, the distance is 3 miles. | D. The speed is 3 miles per hour.",A,"In 3 hours, the distance is 150 miles.",
S31-F2-Q1,1173,31,FORWARD 2,1,8.F.A.1,tf,"The set of ordered pairs (1, 2), (2, 4), (3, 6), (4, 8) represents a function.",A. True | B. False,A,True,
S31-F2-Q2,1174,31,FORWARD 2,2,8.F.A.1,mc,Which set of ordered pairs does NOT represent a function?,"A. (-1, 3), (0, 5), (1, 7) | B. (1, 4), (2, 4), (3, 4) | C. (0, 0), (1, 1), (2, 2) | D. (2, 5), (2, 7), (3, 9)",D,"(2, 5), (2, 7), (3, 9)",
S31-F2-Q3,1175,31,FORWARD 2,3,8.F.A.1,sa,"Does the set (4, 1), (5, 2), (4, 3) represent a function? Write yes or no.",,,No,
S31-F2-Q4,1176,31,FORWARD 2,4,8.F.A.1,tf,The graph represents a function.,A. True | B. False,A,True,
S31-F2-Q5,1177,31,FORWARD 2,5,8.F.A.1,mc,A function assigns to each input ___.,A. at least two outputs | B. no output | C. the same output as the input | D. exactly one output,D,exactly one output,
S32-M-Q1,1180,32,MAIN,1,6.NS.C.6.c,plot,"Plot and label point P(-3, 4) and point Q(2, -5).",,,"P plotted at (-3, 4) and Q plotted at (2, -5), both labeled",
S32-M-Q2,1181,32,MAIN,2,6.NS.C.6.c,plot,"Plot and label point R(-5, -2) and point S(4, 1).",,,"R plotted at (-5, -2) and S plotted at (4, 1), both labeled",
S32-M-Q3,1182,32,MAIN,3,6.NS.C.6.c,plot,"Plot and label point T(0, -3) and point U(-4, 0).",,,"T plotted at (0, -3) on the y-axis and U plotted at (-4, 0) on the x-axis, both labeled",
S32-M-Q4,1183,32,MAIN,4,6.NS.C.6.c,plot,"Plot and label point V(-2.5, 3) and point W(1.5, -2).",,,"V plotted at (-2.5, 3) and W plotted at (1.5, -2), both labeled",
S32-M-Q5,1184,32,MAIN,5,6.NS.C.6.c,plot,"Plot and label point X(-6, -6) and point Y(5, -4).",,,"X plotted at (-6, -6) and Y plotted at (5, -4), both labeled",
S32-B1-Q1,1186,32,BACKWARD 1,1,5.G.A.1,tf,"To plot (6, 1), first move 6 units along the x-axis.",A. True | B. False,A,True,
S32-B1-Q2,1187,32,BACKWARD 1,2,5.G.A.1,mc,"To plot (2, 7) from the origin, what do you do first?",A. Move 7 units up | B. Move 2 units right | C. Move 2 units up | D. Move 7 units right,B,Move 2 units right,
S32-B1-Q3,1188,32,BACKWARD 1,3,5.G.A.1,tf,"To plot (0, 5), you do not move left or right.",A. True | B. False,A,True,
S32-B1-Q4,1189,32,BACKWARD 1,4,5.G.A.1,sa,"To plot (4, 3), how many units up do you move?",,,3,
S32-B1-Q5,1190,32,BACKWARD 1,5,5.G.A.1,mc,Which ordered pair is 3 units right and 6 units up from the origin?,"A. (3, 3) | B. (3, 6) | C. (6, 3) | D. (6, 6)",B,"(3, 6)",
S32-B2-Q1,1192,32,BACKWARD 2,1,5.G.A.2,plot,"Plot and label point A at (2, 6).",,,"Point A plotted at (2, 6) and labeled",
S32-B2-Q2,1193,32,BACKWARD 2,2,5.G.A.2,plot,"Plot and label point B at (5, 1).",,,"Point B plotted at (5, 1) and labeled",
S32-B2-Q3,1194,32,BACKWARD 2,3,5.G.A.2,plot,"Plot and label point C at (0, 7).",,,"Point C plotted at (0, 7) on the y-axis and labeled",
S32-B2-Q4,1195,32,BACKWARD 2,4,5.G.A.2,plot,"Plot and label point D at (7, 7).",,,"Point D plotted at (7, 7) and labeled",
S32-B2-Q5,1196,32,BACKWARD 2,5,5.G.A.2,plot,"Plot and label point E at (5, 0).",,,"Point E plotted at (5, 0) on the x-axis and labeled",
S32-B3-Q1,1198,32,BACKWARD 3,1,6.NS.C.6.b,tf,"To plot a point with a negative x-coordinate, you move left from the origin.",A. True | B. False,A,True,
S32-B3-Q2,1199,32,BACKWARD 3,2,6.NS.C.6.b,mc,"To plot (-2, -5), which directions do you move?","A. Right 2, down 5 | B. Right 2, up 5 | C. Left 2, down 5 | D. Left 5, down 2",C,"Left 2, down 5",
S32-B3-Q3,1200,32,BACKWARD 3,3,6.NS.C.6.b,tf,"To plot (3, -4), you move up 4 units.",A. True | B. False,B,False,
S32-B3-Q4,1201,32,BACKWARD 3,4,6.NS.C.6.b,sa,"To plot (-6, 1), do you move left or right?",,,Left,
S32-B3-Q5,1202,32,BACKWARD 3,5,6.NS.C.6.b,mc,Which point is left of the y-axis and above the x-axis?,"A. (-3, 2) | B. (3, -2) | C. (3, 2) | D. (-3, -2)",A,"(-3, 2)",
S32-F1-Q1,1204,32,FORWARD 1,1,7.RP.A.2.a,sa,"Graph the pairs (1, 3), (2, 6), and (3, 9). Do they lie on a straight line through the origin?",,,Yes,"Points (1, 3), (2, 6), (3, 9) graphed; they lie on a line through (0, 0)"
S32-F1-Q2,1205,32,FORWARD 1,2,7.RP.A.2.a,sa,"Graph the pairs (1, 3), (2, 5), and (3, 7). Is the relationship proportional?",,,No,"Points (1, 3), (2, 5), (3, 7) graphed; the line does not pass through (0, 0)"
S32-F1-Q3,1206,32,FORWARD 1,3,7.RP.A.2.a,sa,Graph the pairs from the table. Is the relationship proportional?,,,Yes,"Points (1, 2.5), (2, 5), (4, 10) graphed; they lie on a line through (0, 0)"
S32-F1-Q4,1207,32,FORWARD 1,4,7.RP.A.2.a,tf,"The points (2, 1), (4, 2), and (6, 3) lie on a line through the origin, so the relationship is proportional.",A. True | B. False,A,True,
S32-F1-Q5,1208,32,FORWARD 1,5,7.RP.A.2.a,mc,Which set of pairs would graph as a proportional relationship?,"A. (1, 1), (2, 4), (3, 9) | B. (1, 3), (2, 4), (3, 5) | C. (0, 2), (1, 4), (2, 6) | D. (2, 3), (4, 6), (6, 9)",D,"(2, 3), (4, 6), (6, 9)",
S32-F2-Q1,1210,32,FORWARD 2,1,8.EE.B.5,sa,Graph y = 0.5x on the coordinate plane. What is the slope of the line?,,,0.5,"Graph: line through (0, 0), (2, 1), (4, 2), (8, 4)"
S32-F2-Q2,1211,32,FORWARD 2,2,8.EE.B.5,sa,Graph y = 4x on the coordinate plane. What is the slope of the line?,,,4,"Graph: line through (0, 0), (1, 4), (4, 16)"
S32-F2-Q3,1212,32,FORWARD 2,3,8.EE.B.5,sa,A car travels 50 miles per hour. Graph the distance y after x hours. What is the slope?,,,50,"Graph: line through (0, 0), (1, 50), (5, 250)"
S32-F2-Q4,1213,32,FORWARD 2,4,8.EE.B.5,mc,Which point is on the graph of y = 3x?,"A. (3, 1) | B. (12, 4) | C. (4, 12) | D. (4, 7)",C,"(4, 12)",
S32-F2-Q5,1214,32,FORWARD 2,5,8.EE.B.5,tf,"The graph of y = 2/3x passes through (3, 2).",A. True | B. False,A,True,
S33-M-Q1,1217,33,MAIN,1,6.NS.C.7.a,mc,-4 > -10 Which statement explains this inequality?,A. -4 is to the left of -10 on a number line. | B. 4 is less than 10. | C. -4 is farther from 0 than -10. | D. -4 is to the right of -10 on a number line.,D,-4 is to the right of -10 on a number line.,
S33-M-Q2,1218,33,MAIN,2,6.NS.C.7.a,tf,The number line shows that -6 > -1.,A. True | B. False,B,False,
S33-M-Q3,1219,33,MAIN,3,6.NS.C.7.a,sa,Write an inequality that compares -4 and -9.,,,-4 > -9,-9 < -4 is also correct
S33-M-Q4,1220,33,MAIN,4,6.NS.C.7.a,mc,Which statement is true?,A. -5 < -2 | B. -2 < -5 | C. -5 > 0 | D. -5 > -2,A,-5 < -2,
S33-M-Q5,1221,33,MAIN,5,6.NS.C.7.a,sa,Write an inequality using the numbers at points P and Q.,,,-2 < 1,1 > -2 is also correct
S33-B1-Q1,1223,33,BACKWARD 1,1,2.NBT.A.4,sa,"Write >, <, or = to compare. 452 ___ 425",,,>,
S33-B1-Q2,1224,33,BACKWARD 1,2,2.NBT.A.4,tf,67 < 76,A. True | B. False,A,True,
S33-B1-Q3,1225,33,BACKWARD 1,3,2.NBT.A.4,mc,Which statement is true?,A. 309 < 290 | B. 309 = 290 | C. 309 > 290,C,309 > 290,
S33-B1-Q4,1226,33,BACKWARD 1,4,2.NBT.A.4,sa,"Write >, <, or = to compare. 138 ___ 183",,,<,
S33-B1-Q5,1227,33,BACKWARD 1,5,2.NBT.A.4,tf,500 > 505,A. True | B. False,B,False,
S33-B2-Q1,1229,33,BACKWARD 2,1,2.MD.B.6,tf,"On a number line, 8 is to the right of 3.",A. True | B. False,A,True,
S33-B2-Q2,1230,33,BACKWARD 2,2,2.MD.B.6,mc,Which number is farthest to the left on a number line?,A. 2 | B. 5 | C. 7 | D. 9,A,2,
S33-B2-Q3,1231,33,BACKWARD 2,3,2.MD.B.6,sa,"Which point is farther to the left, A or B?",,,B,
S33-B2-Q4,1232,33,BACKWARD 2,4,2.MD.B.6,tf,Numbers get greater as you move to the left on a number line.,A. True | B. False,B,False,
S33-B2-Q5,1233,33,BACKWARD 2,5,2.MD.B.6,mc,Which number is to the right of 14 on a number line?,A. 9 | B. 11 | C. 14 | D. 19,D,19,
S33-B3-Q1,1235,33,BACKWARD 3,1,6.NS.C.6.c,sa,What number is at point A?,,,-6,
S33-B3-Q2,1236,33,BACKWARD 3,2,6.NS.C.6.c,mc,Which point is at -3?,A. Point A | B. Point B | C. Point C | D. Point D,B,Point B,
S33-B3-Q3,1237,33,BACKWARD 3,3,6.NS.C.6.c,tf,-4 is to the left of -1 on a number line.,A. True | B. False,A,True,
S33-B3-Q4,1238,33,BACKWARD 3,4,6.NS.C.6.c,sa,What number is at point B?,,,-8,
S33-B3-Q5,1239,33,BACKWARD 3,5,6.NS.C.6.c,mc,Which point is at -5?,A. Point A | B. Point B | C. Point C | D. Point D,B,Point B,
S33-F1-Q1,1241,33,FORWARD 1,1,7.EE.B.4.b,mc,Which inequality does the graph show?,A. x > 3 | B. x ≤ 3 | C. x < 3 | D. x ≥ 3,A,x > 3,
S33-F1-Q2,1242,33,FORWARD 1,2,7.EE.B.4.b,sa,Solve the inequality. 2x + 5 > 11,,,x > 3,
S33-F1-Q3,1243,33,FORWARD 1,3,7.EE.B.4.b,sa,Solve the inequality. -3x + 4 ≤ 16,,,x ≥ -4,
S33-F1-Q4,1244,33,FORWARD 1,4,7.EE.B.4.b,tf,The graph shows the solutions of 4x - 1 ≤ -9.,A. True | B. False,A,True,
S33-F1-Q5,1245,33,FORWARD 1,5,7.EE.B.4.b,sa,Solve the inequality. 5x - 2 < 18,,,x < 4,
S33-F2-Q1,1247,33,FORWARD 2,1,8.NS.A.2,sa,"Which is greater, √50 or 7.2?",,,7.2,√50 ≈ 7.07
S33-F2-Q2,1248,33,FORWARD 2,2,8.NS.A.2,mc,Which number is between 3 and 4?,A. √12 | B. √8 | C. √3 | D. √17,A,√12,
S33-F2-Q3,1249,33,FORWARD 2,3,8.NS.A.2,tf,√30 < 5.5,A. True | B. False,A,True,
S33-F2-Q4,1250,33,FORWARD 2,4,8.NS.A.2,sa,"Order from least to greatest. π, √8, 3.1",,,"√8, 3.1, π",
S33-F2-Q5,1251,33,FORWARD 2,5,8.NS.A.2,mc,Which point best shows -√5?,A. Point A | B. Point B | C. Point C | D. Point D,C,Point C,
S34-M-Q1,1254,34,MAIN,1,6.NS.C.7.b,sa,A temperature of -2°F is warmer than a temperature of -11°F. Write an inequality to show this.,,,-2 > -11,-11 < -2 is also correct
S34-M-Q2,1255,34,MAIN,2,6.NS.C.7.b,mc,Account A has a balance of -$25. Account B has a balance of -$40. Which statement is true?,"A. -25 > -40, so Account A has the greater balance. | B. -40 > -25, so Account B has the greater balance. | C. -25 < -40, so Account A owes more. | D. The balances are equal.",A,"-25 > -40, so Account A has the greater balance.",
S34-M-Q3,1256,34,MAIN,3,6.NS.C.7.b,sa,A fish swims at -12 feet. A turtle swims at -5 feet. Write an inequality to compare the positions. Which animal is deeper?,,,Inequality: -12 < -5 (or -5 > -12); Deeper animal: the fish,
S34-M-Q4,1257,34,MAIN,4,6.NS.C.7.b,tf,-15 < -10 means that -15°F is colder than -10°F.,A. True | B. False,A,True,
S34-M-Q5,1258,34,MAIN,5,6.NS.C.7.b,mc,The lowest point in a valley is -86 meters. A beach is at 0 meters. Which statement is true?,"A. -86 < 0, so the valley's lowest point is lower. | B. -86 = 0 | C. 0 < -86, so the beach is lower. | D. -86 > 0, so the valley's lowest point is higher.",A,"-86 < 0, so the valley's lowest point is lower.",
S34-B1-Q1,1260,34,BACKWARD 1,1,6.NS.C.5,sa,Write an integer for 12 degrees below zero.,,,-12,
S34-B1-Q2,1261,34,BACKWARD 1,2,6.NS.C.5,tf,A debt of $30 can be written as -30.,A. True | B. False,A,True,
S34-B1-Q3,1262,34,BACKWARD 1,3,6.NS.C.5,mc,Which situation could be represented by -6?,A. A loss of 6 yards | B. A deposit of $6 | C. A gain of 6 yards | D. 6 feet above sea level,A,A loss of 6 yards,
S34-B1-Q4,1263,34,BACKWARD 1,4,6.NS.C.5,sa,Write an integer for 50 feet below sea level.,,,-50,
S34-B1-Q5,1264,34,BACKWARD 1,5,6.NS.C.5,tf,A temperature of 4 degrees above zero is written as -4.,A. True | B. False,B,False,
S34-B2-Q1,1266,34,BACKWARD 2,1,1.NBT.B.3,mc,Which symbol makes this true? 42 ___ 24,A. < | B. > | C. =,B,>,
S34-B2-Q2,1267,34,BACKWARD 2,2,1.NBT.B.3,tf,15 > 51,A. True | B. False,B,False,
S34-B2-Q3,1268,34,BACKWARD 2,3,1.NBT.B.3,sa,"Write >, <, or = to compare. 73 ___ 37",,,>,
S34-B2-Q4,1269,34,BACKWARD 2,4,1.NBT.B.3,mc,"Which symbol means ""is less than""?",A. < | B. > | C. =,A,<,
S34-B2-Q5,1270,34,BACKWARD 2,5,1.NBT.B.3,tf,89 < 98,A. True | B. False,A,True,
S34-B3-Q1,1272,34,BACKWARD 3,1,6.NS.C.7.a,tf,-2 > -6 because -2 is to the right of -6 on a number line.,A. True | B. False,A,True,
S34-B3-Q2,1273,34,BACKWARD 3,2,6.NS.C.7.a,mc,Which number is greatest?,A. -9 | B. -7 | C. -4 | D. -1,D,-1,
S34-B3-Q3,1274,34,BACKWARD 3,3,6.NS.C.7.a,sa,-5 is to the left of 3 on a number line. Write an inequality to show this.,,,-5 < 3,3 > -5 is also correct
S34-B3-Q4,1275,34,BACKWARD 3,4,6.NS.C.7.a,tf,-8 is to the right of -3 on a number line.,A. True | B. False,B,False,
S34-B3-Q5,1276,34,BACKWARD 3,5,6.NS.C.7.a,mc,Which number is to the left of -4 on a number line?,A. -6 | B. -2 | C. 0 | D. 4,A,-6,
S34-F1-Q1,1278,34,FORWARD 1,1,7.EE.B.4.b,sa,A submarine at -40 m descends 12 m per minute. It must stay above -160 m. Write and solve an inequality for the number of minutes t it can descend.,,,"-40 - 12t > -160, so t < 10 (fewer than 10 minutes)",
S34-F1-Q2,1279,34,FORWARD 1,2,7.EE.B.4.b,sa,You have $25 and spend $4 per day. You want to keep at least $5. Write and solve an inequality for the number of days d.,,,"25 - 4d ≥ 5, so d ≤ 5 (at most 5 days)",
S34-F1-Q3,1280,34,FORWARD 1,3,7.EE.B.4.b,mc,A freezer is at 2°C. It cools 3°C per hour. For which numbers of hours h is its temperature below -10°C?,A. h > 4 | B. h > -4 | C. h < -4 | D. h < 4,A,h > 4,
S34-F1-Q4,1281,34,FORWARD 1,4,7.EE.B.4.b,sa,A diver at -8 ft descends 5 ft per minute. Write and solve an inequality to find when the diver is deeper than -48 ft.,,,"-8 - 5t < -48, so t > 8 (after more than 8 minutes)",
S34-F1-Q5,1282,34,FORWARD 1,5,7.EE.B.4.b,tf,The solution of -2x + 1 > 9 is x < -4.,A. True | B. False,A,True,
S34-F2-Q1,1284,34,FORWARD 2,1,8.EE.A.3,sa,A mountain is about 9 × 10³ m tall. An ocean trench is about -1.1 × 10⁴ m deep. Which is farther from sea level?,,,The ocean trench,"|-1.1 × 10⁴| = 11,000 m > 9,000 m"
S34-F2-Q2,1285,34,FORWARD 2,2,8.EE.A.3,mc,Which number is greater?,A. 3 × 10⁻² | B. 8 × 10⁻³,A,3 × 10⁻²,
S34-F2-Q3,1286,34,FORWARD 2,3,8.EE.A.3,sa,A city has about 2 × 10⁶ people. A town has about 5 × 10⁴ people. How many times as many people live in the city?,,,40,
S34-F2-Q4,1287,34,FORWARD 2,4,8.EE.A.3,sa,"Order from least to greatest. 4 × 10³, 9 × 10², 1 × 10⁴",,,"9 × 10², 4 × 10³, 1 × 10⁴",
S34-F2-Q5,1288,34,FORWARD 2,5,8.EE.A.3,tf,-5 × 10³ < -2 × 10³,A. True | B. False,A,True,
S35-M-Q1,1291,35,MAIN,1,6.NS.C.7.c,sa,Find the value. |-18|,,,18,
S35-M-Q2,1292,35,MAIN,2,6.NS.C.7.c,mc,Which number has the greatest absolute value?,A. -12 | B. -5 | C. 8 | D. 10,A,-12,
S35-M-Q3,1293,35,MAIN,3,6.NS.C.7.c,sa,How far is -7.5 from 0 on a number line?,,,7.5 units,
S35-M-Q4,1294,35,MAIN,4,6.NS.C.7.c,tf,|-6| = |6|,A. True | B. False,A,True,
S35-M-Q5,1295,35,MAIN,5,6.NS.C.7.c,sa,Which two numbers have an absolute value of 11?,,,11 and -11,
S35-B1-Q1,1297,35,BACKWARD 1,1,2.MD.B.6,sa,How many units apart are points A and B?,,,6,
S35-B1-Q2,1298,35,BACKWARD 1,2,2.MD.B.6,tf,The distance from 0 to 5 is the same as the distance from 5 to 10.,A. True | B. False,A,True,
S35-B1-Q3,1299,35,BACKWARD 1,3,2.MD.B.6,mc,How many units from 0 is the number 11?,A. 0 | B. 1 | C. 10 | D. 11,D,11,
S35-B1-Q4,1300,35,BACKWARD 1,4,2.MD.B.6,sa,What is the distance from 4 to 10 on a number line?,,,6,
S35-B1-Q5,1301,35,BACKWARD 1,5,2.MD.B.6,sa,How many units is point C from 0?,,,16,
S35-B2-Q1,1303,35,BACKWARD 2,1,6.NS.C.6.a,sa,What is the opposite of 15?,,,-15,
S35-B2-Q2,1304,35,BACKWARD 2,2,6.NS.C.6.a,tf,Opposite numbers are the same distance from 0.,A. True | B. False,A,True,
S35-B2-Q3,1305,35,BACKWARD 2,3,6.NS.C.6.a,mc,Which number is the opposite of -2/3?,A. -3/2 | B. -2/3 | C. 2/3 | D. 3/2,C,2/3,
S35-B2-Q4,1306,35,BACKWARD 2,4,6.NS.C.6.a,sa,What is the opposite of 0?,,,0,
S35-B2-Q5,1307,35,BACKWARD 2,5,6.NS.C.6.a,tf,Points A and B represent opposite numbers.,A. True | B. False,A,True,
S35-F1-Q1,1309,35,FORWARD 1,1,7.NS.A.1.c,sa,Find the distance between -4 and 7 on a number line.,,,11,
S35-F1-Q2,1310,35,FORWARD 1,2,7.NS.A.1.c,sa,Find the value. |-3.5 - 2|,,,5.5,
S35-F1-Q3,1311,35,FORWARD 1,3,7.NS.A.1.c,mc,Which expression gives the distance between -9 and -2?,A. -9 - 2 | B. |-9 - (-2)| | C. |-9 + (-2)| | D. -9 + 2,B,|-9 - (-2)|,
S35-F1-Q4,1312,35,FORWARD 1,4,7.NS.A.1.c,tf,The distance between -6 and 6 is 0.,A. True | B. False,B,False,
S35-F1-Q5,1313,35,FORWARD 1,5,7.NS.A.1.c,sa,Find the distance between -2 1/2 and 1 1/4 on a number line.,,,3 3/4,
S35-F2-Q1,1315,35,FORWARD 2,1,8.EE.A.2,sa,Solve. x² = 49,,,x = 7 or x = -7,
S35-F2-Q2,1316,35,FORWARD 2,2,8.EE.A.2,sa,Solve. x³ = 64,,,4,
S35-F2-Q3,1317,35,FORWARD 2,3,8.EE.A.2,mc,What are the solutions of x² = 81?,A. x = -9 only | B. x = 9 only | C. x = 40.5 | D. x = 9 or x = -9,D,x = 9 or x = -9,
S35-F2-Q4,1318,35,FORWARD 2,4,8.EE.A.2,sa,Solve. Write the answer using a square root symbol. x² = 20,,,x = √20 or x = -√20,±√20; also accept ±2√5
S35-F2-Q5,1319,35,FORWARD 2,5,8.EE.A.2,tf,Both 6 and -6 are solutions of x² = 36.,A. True | B. False,A,True,
S36-M-Q1,1322,36,MAIN,1,6.NS.C.7.c,sa,"An account balance is -$45. What is the absolute value of the balance, and what does it describe?",,,Absolute value: 45; It describes: a debt of $45 (the amount owed),
S36-M-Q2,1323,36,MAIN,2,6.NS.C.7.c,sa,A diver is at an elevation of -42 feet. How far is the diver from sea level?,,,42 feet,
S36-M-Q3,1324,36,MAIN,3,6.NS.C.7.c,mc,A stock's value changed by -$8.50 today. What is the size of the change?,A. -$8.50 | B. $0 | C. $8.50 | D. $17.00,C,$8.50,
S36-M-Q4,1325,36,MAIN,4,6.NS.C.7.c,sa,The temperature is -13°F. How many degrees below zero is it?,,,13 degrees,
S36-M-Q5,1326,36,MAIN,5,6.NS.C.7.c,sa,A submarine is at -275 m. A plane is at 275 m. Which is farther from sea level? Explain using absolute value.,,,"Neither: both are 275 m from sea level, because |-275| = |275| = 275.",
S36-B1-Q1,1328,36,BACKWARD 1,1,6.NS.C.5,tf,-30 can represent owing $30.,A. True | B. False,A,True,
S36-B1-Q2,1329,36,BACKWARD 1,2,6.NS.C.5,sa,Write an integer for 42 feet below sea level.,,,-42,
S36-B1-Q3,1330,36,BACKWARD 1,3,6.NS.C.5,mc,Which situation is represented by +25?,A. A loss of 25 yards | B. 25 feet below sea level | C. A debt of $25 | D. A deposit of $25,D,A deposit of $25,
S36-B1-Q4,1331,36,BACKWARD 1,4,6.NS.C.5,sa,Write an integer for a debt of $18.,,,-18,
S36-B1-Q5,1332,36,BACKWARD 1,5,6.NS.C.5,tf,A temperature of 0°F means there is no temperature.,A. True | B. False,B,False,
S36-B2-Q1,1334,36,BACKWARD 2,1,2.MD.B.6,sa,How many units from 0 is point A?,,,8 units,
S36-B2-Q2,1335,36,BACKWARD 2,2,2.MD.B.6,tf,The distance from 0 to 13 is 13 units.,A. True | B. False,A,True,
S36-B2-Q3,1336,36,BACKWARD 2,3,2.MD.B.6,mc,Which number is 5 units from 0 on this number line?,A. 0 | B. 5 | C. 10 | D. 50,B,5,
S36-B2-Q4,1337,36,BACKWARD 2,4,2.MD.B.6,sa,How far is 20 from 0 on a number line?,,,20 units,
S36-B2-Q5,1338,36,BACKWARD 2,5,2.MD.B.6,tf,The number that is 0 units from 0 is 1.,A. True | B. False,B,False,
S36-B3-Q1,1340,36,BACKWARD 3,1,6.NS.C.6.a,tf,-42 and 42 are the same distance from 0.,A. True | B. False,A,True,
S36-B3-Q2,1341,36,BACKWARD 3,2,6.NS.C.6.a,sa,What is the opposite of -275?,,,275,
S36-B3-Q3,1342,36,BACKWARD 3,3,6.NS.C.6.a,mc,Which number is the same distance from 0 as -8.5?,A. -5.8 | B. 0 | C. 8.5 | D. 85,C,8.5,
S36-B3-Q4,1343,36,BACKWARD 3,4,6.NS.C.6.a,tf,The opposite of 13 is -13.,A. True | B. False,A,True,
S36-B3-Q5,1344,36,BACKWARD 3,5,6.NS.C.6.a,sa,"Name the number that is the same distance from 0 as -45, on the other side of 0.",,,45,
S36-F1-Q1,1346,36,FORWARD 1,1,7.NS.A.3,sa,A company lost $2.5 million in one year and earned a profit of $1.8 million the next year. What is the total for the two years?,,,-$0.7 million,"A loss of $700,000"
S36-F1-Q2,1347,36,FORWARD 1,2,7.NS.A.3,sa,The temperature was -6°F. It dropped 11°F. What is the new temperature?,,,-17°F,
S36-F1-Q3,1348,36,FORWARD 1,3,7.NS.A.3,mc,A diver at -35.5 feet rises 12.25 feet. What is the diver's new position?,A. -47.75 feet | B. -23.25 feet | C. -22.75 feet | D. 23.25 feet,B,-23.25 feet,
S36-F1-Q4,1349,36,FORWARD 1,4,7.NS.A.3,sa,"A hiker goes from an elevation of 1,200 feet to an elevation of -80 feet. What is the change in elevation?",,,"-1,280 feet","A decrease of 1,280 feet"
S36-F1-Q5,1350,36,FORWARD 1,5,7.NS.A.3,tf,"If the temperature drops from -4°C to -9°C, it gets 5°C colder.",A. True | B. False,A,True,
S36-F2-Q1,1352,36,FORWARD 2,1,8.EE.A.3,sa,One company's debt is 2 × 10⁶ dollars. Another company's debt is 4 × 10⁴ dollars. How many times as large is the first debt?,,,50,
S36-F2-Q2,1353,36,FORWARD 2,2,8.EE.A.3,mc,The deepest ocean point is about -1 × 10⁴ meters. A lake bottom is about -5 × 10¹ meters. About how many times as deep is the ocean point?,"A. 5 | B. 20 | C. 200 | D. 2,000",C,200,
S36-F2-Q3,1354,36,FORWARD 2,3,8.EE.A.3,sa,"Estimate 7,980,000 as a single digit times a power of 10.",,,8 × 10⁶,
S36-F2-Q4,1355,36,FORWARD 2,4,8.EE.A.3,tf,6 × 10⁹ is 300 times as large as 2 × 10⁷.,A. True | B. False,A,True,
S36-F2-Q5,1356,36,FORWARD 2,5,8.EE.A.3,sa,Estimate 0.0000031 as a single digit times a power of 10.,,,3 × 10⁻⁶,
S37-M-Q1,1359,37,MAIN,1,6.NS.C.7.d,tf,An account balance less than -$50 means a debt greater than $50.,A. True | B. False,A,True,
S37-M-Q2,1360,37,MAIN,2,6.NS.C.7.d,mc,Which account balance shows the greatest debt?,A. -$55 | B. -$38 | C. -$20 | D. $10,A,-$55,
S37-M-Q3,1361,37,MAIN,3,6.NS.C.7.d,tf,"-12 < -5, so |-12| < |-5|.",A. True | B. False,B,False,
S37-M-Q4,1362,37,MAIN,4,6.NS.C.7.d,sa,Two temperatures are -15°F and -9°F. Which temperature is colder? Which has the greater absolute value?,,,Colder: -15°F; Greater absolute value: -15,
S37-M-Q5,1363,37,MAIN,5,6.NS.C.7.d,mc,A submarine is at -300 feet. A diver is at -45 feet. Which statement is true?,A. The diver is deeper because -45 > -300. | B. The submarine is deeper because -300 > -45. | C. The submarine is deeper because |-300| > |-45|. | D. They are at the same depth.,C,The submarine is deeper because |-300| > |-45|.,
S37-B1-Q1,1365,37,BACKWARD 1,1,6.NS.C.7.c,sa,Find the value. |-25|,,,25,
S37-B1-Q2,1366,37,BACKWARD 1,2,6.NS.C.7.c,sa,Find the value. |14|,,,14,
S37-B1-Q3,1367,37,BACKWARD 1,3,6.NS.C.7.c,tf,|-3| = -3,A. True | B. False,B,False,
S37-B1-Q4,1368,37,BACKWARD 1,4,6.NS.C.7.c,mc,Which number has an absolute value of 7?,A. -7 | B. -1/7 | C. 0 | D. 1/7,A,-7,
S37-B1-Q5,1369,37,BACKWARD 1,5,6.NS.C.7.c,sa,Find the value. |-2.5|,,,2.5,
S37-B2-Q1,1371,37,BACKWARD 2,1,6.NS.C.7.a,mc,Which number is least?,A. -20 | B. -12 | C. -5 | D. 0,A,-20,
S37-B2-Q2,1372,37,BACKWARD 2,2,6.NS.C.7.a,tf,-9 > -4,A. True | B. False,B,False,
S37-B2-Q3,1373,37,BACKWARD 2,3,6.NS.C.7.a,sa,"Order from least to greatest. -3, -8, 1",,,"-8, -3, 1",
S37-B2-Q4,1374,37,BACKWARD 2,4,6.NS.C.7.a,tf,-1 > -100,A. True | B. False,A,True,
S37-B2-Q5,1375,37,BACKWARD 2,5,6.NS.C.7.a,mc,Which number is greater?,A. -16 | B. -6,B,-6,
S37-B3-Q1,1377,37,BACKWARD 3,1,6.NS.C.5,sa,Write an integer for a debt of $40.,,,-40,
S37-B3-Q2,1378,37,BACKWARD 3,2,6.NS.C.5,mc,What could -8 represent?,A. A deposit of $8 | B. A gain of 8 yards | C. 8 feet below sea level | D. 8 feet above sea level,C,8 feet below sea level,
S37-B3-Q3,1379,37,BACKWARD 3,3,6.NS.C.5,tf,An account balance of -$10 means you owe $10.,A. True | B. False,A,True,
S37-B3-Q4,1380,37,BACKWARD 3,4,6.NS.C.5,sa,Write an integer for 15 degrees below zero.,,,-15,
S37-B3-Q5,1381,37,BACKWARD 3,5,6.NS.C.5,tf,A 20-foot descent can be written as +20.,A. True | B. False,B,False,
S37-F1-Q1,1383,37,FORWARD 1,1,7.NS.A.3,sa,Two accounts have balances of -$42.50 and -$18.75. How much greater is the larger debt?,,,$23.75,
S37-F1-Q2,1384,37,FORWARD 1,2,7.NS.A.3,sa,A diver at -24.5 m rises 9.75 m and then descends 15 m. What is the diver's final position?,,,-29.75 m,
S37-F1-Q3,1385,37,FORWARD 1,3,7.NS.A.3,mc,The temperature at 6 a.m. was -8.5°F. At noon it was 3.5°F. How much did the temperature rise?,A. -12°F | B. -5°F | C. 5°F | D. 12°F,D,12°F,
S37-F1-Q4,1386,37,FORWARD 1,4,7.NS.A.3,sa,Maria's balance is -$36. She pays back 1/4 of what she owes. What is her new balance?,,,-$27,
S37-F1-Q5,1387,37,FORWARD 1,5,7.NS.A.3,tf,A change from -12 m to -30 m is a change of -18 m.,A. True | B. False,A,True,
S37-F2-Q1,1389,37,FORWARD 2,1,8.NS.A.2,mc,Which number has the greater absolute value?,A. 4.3 | B. -√20,B,-√20,
S37-F2-Q2,1390,37,FORWARD 2,2,8.NS.A.2,tf,-√10 < -3,A. True | B. False,A,True,
S37-F2-Q3,1391,37,FORWARD 2,3,8.NS.A.2,sa,"Order from least to greatest. -√5, -2.5, -2",,,"-2.5, -√5, -2",
S37-F2-Q4,1392,37,FORWARD 2,4,8.NS.A.2,mc,Which number is farther from 0 on a number line?,A. 3.1 | B. -π,B,-π,
S37-F2-Q5,1393,37,FORWARD 2,5,8.NS.A.2,sa,Between which two consecutive integers is -√30?,,,-6 and -5,
S38-M-Q1,1396,38,MAIN,1,6.NS.C.8,sa,"Find the distance between (-3, 4) and (5, 4).",,,8,
S38-M-Q2,1397,38,MAIN,2,6.NS.C.8,sa,"Find the distance between (2, -6) and (2, 5).",,,11,
S38-M-Q3,1398,38,MAIN,3,6.NS.C.8,mc,"What is the distance between (-7, -2) and (-1, -2)?",A. -6 | B. 3 | C. 6 | D. 8,C,6,
S38-M-Q4,1399,38,MAIN,4,6.NS.C.8,sa,What is the distance between points A and B?,,,8,
S38-M-Q5,1400,38,MAIN,5,6.NS.C.8,sa,"Find the distance between (-2.5, 1) and (3.5, 1).",,,6,
S38-B1-Q1,1402,38,BACKWARD 1,1,6.NS.C.7.c,sa,Find the value. |-7|,,,7,
S38-B1-Q2,1403,38,BACKWARD 1,2,6.NS.C.7.c,tf,|-3| + |5| = 8,A. True | B. False,A,True,
S38-B1-Q3,1404,38,BACKWARD 1,3,6.NS.C.7.c,mc,|-4| + |6| = ?,A. -10 | B. -2 | C. 2 | D. 10,D,10,
S38-B1-Q4,1405,38,BACKWARD 1,4,6.NS.C.7.c,sa,Find the value. |-9| + |2|,,,11,
S38-B1-Q5,1406,38,BACKWARD 1,5,6.NS.C.7.c,tf,The distance from -5 to 0 is |-5|.,A. True | B. False,A,True,
S38-B2-Q1,1408,38,BACKWARD 2,1,6.NS.C.6.c,sa,What are the coordinates of point A?,,,"(-3, 4)",
S38-B2-Q2,1409,38,BACKWARD 2,2,6.NS.C.6.c,sa,What are the coordinates of point B?,,,"(5, -2)",
S38-B2-Q3,1410,38,BACKWARD 2,3,6.NS.C.6.c,mc,"Which point is at (-1, -4)?",A. Point A | B. Point B | C. Point C | D. Point D,D,Point D,
S38-B2-Q4,1411,38,BACKWARD 2,4,6.NS.C.6.c,tf,"Point C is located at (3, 0).",A. True | B. False,B,False,
S38-B2-Q5,1412,38,BACKWARD 2,5,6.NS.C.6.c,sa,What are the coordinates of point D?,,,"(-5, -5)",
S38-B3-Q1,1414,38,BACKWARD 3,1,2.MD.B.6,sa,What is the distance from 3 to 11 on a number line?,,,8,
S38-B3-Q2,1415,38,BACKWARD 3,2,2.MD.B.6,sa,How many units apart are points A and B?,,,5,
S38-B3-Q3,1416,38,BACKWARD 3,3,2.MD.B.6,tf,The distance from 12 to 4 is 8 units.,A. True | B. False,A,True,
S38-B3-Q4,1417,38,BACKWARD 3,4,2.MD.B.6,mc,What is the distance from 5 to 14?,A. 8 | B. 9 | C. 10 | D. 19,B,9,
S38-B3-Q5,1418,38,BACKWARD 3,5,2.MD.B.6,sa,What is the distance from 0 to 13 on a number line?,,,13,
S38-F1-Q1,1420,38,FORWARD 1,1,7.NS.A.1.c,sa,Find the distance between -2.5 and 4.5 on a number line.,,,7,
S38-F1-Q2,1421,38,FORWARD 1,2,7.NS.A.1.c,sa,Find the value. |-8.4 - 3.6|,,,12,
S38-F1-Q3,1422,38,FORWARD 1,3,7.NS.A.1.c,mc,What is the distance between -3 1/2 and 2 1/4 on a number line?,A. -5 3/4 | B. 1 1/4 | C. 5 3/4 | D. 6 1/4,C,5 3/4,
S38-F1-Q4,1423,38,FORWARD 1,4,7.NS.A.1.c,tf,"The distance between -7 and -2 is |-7 - (-2)|, which is 5.",A. True | B. False,A,True,
S38-F1-Q5,1424,38,FORWARD 1,5,7.NS.A.1.c,sa,Find the distance between -4 and 2.5 on a number line.,,,6.5,
S38-F2-Q1,1426,38,FORWARD 2,1,8.G.B.8,sa,"Find the distance between (1, 2) and (4, 6).",,,5,
S38-F2-Q2,1427,38,FORWARD 2,2,8.G.B.8,sa,Find the distance between points A and B.,,,10,
S38-F2-Q3,1428,38,FORWARD 2,3,8.G.B.8,mc,"What is the distance between (0, 0) and (5, 12)?",A. √119 | B. 17 | C. 13 | D. 7,C,13,
S38-F2-Q4,1429,38,FORWARD 2,4,8.G.B.8,sa,"Find the distance between (-3, 5) and (1, 2).",,,5,
S38-F2-Q5,1430,38,FORWARD 2,5,8.G.B.8,tf,"The distance between (2, 1) and (5, 5) is 5.",A. True | B. False,A,True,
S39-M-Q1,1433,39,MAIN,1,6.NS.C.8,sa,"On the map, each unit is 1 block. How many blocks is it from the library L to the park P?",,,8 blocks,
S39-M-Q2,1434,39,MAIN,2,6.NS.C.8,sa,"A park is a rectangle with corners at (-2, 3), (4, 3), (4, -1), and (-2, -1). Each unit is 1 meter. Graph the park. What is its perimeter?",,,20 meters,"Rectangle graphed with corners (-2, 3), (4, 3), (4, -1), (-2, -1); sides 6 m and 4 m"
S39-M-Q3,1435,39,MAIN,3,6.NS.C.8,sa,"The school is at (-3, 2) and the pool is at (-3, -4). Each unit is 1 block. Graph both places. How many blocks apart are they?",,,6 blocks,"Points graphed at (-3, 2) and (-3, -4)"
S39-M-Q4,1436,39,MAIN,4,6.NS.C.8,mc,"A garden is a rectangle with corners at (-5, 1), (1, 1), (1, -3), and (-5, -3). Each unit is 1 meter. What is the area of the garden?",A. 10 square meters | B. 12 square meters | C. 20 square meters | D. 24 square meters,D,24 square meters,
S39-M-Q5,1437,39,MAIN,5,6.NS.C.8,sa,"A hiker starts at (-5, 0), walks to (3, 0), and then walks to (3, 6). Each unit is 1 km. Graph the path. How far does the hiker walk?",,,14 km,"Path graphed from (-5, 0) to (3, 0) to (3, 6); 8 km + 6 km"
S39-B1-Q1,1439,39,BACKWARD 1,1,6.NS.C.7.c,sa,Find the value. |-4| + |5|,,,9,
S39-B1-Q2,1440,39,BACKWARD 1,2,6.NS.C.7.c,tf,The distance from -3 to 0 is 3.,A. True | B. False,A,True,
S39-B1-Q3,1441,39,BACKWARD 1,3,6.NS.C.7.c,mc,How far is -6 from 0?,A. -6 | B. 0 | C. 6 | D. 12,C,6,
S39-B1-Q4,1442,39,BACKWARD 1,4,6.NS.C.7.c,sa,Find the value. |-2| + |4|,,,6,
S39-B1-Q5,1443,39,BACKWARD 1,5,6.NS.C.7.c,tf,|-5| = -5,A. True | B. False,B,False,
S39-B2-Q1,1445,39,BACKWARD 2,1,6.NS.C.6.c,plot,"Plot and label point A(-2, 3).",,,"Point A plotted at (-2, 3) and labeled",
S39-B2-Q2,1446,39,BACKWARD 2,2,6.NS.C.6.c,plot,"Plot and label point B(4, -1).",,,"Point B plotted at (4, -1) and labeled",
S39-B2-Q3,1447,39,BACKWARD 2,3,6.NS.C.6.c,mc,"Which point is at (-3, -4)?",A. Point A | B. Point B | C. Point C | D. Point D,B,Point B,
S39-B2-Q4,1448,39,BACKWARD 2,4,6.NS.C.6.c,plot,"Plot and label point C(0, -5).",,,"Point C plotted at (0, -5) on the y-axis and labeled",
S39-B2-Q5,1449,39,BACKWARD 2,5,6.NS.C.6.c,tf,"Point D is located at (-5, 2).",A. True | B. False,A,True,
S39-B3-Q1,1451,39,BACKWARD 3,1,3.MD.D.8,sa,What is the perimeter of the rectangle?,,,20 units,
S39-B3-Q2,1452,39,BACKWARD 3,2,3.MD.D.8,sa,A rectangle is 9 cm long and 3 cm wide. What is its perimeter?,,,24 cm,
S39-B3-Q3,1453,39,BACKWARD 3,3,3.MD.D.8,tf,A square with 5-meter sides has a perimeter of 25 meters.,A. True | B. False,B,False,
S39-B3-Q4,1454,39,BACKWARD 3,4,3.MD.D.8,mc,A rectangle is 8 inches long and 2 inches wide. What is its perimeter?,A. 10 inches | B. 16 inches | C. 18 inches | D. 20 inches,D,20 inches,
S39-B3-Q5,1455,39,BACKWARD 3,5,3.MD.D.8,sa,A rectangle has a perimeter of 18 feet and a length of 5 feet. What is its width?,,,4 feet,
S39-B4-Q1,1457,39,BACKWARD 4,1,3.MD.C.7.b,sa,A rectangle is 6 m long and 4 m wide. What is its area?,,,24 square meters,
S39-B4-Q2,1458,39,BACKWARD 4,2,3.MD.C.7.b,tf,A rectangle that is 7 units by 3 units has an area of 21 square units.,A. True | B. False,A,True,
S39-B4-Q3,1459,39,BACKWARD 4,3,3.MD.C.7.b,mc,A rectangle is 5 ft by 8 ft. What is its area?,A. 13 square feet | B. 26 square feet | C. 40 square feet | D. 80 square feet,C,40 square feet,
S39-B4-Q4,1460,39,BACKWARD 4,4,3.MD.C.7.b,sa,What is the area of the rectangle?,,,18 square centimeters,
S39-B4-Q5,1461,39,BACKWARD 4,5,3.MD.C.7.b,sa,A square has 6-inch sides. What is its area?,,,36 square inches,
S39-F1-Q1,1463,39,FORWARD 1,1,7.G.A.1,sa,"On a map grid, each unit is 1/2 mile. The school is at (-3, 2) and the park is at (5, 2). What is the actual distance between them?",,,4 miles,
S39-F1-Q2,1464,39,FORWARD 1,2,7.G.A.1,sa,"On a trail map, each unit is 250 meters. The trail goes straight from (0, -4) to (0, 6). How long is the actual trail?",,,"2,500 meters",
S39-F1-Q3,1465,39,FORWARD 1,3,7.G.A.1,mc,"On a map, each unit is 1.5 km. A park has corners at (-2, 1), (4, 1), (4, -3), and (-2, -3). What is the actual perimeter of the park?",A. 13.3 km | B. 20 km | C. 30 km | D. 36 km,C,30 km,
S39-F1-Q4,1466,39,FORWARD 1,4,7.G.A.1,sa,"On a plan, each unit is 20 feet. A garden has corners at (-1, -1), (3, -1), (3, 2), and (-1, 2). What are the actual length and width?",,,Length: 80 feet; Width: 60 feet,
S39-F1-Q5,1467,39,FORWARD 1,5,7.G.A.1,tf,"On a map where each unit is 5 miles, the points (-3, 0) and (3, 0) are 30 miles apart.",A. True | B. False,A,True,
S39-F2-Q1,1469,39,FORWARD 2,1,8.G.B.8,sa,"On a map, the library is at (-2, 1) and the pool is at (4, 9). Each unit is 1 block. What is the straight-line distance between them?",,,10 blocks,
S39-F2-Q2,1470,39,FORWARD 2,2,8.G.B.8,sa,"A drone flies from (0, 0) to (9, 12). Each unit is 1 meter. How far does it fly in a straight line?",,,15 meters,
S39-F2-Q3,1471,39,FORWARD 2,3,8.G.B.8,mc,"Home is at (-3, -1) and school is at (1, 2). Each unit is 1 km. What is the straight-line distance?",A. 5 km | B. 25 km | C. 7 km | D. √7 km,A,5 km,
S39-F2-Q4,1472,39,FORWARD 2,4,8.G.B.8,sa,"Find the straight-line distance from (-4, 6) to (2, -2).",,,10,
S39-F2-Q5,1473,39,FORWARD 2,5,8.G.B.8,tf,"The straight-line distance from (1, 1) to (7, 9) is 10.",A. True | B. False,A,True,
S40-M-Q1,1476,40,MAIN,1,6.EE.A.1,sa,Evaluate. 2⁴ + 3²,,,25,
S40-M-Q2,1477,40,MAIN,2,6.EE.A.1,sa,Evaluate. 3 × 2³,,,24,
S40-M-Q3,1478,40,MAIN,3,6.EE.A.1,sa,Evaluate. (5 - 2)³ ÷ 9,,,3,
S40-M-Q4,1479,40,MAIN,4,6.EE.A.1,mc,Evaluate. 5² - 4 × 2,A. -3 | B. 17 | C. 21 | D. 42,B,17,
S40-M-Q5,1480,40,MAIN,5,6.EE.A.1,sa,Evaluate. (2/3)²,,,4/9,
S40-B1-Q1,1482,40,BACKWARD 1,1,5.NBT.A.2,sa,Write 10³ as a whole number.,,,"1,000",
S40-B1-Q2,1483,40,BACKWARD 1,2,5.NBT.A.2,tf,"10⁴ = 10,000",A. True | B. False,A,True,
S40-B1-Q3,1484,40,BACKWARD 1,3,5.NBT.A.2,mc,"Which is equal to 100,000?",A. 10⁵ | B. 5¹⁰ | C. 10⁴ | D. 10⁶,A,10⁵,
S40-B1-Q4,1485,40,BACKWARD 1,4,5.NBT.A.2,sa,"Write 1,000,000 as a power of 10.",,,10⁶,
S40-B1-Q5,1486,40,BACKWARD 1,5,5.NBT.A.2,tf,10² = 20,A. True | B. False,B,False,
S40-B2-Q1,1488,40,BACKWARD 2,1,5.OA.A.1,sa,Evaluate. (8 + 4) ÷ 3,,,4,
S40-B2-Q2,1489,40,BACKWARD 2,2,5.OA.A.1,sa,Evaluate. 20 - (3 × 4),,,8,
S40-B2-Q3,1490,40,BACKWARD 2,3,5.OA.A.1,tf,2 × (3 + 5) = 11,A. True | B. False,B,False,
S40-B2-Q4,1491,40,BACKWARD 2,4,5.OA.A.1,mc,Evaluate. 18 ÷ (2 + 4),A. 3 | B. 6 | C. 9 | D. 13,A,3,
S40-B2-Q5,1492,40,BACKWARD 2,5,5.OA.A.1,sa,Evaluate. (9 - 3) × 5,,,30,
S40-B3-Q1,1494,40,BACKWARD 3,1,3.OA.C.7,sa,Multiply. 2 × 2 × 2,,,8,
S40-B3-Q2,1495,40,BACKWARD 3,2,3.OA.C.7,sa,Multiply. 5 × 5,,,25,
S40-B3-Q3,1496,40,BACKWARD 3,3,3.OA.C.7,tf,3 × 3 × 3 = 9,A. True | B. False,B,False,
S40-B3-Q4,1497,40,BACKWARD 3,4,3.OA.C.7,mc,4 × 4 × 4 = ?,A. 12 | B. 16 | C. 44 | D. 64,D,64,
S40-B3-Q5,1498,40,BACKWARD 3,5,3.OA.C.7,sa,Multiply. 6 × 6,,,36,
S40-F1-Q1,1500,40,FORWARD 1,1,7.NS.A.2.a,sa,Evaluate. (-3)²,,,9,
S40-F1-Q2,1501,40,FORWARD 1,2,7.NS.A.2.a,sa,Evaluate. (-2)³,,,-8,
S40-F1-Q3,1502,40,FORWARD 1,3,7.NS.A.2.a,tf,-3² = (-3)²,A. True | B. False,B,False,
S40-F1-Q4,1503,40,FORWARD 1,4,7.NS.A.2.a,mc,(-1)⁵ = ?,A. -5 | B. -1 | C. 1 | D. 5,B,-1,
S40-F1-Q5,1504,40,FORWARD 1,5,7.NS.A.2.a,sa,Evaluate. (-1/2)²,,,1/4,
S40-F2-Q1,1506,40,FORWARD 2,1,8.EE.A.1,sa,Evaluate. 2⁻³,,,1/8,
S40-F2-Q2,1507,40,FORWARD 2,2,8.EE.A.1,sa,Evaluate. 5⁻² × 5⁴,,,25,
S40-F2-Q3,1508,40,FORWARD 2,3,8.EE.A.1,mc,10⁻² = ?,A. -100 | B. -20 | C. 1/100 | D. 0.1,C,1/100,
S40-F2-Q4,1509,40,FORWARD 2,4,8.EE.A.1,sa,Evaluate. 4⁵/4³,,,16,
S40-F2-Q5,1510,40,FORWARD 2,5,8.EE.A.1,tf,7⁰ = 1,A. True | B. False,A,True,
S41-M-Q1,1513,41,MAIN,1,6.EE.A.1,sa,Write using an exponent. 7 × 7 × 7 × 7,,,7⁴,
S41-M-Q2,1514,41,MAIN,2,6.EE.A.1,mc,Which expression is equal to 3 × 3 × 3 × 3 × 3?,A. 5³ | B. 15 | C. 3⁵ | D. 3 × 5,C,3⁵,
S41-M-Q3,1515,41,MAIN,3,6.EE.A.1,sa,Write using an exponent. 1/2 × 1/2 × 1/2,,,(1/2)³,
S41-M-Q4,1516,41,MAIN,4,6.EE.A.1,sa,Write using an exponent. 0.4 × 0.4,,,0.4²,
S41-M-Q5,1517,41,MAIN,5,6.EE.A.1,sa,Write using exponents. 2 × 2 × 2 × 5 × 5,,,2³ × 5²,
S41-B1-Q1,1519,41,BACKWARD 1,1,5.NBT.A.2,sa,Write 10 × 10 × 10 as a power of 10.,,,10³,
S41-B1-Q2,1520,41,BACKWARD 1,2,5.NBT.A.2,tf,10 × 10 × 10 × 10 = 10⁴,A. True | B. False,A,True,
S41-B1-Q3,1521,41,BACKWARD 1,3,5.NBT.A.2,mc,Which is equal to 10⁵?,"A. 5 × 5 × 5 × 5 × 5 × 5 × 5 × 5 × 5 × 5 | B. 10 × 10 × 10 × 10 × 10 | C. 100,000,000 | D. 10 × 5",B,10 × 10 × 10 × 10 × 10,
S41-B1-Q4,1522,41,BACKWARD 1,4,5.NBT.A.2,sa,How many factors of 10 are in 10⁶?,,,6,
S41-B1-Q5,1523,41,BACKWARD 1,5,5.NBT.A.2,tf,10² = 10 × 2,A. True | B. False,B,False,
S41-B2-Q1,1525,41,BACKWARD 2,1,3.OA.C.7,sa,Multiply. 2 × 2 × 2 × 2,,,16,
S41-B2-Q2,1526,41,BACKWARD 2,2,3.OA.C.7,sa,Multiply. 3 × 3,,,9,
S41-B2-Q3,1527,41,BACKWARD 2,3,3.OA.C.7,tf,5 × 5 × 5 = 15,A. True | B. False,B,False,
S41-B2-Q4,1528,41,BACKWARD 2,4,3.OA.C.7,mc,How many times is 7 used as a factor in 7 × 7 × 7?,A. 1 | B. 3 | C. 7 | D. 21,B,3,
S41-B2-Q5,1529,41,BACKWARD 2,5,3.OA.C.7,sa,Multiply. 4 × 4,,,16,
S41-F1-Q1,1531,41,FORWARD 1,1,7.NS.A.2.a,sa,Write using an exponent. (-3)(-3)(-3)(-3),,,(-3)⁴,
S41-F1-Q2,1532,41,FORWARD 1,2,7.NS.A.2.a,sa,Write (-2)(-2)(-2) using an exponent. Is its value positive or negative?,,,(-2)³; negative,
S41-F1-Q3,1533,41,FORWARD 1,3,7.NS.A.2.a,mc,Which expression is equal to (-5)²?,A. -5 × 2 | B. (-5)(-5) | C. -5 × 5 | D. -(5 × 5),B,(-5)(-5),
S41-F1-Q4,1534,41,FORWARD 1,4,7.NS.A.2.a,tf,(-1)⁶ is positive.,A. True | B. False,A,True,
S41-F1-Q5,1535,41,FORWARD 1,5,7.NS.A.2.a,sa,Write using an exponent. (-2/3)(-2/3),,,(-2/3)²,
S41-F2-Q1,1537,41,FORWARD 2,1,8.EE.A.1,sa,Write as a single power. 4³ × 4⁵,,,4⁸,
S41-F2-Q2,1538,41,FORWARD 2,2,8.EE.A.1,sa,Write as a single power. (2³)⁴,,,2¹²,
S41-F2-Q3,1539,41,FORWARD 2,3,8.EE.A.1,mc,Which is equal to 6⁷/6²?,A. 6¹⁴ | B. 6⁵ | C. 6⁹ | D. 1⁵,B,6⁵,
S41-F2-Q4,1540,41,FORWARD 2,4,8.EE.A.1,sa,Write as a single power. 3⁴ × 3⁻⁶,,,3⁻²,
S41-F2-Q5,1541,41,FORWARD 2,5,8.EE.A.1,tf,5² × 5³ = 5⁶,A. True | B. False,B,False,
S42-M-Q1,1544,42,MAIN,1,6.EE.A.2.a,sa,"Write an expression for ""subtract m from 12.""",,,12 - m,
S42-M-Q2,1545,42,MAIN,2,6.EE.A.2.a,sa,"Write an expression for ""5 more than twice a number n.""",,,2n + 5,
S42-M-Q3,1546,42,MAIN,3,6.EE.A.2.a,mc,"Which expression means ""the quotient of x and 4""?",A. 4x | B. 4/x | C. x - 4 | D. x/4,D,x/4,
S42-M-Q4,1547,42,MAIN,4,6.EE.A.2.a,sa,"Write an expression for ""3 less than the product of 7 and a number m.""",,,7m - 3,
S42-M-Q5,1548,42,MAIN,5,6.EE.A.2.a,tf,"""8 less than k"" can be written as 8 - k.",A. True | B. False,B,False,
S42-B1-Q1,1550,42,BACKWARD 1,1,5.OA.A.2,mc,"Which expression shows ""add 6 and 9, then multiply by 4""?",A. 6 + 9 × 4 | B. 4 × (6 + 9) | C. (4 + 6) × 9 | D. 4 × 6 + 9,B,4 × (6 + 9),
S42-B1-Q2,1551,42,BACKWARD 1,2,5.OA.A.2,sa,"Write an expression for ""subtract 4 from 10, then divide by 2.""",,,(10 - 4) ÷ 2,
S42-B1-Q3,1552,42,BACKWARD 1,3,5.OA.A.2,tf,"""The product of 6 and 9"" means 6 × 9.",A. True | B. False,A,True,
S42-B1-Q4,1553,42,BACKWARD 1,4,5.OA.A.2,mc,Which word describes the answer to a subtraction problem?,A. Quotient | B. Difference | C. Product | D. Sum,B,Difference,
S42-B1-Q5,1554,42,BACKWARD 1,5,5.OA.A.2,sa,"Write an expression for ""the sum of 12 and 5, multiplied by 3.""",,,(12 + 5) × 3,
S42-B2-Q1,1556,42,BACKWARD 2,1,3.OA.A.4,sa,What number goes in the box? □ + 7 = 12,,,5,
S42-B2-Q2,1557,42,BACKWARD 2,2,3.OA.A.4,tf,"In 7 × □ = 42, the box stands for 6.",A. True | B. False,A,True,
S42-B2-Q3,1558,42,BACKWARD 2,3,3.OA.A.4,mc,□ - 5 = 9 What number goes in the box?,A. 4 | B. 9 | C. 14 | D. 45,C,14,
S42-B2-Q4,1559,42,BACKWARD 2,4,3.OA.A.4,sa,What number goes in the box? 20 ÷ □ = 4,,,5,
S42-B2-Q5,1560,42,BACKWARD 2,5,3.OA.A.4,sa,What number goes in the box? □ × 3 = 27,,,9,
S42-B3-Q1,1562,42,BACKWARD 3,1,3.OA.B.5,tf,7 - 3 = 3 - 7,A. True | B. False,B,False,
S42-B3-Q2,1563,42,BACKWARD 3,2,3.OA.B.5,tf,6 × 4 = 4 × 6,A. True | B. False,A,True,
S42-B3-Q3,1564,42,BACKWARD 3,3,3.OA.B.5,tf,12 ÷ 3 = 3 ÷ 12,A. True | B. False,B,False,
S42-B3-Q4,1565,42,BACKWARD 3,4,3.OA.B.5,mc,Which statement is true?,A. 10 ÷ 2 = 2 ÷ 10 | B. 5 + 9 = 9 + 5 | C. 8 - 2 = 2 - 8 | D. 9 - 5 = 5 - 9,B,5 + 9 = 9 + 5,
S42-B3-Q5,1566,42,BACKWARD 3,5,3.OA.B.5,tf,3 + 11 = 11 + 3,A. True | B. False,A,True,
S42-F1-Q1,1568,42,FORWARD 1,1,7.EE.B.4.a,sa,A rectangle has a perimeter of 46 inches. Its width is 8 inches. Write and solve an equation to find its length.,,,2l + 2(8) = 46; l = 15 inches,Any equivalent equation
S42-F1-Q2,1569,42,FORWARD 1,2,7.EE.B.4.a,sa,Jo has $40. She buys 3 shirts that cost the same amount and has $4 left. How much does each shirt cost?,,,$12,3s + 4 = 40
S42-F1-Q3,1570,42,FORWARD 1,3,7.EE.B.4.a,mc,"Which equation represents ""5 more than 3 times a number is 26""?",A. 3(n + 5) = 26 | B. 5n + 3 = 26 | C. 3n + 5 = 26 | D. 3n - 5 = 26,C,3n + 5 = 26,
S42-F1-Q4,1571,42,FORWARD 1,4,7.EE.B.4.a,sa,Twice a number minus 7 is 15. Write and solve an equation to find the number.,,,2n - 7 = 15; n = 11,
S42-F1-Q5,1572,42,FORWARD 1,5,7.EE.B.4.a,sa,A phone plan costs $30 per month plus $0.10 per text. One month's bill is $42. How many texts were sent?,,,120 texts,30 + 0.10t = 42
S42-F2-Q1,1574,42,FORWARD 2,1,8.F.B.4,sa,A pool has 500 gallons of water. It is filled at 25 gallons per minute. Write a function for the gallons G after t minutes.,,,G = 500 + 25t,
S42-F2-Q2,1575,42,FORWARD 2,2,8.F.B.4,mc,Tickets cost $4 each plus a $6 fee for the order. Which function gives the total cost y for x tickets?,A. y = 10x | B. y = 4x + 6 | C. y = 6x + 4 | D. y = 4x - 6,B,y = 4x + 6,
S42-F2-Q3,1576,42,FORWARD 2,3,8.F.B.4,sa,The table shows a linear function. Write an equation for the function.,,,y = 3x + 7,
S42-F2-Q4,1577,42,FORWARD 2,4,8.F.B.4,sa,"A line passes through (0, -2) and (3, 4). Write an equation for the line.",,,y = 2x - 2,
S42-F2-Q5,1578,42,FORWARD 2,5,8.F.B.4,tf,The function y = 15x + 20 has an initial value of 15.,A. True | B. False,B,False,
S43-M-Q1,1581,43,MAIN,1,6.EE.A.2.b,mc,"In the expression 4(9 + 3), how can the 4 be described?",A. A sum | B. A factor | C. A term of 9 + 3 | D. A quotient,B,A factor,
S43-M-Q2,1582,43,MAIN,2,6.EE.A.2.b,sa,How many terms are in the expression 3x + 5y - 2?,,,3,
S43-M-Q3,1583,43,MAIN,3,6.EE.A.2.b,sa,What is the coefficient of y in 4x + 9y?,,,9,
S43-M-Q4,1584,43,MAIN,4,6.EE.A.2.b,tf,"In 5(m + n), the quantity (m + n) is a single factor and also a sum of two terms.",A. True | B. False,A,True,
S43-M-Q5,1585,43,MAIN,5,6.EE.A.2.b,mc,"In the expression 7m + 3, which part is the constant term?",A. 3 | B. 7m | C. m | D. 7,A,3,
S43-B1-Q1,1587,43,BACKWARD 1,1,5.OA.A.2,tf,8 + 7 is a sum.,A. True | B. False,A,True,
S43-B1-Q2,1588,43,BACKWARD 1,2,5.OA.A.2,mc,What is 6 × 9 called?,A. A quotient | B. A product | C. A sum | D. A difference,B,A product,
S43-B1-Q3,1589,43,BACKWARD 1,3,5.OA.A.2,sa,"Is 24 ÷ 6 a sum, difference, product, or quotient?",,,Quotient,
S43-B1-Q4,1590,43,BACKWARD 1,4,5.OA.A.2,tf,15 - 4 is called a product.,A. True | B. False,B,False,
S43-B1-Q5,1591,43,BACKWARD 1,5,5.OA.A.2,mc,Which expression is a quotient?,A. 20 × 5 | B. 20 + 5 | C. 20 - 5 | D. 20 ÷ 5,D,20 ÷ 5,
S43-B2-Q1,1593,43,BACKWARD 2,1,4.OA.B.4,tf,"In 4 × 7 = 28, the numbers 4 and 7 are factors of 28.",A. True | B. False,A,True,
S43-B2-Q2,1594,43,BACKWARD 2,2,4.OA.B.4,sa,Name the two factors in 5 × 9.,,,5 and 9,
S43-B2-Q3,1595,43,BACKWARD 2,3,4.OA.B.4,mc,Which number is NOT a factor of 20?,A. 4 | B. 5 | C. 6 | D. 10,C,6,
S43-B2-Q4,1596,43,BACKWARD 2,4,4.OA.B.4,tf,3 is a factor of 12.,A. True | B. False,A,True,
S43-B2-Q5,1597,43,BACKWARD 2,5,4.OA.B.4,sa,Write one factor pair of 18.,,,1 and 18,"Also correct: 2 and 9, or 3 and 6"
S43-B3-Q1,1599,43,BACKWARD 3,1,5.OA.A.2,tf,"4 × (2,365 + 718) is four times as large as 2,365 + 718.",A. True | B. False,A,True,
S43-B3-Q2,1600,43,BACKWARD 3,2,5.OA.A.2,mc,How does 5 × (26 + 4) compare to 26 + 4?,A. It is the same. | B. It is 5 times as large. | C. It is 5 more. | D. It is 5 less.,B,It is 5 times as large.,
S43-B3-Q3,1601,43,BACKWARD 3,3,5.OA.A.2,tf,(9 + 4) × 2 is 2 more than 9 + 4.,A. True | B. False,B,False,
S43-B3-Q4,1602,43,BACKWARD 3,4,5.OA.A.2,mc,Which expression is 4 times as large as 125 - 25?,A. (125 - 25) ÷ 4 | B. 4 × (125 - 25) | C. 125 - 25 × 4 | D. 4 + (125 - 25),B,4 × (125 - 25),
S43-B3-Q5,1603,43,BACKWARD 3,5,5.OA.A.2,sa,"Without calculating, how many times as large is 10 × (63 + 7) as 63 + 7?",,,10,
S43-F1-Q1,1605,43,FORWARD 1,1,7.EE.A.1,sa,Simplify. 4x + 3 - 2x + 5,,,2x + 8,
S43-F1-Q2,1606,43,FORWARD 1,2,7.EE.A.1,sa,Simplify. 0.5y + 1.25y,,,1.75y,
S43-F1-Q3,1607,43,FORWARD 1,3,7.EE.A.1,mc,Which pair shows like terms?,A. 3a and -7a | B. x² and x | C. 3a and 3b | D. 4x and 4,A,3a and -7a,
S43-F1-Q4,1608,43,FORWARD 1,4,7.EE.A.1,sa,Simplify. -3(x - 2) + 5x,,,2x + 6,
S43-F1-Q5,1609,43,FORWARD 1,5,7.EE.A.1,tf,1/2x + 1/4x = 3/4x,A. True | B. False,A,True,
S43-F2-Q1,1611,43,FORWARD 2,1,8.F.B.4,sa,"The cost to bowl is C = 4.5n + 12, where n is the number of games. What does 12 represent?",,,"The fixed $12 cost that is paid no matter how many games are bowled (for example, a shoe rental or entry fee)",
S43-F2-Q2,1612,43,FORWARD 2,2,8.F.B.4,mc,"In y = -3x + 7, what is the rate of change?",A. x | B. 3 | C. -3 | D. 7,C,-3,
S43-F2-Q3,1613,43,FORWARD 2,3,8.F.B.4,sa,"The gas left in a car's tank is G = 14 - 0.04m, where m is miles driven. What is the initial value?",,,14 gallons,
S43-F2-Q4,1614,43,FORWARD 2,4,8.F.B.4,mc,"A car's distance from home is d = 60t + 25, where t is hours. What does 60 represent?",A. The speed in miles per hour | B. The starting distance | C. The total distance | D. The total time,A,The speed in miles per hour,
S43-F2-Q5,1615,43,FORWARD 2,5,8.F.B.4,tf,"In y = 8x, the initial value is 0.",A. True | B. False,A,True,
S44-M-Q1,1618,44,MAIN,1,6.EE.A.2.c,sa,Evaluate 3x² + 2 when x = 4.,,,50,
S44-M-Q2,1619,44,MAIN,2,6.EE.A.2.c,sa,The volume of a cube is V = s³. Find V when s = 2/3 foot.,,,8/27 cubic foot,
S44-M-Q3,1620,44,MAIN,3,6.EE.A.2.c,sa,The perimeter of a rectangle is P = 2l + 2w. Find P when l = 7.5 cm and w = 4 cm.,,,23 cm,
S44-M-Q4,1621,44,MAIN,4,6.EE.A.2.c,mc,Evaluate 2(a + b) when a = 3.5 and b = 4.,A. 7.5 | B. 9.5 | C. 11.5 | D. 15,D,15,
S44-M-Q5,1622,44,MAIN,5,6.EE.A.2.c,sa,Evaluate x/4 + 5y when x = 12 and y = 2.,,,13,
S44-B1-Q1,1624,44,BACKWARD 1,1,6.EE.A.1,sa,Evaluate. 4²,,,16,
S44-B1-Q2,1625,44,BACKWARD 1,2,6.EE.A.1,sa,Evaluate. (1/2)³,,,1/8,
S44-B1-Q3,1626,44,BACKWARD 1,3,6.EE.A.1,tf,3² = 6,A. True | B. False,B,False,
S44-B1-Q4,1627,44,BACKWARD 1,4,6.EE.A.1,mc,2⁵ = ?,A. 10 | B. 16 | C. 25 | D. 32,D,32,
S44-B1-Q5,1628,44,BACKWARD 1,5,6.EE.A.1,sa,Evaluate. 5² + 1,,,26,
S44-B2-Q1,1630,44,BACKWARD 2,1,5.OA.A.1,sa,Evaluate. 3 × (16 + 2),,,54,
S44-B2-Q2,1631,44,BACKWARD 2,2,5.OA.A.1,sa,Evaluate. 2 × (6 + 4),,,20,
S44-B2-Q3,1632,44,BACKWARD 2,3,5.OA.A.1,tf,(3 + 4) × 2 = 11,A. True | B. False,B,False,
S44-B2-Q4,1633,44,BACKWARD 2,4,5.OA.A.1,mc,Evaluate. (12 ÷ 4) + 10,A. 1 | B. 6 | C. 13 | D. 22,C,13,
S44-B2-Q5,1634,44,BACKWARD 2,5,5.OA.A.1,sa,Evaluate. [2 × (5 + 3)] - 4,,,12,
S44-B3-Q1,1636,44,BACKWARD 3,1,3.OA.D.8,sa,"If n = 6, what is n + 9?",,,15,
S44-B3-Q2,1637,44,BACKWARD 3,2,3.OA.D.8,tf,"If a = 4, then a × 5 = 20.",A. True | B. False,A,True,
S44-B3-Q3,1638,44,BACKWARD 3,3,3.OA.D.8,mc,"If k = 7, what is 3 × k?",A. 10 | B. 21 | C. 37 | D. 73,B,21,
S44-B3-Q4,1639,44,BACKWARD 3,4,3.OA.D.8,sa,"If m = 20, what is m - 8?",,,12,
S44-B3-Q5,1640,44,BACKWARD 3,5,3.OA.D.8,sa,"If t = 3, what is 4 × t + 2?",,,14,
S44-B4-Q1,1642,44,BACKWARD 4,1,5.NF.B.4.a,sa,Multiply. 2/3 × 2/3 × 2/3,,,8/27,
S44-B4-Q2,1643,44,BACKWARD 4,2,5.NF.B.4.a,sa,Multiply. 6 × 1/3,,,2,
S44-B4-Q3,1644,44,BACKWARD 4,3,5.NF.B.4.a,tf,2/3 × 2/3 = 4/6,A. True | B. False,B,False,
S44-B4-Q4,1645,44,BACKWARD 4,4,5.NF.B.4.a,mc,3/4 × 8 = ?,A. 3/32 | B. 2 | C. 6 | D. 24,C,6,
S44-B4-Q5,1646,44,BACKWARD 4,5,5.NF.B.4.a,sa,Multiply. 1/2 × 12,,,6,
S44-F1-Q1,1648,44,FORWARD 1,1,7.NS.A.3,sa,Use C = 5/9(F - 32) to find C when F = -4.,,,-20,
S44-F1-Q2,1649,44,FORWARD 1,2,7.NS.A.3,sa,Evaluate -2x + 5 when x = -3.5.,,,12,
S44-F1-Q3,1650,44,FORWARD 1,3,7.NS.A.3,mc,Evaluate a² - b when a = -3 and b = 4.,A. -13 | B. -5 | C. 5 | D. 13,C,5,
S44-F1-Q4,1651,44,FORWARD 1,4,7.NS.A.3,sa,Evaluate (x+y)/2 when x = -6.5 and y = 2.5.,,,-2,
S44-F1-Q5,1652,44,FORWARD 1,5,7.NS.A.3,tf,"When x = -2, the value of x³ + 1 is -7.",A. True | B. False,A,True,
S44-F2-Q1,1654,44,FORWARD 2,1,8.G.C.9,sa,A cylinder has a radius of 3 cm and a height of 10 cm. Find its volume. Use 3.14 for π.,,,282.6 cubic cm,90π
S44-F2-Q2,1655,44,FORWARD 2,2,8.G.C.9,sa,Find the volume of the cylinder. Use 3.14 for π.,,,301.44 cubic inches,96π
S44-F2-Q3,1656,44,FORWARD 2,3,8.G.C.9,mc,A cone has a radius of 3 units and a height of 4 units. What is its volume in terms of π?,A. 36π | B. 48π | C. 4π | D. 12π,D,12π,
S44-F2-Q4,1657,44,FORWARD 2,4,8.G.C.9,sa,Find the volume of the sphere in terms of π.,,,36π cubic meters,
S44-F2-Q5,1658,44,FORWARD 2,5,8.G.C.9,tf,A cylinder with a radius of 2 and a height of 5 has a volume of 20π.,A. True | B. False,A,True,
S45-M-Q1,1661,45,MAIN,1,6.EE.A.3,sa,Expand. 3(4 + x),,,12 + 3x,
S45-M-Q2,1662,45,MAIN,2,6.EE.A.3,sa,Expand. 5(3a - 2),,,15a - 10,
S45-M-Q3,1663,45,MAIN,3,6.EE.A.3,mc,Which expression is equivalent to 7(2m + 5)?,A. 9m + 35 | B. 2m + 35 | C. 14m + 5 | D. 14m + 35,D,14m + 35,
S45-M-Q4,1664,45,MAIN,4,6.EE.A.3,sa,Expand. 2(x + 3y + 4),,,2x + 6y + 8,
S45-M-Q5,1665,45,MAIN,5,6.EE.A.3,sa,Expand. 4(0.5y + 3),,,2y + 12,
S45-B1-Q1,1667,45,BACKWARD 1,1,3.OA.B.5,tf,6 × (4 + 3) = 6 × 4 + 6 × 3,A. True | B. False,A,True,
S45-B1-Q2,1668,45,BACKWARD 1,2,3.OA.B.5,sa,Fill in the blank. 5 × (2 + 7) = 5 × 2 + 5 × ___,,,7,
S45-B1-Q3,1669,45,BACKWARD 1,3,3.OA.B.5,mc,Which is equal to 3 × 14?,A. 30 + 4 + 3 | B. 3 × 10 + 4 | C. 3 × 10 + 3 × 4 | D. 3 + 10 × 4,C,3 × 10 + 3 × 4,
S45-B1-Q4,1670,45,BACKWARD 1,4,3.OA.B.5,tf,7 × 12 = 7 × 10 + 2,A. True | B. False,B,False,
S45-B1-Q5,1671,45,BACKWARD 1,5,3.OA.B.5,sa,Fill in the blank. 8 × (5 + 1) = 8 × 5 + ___,,,8 × 1,"""8"" is also correct"
S45-B2-Q1,1673,45,BACKWARD 2,1,3.OA.A.1,tf,3 × (4 + 2) means 3 groups of (4 + 2).,A. True | B. False,A,True,
S45-B2-Q2,1674,45,BACKWARD 2,2,3.OA.A.1,mc,Which means 4 groups of (5 + 1)?,A. 4 + (5 + 1) | B. 4 × (5 + 1) | C. 4 × 5 + 1 | D. (4 + 5) × 1,B,4 × (5 + 1),
S45-B2-Q3,1675,45,BACKWARD 2,3,3.OA.A.1,sa,How many groups of (2 + 6) are in 5 × (2 + 6)?,,,5,
S45-B2-Q4,1676,45,BACKWARD 2,4,3.OA.A.1,tf,2 × (3 + 4) = (3 + 4) + (3 + 4),A. True | B. False,A,True,
S45-B2-Q5,1677,45,BACKWARD 2,5,3.OA.A.1,sa,Write 6 × 3 as a sum of equal groups.,,,6 + 6 + 6,3 + 3 + 3 + 3 + 3 + 3 is also correct
S45-B3-Q1,1679,45,BACKWARD 3,1,5.NBT.B.7,sa,Multiply. 4 × 0.5,,,2,
S45-B3-Q2,1680,45,BACKWARD 3,2,5.NBT.B.7,sa,Multiply. 3 × 1.2,,,3.6,
S45-B3-Q3,1681,45,BACKWARD 3,3,5.NBT.B.7,tf,6 × 0.25 = 1.5,A. True | B. False,A,True,
S45-B3-Q4,1682,45,BACKWARD 3,4,5.NBT.B.7,mc,5 × 0.4 = ?,A. 0.2 | B. 2 | C. 5.4 | D. 20,B,2,
S45-B3-Q5,1683,45,BACKWARD 3,5,5.NBT.B.7,sa,Multiply. 8 × 0.75,,,6,
S45-F1-Q1,1685,45,FORWARD 1,1,7.EE.A.1,sa,Expand. 1/2(8x - 6),,,4x - 3,
S45-F1-Q2,1686,45,FORWARD 1,2,7.EE.A.1,sa,Expand. -4(2y - 3),,,-8y + 12,
S45-F1-Q3,1687,45,FORWARD 1,3,7.EE.A.1,mc,Which is equivalent to 0.5(6a + 10)?,A. 3a + 5 | B. 6a + 5 | C. 3.5a + 5 | D. 3a + 10,A,3a + 5,
S45-F1-Q4,1688,45,FORWARD 1,4,7.EE.A.1,sa,Expand. -2/3(9m + 3),,,-6m - 2,
S45-F1-Q5,1689,45,FORWARD 1,5,7.EE.A.1,tf,-2(x - 7) = -2x + 14,A. True | B. False,A,True,
S45-F2-Q1,1691,45,FORWARD 2,1,8.EE.C.7.b,sa,Solve for x. 3(x + 2) = 5x - 4,,,5,
S45-F2-Q2,1692,45,FORWARD 2,2,8.EE.C.7.b,sa,Solve for x. 2(4x - 1) - 3x = 18,,,4,
S45-F2-Q3,1693,45,FORWARD 2,3,8.EE.C.7.b,mc,Solve for x. -2(x - 5) = 3(x + 5),A. -5 | B. -1 | C. 1 | D. 5,B,-1,
S45-F2-Q4,1694,45,FORWARD 2,4,8.EE.C.7.b,sa,Solve for x. 6(x - 1) = 4(x + 2),,,7,
S45-F2-Q5,1695,45,FORWARD 2,5,8.EE.C.7.b,sa,Solve for x. 5(2x + 1) = 3(3x + 4),,,7,
S46-M-Q1,1698,46,MAIN,1,6.EE.A.3,sa,Factor using the greatest common factor. 24x + 16,,,8(3x + 2),
S46-M-Q2,1699,46,MAIN,2,6.EE.A.3,sa,Factor using the greatest common factor. 18y + 30,,,6(3y + 5),
S46-M-Q3,1700,46,MAIN,3,6.EE.A.3,mc,Which shows 15a + 25b factored using the greatest common factor?,A. 15(a + 10b) | B. 5(3a + 5b) | C. 3(5a + 25b) | D. 5(3a + 25b),B,5(3a + 5b),
S46-M-Q4,1701,46,MAIN,4,6.EE.A.3,sa,Factor using the greatest common factor. 36m + 27n,,,9(4m + 3n),
S46-M-Q5,1702,46,MAIN,5,6.EE.A.3,sa,Factor using the greatest common factor. 14x + 21,,,7(2x + 3),
S46-B1-Q1,1704,46,BACKWARD 1,1,6.NS.B.4,sa,Find the greatest common factor of 24 and 16.,,,8,
S46-B1-Q2,1705,46,BACKWARD 1,2,6.NS.B.4,sa,Find the greatest common factor of 18 and 30.,,,6,
S46-B1-Q3,1706,46,BACKWARD 1,3,6.NS.B.4,tf,The greatest common factor of 15 and 25 is 5.,A. True | B. False,A,True,
S46-B1-Q4,1707,46,BACKWARD 1,4,6.NS.B.4,mc,What is the greatest common factor of 36 and 27?,A. 3 | B. 6 | C. 9 | D. 12,C,9,
S46-B1-Q5,1708,46,BACKWARD 1,5,6.NS.B.4,sa,Find the greatest common factor of 14 and 21.,,,7,
S46-B2-Q1,1710,46,BACKWARD 2,1,3.OA.B.5,tf,8 × 3 + 8 × 2 = 8 × (3 + 2),A. True | B. False,A,True,
S46-B2-Q2,1711,46,BACKWARD 2,2,3.OA.B.5,sa,Fill in the blank. 6 × 4 + 6 × 5 = 6 × (4 + ___),,,5,
S46-B2-Q3,1712,46,BACKWARD 2,3,3.OA.B.5,mc,Which is equal to 7 × 2 + 7 × 9?,A. 14 + 9 | B. 7 × 2 × 9 | C. 7 × (2 + 9) | D. 7 + 2 + 9,C,7 × (2 + 9),
S46-B2-Q4,1713,46,BACKWARD 2,4,3.OA.B.5,tf,5 × 6 + 3 × 6 = 6 × (5 + 3),A. True | B. False,A,True,
S46-B2-Q5,1714,46,BACKWARD 2,5,3.OA.B.5,sa,Fill in the blank. 9 × 7 + 9 × 3 = ___ × (7 + 3),,,9,
S46-B3-Q1,1716,46,BACKWARD 3,1,4.OA.B.4,sa,List all the factors of 16.,,,"1, 2, 4, 8, 16",
S46-B3-Q2,1717,46,BACKWARD 3,2,4.OA.B.4,tf,6 is a factor of 30.,A. True | B. False,A,True,
S46-B3-Q3,1718,46,BACKWARD 3,3,4.OA.B.4,mc,Which number is a factor of 27?,A. 4 | B. 6 | C. 9 | D. 12,C,9,
S46-B3-Q4,1719,46,BACKWARD 3,4,4.OA.B.4,sa,List all the factors of 21.,,,"1, 3, 7, 21",
S46-B3-Q5,1720,46,BACKWARD 3,5,4.OA.B.4,tf,8 is a factor of 36.,A. True | B. False,B,False,
S46-F1-Q1,1722,46,FORWARD 1,1,7.EE.A.1,sa,Factor out 2.5. 2.5x + 10,,,2.5(x + 4),
S46-F1-Q2,1723,46,FORWARD 1,2,7.EE.A.1,sa,Factor out -4. -4x + 12,,,-4(x - 3),
S46-F1-Q3,1724,46,FORWARD 1,3,7.EE.A.1,mc,Which is equivalent to 1/2x + 3?,A. 1/2(x + 3/2) | B. 1/2(x + 3) | C. 1/2(x + 6) | D. 2(x + 6),C,1/2(x + 6),
S46-F1-Q4,1725,46,FORWARD 1,4,7.EE.A.1,sa,Factor out 0.6. 0.6y - 1.8,,,0.6(y - 3),
S46-F1-Q5,1726,46,FORWARD 1,5,7.EE.A.1,tf,-5a - 15 = -5(a + 3),A. True | B. False,A,True,
S46-F2-Q1,1728,46,FORWARD 2,1,8.EE.C.7.a,mc,Factor the left side to decide. How many solutions does the equation have? 6x + 9 = 3(2x + 3),A. One solution | B. No solution | C. Infinitely many solutions,C,Infinitely many solutions,
S46-F2-Q2,1729,46,FORWARD 2,2,8.EE.C.7.a,mc,How many solutions does the equation have? 12x + 8 = 4(3x + 1),A. One solution | B. No solution | C. Infinitely many solutions,B,No solution,
S46-F2-Q3,1730,46,FORWARD 2,3,8.EE.C.7.a,mc,How many solutions does the equation have? 10x - 15 = 5(2x - 3),A. One solution | B. No solution | C. Infinitely many solutions,C,Infinitely many solutions,
S46-F2-Q4,1731,46,FORWARD 2,4,8.EE.C.7.a,mc,How many solutions does the equation have? 8x + 4 = 4(x + 1),A. One solution | B. No solution | C. Infinitely many solutions,A,One solution,
S46-F2-Q5,1732,46,FORWARD 2,5,8.EE.C.7.a,sa,What number goes in the box so that the equation has infinitely many solutions? 14x + 21 = 7(2x + □),,,3,
S47-M-Q1,1735,47,MAIN,1,6.EE.A.3,sa,Write an equivalent expression with one term. y + y + y + y,,,4y,
S47-M-Q2,1736,47,MAIN,2,6.EE.A.3,sa,Simplify. 5x + 3x,,,8x,
S47-M-Q3,1737,47,MAIN,3,6.EE.A.3,mc,Which expression is equivalent to 7a + 2 + 3a?,A. 7a + 5a | B. 10a + 5 | C. 10a + 2 | D. 12a,C,10a + 2,
S47-M-Q4,1738,47,MAIN,4,6.EE.A.3,sa,Simplify. 4m + 6 + 2m + 1,,,6m + 7,
S47-M-Q5,1739,47,MAIN,5,6.EE.A.3,sa,Simplify. 9n - 4n + 3,,,5n + 3,
S47-B1-Q1,1741,47,BACKWARD 1,1,3.OA.A.1,tf,4 + 4 + 4 = 3 × 4,A. True | B. False,A,True,
S47-B1-Q2,1742,47,BACKWARD 1,2,3.OA.A.1,sa,Write 7 + 7 + 7 + 7 as a multiplication expression.,,,4 × 7,7 × 4 is also correct
S47-B1-Q3,1743,47,BACKWARD 1,3,3.OA.A.1,mc,What does 4 × 9 mean?,A. 4 groups of 9 | B. 9 minus 4 | C. 4 more than 9 | D. The number 49,A,4 groups of 9,
S47-B1-Q4,1744,47,BACKWARD 1,4,3.OA.A.1,tf,2 + 2 + 2 + 2 + 2 = 2 × 2,A. True | B. False,B,False,
S47-B1-Q5,1745,47,BACKWARD 1,5,3.OA.A.1,sa,Write 9 + 9 as a multiplication expression.,,,2 × 9,9 × 2 is also correct
S47-B2-Q1,1747,47,BACKWARD 2,1,3.OA.B.5,tf,4 + 6 + 2 = 4 + 2 + 6,A. True | B. False,A,True,
S47-B2-Q2,1748,47,BACKWARD 2,2,3.OA.B.5,sa,Fill in the blank. 7 + 5 + 3 = 7 + 3 + ___,,,5,
S47-B2-Q3,1749,47,BACKWARD 2,3,3.OA.B.5,mc,Which is equal to (8 + 2) + 5?,A. 8 + 2 × 5 | B. 8 × (2 + 5) | C. (8 - 2) + 5 | D. 8 + (2 + 5),D,8 + (2 + 5),
S47-B2-Q4,1750,47,BACKWARD 2,4,3.OA.B.5,tf,9 + 1 + 9 = 9 + 9 + 1,A. True | B. False,A,True,
S47-B2-Q5,1751,47,BACKWARD 2,5,3.OA.B.5,sa,Fill in the blank. 6 + 3 + 4 = 6 + 4 + ___,,,3,
S47-F1-Q1,1753,47,FORWARD 1,1,7.EE.A.1,sa,Simplify. 2.25y + 0.75y,,,3y,
S47-F1-Q2,1754,47,FORWARD 1,2,7.EE.A.1,sa,Simplify. 1/2x + 1/4x,,,(3/4)x,
S47-F1-Q3,1755,47,FORWARD 1,3,7.EE.A.1,sa,Simplify. 6x - 2 + 3x + 7,,,9x + 5,
S47-F1-Q4,1756,47,FORWARD 1,4,7.EE.A.1,mc,Simplify. -3a + 7a - 2,A. 4a - 2 | B. 4a + 2 | C. 2a | D. -10a - 2,A,4a - 2,
S47-F1-Q5,1757,47,FORWARD 1,5,7.EE.A.1,tf,2.5m - m = 1.5m,A. True | B. False,A,True,
S47-F2-Q1,1759,47,FORWARD 2,1,8.EE.C.7.b,sa,Solve for x. 3x + 5x - 4 = 20,,,3,
S47-F2-Q2,1760,47,FORWARD 2,2,8.EE.C.7.b,sa,Solve for y. 7y - 2y + 3 = 2y + 18,,,5,
S47-F2-Q3,1761,47,FORWARD 2,3,8.EE.C.7.b,mc,Solve for a. 4a + 6 - a = 2a + 10,A. -4 | B. 16/5 | C. 4 | D. 16,C,4,
S47-F2-Q4,1762,47,FORWARD 2,4,8.EE.C.7.b,sa,Solve for n. 0.5n + 1.5n - 3 = n + 5,,,8,
S47-F2-Q5,1763,47,FORWARD 2,5,8.EE.C.7.b,sa,Solve for k. 6k - 2k + 1 = 3k - 4,,,-5,
S48-M-Q1,1766,48,MAIN,1,6.EE.A.4,tf,m + m + m + m and 4m are equivalent expressions.,A. True | B. False,A,True,
S48-M-Q2,1767,48,MAIN,2,6.EE.A.4,mc,Which expression is equivalent to 2(x + 4)?,A. x + 8 | B. 2x + 4 | C. 2x + 6 | D. 2x + 8,D,2x + 8,
S48-M-Q3,1768,48,MAIN,3,6.EE.A.4,tf,3(x + 2) and 3x + 2 are equivalent expressions.,A. True | B. False,B,False,
S48-M-Q4,1769,48,MAIN,4,6.EE.A.4,mc,Which expression is equivalent to 6a + 4a?,A. 6a + 4 | B. 10a | C. 24a | D. 10a²,B,10a,
S48-M-Q5,1770,48,MAIN,5,6.EE.A.4,mc,Which pair of expressions is equivalent?,A. 5(a + 3) and 5a + 15 | B. 5(a + 3) and a + 15 | C. 5(a + 3) and 5a + 3 | D. 5(a + 3) and 8a,A,5(a + 3) and 5a + 15,
S48-B1-Q1,1772,48,BACKWARD 1,1,3.OA.B.5,tf,8 + 5 = 5 + 8,A. True | B. False,A,True,
S48-B1-Q2,1773,48,BACKWARD 1,2,3.OA.B.5,tf,(2 × 3) × 4 = 2 × (3 × 4),A. True | B. False,A,True,
S48-B1-Q3,1774,48,BACKWARD 1,3,3.OA.B.5,mc,Which equation shows the commutative property of multiplication?,A. 6 × 7 = 42 | B. 6 × 7 = 7 × 6 | C. 6 × (7 + 1) = 6 × 7 + 6 | D. 6 + 0 = 6,B,6 × 7 = 7 × 6,
S48-B1-Q4,1775,48,BACKWARD 1,4,3.OA.B.5,tf,9 - 4 = 4 - 9,A. True | B. False,B,False,
S48-B1-Q5,1776,48,BACKWARD 1,5,3.OA.B.5,sa,Fill in the blank. 3 × 8 = 8 × ___,,,3,
S48-B2-Q1,1778,48,BACKWARD 2,1,6.EE.A.2.c,sa,Evaluate 4x + 2x when x = 3.,,,18,
S48-B2-Q2,1779,48,BACKWARD 2,2,6.EE.A.2.c,sa,Evaluate 3(x + 2) when x = 5.,,,21,
S48-B2-Q3,1780,48,BACKWARD 2,3,6.EE.A.2.c,tf,"When x = 2, the value of 3x + 2 is 8.",A. True | B. False,A,True,
S48-B2-Q4,1781,48,BACKWARD 2,4,6.EE.A.2.c,mc,Evaluate 2(x + 4) when x = 1.,A. 6 | B. 9 | C. 10 | D. 12,C,10,
S48-B2-Q5,1782,48,BACKWARD 2,5,6.EE.A.2.c,sa,Evaluate 5a + 15 when a = 2.,,,25,
S48-B3-Q1,1784,48,BACKWARD 3,1,3.OA.A.1,tf,6 + 6 + 6 + 6 = 4 × 6,A. True | B. False,A,True,
S48-B3-Q2,1785,48,BACKWARD 3,2,3.OA.A.1,mc,Which expression means 3 groups of 8?,A. 3 + 8 | B. 38 | C. 8 - 3 | D. 3 × 8,D,3 × 8,
S48-B3-Q3,1786,48,BACKWARD 3,3,3.OA.A.1,sa,Write 5 + 5 + 5 as a multiplication expression.,,,5 × 3,3 × 5 is also correct
S48-B3-Q4,1787,48,BACKWARD 3,4,3.OA.A.1,tf,7 × 2 = 7 + 7,A. True | B. False,A,True,
S48-B3-Q5,1788,48,BACKWARD 3,5,3.OA.A.1,sa,How many groups of 4 are in 4 + 4 + 4 + 4 + 4?,,,5,
S48-F1-Q1,1790,48,FORWARD 1,1,7.EE.A.2,mc,A price c plus an 8% tax can be written as c + 0.08c. Which expression is equivalent?,A. 0.08c | B. 1.08c | C. 1.8c | D. 8.08c,B,1.08c,
S48-F1-Q2,1791,48,FORWARD 1,2,7.EE.A.2,tf,a - 0.2a = 0.8a,A. True | B. False,A,True,
S48-F1-Q3,1792,48,FORWARD 1,3,7.EE.A.2,sa,Write an expression with one term that is equivalent to n - 0.25n.,,,0.75n,
S48-F1-Q4,1793,48,FORWARD 1,4,7.EE.A.2,mc,Which expression shows the price p after a 30% discount?,A. 0.3p | B. 0.7p | C. 1.3p | D. p - 30,B,0.7p,
S48-F1-Q5,1794,48,FORWARD 1,5,7.EE.A.2,sa,The perimeter of a square is s + s + s + s. Write an equivalent expression with one term.,,,4s,
S48-F2-Q1,1796,48,FORWARD 2,1,8.EE.C.7.a,tf,The equation 2(x + 3) = 2x + 6 has infinitely many solutions.,A. True | B. False,A,True,
S48-F2-Q2,1797,48,FORWARD 2,2,8.EE.C.7.a,mc,How many solutions does the equation have? 5x - 3 = 5x + 1,A. One solution | B. No solution | C. Infinitely many solutions,B,No solution,
S48-F2-Q3,1798,48,FORWARD 2,3,8.EE.C.7.a,mc,How many solutions does the equation have? 3(2x + 4) = 6x + 12,A. One solution | B. No solution | C. Infinitely many solutions,C,Infinitely many solutions,
S48-F2-Q4,1799,48,FORWARD 2,4,8.EE.C.7.a,sa,Write a number in the box so the equation has no solution. 4x + 7 = 4x + □,,,Any number except 7,
S48-F2-Q5,1800,48,FORWARD 2,5,8.EE.C.7.a,mc,Which equation has exactly one solution?,A. 3x + 1 = 2x + 1 | B. 3x + 1 = 3x + 2 | C. 3x + 1 = 3x + 1 | D. 3(x + 1) = 3x + 3,A,3x + 1 = 2x + 1,
S49-M-Q1,1803,49,MAIN,1,6.EE.B.5,mc,"Which value from the set {2, 4, 6, 8} makes 3x + 1 = 19 true?",A. 2 | B. 4 | C. 6 | D. 8,C,6,
S49-M-Q2,1804,49,MAIN,2,6.EE.B.5,tf,x = 5 is a solution of 2x - 3 > 8.,A. True | B. False,B,False,
S49-M-Q3,1805,49,MAIN,3,6.EE.B.5,sa,"Which numbers from the set {1, 3, 5, 7} make x + 4 < 10 true?",,,"1, 3, 5",
S49-M-Q4,1806,49,MAIN,4,6.EE.B.5,mc,Is y = 2.5 a solution of 4y = 10?,A. Yes | B. No,A,Yes,
S49-M-Q5,1807,49,MAIN,5,6.EE.B.5,sa,"Which value from the set {12, 15, 18} makes n ÷ 3 = 6 true?",,,18,
S49-B1-Q1,1809,49,BACKWARD 1,1,6.EE.A.2.c,sa,Evaluate 3x + 1 when x = 6.,,,19,
S49-B1-Q2,1810,49,BACKWARD 1,2,6.EE.A.2.c,sa,Evaluate 2x - 3 when x = 5.,,,7,
S49-B1-Q3,1811,49,BACKWARD 1,3,6.EE.A.2.c,tf,"When y = 4, the value of 5y is 20.",A. True | B. False,A,True,
S49-B1-Q4,1812,49,BACKWARD 1,4,6.EE.A.2.c,mc,Evaluate x + 4 when x = 7.,A. 3 | B. 11 | C. 28 | D. 47,B,11,
S49-B1-Q5,1813,49,BACKWARD 1,5,6.EE.A.2.c,sa,Evaluate n ÷ 3 when n = 15.,,,5,
S49-B2-Q1,1815,49,BACKWARD 2,1,2.NBT.A.4,sa,"Write >, <, or = to compare. 19 ___ 21",,,<,
S49-B2-Q2,1816,49,BACKWARD 2,2,2.NBT.A.4,tf,7 > 8,A. True | B. False,B,False,
S49-B2-Q3,1817,49,BACKWARD 2,3,2.NBT.A.4,mc,Which statement is true?,A. 9 > 6 | B. 10 < 5 | C. 11 < 10 | D. 6 > 9,A,9 > 6,
S49-B2-Q4,1818,49,BACKWARD 2,4,2.NBT.A.4,tf,24 = 24,A. True | B. False,A,True,
S49-B2-Q5,1819,49,BACKWARD 2,5,2.NBT.A.4,sa,"Write >, <, or = to compare. 105 ___ 150",,,<,
S49-B3-Q1,1821,49,BACKWARD 3,1,1.OA.D.7,tf,4 + 5 = 9 + 0,A. True | B. False,A,True,
S49-B3-Q2,1822,49,BACKWARD 3,2,1.OA.D.7,tf,12 = 15 - 3,A. True | B. False,A,True,
S49-B3-Q3,1823,49,BACKWARD 3,3,1.OA.D.7,tf,3 + 6 = 5 + 3,A. True | B. False,B,False,
S49-B3-Q4,1824,49,BACKWARD 3,4,1.OA.D.7,mc,Which equation is true?,A. 4 + 3 = 5 + 3 | B. 4 + 3 = 5 + 2 | C. 7 = 4 - 3 | D. 4 + 3 = 8,B,4 + 3 = 5 + 2,
S49-B3-Q5,1825,49,BACKWARD 3,5,1.OA.D.7,tf,10 - 2 = 7,A. True | B. False,B,False,
S49-F1-Q1,1827,49,FORWARD 1,1,7.EE.B.4.a,sa,Solve for x. 3x + 7 = 22,,,5,
S49-F1-Q2,1828,49,FORWARD 1,2,7.EE.B.4.a,sa,Solve for x. 4(x - 2) = 20,,,7,
S49-F1-Q3,1829,49,FORWARD 1,3,7.EE.B.4.a,mc,Solve for x. 0.5x + 6 = 10,A. 2 | B. 8 | C. 20 | D. 32,B,8,
S49-F1-Q4,1830,49,FORWARD 1,4,7.EE.B.4.a,sa,Solve for x. 2/3x - 4 = 10,,,21,
S49-F1-Q5,1831,49,FORWARD 1,5,7.EE.B.4.a,sa,A movie ticket costs $12. Popcorn costs p dollars. Two tickets and one popcorn cost $31. What is p?,,,$7,
S49-F2-Q1,1833,49,FORWARD 2,1,8.EE.C.8.a,tf,"(2, 3) is a solution of both y = x + 1 and y = 2x - 1.",A. True | B. False,A,True,
S49-F2-Q2,1834,49,FORWARD 2,2,8.EE.C.8.a,mc,Which point is a solution of both y = 2x and y = x + 3?,"A. (0, 3) | B. (2, 5) | C. (1, 2) | D. (3, 6)",D,"(3, 6)",
S49-F2-Q3,1835,49,FORWARD 2,3,8.EE.C.8.a,sa,What is the solution of the system shown by the graph?,,,"(2, 4)",
S49-F2-Q4,1836,49,FORWARD 2,4,8.EE.C.8.a,tf,"(1, 4) is a solution of both y = 3x + 1 and y = -x + 5.",A. True | B. False,A,True,
S49-F2-Q5,1837,49,FORWARD 2,5,8.EE.C.8.a,mc,"Is (0, 2) a solution of both y = 2x + 2 and y = x - 2?",A. Yes | B. No,B,No,
S50-M-Q1,1840,50,MAIN,1,6.EE.B.6,sa,Tickets cost $8 each. Write an expression for the cost of t tickets.,,,8t,
S50-M-Q2,1841,50,MAIN,2,6.EE.B.6,sa,Kim is k years old. Sam is 3 years older than Kim. Write an expression for Sam's age.,,,k + 3,
S50-M-Q3,1842,50,MAIN,3,6.EE.B.6,mc,A pizza is cut into s slices. 4 friends share the slices equally. Which expression shows how many slices each friend gets?,A. 4s | B. s - 4 | C. s/4 | D. s + 4,C,s/4,
S50-M-Q4,1843,50,MAIN,4,6.EE.B.6,sa,The length of a rectangle is 5 inches more than its width w. Write an expression for the length.,,,w + 5,
S50-M-Q5,1844,50,MAIN,5,6.EE.B.6,sa,A gym charges $20 to join plus $15 per month. Write an expression for the total cost after m months.,,,20 + 15m,
S50-B1-Q1,1846,50,BACKWARD 1,1,3.OA.A.3,sa,There are 6 bags with the same number of apples. There are 42 apples in all. How many apples are in each bag?,,,7,
S50-B1-Q2,1847,50,BACKWARD 1,2,3.OA.A.3,mc,There are 5 boxes with □ pencils in each box. There are 35 pencils in all. Which equation matches?,A. 35 × 5 = □ | B. □ - 5 = 35 | C. 5 + □ = 35 | D. 5 × □ = 35,D,5 × □ = 35,
S50-B1-Q3,1848,50,BACKWARD 1,3,3.OA.A.3,tf,"If 4 × □ = 28, then □ = 7.",A. True | B. False,A,True,
S50-B1-Q4,1849,50,BACKWARD 1,4,3.OA.A.3,sa,There are 8 rows with □ chairs in each row. There are 56 chairs in all. What number is □?,,,7,
S50-B1-Q5,1850,50,BACKWARD 1,5,3.OA.A.3,sa,Jan split 45 stickers equally among 9 friends. How many stickers did each friend get?,,,5,
S50-B2-Q1,1852,50,BACKWARD 2,1,4.OA.A.2,sa,A red ribbon is 7 inches long. A blue ribbon is 3 times as long. How long is the blue ribbon?,,,21 inches,
S50-B2-Q2,1853,50,BACKWARD 2,2,4.OA.A.2,mc,"Ben has 6 books. Ali has 4 times as many books as Ben. Which equation finds b, the number of books Ali has?",A. b = 4 × 6 | B. b = 4 + 6 | C. b = 6 ÷ 4 | D. b = 6 - 4,A,b = 4 × 6,
S50-B2-Q3,1854,50,BACKWARD 2,3,4.OA.A.2,tf,A cat weighs 5 pounds. A dog weighs 8 times as much. The dog weighs 40 pounds.,A. True | B. False,A,True,
S50-B2-Q4,1855,50,BACKWARD 2,4,4.OA.A.2,sa,A bush is 4 feet tall. A tree is 5 times as tall. How tall is the tree?,,,20 feet,
S50-B2-Q5,1856,50,BACKWARD 2,5,4.OA.A.2,sa,Sara ran 24 miles. That is 3 times as far as Tom ran. How far did Tom run?,,,8 miles,
S50-B3-Q1,1858,50,BACKWARD 3,1,4.OA.C.5,sa,"The rule is ""add 4."" The pattern starts at 3. Write the first five numbers.",,,"3, 7, 11, 15, 19",
S50-B3-Q2,1859,50,BACKWARD 3,2,4.OA.C.5,mc,"The rule is ""multiply by 2."" The pattern starts at 1. What is the 5th number?",A. 8 | B. 10 | C. 16 | D. 32,C,16,
S50-B3-Q3,1860,50,BACKWARD 3,3,4.OA.C.5,tf,"The rule ""add 5,"" starting at 5, gives 5, 10, 15, 20.",A. True | B. False,A,True,
S50-B3-Q4,1861,50,BACKWARD 3,4,4.OA.C.5,sa,"What is the rule for this pattern? 7, 11, 15, 19, ...",,,Add 4,
S50-B3-Q5,1862,50,BACKWARD 3,5,4.OA.C.5,sa,"The rule is ""add 6."" The pattern starts at 2. What is the 4th number?",,,20,
S50-F1-Q1,1864,50,FORWARD 1,1,7.EE.B.4.a,sa,Sam has $60. He spends $8 each week. Write and solve an equation to find when he will have $20 left.,,,60 - 8w = 20; w = 5 weeks,Any equivalent equation
S50-F1-Q2,1865,50,FORWARD 1,2,7.EE.B.4.a,mc,A rectangle has a perimeter of 50 cm and a length of 15 cm. Which equation can be used to find its width w?,A. 2(15 + w) = 50 | B. 2(15w) = 50 | C. 15 + 2w = 50 | D. 15 + w = 50,A,2(15 + w) = 50,
S50-F1-Q3,1866,50,FORWARD 1,3,7.EE.B.4.a,sa,A taxi charges $3 plus $2 per mile. The fare was $17. How many miles was the ride?,,,7 miles,
S50-F1-Q4,1867,50,FORWARD 1,4,7.EE.B.4.a,sa,You buy 4 notebooks and a $6 backpack. You spend $18 in all. How much does each notebook cost?,,,$3,
S50-F1-Q5,1868,50,FORWARD 1,5,7.EE.B.4.a,tf,"""Five less than twice a number is 17"" can be written as 2n - 5 = 17.",A. True | B. False,A,True,
S50-F2-Q1,1870,50,FORWARD 2,1,8.F.B.4,sa,A plant is 4 cm tall. It grows 1.5 cm each week. Write a function for its height h after w weeks.,,,h = 4 + 1.5w,
S50-F2-Q2,1871,50,FORWARD 2,2,8.F.B.4,mc,"Which situation matches y = 2x + 10, where y is dollars in savings after x weeks?",A. Save $12 each week. | B. Start with $10 and spend $2 each week. | C. Start with $10 and save $2 each week. | D. Start with $2 and save $10 each week.,C,Start with $10 and save $2 each week.,
S50-F2-Q3,1872,50,FORWARD 2,3,8.F.B.4,sa,The table shows savings over time. Write a function for the savings y after x weeks.,,,y = 15x + 30,
S50-F2-Q4,1873,50,FORWARD 2,4,8.F.B.4,sa,A rental truck costs $50 plus $0.25 per mile. Write a function for the cost C of driving m miles.,,,C = 50 + 0.25m,
S50-F2-Q5,1874,50,FORWARD 2,5,8.F.B.4,tf,"A line through (0, 5) and (2, 9) has an initial value of 5 and a rate of change of 2.",A. True | B. False,A,True,
S51-M-Q1,1877,51,MAIN,1,6.EE.B.7,sa,Solve for x. x + 7.5 = 12,,,4.5,
S51-M-Q2,1878,51,MAIN,2,6.EE.B.7,mc,Solve for n. n - 3/4 = 5 1/2,A. 4 3/4 | B. 5 1/4 | C. 6 1/4 | D. 6 3/4,C,6 1/4,
S51-M-Q3,1879,51,MAIN,3,6.EE.B.7,sa,Solve for y. y + 2 1/3 = 6,,,3 2/3,
S51-M-Q4,1880,51,MAIN,4,6.EE.B.7,sa,Solve for m. 18.25 + m = 30,,,11.75,
S51-M-Q5,1881,51,MAIN,5,6.EE.B.7,sa,Solve for k. k - 4.8 = 9.2,,,14,
S51-B1-Q1,1883,51,BACKWARD 1,1,1.OA.B.4,tf,12 - 7 = □ can be solved by thinking 7 + □ = 12.,A. True | B. False,A,True,
S51-B1-Q2,1884,51,BACKWARD 1,2,1.OA.B.4,sa,What number goes in the box? 7 + □ = 15,,,8,
S51-B1-Q3,1885,51,BACKWARD 1,3,1.OA.B.4,mc,"To find 16 - 9, think 9 + □ = 16. What number goes in the box?",A. 6 | B. 7 | C. 8 | D. 25,B,7,
S51-B1-Q4,1886,51,BACKWARD 1,4,1.OA.B.4,sa,What number goes in the box? □ + 8 = 13,,,5,
S51-B1-Q5,1887,51,BACKWARD 1,5,1.OA.B.4,tf,"To find 11 - 5, you can think 5 + 6 = 11.",A. True | B. False,A,True,
S51-B2-Q1,1889,51,BACKWARD 2,1,5.NBT.B.7,sa,Subtract. 12 - 7.5,,,4.5,
S51-B2-Q2,1890,51,BACKWARD 2,2,5.NBT.B.7,sa,Subtract. 30 - 18.25,,,11.75,
S51-B2-Q3,1891,51,BACKWARD 2,3,5.NBT.B.7,tf,9.2 + 4.8 = 14,A. True | B. False,A,True,
S51-B2-Q4,1892,51,BACKWARD 2,4,5.NBT.B.7,mc,6.25 + 2.8 = ?,A. 6.53 | B. 8.33 | C. 9.05 | D. 9.5,C,9.05,
S51-B2-Q5,1893,51,BACKWARD 2,5,5.NBT.B.7,sa,Add. 3.7 + 5.45,,,9.15,
S51-B3-Q1,1895,51,BACKWARD 3,1,5.NF.A.1,sa,Subtract. 6 - 2 1/3,,,3 2/3,
S51-B3-Q2,1896,51,BACKWARD 3,2,5.NF.A.1,sa,Add. 5 1/2 + 3/4,,,6 1/4,
S51-B3-Q3,1897,51,BACKWARD 3,3,5.NF.A.1,tf,2/3 + 1/6 = 5/6,A. True | B. False,A,True,
S51-B3-Q4,1898,51,BACKWARD 3,4,5.NF.A.1,mc,7/8 - 1/4 = ?,A. 1/2 | B. 5/8 | C. 3/4 | D. 6/4,B,5/8,
S51-B3-Q5,1899,51,BACKWARD 3,5,5.NF.A.1,sa,Add. 1 2/5 + 1/2,,,1 9/10,
S51-F1-Q1,1901,51,FORWARD 1,1,7.EE.B.4.a,sa,Solve for x. 3x + 8 = 29,,,7,
S51-F1-Q2,1902,51,FORWARD 1,2,7.EE.B.4.a,sa,Solve for x. -2x + 5 = 17,,,-6,
S51-F1-Q3,1903,51,FORWARD 1,3,7.EE.B.4.a,mc,Solve for x. x/4 - 3 = 2,A. -4 | B. 5/4 | C. 5 | D. 20,D,20,
S51-F1-Q4,1904,51,FORWARD 1,4,7.EE.B.4.a,sa,Solve for x. 0.6x + 1.5 = 4.5,,,5,
S51-F1-Q5,1905,51,FORWARD 1,5,7.EE.B.4.a,sa,Solve for x. 5(x + 2) = 45,,,7,
S51-F2-Q1,1907,51,FORWARD 2,1,8.EE.C.7.b,sa,Solve for x. 7x - 4 = 3x + 12,,,4,
S51-F2-Q2,1908,51,FORWARD 2,2,8.EE.C.7.b,sa,Solve for x. -5x + 9 = x - 3,,,2,
S51-F2-Q3,1909,51,FORWARD 2,3,8.EE.C.7.b,mc,Solve for x. 2.5x + 4 = 1.5x + 9,A. -5 | B. 5 | C. 6.5 | D. 13,B,5,
S51-F2-Q4,1910,51,FORWARD 2,4,8.EE.C.7.b,sa,Solve for x. 1/2x + 6 = 2x - 3,,,6,
S51-F2-Q5,1911,51,FORWARD 2,5,8.EE.C.7.b,sa,Solve for x. 3(2x - 5) = 4x + 1,,,8,
S52-M-Q1,1914,52,MAIN,1,6.EE.B.7,sa,Solve for x. 4x = 30,,,7.5,
S52-M-Q2,1915,52,MAIN,2,6.EE.B.7,sa,Solve for y. 2/3y = 12,,,18,
S52-M-Q3,1916,52,MAIN,3,6.EE.B.7,sa,Solve for m. 0.6m = 4.2,,,7,
S52-M-Q4,1917,52,MAIN,4,6.EE.B.7,mc,Solve for n. 5n = 3.5,A. -1.5 | B. 0.7 | C. 1.43 | D. 17.5,B,0.7,
S52-M-Q5,1918,52,MAIN,5,6.EE.B.7,sa,Solve for k. 3/4k = 9/10,,,6/5,1 1/5 or 1.2 is also correct
S52-B1-Q1,1920,52,BACKWARD 1,1,3.OA.B.6,sa,Find 48 ÷ 6 by thinking 6 × □ = 48.,,,8,
S52-B1-Q2,1921,52,BACKWARD 1,2,3.OA.B.6,tf,63 ÷ 7 = 9 because 7 × 9 = 63.,A. True | B. False,A,True,
S52-B1-Q3,1922,52,BACKWARD 1,3,3.OA.B.6,mc,Which fact helps you find 45 ÷ 5?,A. 9 - 5 = 4 | B. 45 × 5 = 225 | C. 5 × 9 = 45 | D. 5 + 40 = 45,C,5 × 9 = 45,
S52-B1-Q4,1923,52,BACKWARD 1,4,3.OA.B.6,sa,What number goes in the box? □ × 6 = 42,,,7,
S52-B1-Q5,1924,52,BACKWARD 1,5,3.OA.B.6,tf,24 ÷ 4 = 5 because 4 × 5 = 24.,A. True | B. False,B,False,
S52-B2-Q1,1926,52,BACKWARD 2,1,6.NS.A.1,sa,Divide. 12 ÷ 2/3,,,18,
S52-B2-Q2,1927,52,BACKWARD 2,2,6.NS.A.1,sa,Divide. 9/10 ÷ 3/4,,,6/5,
S52-B2-Q3,1928,52,BACKWARD 2,3,6.NS.A.1,tf,5 ÷ 5/8 = 8,A. True | B. False,A,True,
S52-B2-Q4,1929,52,BACKWARD 2,4,6.NS.A.1,mc,9/10 ÷ 3/5 = ?,A. 27/50 | B. 2/3 | C. 1 1/3 | D. 1 1/2,D,1 1/2,
S52-B2-Q5,1930,52,BACKWARD 2,5,6.NS.A.1,sa,Divide. 6 ÷ 3/4,,,8,
S52-B3-Q1,1932,52,BACKWARD 3,1,5.NBT.B.7,sa,Divide. 4.2 ÷ 0.6,,,7,
S52-B3-Q2,1933,52,BACKWARD 3,2,5.NBT.B.7,sa,Divide. 30 ÷ 4,,,7.5,
S52-B3-Q3,1934,52,BACKWARD 3,3,5.NBT.B.7,tf,3.5 ÷ 5 = 0.7,A. True | B. False,A,True,
S52-B3-Q4,1935,52,BACKWARD 3,4,5.NBT.B.7,mc,2.4 ÷ 0.3 = ?,A. 0.8 | B. 7 | C. 8 | D. 80,C,8,
S52-B3-Q5,1936,52,BACKWARD 3,5,5.NBT.B.7,sa,Divide. 7.2 ÷ 9,,,0.8,
S52-F1-Q1,1938,52,FORWARD 1,1,7.EE.B.4.a,sa,Solve for x. 3(x - 4) = 21,,,11,
S52-F1-Q2,1939,52,FORWARD 1,2,7.EE.B.4.a,sa,Solve for x. 1/2(x + 6) = 9,,,12,
S52-F1-Q3,1940,52,FORWARD 1,3,7.EE.B.4.a,mc,Solve for x. 3(x + 1.5) = 12,A. 2 | B. 2.5 | C. 4 | D. 5.5,B,2.5,
S52-F1-Q4,1941,52,FORWARD 1,4,7.EE.B.4.a,sa,Solve for x. -2(x - 3) = 14,,,-4,
S52-F1-Q5,1942,52,FORWARD 1,5,7.EE.B.4.a,sa,Solve for x. 0.5(x + 8) = 7,,,6,
S52-F2-Q1,1944,52,FORWARD 2,1,8.EE.C.7.b,sa,Solve for x. 3(2x - 1) = 4x + 7,,,5,
S52-F2-Q2,1945,52,FORWARD 2,2,8.EE.C.7.b,sa,Solve for x. 2/3(x + 3) = x - 1,,,9,
S52-F2-Q3,1946,52,FORWARD 2,3,8.EE.C.7.b,mc,Solve for x. 5x - 2(x + 1) = 10,A. 2 | B. 8/3 | C. 4 | D. 12,C,4,
S52-F2-Q4,1947,52,FORWARD 2,4,8.EE.C.7.b,sa,Solve for x. 0.4(10x - 5) = 2x + 4,,,3,
S52-F2-Q5,1948,52,FORWARD 2,5,8.EE.C.7.b,sa,Solve for x. 6x = 2(x + 8),,,4,
S53-M-Q1,1951,53,MAIN,1,6.EE.B.7,sa,A pack of 6 pens costs $4.50. Write and solve an equation to find the cost p of one pen.,,,6p = 4.50; p = $0.75,
S53-M-Q2,1952,53,MAIN,2,6.EE.B.7,sa,"After spending $12.75, Sam has $30.25 left. Write and solve an equation to find how much money m Sam started with.",,,m - 12.75 = 30.25; m = $43,
S53-M-Q3,1953,53,MAIN,3,6.EE.B.7,sa,A board is cut into 5 equal pieces. Each piece is 1.8 meters long. Write and solve an equation to find the length L of the board.,,,L ÷ 5 = 1.8; L = 9 meters,L = 5 × 1.8 is also acceptable
S53-M-Q4,1954,53,MAIN,4,6.EE.B.7,mc,Maya is 1.35 m tall. She is 0.4 m taller than her brother. Which equation can be used to find her brother's height b?,A. 0.4b = 1.35 | B. 1.35 + 0.4 = b | C. b - 0.4 = 1.35 | D. b + 0.4 = 1.35,D,b + 0.4 = 1.35,
S53-M-Q5,1955,53,MAIN,5,6.EE.B.7,sa,A recipe uses 3/4 cup of sugar per batch. Kim used 6 cups of sugar. Write and solve an equation to find the number of batches b.,,,(3/4)b = 6; b = 8 batches,
S53-B1-Q1,1957,53,BACKWARD 1,1,3.OA.A.3,sa,4 friends share some grapes equally. Each gets 9 grapes. How many grapes were there?,,,36,
S53-B1-Q2,1958,53,BACKWARD 1,2,3.OA.A.3,mc,There are 7 teams with □ players each. There are 56 players in all. Which equation matches?,A. 7 × □ = 56 | B. 56 × 7 = □ | C. □ - 7 = 56 | D. 7 + □ = 56,A,7 × □ = 56,
S53-B1-Q3,1959,53,BACKWARD 1,3,3.OA.A.3,tf,"If 3 × □ = 24, then □ = 8.",A. True | B. False,A,True,
S53-B1-Q4,1960,53,BACKWARD 1,4,3.OA.A.3,sa,A teacher puts 40 books into 5 equal stacks. How many books are in each stack?,,,8,
S53-B1-Q5,1961,53,BACKWARD 1,5,3.OA.A.3,sa,Each box holds 6 eggs. There are 54 eggs. How many boxes are there?,,,9,
S53-B2-Q1,1963,53,BACKWARD 2,1,2.OA.A.1,sa,Lin had some stickers. She got 15 more. Now she has 42. How many did she have at first?,,,27,
S53-B2-Q2,1964,53,BACKWARD 2,2,2.OA.A.1,mc,A plant grew 8 cm and is now 35 cm tall. Which equation finds the starting height h?,A. 8h = 35 | B. h - 8 = 35 | C. h + 35 = 8 | D. h + 8 = 35,D,h + 8 = 35,
S53-B2-Q3,1965,53,BACKWARD 2,3,2.OA.A.1,tf,"Tom spent $17 and has $26 left, so he started with $43.",A. True | B. False,A,True,
S53-B2-Q4,1966,53,BACKWARD 2,4,2.OA.A.1,sa,A bus had 30 people. Some got off. Now there are 18. How many got off?,,,12,
S53-B2-Q5,1967,53,BACKWARD 2,5,2.OA.A.1,sa,Ada read 24 pages on Monday and some more on Tuesday. She read 61 pages in all. How many pages did she read on Tuesday?,,,37,
S53-B3-Q1,1969,53,BACKWARD 3,1,3.OA.D.8,tf,"In 5 × n = 40, the letter n stands for 8.",A. True | B. False,A,True,
S53-B3-Q2,1970,53,BACKWARD 3,2,3.OA.D.8,sa,"In the equation p + 9 = 20, what number is p?",,,11,
S53-B3-Q3,1971,53,BACKWARD 3,3,3.OA.D.8,mc,"Which equation matches ""a number plus 6 is 15""?",A. n + 15 = 6 | B. n - 6 = 15 | C. 6n = 15 | D. n + 6 = 15,D,n + 6 = 15,
S53-B3-Q4,1972,53,BACKWARD 3,4,3.OA.D.8,sa,"In the equation 3 × k = 27, what number is k?",,,9,
S53-B3-Q5,1973,53,BACKWARD 3,5,3.OA.D.8,tf,"In m - 4 = 10, the letter m stands for 6.",A. True | B. False,B,False,
S53-F1-Q1,1975,53,FORWARD 1,1,7.EE.B.4.a,sa,A gym charges a $25 fee plus $15 per month. Jen paid $130. Write and solve an equation to find the number of months m.,,,25 + 15m = 130; m = 7 months,
S53-F1-Q2,1976,53,FORWARD 1,2,7.EE.B.4.a,sa,A plumber charges $45 plus $60 per hour. A bill is $225. How many hours did the plumber work?,,,3 hours,
S53-F1-Q3,1977,53,FORWARD 1,3,7.EE.B.4.a,mc,A class buys 12 tickets and pays a $15 group fee. The total is $159. Which equation finds the cost t of one ticket?,A. 12t - 15 = 159 | B. 12t + 15 = 159 | C. 12(t + 15) = 159 | D. 15t + 12 = 159,B,12t + 15 = 159,
S53-F1-Q4,1978,53,FORWARD 1,4,7.EE.B.4.a,sa,Mo saves $18 per week and already has $54. He wants $180. How many weeks w will it take?,,,7 weeks,54 + 18w = 180
S53-F1-Q5,1979,53,FORWARD 1,5,7.EE.B.4.a,tf,A $6 pizza plus 3 toppings costs $10.50. Each topping costs $1.50.,A. True | B. False,A,True,
S53-F2-Q1,1981,53,FORWARD 2,1,8.EE.C.7.b,sa,Store A charges $20 plus $3 per shirt. Store B charges $5 per shirt. Write and solve an equation to find when the costs are equal.,,,20 + 3s = 5s; s = 10 shirts,
S53-F2-Q2,1982,53,FORWARD 2,2,8.EE.C.7.b,sa,Ana has $120 and spends $8 per week. Ben has $40 and saves $12 per week. After how many weeks will they have the same amount?,,,4 weeks,
S53-F2-Q3,1983,53,FORWARD 2,3,8.EE.C.7.b,mc,Taxi A charges $4 plus $2.50 per mile. Taxi B charges $1 plus $3 per mile. For how many miles do the rides cost the same?,A. 3 | B. 5 | C. 6 | D. 10,C,6,
S53-F2-Q4,1984,53,FORWARD 2,4,8.EE.C.7.b,sa,A candle 30 cm tall burns 1.5 cm per hour. Another candle 20 cm tall burns 0.5 cm per hour. After how many hours are they the same height?,,,10 hours,
S53-F2-Q5,1985,53,FORWARD 2,5,8.EE.C.7.b,sa,Plan A: $15 per month plus $0.10 per text. Plan B: $0.25 per text. For how many texts do the plans cost the same?,,,100 texts,
S54-M-Q1,1988,54,MAIN,1,6.EE.B.8,sa,Riders must be at least 48 inches tall. Write an inequality for the height h of a rider.,,,h ≥ 48,
S54-M-Q2,1989,54,MAIN,2,6.EE.B.8,mc,A bag can hold at most 20 pounds. Which inequality describes the weight w the bag can hold?,A. w ≥ 20 | B. w < 20 | C. w ≤ 20 | D. w > 20,C,w ≤ 20,
S54-M-Q3,1990,54,MAIN,3,6.EE.B.8,sa,The temperature must stay below -3°C. Write an inequality for the temperature t.,,,t < -3,
S54-M-Q4,1991,54,MAIN,4,6.EE.B.8,sa,More than 25 people must sign up for a trip to happen. Write an inequality for the number of people p.,,,p > 25,
S54-M-Q5,1992,54,MAIN,5,6.EE.B.8,sa,Children 12 years old and younger get a discount. Write an inequality for the age a of a child who gets the discount.,,,a ≤ 12,
S54-B1-Q1,1994,54,BACKWARD 1,1,1.NBT.B.3,mc,Which symbol makes this true? 58 ___ 85,A. < | B. > | C. =,A,<,
S54-B1-Q2,1995,54,BACKWARD 1,2,1.NBT.B.3,tf,30 > 29,A. True | B. False,A,True,
S54-B1-Q3,1996,54,BACKWARD 1,3,1.NBT.B.3,sa,"Write >, <, or = to compare. 64 ___ 46",,,>,
S54-B1-Q4,1997,54,BACKWARD 1,4,1.NBT.B.3,mc,"Which symbol means ""is greater than""?",A. < | B. > | C. =,B,>,
S54-B1-Q5,1998,54,BACKWARD 1,5,1.NBT.B.3,tf,17 < 12,A. True | B. False,B,False,
S54-B2-Q1,2000,54,BACKWARD 2,1,6.NS.C.7.b,tf,"""At least 10"" includes the number 10.",A. True | B. False,A,True,
S54-B2-Q2,2001,54,BACKWARD 2,2,6.NS.C.7.b,mc,"What does ""at most 6"" mean?",A. 6 or more | B. Less than 6 | C. More than 6 | D. 6 or less,D,6 or less,
S54-B2-Q3,2002,54,BACKWARD 2,3,6.NS.C.7.b,tf,"""Fewer than 8"" includes the number 8.",A. True | B. False,B,False,
S54-B2-Q4,2003,54,BACKWARD 2,4,6.NS.C.7.b,mc,"Which number is NOT ""at least 12""?",A. 11 | B. 12 | C. 13 | D. 20,A,11,
S54-B2-Q5,2004,54,BACKWARD 2,5,6.NS.C.7.b,tf,"9 is ""more than 7.""",A. True | B. False,A,True,
S54-B3-Q1,2006,54,BACKWARD 3,1,6.NS.C.5,sa,Write an integer for 3 degrees below zero.,,,-3,
S54-B3-Q2,2007,54,BACKWARD 3,2,6.NS.C.5,tf,-10°C is colder than -3°C.,A. True | B. False,A,True,
S54-B3-Q3,2008,54,BACKWARD 3,3,6.NS.C.5,mc,Which number represents 15 feet below sea level?,A. -15 | B. -1.5 | C. 0 | D. 15,A,-15,
S54-B3-Q4,2009,54,BACKWARD 3,4,6.NS.C.5,sa,Write an integer for a temperature of 7 degrees below zero.,,,-7,
S54-B3-Q5,2010,54,BACKWARD 3,5,6.NS.C.5,tf,"""Below -3°C"" includes -5°C.",A. True | B. False,A,True,
S54-F1-Q1,2012,54,FORWARD 1,1,7.EE.B.4.b,sa,You have $50. Each ride costs $6. Write and solve an inequality to find how many rides r you can afford.,,,"6r ≤ 50; r ≤ 8 1/3, so at most 8 rides",
S54-F1-Q2,2013,54,FORWARD 1,2,7.EE.B.4.b,sa,A salesperson earns $80 plus $12 for each sale. Write and solve an inequality for the number of sales s needed to earn more than $200.,,,80 + 12s > 200; s > 10 (at least 11 sales),
S54-F1-Q3,2014,54,FORWARD 1,3,7.EE.B.4.b,mc,A phone has 75% battery and uses 5% per hour. It must stay above 20%. Which inequality gives the hours h?,A. 75 - 5h > 20 | B. 75 + 5h > 20 | C. 75 - 5h < 20 | D. 5h - 75 > 20,A,75 - 5h > 20,
S54-F1-Q4,2015,54,FORWARD 1,4,7.EE.B.4.b,sa,"A van can carry at most 1,200 pounds. The driver weighs 180 pounds. Each box weighs 60 pounds. Write and solve an inequality for the number of boxes b.",,,"180 + 60b ≤ 1,200; b ≤ 17 (at most 17 boxes)",
S54-F1-Q5,2016,54,FORWARD 1,5,7.EE.B.4.b,tf,The solution of 3x + 2 ≥ 17 is x ≥ 5.,A. True | B. False,A,True,
S54-F2-Q1,2018,54,FORWARD 2,1,8.EE.C.8.c,sa,Plan A costs $20 plus $5 per month. Plan B costs $35 plus $2 per month. After how many months does Plan A cost more than Plan B?,,,After 5 months (m > 5),20 + 5m > 35 + 2m
S54-F2-Q2,2019,54,FORWARD 2,2,8.EE.C.8.c,sa,Tank A has 100 gallons and drains 6 gallons per minute. Tank B has 40 gallons and fills 4 gallons per minute. After how many minutes does Tank B hold more water?,,,After 6 minutes (t > 6),40 + 4t > 100 - 6t
S54-F2-Q3,2020,54,FORWARD 2,3,8.EE.C.8.c,mc,Sara has $50 and saves $8 per week. Tom has $90 and saves $3 per week. When will Sara have more money than Tom?,A. After 8 weeks | B. After 3 weeks | C. After 5 weeks | D. Never,A,After 8 weeks,
S54-F2-Q4,2021,54,FORWARD 2,4,8.EE.C.8.c,sa,Gym X charges $60 plus $4 per class. Gym Y charges $12 per class. For how many classes is Gym X cheaper?,,,8 or more classes (c > 7.5),60 + 4c < 12c
S54-F2-Q5,2022,54,FORWARD 2,5,8.EE.C.8.c,tf,"y = 3x + 2 and y = x + 10 are equal when x = 4. For x > 4, 3x + 2 is greater.",A. True | B. False,A,True,
S55-M-Q1,2025,55,MAIN,1,6.EE.B.8,plot,Graph the solutions of x > 3 on the number line.,,,Open circle at 3 with the line shaded to the right,
S55-M-Q2,2026,55,MAIN,2,6.EE.B.8,plot,Graph the solutions of x ≤ -1 on the number line.,,,Closed circle at -1 with the line shaded to the left,
S55-M-Q3,2027,55,MAIN,3,6.EE.B.8,plot,Graph the solutions of x < 2.5 on the number line.,,,Open circle at 2.5 with the line shaded to the left,
S55-M-Q4,2028,55,MAIN,4,6.EE.B.8,plot,Graph the solutions of x ≥ -4 on the number line.,,,Closed circle at -4 with the line shaded to the right,
S55-M-Q5,2029,55,MAIN,5,6.EE.B.8,plot,Graph the solutions of x > -1.5 on the number line.,,,Open circle at -1.5 with the line shaded to the right,
S55-B1-Q1,2031,55,BACKWARD 1,1,6.NS.C.6.c,sa,What number is at point A?,,,-2,
S55-B1-Q2,2032,55,BACKWARD 1,2,6.NS.C.6.c,mc,Which point is at 3.5?,A. Point A | B. Point B | C. Point C | D. Point D,C,Point C,
S55-B1-Q3,2033,55,BACKWARD 1,3,6.NS.C.6.c,tf,Point B is at -1.5.,A. True | B. False,A,True,
S55-B1-Q4,2034,55,BACKWARD 1,4,6.NS.C.6.c,sa,What number is at point C?,,,-4,
S55-B1-Q5,2035,55,BACKWARD 1,5,6.NS.C.6.c,mc,Which point is at -1/2?,A. Point A | B. Point B | C. Point C | D. Point D,C,Point C,
S55-B2-Q1,2037,55,BACKWARD 2,1,6.NS.C.7.a,tf,Every number to the right of 3 on a number line is greater than 3.,A. True | B. False,A,True,
S55-B2-Q2,2038,55,BACKWARD 2,2,6.NS.C.7.a,mc,Which numbers are less than -1?,A. Numbers to the right of -1 | B. Numbers to the left of -1 | C. Only -2 | D. Only 0,B,Numbers to the left of -1,
S55-B2-Q3,2039,55,BACKWARD 2,3,6.NS.C.7.a,tf,-3 is greater than -1.,A. True | B. False,B,False,
S55-B2-Q4,2040,55,BACKWARD 2,4,6.NS.C.7.a,sa,Is 2.5 to the left or the right of 2 on a number line?,,,To the right,
S55-B2-Q5,2041,55,BACKWARD 2,5,6.NS.C.7.a,mc,Which number is greater than -4?,A. -6 | B. -5 | C. -4.5 | D. -3,D,-3,
S55-B3-Q1,2043,55,BACKWARD 3,1,1.NBT.B.3,mc,What does the symbol > mean?,A. Is equal to | B. Is greater than | C. Is less than,B,Is greater than,
S55-B3-Q2,2044,55,BACKWARD 3,2,1.NBT.B.3,tf,"The symbol < means ""is less than.""",A. True | B. False,A,True,
S55-B3-Q3,2045,55,BACKWARD 3,3,1.NBT.B.3,mc,Which statement is true?,A. 8 < 5 | B. 8 = 5 | C. 8 > 5,C,8 > 5,
S55-B3-Q4,2046,55,BACKWARD 3,4,1.NBT.B.3,sa,"Write the symbol for ""is less than.""",,,<,
S55-B3-Q5,2047,55,BACKWARD 3,5,1.NBT.B.3,tf,12 > 21,A. True | B. False,B,False,
S55-F1-Q1,2049,55,FORWARD 1,1,7.EE.B.4.b,sa,Solve 2x + 1 > 7. Then graph the solutions.,,,"x > 3; open circle at 3, shaded to the right",
S55-F1-Q2,2050,55,FORWARD 1,2,7.EE.B.4.b,sa,Solve 4x - 3 ≤ 5. Then graph the solutions.,,,"x ≤ 2; closed circle at 2, shaded to the left",
S55-F1-Q3,2051,55,FORWARD 1,3,7.EE.B.4.b,sa,Solve -2x + 4 < 10. Then graph the solutions.,,,"x > -3; open circle at -3, shaded to the right",
S55-F1-Q4,2052,55,FORWARD 1,4,7.EE.B.4.b,mc,Which inequality does the graph show?,A. x < -2 | B. x > -2 | C. x ≥ -2 | D. x ≤ -2,D,x ≤ -2,
S55-F1-Q5,2053,55,FORWARD 1,5,7.EE.B.4.b,tf,The graph shows the solutions of 3x + 2 > 5.,A. True | B. False,B,False,
S55-F2-Q1,2055,55,FORWARD 2,1,8.EE.C.7.a,tf,x + 3 = x + 3 has infinitely many solutions.,A. True | B. False,A,True,
S55-F2-Q2,2056,55,FORWARD 2,2,8.EE.C.7.a,mc,How many solutions does the equation have? 2x + 5 = 2x - 1,A. One solution | B. No solution | C. Infinitely many solutions,B,No solution,
S55-F2-Q3,2057,55,FORWARD 2,3,8.EE.C.7.a,mc,Which equation has infinitely many solutions?,A. 4x - 1 = x | B. 4x = 0 | C. 4(x - 1) = 4x - 4 | D. 4(x - 1) = 4x - 1,C,4(x - 1) = 4x - 4,
S55-F2-Q4,2058,55,FORWARD 2,4,8.EE.C.7.a,mc,How many solutions does the equation have? 3x - 7 = 3x - 7,A. One solution | B. No solution | C. Infinitely many solutions,C,Infinitely many solutions,
S55-F2-Q5,2059,55,FORWARD 2,5,8.EE.C.7.a,mc,How many solutions does the equation have? 6x - 2 = 4x + 8,A. One solution | B. No solution | C. Infinitely many solutions,A,One solution,
S56-M-Q1,2062,56,MAIN,1,6.EE.C.9,mc,The equation c = 2.5p gives the cost c of p pounds of grapes. Which is the independent variable?,A. p (pounds) | B. c (cost) | C. 2.5 | D. There is none.,A,p (pounds),
S56-M-Q2,2063,56,MAIN,2,6.EE.C.9,sa,Money earned m depends on the number of hours worked h. Which is the dependent variable?,,,m (money earned),
S56-M-Q3,2064,56,MAIN,3,6.EE.C.9,mc,A plant's height depends on the number of days it grows. Which is the independent variable?,A. The plant's height | B. The number of days | C. Neither | D. Both,B,The number of days,
S56-M-Q4,2065,56,MAIN,4,6.EE.C.9,sa,"In y = 4x + 3, which variable is the dependent variable?",,,y,
S56-M-Q5,2066,56,MAIN,5,6.EE.C.9,tf,Ice cream sales s depend on the temperature t. So t is the independent variable.,A. True | B. False,A,True,
S56-B1-Q1,2068,56,BACKWARD 1,1,4.OA.C.5,sa,"The rule is ""multiply by 3."" What is the output when the input is 7?",,,21,
S56-B1-Q2,2069,56,BACKWARD 1,2,4.OA.C.5,tf,"The rule is ""add 6."" When the input is 4, the output is 10.",A. True | B. False,A,True,
S56-B1-Q3,2070,56,BACKWARD 1,3,4.OA.C.5,mc,What is the rule?,A. Multiply by 2 | B. Multiply by 3 | C. Add 2 | D. Add 4,D,Add 4,
S56-B1-Q4,2071,56,BACKWARD 1,4,4.OA.C.5,sa,"The rule is ""subtract 2."" What is the output when the input is 15?",,,13,
S56-B1-Q5,2072,56,BACKWARD 1,5,4.OA.C.5,tf,"In an input-output table, the output depends on the input.",A. True | B. False,A,True,
S56-B2-Q1,2074,56,BACKWARD 2,1,5.OA.B.3,tf,"Pattern A: 0, 2, 4, 6 Pattern B: 0, 6, 12, 18 Each number in Pattern B is 3 times the matching number in Pattern A.",A. True | B. False,A,True,
S56-B2-Q2,2075,56,BACKWARD 2,2,5.OA.B.3,sa,"The rule is ""add 5,"" starting at 0. What number comes next? 0, 5, 10, ___",,,15,
S56-B2-Q3,2076,56,BACKWARD 2,3,5.OA.B.3,sa,"Pattern A starts at 0 and adds 3. Pattern B starts at 0 and adds 9. When Pattern A is 12, what is the matching number in Pattern B?",,,36,
S56-B2-Q4,2077,56,BACKWARD 2,4,5.OA.B.3,mc,Pattern A starts at 0 and adds 1. Pattern B starts at 0 and adds 4. Which ordered pairs come from the patterns?,"A. (0, 4), (1, 5), (2, 6) | B. (0, 0), (1, 4), (2, 8) | C. (1, 4), (2, 5), (3, 6) | D. (0, 0), (4, 1), (8, 2)",B,"(0, 0), (1, 4), (2, 8)",
S56-B2-Q5,2078,56,BACKWARD 2,5,5.OA.B.3,tf,"Pattern A: 0, 1, 2, 3 Pattern B: 0, 5, 10, 15 Each number in Pattern B is 5 more than the matching number in Pattern A.",A. True | B. False,B,False,
S56-F1-Q1,2080,56,FORWARD 1,1,7.RP.A.2.c,sa,Tomatoes cost $3.20 per pound. Write an equation for the cost c of p pounds.,,,c = 3.2p,
S56-F1-Q2,2081,56,FORWARD 1,2,7.RP.A.2.c,sa,The table shows a proportional relationship. Write an equation for the cost c of n ounces.,,,c = 0.3n,
S56-F1-Q3,2082,56,FORWARD 1,3,7.RP.A.2.c,mc,Which equation represents a proportional relationship?,A. y = 4.5x | B. y = 4.5x + 1 | C. y = x + 4.5 | D. y = 4.5,A,y = 4.5x,
S56-F1-Q4,2083,56,FORWARD 1,4,7.RP.A.2.c,sa,A car uses 3 gallons of gas to travel 84 miles. Write an equation for the miles m traveled on g gallons.,,,m = 28g,
S56-F1-Q5,2084,56,FORWARD 1,5,7.RP.A.2.c,tf,y = 2/3x represents a proportional relationship.,A. True | B. False,A,True,
S56-F2-Q1,2086,56,FORWARD 2,1,8.F.A.1,tf,A function assigns exactly one output to each input.,A. True | B. False,A,True,
S56-F2-Q2,2087,56,FORWARD 2,2,8.F.A.1,mc,Which table does NOT represent a function?,"A. x: 0, 1, 2  y: 0, 2, 4 | B. x: 1, 1, 2  y: 3, 5, 7 | C. x: 2, 3, 4  y: 5, 6, 7 | D. x: 1, 2, 3  y: 4, 4, 4",B,"x: 1, 1, 2  y: 3, 5, 7",
S56-F2-Q3,2088,56,FORWARD 2,3,8.F.A.1,sa,"In the function C = 12t, which variable is the input?",,,t,
S56-F2-Q4,2089,56,FORWARD 2,4,8.F.A.1,tf,"The set of ordered pairs (1, 2), (2, 3), (1, 4) represents a function.",A. True | B. False,B,False,
S56-F2-Q5,2090,56,FORWARD 2,5,8.F.A.1,mc,A function gives the height of a ball after t seconds. What is the input?,A. The speed | B. The ball | C. The height | D. The time t,D,The time t,
S57-M-Q1,2093,57,MAIN,1,6.EE.C.9,sa,Write an equation that shows how y depends on x.,,,y = 6x,
S57-M-Q2,2094,57,MAIN,2,6.EE.C.9,sa,The graph shows y dollars earned for x hours worked. Write an equation for the relationship.,,,y = 3x,
S57-M-Q3,2095,57,MAIN,3,6.EE.C.9,sa,The table shows a plant's height h after w weeks. Write an equation for h in terms of w.,,,h = 2w + 5,
S57-M-Q4,2096,57,MAIN,4,6.EE.C.9,mc,Which equation matches the table?,A. y = 4x | B. y = x + 4 | C. y = x + 3 | D. y = 3x,C,y = x + 3,
S57-M-Q5,2097,57,MAIN,5,6.EE.C.9,sa,The table shows the cost c of n bags of popcorn. Write an equation for c in terms of n.,,,c = 3.5n,
S57-B1-Q1,2099,57,BACKWARD 1,1,4.OA.C.5,sa,What is the rule?,,,Multiply by 5,
S57-B1-Q2,2100,57,BACKWARD 1,2,4.OA.C.5,sa,What is the rule?,,,Add 4,
S57-B1-Q3,2101,57,BACKWARD 1,3,4.OA.C.5,tf,"The rule for the table is ""multiply by 4.""",A. True | B. False,A,True,
S57-B1-Q4,2102,57,BACKWARD 1,4,4.OA.C.5,mc,What is the rule?,A. Multiply by 3 | B. Subtract 2 | C. Add 3 | D. Divide by 3,D,Divide by 3,
S57-B1-Q5,2103,57,BACKWARD 1,5,4.OA.C.5,sa,"The rule is ""multiply by 6."" What is the output when the input is 5?",,,30,
S57-B2-Q1,2105,57,BACKWARD 2,1,5.G.A.2,mc,"Which point is at (3, 6)?",A. Point A | B. Point B | C. Point C | D. Point D,C,Point C,
S57-B2-Q2,2106,57,BACKWARD 2,2,5.G.A.2,sa,What are the coordinates of point M?,,,"(5, 7)",
S57-B2-Q3,2107,57,BACKWARD 2,3,5.G.A.2,tf,"The point (2, 8) is 2 units right and 8 units up from the origin.",A. True | B. False,A,True,
S57-B2-Q4,2108,57,BACKWARD 2,4,5.G.A.2,sa,The graph shows dollars earned after working some hours. How many dollars were earned after 3 hours?,,,$15,
S57-B2-Q5,2109,57,BACKWARD 2,5,5.G.A.2,mc,Which ordered pair names point R?,"A. (4, 4) | B. (1, 4) | C. (1, 1) | D. (4, 1)",D,"(4, 1)",
S57-B3-Q1,2111,57,BACKWARD 3,1,5.OA.B.3,sa,"Pattern A: 0, 1, 2, 3 Pattern B: 0, 5, 10, 15 Write the ordered pair formed by the 4th numbers.",,,"(3, 15)",
S57-B3-Q2,2112,57,BACKWARD 3,2,5.OA.B.3,tf,"The pairs (1, 3), (2, 6), (3, 9) show that each y-value is 3 times the x-value.",A. True | B. False,A,True,
S57-B3-Q3,2113,57,BACKWARD 3,3,5.OA.B.3,mc,Pattern A adds 2. Pattern B adds 6. Both start at 0. How does each B number compare to its A number?,A. 2 more | B. 3 times as large | C. 4 more | D. 6 times as large,B,3 times as large,
S57-B3-Q4,2114,57,BACKWARD 3,4,5.OA.B.3,sa,"Pattern A: 0, 2, 4 Pattern B: 0, 14, 28 What is the rule that changes each A number into its B number?",,,Multiply by 7,
S57-B3-Q5,2115,57,BACKWARD 3,5,5.OA.B.3,tf,"The pairs (0, 0), (1, 4), (2, 8) come from Pattern A ""add 4"" and Pattern B ""add 1.""",A. True | B. False,B,False,
S57-F1-Q1,2117,57,FORWARD 1,1,7.RP.A.2.c,sa,Write an equation for the proportional relationship in the table.,,,y = 3.5x,
S57-F1-Q2,2118,57,FORWARD 1,2,7.RP.A.2.c,sa,Write an equation for the proportional relationship in the graph.,,,y = 2.5x,
S57-F1-Q3,2119,57,FORWARD 1,3,7.RP.A.2.c,mc,The table shows a proportional relationship. Which equation matches?,A. y = 0.75x | B. y = 1.33x | C. y = 3x | D. y = x - 1,A,y = 0.75x,
S57-F1-Q4,2120,57,FORWARD 1,4,7.RP.A.2.c,sa,Write an equation for the cost c of p pounds.,,,c = 2.5p,
S57-F1-Q5,2121,57,FORWARD 1,5,7.RP.A.2.c,tf,The table shows the equation y = 6x.,A. True | B. False,A,True,
S57-F2-Q1,2123,57,FORWARD 2,1,8.F.B.4,sa,Write a function for the table.,,,y = 3x + 4,
S57-F2-Q2,2124,57,FORWARD 2,2,8.F.B.4,sa,Write a function for the line in the graph.,,,y = 2x + 2,
S57-F2-Q3,2125,57,FORWARD 2,3,8.F.B.4,mc,Which function matches the table?,A. y = -2x + 10 | B. y = 10x - 2 | C. y = -2x | D. y = 2x + 10,A,y = -2x + 10,
S57-F2-Q4,2126,57,FORWARD 2,4,8.F.B.4,sa,Write a function for the table.,,,y = 4x + 5,
S57-F2-Q5,2127,57,FORWARD 2,5,8.F.B.4,tf,"The line through (0, 1) and (3, 7) has the equation y = 2x + 1.",A. True | B. False,A,True,
S58-M-Q1,2130,58,MAIN,1,6.G.A.1,sa,Find the area of the triangle.,,,30 square cm,
S58-M-Q2,2131,58,MAIN,2,6.G.A.1,sa,Find the area of the right triangle.,,,20 square inches,
S58-M-Q3,2132,58,MAIN,3,6.G.A.1,sa,Find the area of the triangle.,,,15 square meters,
S58-M-Q4,2133,58,MAIN,4,6.G.A.1,mc,A triangle has a base of 12 feet and a height of 7 feet. What is its area?,A. 19 square feet | B. 38 square feet | C. 42 square feet | D. 84 square feet,C,42 square feet,
S58-M-Q5,2134,58,MAIN,5,6.G.A.1,sa,A triangular sign has a base of 3.5 feet and a height of 2 feet. What is its area?,,,3.5 square feet,
S58-B1-Q1,2136,58,BACKWARD 1,1,3.MD.C.7.b,sa,Find the area of the rectangle.,,,28 square cm,
S58-B1-Q2,2137,58,BACKWARD 1,2,3.MD.C.7.b,sa,A rectangle is 9 feet long and 6 feet wide. What is its area?,,,54 square feet,
S58-B1-Q3,2138,58,BACKWARD 1,3,3.MD.C.7.b,tf,A rectangle that is 5 cm long and 3 cm wide has an area of 15 square centimeters.,A. True | B. False,A,True,
S58-B1-Q4,2139,58,BACKWARD 1,4,3.MD.C.7.b,mc,A rectangle is 12 m long and 4 m wide. What is its area?,A. 16 square meters | B. 24 square meters | C. 32 square meters | D. 48 square meters,D,48 square meters,
S58-B1-Q5,2140,58,BACKWARD 1,5,3.MD.C.7.b,sa,Find the area of the rectangle.,,,60 square inches,
S58-B2-Q1,2142,58,BACKWARD 2,1,5.NF.B.4.a,sa,Multiply. 1/2 × 10 × 6,,,30,
S58-B2-Q2,2143,58,BACKWARD 2,2,5.NF.B.4.a,sa,Multiply. 1/2 × 14,,,7,
S58-B2-Q3,2144,58,BACKWARD 2,3,5.NF.B.4.a,tf,1/2 × 8 × 5 = 20,A. True | B. False,A,True,
S58-B2-Q4,2145,58,BACKWARD 2,4,5.NF.B.4.a,mc,1/2 × 12 × 7 = ?,A. 19 | B. 21 | C. 42 | D. 84,C,42,
S58-B2-Q5,2146,58,BACKWARD 2,5,5.NF.B.4.a,sa,Multiply. 1/2 × 9 × 4,,,18,
S58-B3-Q1,2148,58,BACKWARD 3,1,4.G.A.1,tf,Perpendicular lines meet to form right angles.,A. True | B. False,A,True,
S58-B3-Q2,2149,58,BACKWARD 3,2,4.G.A.1,mc,Which angle measure is a right angle?,A. 45° | B. 90° | C. 100° | D. 180°,B,90°,
S58-B3-Q3,2150,58,BACKWARD 3,3,4.G.A.1,tf,The dashed segment is perpendicular to the base of the triangle.,A. True | B. False,A,True,
S58-B3-Q4,2151,58,BACKWARD 3,4,4.G.A.1,sa,How many degrees are in a right angle?,,,90 degrees,
S58-B3-Q5,2152,58,BACKWARD 3,5,4.G.A.1,tf,A square has 4 right angles.,A. True | B. False,A,True,
S58-F1-Q1,2154,58,FORWARD 1,1,7.G.B.6,sa,Find the area of the figure.,,,52 square meters,
S58-F1-Q2,2155,58,FORWARD 1,2,7.G.B.6,sa,A kite is made of two triangles. Each triangle has a base of 10 inches and a height of 4 inches. What is the area of the kite?,,,40 square inches,
S58-F1-Q3,2156,58,FORWARD 1,3,7.G.B.6,mc,A triangle with a base of 4 cm and a height of 3 cm is cut out of a rectangle that is 12 cm by 6 cm. What is the area of the part that is left?,A. 60 square cm | B. 66 square cm | C. 72 square cm | D. 78 square cm,B,66 square cm,
S58-F1-Q4,2157,58,FORWARD 1,4,7.G.B.6,sa,A triangular prism has triangle bases with a base of 6 cm and a height of 4 cm. The prism is 10 cm long. What is its volume?,,,120 cubic cm,
S58-F1-Q5,2158,58,FORWARD 1,5,7.G.B.6,tf,A figure made of a 6-by-4 rectangle and a triangle with a base of 3 and a height of 4 has an area of 30 square units.,A. True | B. False,A,True,
S58-F2-Q1,2160,58,FORWARD 2,1,8.G.B.7,sa,A right triangle has legs of 6 cm and 8 cm. What is the length of the hypotenuse?,,,10 cm,
S58-F2-Q2,2161,58,FORWARD 2,2,8.G.B.7,sa,Find the length b.,,,12 cm,
S58-F2-Q3,2162,58,FORWARD 2,3,8.G.B.7,mc,A 10-foot ladder leans against a wall. The top reaches 8 feet up the wall. How far is the bottom of the ladder from the wall?,A. 2 feet | B. 6 feet | C. 12.8 feet | D. 18 feet,B,6 feet,
S58-F2-Q4,2163,58,FORWARD 2,4,8.G.B.7,sa,An isosceles triangle has a base of 16 inches and two sides of 10 inches. What is its area?,,,48 square inches,Height = 6 in. by the Pythagorean Theorem
S58-F2-Q5,2164,58,FORWARD 2,5,8.G.B.7,sa,A right triangle has legs of 9 m and 12 m. What is the length of the hypotenuse?,,,15 m,
S59-M-Q1,2167,59,MAIN,1,6.G.A.1,sa,Find the area of the parallelogram.,,,32 square cm,
S59-M-Q2,2168,59,MAIN,2,6.G.A.1,sa,Find the area of the trapezoid.,,,45 square meters,
S59-M-Q3,2169,59,MAIN,3,6.G.A.1,mc,A parallelogram has a base of 9 feet and a height of 5 feet. What is its area?,A. 14 square feet | B. 22.5 square feet | C. 28 square feet | D. 45 square feet,D,45 square feet,
S59-M-Q4,2170,59,MAIN,4,6.G.A.1,sa,A trapezoid has bases of 7 inches and 11 inches. Its height is 4 inches. What is its area?,,,36 square inches,
S59-M-Q5,2171,59,MAIN,5,6.G.A.1,sa,A parallelogram has a base of 12.5 meters and a height of 4 meters. What is its area?,,,50 square meters,
S59-B1-Q1,2173,59,BACKWARD 1,1,3.MD.C.7.b,sa,Find the area of the rectangle.,,,24 square feet,
S59-B1-Q2,2174,59,BACKWARD 1,2,3.MD.C.7.b,sa,A rectangle is 11 cm long and 5 cm wide. What is its area?,,,55 square cm,
S59-B1-Q3,2175,59,BACKWARD 1,3,3.MD.C.7.b,tf,A square with 6-meter sides has an area of 24 square meters.,A. True | B. False,B,False,
S59-B1-Q4,2176,59,BACKWARD 1,4,3.MD.C.7.b,mc,A rectangle is 15 inches long and 2 inches wide. What is its area?,A. 17 square inches | B. 30 square inches | C. 34 square inches | D. 60 square inches,B,30 square inches,
S59-B1-Q5,2177,59,BACKWARD 1,5,3.MD.C.7.b,sa,Find the area of the rectangle.,,,63 square meters,
S59-B2-Q1,2179,59,BACKWARD 2,1,3.MD.C.7.d,sa,Find the area of the figure.,,,33 square units,
S59-B2-Q2,2180,59,BACKWARD 2,2,3.MD.C.7.d,sa,Find the area of the figure.,,,18 square units,
S59-B2-Q3,2181,59,BACKWARD 2,3,3.MD.C.7.d,tf,The area of an L-shaped figure can be found by adding the areas of two rectangles.,A. True | B. False,A,True,
S59-B2-Q4,2182,59,BACKWARD 2,4,3.MD.C.7.d,mc,A figure is made of a 4-by-5 rectangle and a 2-by-3 rectangle that do not overlap. What is its area?,A. 14 square units | B. 20 square units | C. 26 square units | D. 120 square units,C,26 square units,
S59-B2-Q5,2183,59,BACKWARD 2,5,3.MD.C.7.d,sa,A figure is made of a 10-by-2 rectangle and a 3-by-3 square that do not overlap. What is its area?,,,29 square units,
S59-B3-Q1,2185,59,BACKWARD 3,1,5.G.B.4,tf,Every rectangle is a parallelogram.,A. True | B. False,A,True,
S59-B3-Q2,2186,59,BACKWARD 3,2,5.G.B.4,tf,Every parallelogram is a rectangle.,A. True | B. False,B,False,
S59-B3-Q3,2187,59,BACKWARD 3,3,5.G.B.4,mc,Which quadrilateral always has four right angles?,A. Trapezoid | B. Rhombus | C. Parallelogram | D. Rectangle,D,Rectangle,
S59-B3-Q4,2188,59,BACKWARD 3,4,5.G.B.4,mc,How many pairs of parallel sides does a parallelogram have?,A. 0 | B. 1 | C. 2 | D. 4,C,2,
S59-B3-Q5,2189,59,BACKWARD 3,5,5.G.B.4,tf,A square is a rhombus.,A. True | B. False,A,True,
S59-B4-Q1,2191,59,BACKWARD 4,1,4.G.A.1,tf,The height of a parallelogram is perpendicular to its base.,A. True | B. False,A,True,
S59-B4-Q2,2192,59,BACKWARD 4,2,4.G.A.1,tf,The dashed segment shows the height of the parallelogram.,A. True | B. False,A,True,
S59-B4-Q3,2193,59,BACKWARD 4,3,4.G.A.1,mc,Which statement describes perpendicular lines?,A. They meet at right angles. | B. They never meet. | C. They meet at a 45° angle. | D. They are always the same length.,A,They meet at right angles.,
S59-B4-Q4,2194,59,BACKWARD 4,4,4.G.A.1,tf,The slanted side of a parallelogram is always its height.,A. True | B. False,B,False,
S59-B4-Q5,2195,59,BACKWARD 4,5,4.G.A.1,sa,What is the measure of the angle between a base and its height?,,,90 degrees,
S59-F1-Q1,2197,59,FORWARD 1,1,7.G.B.6,sa,A patio is made of a rectangle that is 10 ft by 6 ft and a trapezoid with bases of 6 ft and 4 ft and a height of 3 ft. What is the area of the patio?,,,75 square feet,
S59-F1-Q2,2198,59,FORWARD 1,2,7.G.B.6,sa,A wall is 12 ft by 8 ft. It has a window shaped like a parallelogram with a base of 3 ft and a height of 2 ft. What is the area of the wall that is not window?,,,90 square feet,
S59-F1-Q3,2199,59,FORWARD 1,3,7.G.B.6,mc,A sign is a trapezoid with bases of 1.5 m and 2.5 m and a height of 1.2 m. What is its area?,A. 2.4 square meters | B. 3.6 square meters | C. 4.8 square meters | D. 5.2 square meters,A,2.4 square meters,
S59-F1-Q4,2200,59,FORWARD 1,4,7.G.B.6,sa,A garden is made of two parallelograms that do not overlap. Each has a base of 7 m and a height of 4 m. What is the total area?,,,56 square meters,
S59-F1-Q5,2201,59,FORWARD 1,5,7.G.B.6,tf,A trapezoid with bases of 6 and 10 and a height of 5 has the same area as a rectangle that is 8 by 5.,A. True | B. False,A,True,
S59-F2-Q1,2203,59,FORWARD 2,1,8.G.B.7,sa,"A parallelogram has a slanted side of 5 cm. The slanted side, the height, and a 3 cm piece of the base form a right triangle. What is the height?",,,4 cm,
S59-F2-Q2,2204,59,FORWARD 2,2,8.G.B.7,sa,Find the height h of the trapezoid.,,,4 inches,
S59-F2-Q3,2205,59,FORWARD 2,3,8.G.B.7,mc,A ramp forms a right triangle. The ramp is 13 ft long and its base is 12 ft long. How tall is the ramp?,A. 1 ft | B. 5 ft | C. 17.7 ft | D. 25 ft,B,5 ft,
S59-F2-Q4,2206,59,FORWARD 2,4,8.G.B.7,sa,"A parallelogram has a slanted side of 10 m. The slanted side, the height, and a 6 m piece of the base form a right triangle. What is the height?",,,8 m,
S59-F2-Q5,2207,59,FORWARD 2,5,8.G.B.7,tf,"A trapezoid has a slanted side of 10 in. The slanted side, the height, and a 6 in. piece of the base form a right triangle. The height is 8 in.",A. True | B. False,A,True,
S60-M-Q1,2210,60,MAIN,1,6.G.A.1,sa,Find the area of the figure.,,,73 square meters,
S60-M-Q2,2211,60,MAIN,2,6.G.A.1,sa,Find the area of the figure.,,,80 square feet,
S60-M-Q3,2212,60,MAIN,3,6.G.A.1,sa,A rectangular yard is 20 m by 15 m. A triangular garden in the yard has a base of 6 m and a height of 5 m. What is the area of the yard that is NOT garden?,,,285 square meters,
S60-M-Q4,2213,60,MAIN,4,6.G.A.1,mc,A polygon is split into a rectangle that is 8 by 3 and two triangles. Each triangle has a base of 2 and a height of 3. What is the area of the polygon?,A. 24 square units | B. 27 square units | C. 30 square units | D. 36 square units,C,30 square units,
S60-M-Q5,2214,60,MAIN,5,6.G.A.1,sa,Find the area of the figure.,,,68 square cm,
S60-B1-Q1,2216,60,BACKWARD 1,1,3.MD.C.7.d,sa,Find the area of the figure.,,,30 square units,
S60-B1-Q2,2217,60,BACKWARD 1,2,3.MD.C.7.d,sa,Find the area of the figure.,,,27 square units,
S60-B1-Q3,2218,60,BACKWARD 1,3,3.MD.C.7.d,tf,A figure made of a 5-by-2 rectangle and a 3-by-4 rectangle has an area of 22 square units.,A. True | B. False,A,True,
S60-B1-Q4,2219,60,BACKWARD 1,4,3.MD.C.7.d,mc,Which expression gives the area of the figure?,A. 4 × 5 | B. 4 + 3 + 2 + 2 | C. 4 × 3 × 2 | D. 4 × 3 + 2 × 2,D,4 × 3 + 2 × 2,
S60-B1-Q5,2220,60,BACKWARD 1,5,3.MD.C.7.d,sa,A figure is made of two rectangles: 6 by 3 and 2 by 4. What is its area?,,,26 square units,
S60-B2-Q1,2222,60,BACKWARD 2,1,4.MD.A.3,sa,A rectangle has an area of 48 square feet and a width of 6 feet. What is its length?,,,8 feet,
S60-B2-Q2,2223,60,BACKWARD 2,2,4.MD.A.3,sa,A rectangle has a perimeter of 30 cm and a length of 9 cm. What is its width?,,,6 cm,
S60-B2-Q3,2224,60,BACKWARD 2,3,4.MD.A.3,tf,A rectangle with an area of 36 square cm and a length of 9 cm has a width of 4 cm.,A. True | B. False,A,True,
S60-B2-Q4,2225,60,BACKWARD 2,4,4.MD.A.3,mc,A rectangle has an area of 56 square inches and a width of 7 inches. What is its length?,A. 8 inches | B. 9 inches | C. 49 inches | D. 63 inches,A,8 inches,
S60-B2-Q5,2226,60,BACKWARD 2,5,4.MD.A.3,sa,The rectangle has an area of 60 square meters. What is the missing side length?,,,5 meters,
S60-B3-Q1,2228,60,BACKWARD 3,1,6.G.A.1,sa,Find the area of the triangle.,,,24 square cm,
S60-B3-Q2,2229,60,BACKWARD 3,2,6.G.A.1,sa,A triangle has a base of 10 m and a height of 3 m. What is its area?,,,15 square meters,
S60-B3-Q3,2230,60,BACKWARD 3,3,6.G.A.1,tf,A right triangle with legs of 4 in. and 6 in. has an area of 24 square inches.,A. True | B. False,B,False,
S60-B3-Q4,2231,60,BACKWARD 3,4,6.G.A.1,mc,A triangle has a base of 5 ft and a height of 8 ft. What is its area?,A. 13 square feet | B. 20 square feet | C. 26 square feet | D. 40 square feet,B,20 square feet,
S60-B3-Q5,2232,60,BACKWARD 3,5,6.G.A.1,sa,Find the area of the triangle.,,,12 square feet,
S60-F1-Q1,2234,60,FORWARD 1,1,7.G.B.6,sa,A deck is made of a rectangle that is 12 ft by 10 ft and a triangle with a base of 10 ft and a height of 6 ft. What is the area of the deck?,,,150 square feet,
S60-F1-Q2,2235,60,FORWARD 1,2,7.G.B.6,sa,A trapezoid-shaped garden has bases of 8 m and 14 m and a height of 5 m. It has a square pond with 2 m sides. What is the area of the garden without the pond?,,,51 square meters,
S60-F1-Q3,2236,60,FORWARD 1,3,7.G.B.6,mc,A regular hexagon is split into 6 equal triangles. Each triangle has a base of 4 cm and a height of 3.5 cm. What is the area of the hexagon?,A. 21 square cm | B. 24 square cm | C. 42 square cm | D. 84 square cm,C,42 square cm,
S60-F1-Q4,2237,60,FORWARD 1,4,7.G.B.6,sa,An L-shaped prism has a base area of 30 square feet and a height of 4 feet. What is its volume?,,,120 cubic feet,
S60-F1-Q5,2238,60,FORWARD 1,5,7.G.B.6,tf,A figure made of a 5-by-5 square and a triangle with a base of 5 and a height of 2 has an area of 30 square units.,A. True | B. False,A,True,
S60-F2-Q1,2240,60,FORWARD 2,1,8.G.C.9,sa,"A silo is a cylinder with a radius of 3 m and a height of 10 m, topped by a hemisphere with a radius of 3 m. What is its volume in terms of π?",,,108π cubic meters,
S60-F2-Q2,2241,60,FORWARD 2,2,8.G.C.9,sa,A cone has a radius of 3 in. and a height of 4 in. A hemisphere with a radius of 3 in. sits on top. What is the total volume in terms of π?,,,30π cubic inches,
S60-F2-Q3,2242,60,FORWARD 2,3,8.G.C.9,mc,A cone with a radius of 2 and a height of 3 is cut out of a cylinder with a radius of 2 and a height of 6. What volume is left?,A. 20π | B. 28π | C. 24π | D. 4π,A,20π,
S60-F2-Q4,2243,60,FORWARD 2,4,8.G.C.9,sa,"A cylinder and a cone each have a radius of 1 and a height of 2. How much more volume does the cylinder have, in terms of π?",,,4π/3,1 1/3 π
S60-F2-Q5,2244,60,FORWARD 2,5,8.G.C.9,tf,A sphere with a radius of 3 has the same volume as a cylinder with a radius of 3 and a height of 4.,A. True | B. False,A,True,
S61-M-Q1,2247,61,MAIN,1,6.G.A.2,sa,How many cubes with 1/2-inch edges fill a box that is 2 in. by 1 1/2 in. by 1 in.?,,,24 cubes,
S61-M-Q2,2248,61,MAIN,2,6.G.A.2,sa,A box is 3 in. by 2 in. by 1 1/2 in. How many cubes with 1/2-inch edges fill the box?,,,72 cubes,
S61-M-Q3,2249,61,MAIN,3,6.G.A.2,tf,A prism is packed with 48 cubes that each have 1/2-unit edges. Its volume is 6 cubic units.,A. True | B. False,A,True,
S61-M-Q4,2250,61,MAIN,4,6.G.A.2,mc,A prism is packed with 64 cubes that each have 1/4-inch edges. What is the volume of the prism?,A. 1/4 cubic inch | B. 1 cubic inch | C. 4 cubic inches | D. 16 cubic inches,B,1 cubic inch,
S61-M-Q5,2251,61,MAIN,5,6.G.A.2,sa,"The prism is packed with cubes that have 1/2-cm edges. It is 5 cubes long, 4 cubes wide, and 3 cubes tall. What is its volume?",,,7.5 cubic cm,60 cubes × 1/8 cubic cm
S61-B1-Q1,2253,61,BACKWARD 1,1,5.MD.C.4,sa,Each cube is 1 cubic unit. What is the volume of the prism?,,,12 cubic units,
S61-B1-Q2,2254,61,BACKWARD 1,2,5.MD.C.4,sa,Each cube is 1 cubic unit. What is the volume of the prism?,,,24 cubic units,
S61-B1-Q3,2255,61,BACKWARD 1,3,5.MD.C.4,tf,A prism made of 2 layers with 6 unit cubes in each layer has a volume of 12 cubic units.,A. True | B. False,A,True,
S61-B1-Q4,2256,61,BACKWARD 1,4,5.MD.C.4,mc,A box holds 3 layers with 5 unit cubes in each layer. What is its volume?,A. 8 cubic units | B. 15 cubic units | C. 35 cubic units | D. 53 cubic units,B,15 cubic units,
S61-B1-Q5,2257,61,BACKWARD 1,5,5.MD.C.4,sa,Each cube is 1 cubic unit. What is the volume of the prism?,,,8 cubic units,
S61-B2-Q1,2259,61,BACKWARD 2,1,5.NF.B.4.a,sa,Multiply. 1/2 × 1/2 × 1/2,,,1/8,
S61-B2-Q2,2260,61,BACKWARD 2,2,5.NF.B.4.a,sa,Multiply. 1/4 × 1/4 × 1/4,,,1/64,
S61-B2-Q3,2261,61,BACKWARD 2,3,5.NF.B.4.a,tf,1/3 × 1/3 × 1/3 = 1/9,A. True | B. False,B,False,
S61-B2-Q4,2262,61,BACKWARD 2,4,5.NF.B.4.a,mc,Multiply. 24 × 1/8,A. 1/3 | B. 3 | C. 32 | D. 192,B,3,
S61-B2-Q5,2263,61,BACKWARD 2,5,5.NF.B.4.a,sa,Multiply. 64 × 1/64,,,1,
S61-B3-Q1,2265,61,BACKWARD 3,1,5.MD.C.3.b,tf,A solid that can be packed with 20 unit cubes with no gaps has a volume of 20 cubic units.,A. True | B. False,A,True,
S61-B3-Q2,2266,61,BACKWARD 3,2,5.MD.C.3.b,mc,A box is filled with 36 unit cubes with no gaps or overlaps. What is its volume?,A. 6 cubic units | B. 12 cubic units | C. 36 cubic units | D. 36 square units,C,36 cubic units,
S61-B3-Q3,2267,61,BACKWARD 3,3,5.MD.C.3.b,sa,A box is filled with 45 unit cubes with no gaps. What is its volume?,,,45 cubic units,
S61-B3-Q4,2268,61,BACKWARD 3,4,5.MD.C.3.b,tf,Volume is measured in square units.,A. True | B. False,B,False,
S61-B3-Q5,2269,61,BACKWARD 3,5,5.MD.C.3.b,mc,Which unit could be used to measure volume?,A. Square centimeters | B. Cubic centimeters | C. Centimeters | D. Kilograms,B,Cubic centimeters,
S61-F1-Q1,2271,61,FORWARD 1,1,7.G.B.6,sa,A triangular prism has triangle bases with a base of 5 in. and a height of 4 in. The prism is 8 in. long. What is its volume?,,,80 cubic inches,
S61-F1-Q2,2272,61,FORWARD 1,2,7.G.B.6,sa,A prism has a base area of 12 1/2 square cm and a height of 4 cm. What is its volume?,,,50 cubic cm,
S61-F1-Q3,2273,61,FORWARD 1,3,7.G.B.6,mc,A cube has edges of 2.5 cm. What is its volume?,A. 6.25 cubic cm | B. 7.5 cubic cm | C. 15 cubic cm | D. 15.625 cubic cm,D,15.625 cubic cm,
S61-F1-Q4,2274,61,FORWARD 1,4,7.G.B.6,sa,"An aquarium is 30 in. long, 12 in. wide, and 16 in. tall. It is filled with water to a height of 12 in. What is the volume of the water?",,,"4,320 cubic inches",
S61-F1-Q5,2275,61,FORWARD 1,5,7.G.B.6,tf,A triangular prism with a base area of 15 square units and a length of 6 units has a volume of 90 cubic units.,A. True | B. False,A,True,
S61-F2-Q1,2277,61,FORWARD 2,1,8.G.C.9,sa,A cylinder has a radius of 5 and a height of 4. What is its volume in terms of π?,,,100π,
S61-F2-Q2,2278,61,FORWARD 2,2,8.G.C.9,sa,Find the volume of the cylinder. Use 3.14 for π.,,,87.92 cubic cm,28π
S61-F2-Q3,2279,61,FORWARD 2,3,8.G.C.9,mc,A cone has a radius of 6 and a height of 5. What is its volume?,A. 150π | B. 180π | C. 30π | D. 60π,D,60π,
S61-F2-Q4,2280,61,FORWARD 2,4,8.G.C.9,sa,A sphere has a radius of 6. What is its volume in terms of π?,,,288π,
S61-F2-Q5,2281,61,FORWARD 2,5,8.G.C.9,tf,A cylinder has a greater volume than a cone with the same radius and height.,A. True | B. False,A,True,
S62-M-Q1,2284,62,MAIN,1,6.G.A.2,sa,Find the volume of the rectangular prism.,,,33 3/4 cubic feet,33.75
S62-M-Q2,2285,62,MAIN,2,6.G.A.2,mc,"A box is 1 1/2 ft long, 2 ft wide, and 3/4 ft tall. What is its volume?",A. 2 1/4 cubic feet | B. 2 3/4 cubic feet | C. 3 cubic feet | D. 4 1/4 cubic feet,A,2 1/4 cubic feet,
S62-M-Q3,2286,62,MAIN,3,6.G.A.2,sa,"Use V = l × w × h to find the volume of a prism with l = 5 cm, w = 2 1/2 cm, and h = 1 1/5 cm.",,,15 cubic cm,
S62-M-Q4,2287,62,MAIN,4,6.G.A.2,sa,A cube has edges of 1 1/2 feet. What is its volume?,,,3 3/8 cubic feet,
S62-M-Q5,2288,62,MAIN,5,6.G.A.2,sa,A prism has a base area of 4 1/2 square inches and a height of 2 2/3 inches. Use V = b × h to find its volume.,,,12 cubic inches,
S62-B1-Q1,2290,62,BACKWARD 1,1,5.MD.C.5.b,sa,Find the volume of the prism.,,,72 cubic cm,
S62-B1-Q2,2291,62,BACKWARD 1,2,5.MD.C.5.b,sa,"A prism has a length of 10 m, a width of 2 m, and a height of 5 m. What is its volume?",,,100 cubic meters,
S62-B1-Q3,2292,62,BACKWARD 1,3,5.MD.C.5.b,tf,A cube with 3-inch edges has a volume of 27 cubic inches.,A. True | B. False,A,True,
S62-B1-Q4,2293,62,BACKWARD 1,4,5.MD.C.5.b,mc,A box is 8 in. by 5 in. by 2 in. What is its volume?,A. 15 cubic inches | B. 40 cubic inches | C. 80 cubic inches | D. 160 cubic inches,C,80 cubic inches,
S62-B1-Q5,2294,62,BACKWARD 1,5,5.MD.C.5.b,sa,A prism has a base area of 20 square cm and a height of 6 cm. What is its volume?,,,120 cubic cm,
S62-B2-Q1,2296,62,BACKWARD 2,1,5.NF.B.6,sa,Multiply. 2 1/2 × 3,,,7 1/2,
S62-B2-Q2,2297,62,BACKWARD 2,2,5.NF.B.6,sa,Multiply. 1 1/2 × 3/4,,,9/8 = 1 1/8,
S62-B2-Q3,2298,62,BACKWARD 2,3,5.NF.B.6,tf,2 1/2 × 2 = 5,A. True | B. False,A,True,
S62-B2-Q4,2299,62,BACKWARD 2,4,5.NF.B.6,mc,3 × 4 1/2 = ?,A. 7 1/2 | B. 12 1/6 | C. 12 1/2 | D. 13 1/2,D,13 1/2,
S62-B2-Q5,2300,62,BACKWARD 2,5,5.NF.B.6,sa,Multiply. 1 1/3 × 1 1/2,,,2,
S62-B3-Q1,2302,62,BACKWARD 3,1,5.NF.B.4.a,sa,Multiply. 3/4 × 2/3,,,1/2,
S62-B3-Q2,2303,62,BACKWARD 3,2,5.NF.B.4.a,sa,Multiply. 5/2 × 9/2,,,45/4 = 11 1/4,
S62-B3-Q3,2304,62,BACKWARD 3,3,5.NF.B.4.a,tf,3/2 × 3/2 = 9/4,A. True | B. False,A,True,
S62-B3-Q4,2305,62,BACKWARD 3,4,5.NF.B.4.a,mc,1/2 × 4/5 = ?,A. 2/5 | B. 4/7 | C. 5/7 | D. 8/5,A,2/5,
S62-B3-Q5,2306,62,BACKWARD 3,5,5.NF.B.4.a,sa,Multiply. 6/5 × 5,,,6,
S62-F1-Q1,2308,62,FORWARD 1,1,7.G.B.6,sa,A triangular prism has triangle bases with a base of 6 cm and a height of 4 cm. The prism is 9 cm long. What is its volume?,,,48 cubic cm,
S62-F1-Q2,2309,62,FORWARD 1,2,7.G.B.6,sa,A tent is a triangular prism. Its triangle has a base of 2.4 m and a height of 1.5 m. The tent is 3 m long. What is its volume?,,,5.4 cubic meters,
S62-F1-Q3,2310,62,FORWARD 1,3,7.G.B.6,mc,A prism has a base area of 7.5 square feet and a height of 2.4 feet. What is its volume?,A. 9.9 cubic feet | B. 15 cubic feet | C. 18 cubic feet | D. 180 cubic feet,C,18 cubic feet,
S62-F1-Q4,2311,62,FORWARD 1,4,7.G.B.6,sa,A box is 4.5 cm by 2 cm by 3.2 cm. What is its volume?,,,28.8 cubic cm,
S62-F1-Q5,2312,62,FORWARD 1,5,7.G.B.6,tf,A triangular prism with a triangle area of 10 square inches and a length of 7 inches has a volume of 70 cubic inches.,A. True | B. False,A,True,
S62-F2-Q1,2314,62,FORWARD 2,1,8.G.C.9,sa,A cylinder has a base area of 12π square cm and a height of 5 cm. What is its volume in terms of π?,,,60π cubic cm,
S62-F2-Q2,2315,62,FORWARD 2,2,8.G.C.9,sa,A can has a radius of 3 in. and a height of 8 in. What is its volume in terms of π?,,,72π cubic inches,
S62-F2-Q3,2316,62,FORWARD 2,3,8.G.C.9,mc,A cylinder has a radius of 1.5 m and a height of 4 m. What is its volume?,A. 12π cubic meters | B. 9π cubic meters | C. 3π cubic meters | D. 6π cubic meters,B,9π cubic meters,
S62-F2-Q4,2317,62,FORWARD 2,4,8.G.C.9,sa,Find the volume of the cylinder in terms of π.,,,50π cubic feet,
S62-F2-Q5,2318,62,FORWARD 2,5,8.G.C.9,tf,Doubling the height of a cylinder doubles its volume.,A. True | B. False,A,True,
S63-M-Q1,2321,63,MAIN,1,6.G.A.3,sa,"Plot A(-3, 2), B(4, 2), C(4, -3), and D(-3, -3). Connect them in order. What polygon did you draw?",,,A rectangle,"Graph: A(-3, 2), B(4, 2), C(4, -3), D(-3, -3) connected in order"
S63-M-Q2,2322,63,MAIN,2,6.G.A.3,sa,"Plot P(0, 4), Q(3, -2), and R(-3, -2). Connect them in order. What polygon did you draw?",,,A triangle (isosceles),"Graph: P(0, 4), Q(3, -2), R(-3, -2) connected"
S63-M-Q3,2323,63,MAIN,3,6.G.A.3,sa,"Plot E(-2, 1), F(2, 1), G(4, -3), and H(-4, -3). Connect them in order. What polygon did you draw?",,,A trapezoid,"Graph: E(-2, 1), F(2, 1), G(4, -3), H(-4, -3) connected; EF is parallel to HG"
S63-M-Q4,2324,63,MAIN,4,6.G.A.3,sa,"Plot J(-1, 3), K(3, 3), L(3, -1), and M(-1, -1). Connect them in order. What polygon did you draw?",,,A square,"Graph: J(-1, 3), K(3, 3), L(3, -1), M(-1, -1) connected; each side is 4 units"
S63-M-Q5,2325,63,MAIN,5,6.G.A.3,sa,"Plot W(-5, -2), X(-2, 3), Y(4, 3), and Z(1, -2). Connect them in order. What polygon did you draw?",,,A parallelogram,"Graph: W(-5, -2), X(-2, 3), Y(4, 3), Z(1, -2) connected; WZ and XY are parallel and 6 units long"
S63-B1-Q1,2327,63,BACKWARD 1,1,6.NS.C.6.c,plot,"Plot and label point A(-3, 2).",,,"Point A plotted at (-3, 2) and labeled",
S63-B1-Q2,2328,63,BACKWARD 1,2,6.NS.C.6.c,plot,"Plot and label point B(4, -3).",,,"Point B plotted at (4, -3) and labeled",
S63-B1-Q3,2329,63,BACKWARD 1,3,6.NS.C.6.c,mc,"Which point is at (-2, -4)?",A. Point A | B. Point B | C. Point C | D. Point D,B,Point B,
S63-B1-Q4,2330,63,BACKWARD 1,4,6.NS.C.6.c,plot,"Plot and label point C(0, 4).",,,"Point C plotted at (0, 4) on the y-axis and labeled",
S63-B1-Q5,2331,63,BACKWARD 1,5,6.NS.C.6.c,tf,"Point D is at (-3, -3).",A. True | B. False,A,True,
S63-B2-Q1,2333,63,BACKWARD 2,1,3.G.A.1,tf,A rectangle has 4 right angles.,A. True | B. False,A,True,
S63-B2-Q2,2334,63,BACKWARD 2,2,3.G.A.1,tf,Opposite sides of a rectangle have the same length.,A. True | B. False,A,True,
S63-B2-Q3,2335,63,BACKWARD 2,3,3.G.A.1,mc,Which shape always has 4 sides of equal length and 4 right angles?,A. Square | B. Rectangle | C. Trapezoid | D. Rhombus,A,Square,
S63-B2-Q4,2336,63,BACKWARD 2,4,3.G.A.1,tf,Every quadrilateral has 4 right angles.,A. True | B. False,B,False,
S63-B2-Q5,2337,63,BACKWARD 2,5,3.G.A.1,sa,How many sides does a quadrilateral have?,,,4,
S63-B3-Q1,2339,63,BACKWARD 3,1,2.G.A.1,sa,A shape has 3 sides and 3 angles. What is it called?,,,A triangle,
S63-B3-Q2,2340,63,BACKWARD 3,2,2.G.A.1,mc,How many sides does a pentagon have?,A. 4 | B. 5 | C. 6 | D. 8,B,5,
S63-B3-Q3,2341,63,BACKWARD 3,3,2.G.A.1,tf,A hexagon has 6 sides.,A. True | B. False,A,True,
S63-B3-Q4,2342,63,BACKWARD 3,4,2.G.A.1,sa,A shape has 4 sides and 4 angles. What is it called?,,,A quadrilateral,
S63-B3-Q5,2343,63,BACKWARD 3,5,2.G.A.1,mc,Which shape has the most sides?,A. Pentagon | B. Quadrilateral | C. Triangle | D. Hexagon,D,Hexagon,
S63-F1-Q1,2345,63,FORWARD 1,1,7.G.A.2,plot,Draw a rectangle with an area of 12 square units. One vertex is at the origin.,,,"Any rectangle with one vertex at (0, 0) and area 12, such as (0, 0), (4, 0), (4, 3), (0, 3)",Side lengths 3 × 4 or 2 × 6 in any quadrant are correct
S63-F1-Q2,2346,63,FORWARD 1,2,7.G.A.2,plot,"Draw a right triangle with legs of 4 units and 3 units. One vertex is at (-2, -2).",,,"A right triangle with legs 4 and 3 meeting at a right angle, with one vertex at (-2, -2), such as (-2, -2), (2, -2), (-2, 1)",Any orientation with legs of 4 and 3 units is correct
S63-F1-Q3,2347,63,FORWARD 1,3,7.G.A.2,sa,"Can a triangle have side lengths of 2 cm, 3 cm, and 6 cm? Write yes or no.",,,No,
S63-F1-Q4,2348,63,FORWARD 1,4,7.G.A.2,mc,A triangle has angles of 90° and 45°. What is the third angle?,A. 45° | B. 55° | C. 90° | D. 135°,A,45°,
S63-F1-Q5,2349,63,FORWARD 1,5,7.G.A.2,plot,"Draw a square with a side length of 5 units. One vertex is at (-3, 1).",,,"A square with 5-unit sides and one vertex at (-3, 1), such as (-3, 1), (2, 1), (2, 6), (-3, 6)","Any square with side 5 using (-3, 1) as a vertex that fits on the grid is correct"
S63-F2-Q1,2351,63,FORWARD 2,1,8.G.A.3,plot,"Triangle ABC has vertices A(1, 1), B(4, 1), and C(1, 3). Draw its image after a translation 5 units left and 2 units down.",,,"Image triangle with vertices A′(-4, -1), B′(-1, -1), C′(-4, 1)",
S63-F2-Q2,2352,63,FORWARD 2,2,8.G.A.3,plot,"Rectangle PQRS has vertices P(1, 2), Q(4, 2), R(4, 4), and S(1, 4). Draw its image after a reflection across the x-axis.",,,"Image rectangle with vertices P′(1, -2), Q′(4, -2), R′(4, -4), S′(1, -4)",
S63-F2-Q3,2353,63,FORWARD 2,3,8.G.A.3,sa,"Triangle ABC has vertices A(2, 1), B(4, 3), and C(2, 3). It is rotated 180° about the origin. What are the coordinates of B′?",,,"(-4, -3)",
S63-F2-Q4,2354,63,FORWARD 2,4,8.G.A.3,plot,"Square EFGH has vertices E(1, 1), F(2, 1), G(2, 2), and H(1, 2). Draw its image after a dilation by a scale factor of 3 centered at the origin.",,,"Image square with vertices E′(3, 3), F′(6, 3), G′(6, 6), H′(3, 6)",
S63-F2-Q5,2355,63,FORWARD 2,5,8.G.A.3,tf,"A rectangle with vertices (1, 1), (3, 1), (3, 2), (1, 2) is reflected across the y-axis. One image vertex is (-3, 2).",A. True | B. False,A,True,
S64-M-Q1,2358,64,MAIN,1,6.G.A.3,sa,"A rectangle has vertices at (-3, 2), (4, 2), (4, -5), and (-3, -5). What is its perimeter?",,,28 units,
S64-M-Q2,2359,64,MAIN,2,6.G.A.3,sa,"One side of a polygon goes from (-2, -3) to (-2, 5). How long is this side?",,,8 units,
S64-M-Q3,2360,64,MAIN,3,6.G.A.3,sa,What is the length of side AB?,,,7 units,
S64-M-Q4,2361,64,MAIN,4,6.G.A.3,mc,"A triangle has vertices at (-4, 1), (2, 1), and (2, -7). How long is the horizontal side?",A. 2 units | B. 6 units | C. 8 units | D. 10 units,B,6 units,
S64-M-Q5,2362,64,MAIN,5,6.G.A.3,sa,"A rectangle has vertices at (-5, -2), (1, -2), (1, 3), and (-5, 3). What is its perimeter?",,,22 units,
S64-B1-Q1,2364,64,BACKWARD 1,1,6.NS.C.8,sa,"Find the distance between (-3, 2) and (4, 2).",,,7,
S64-B1-Q2,2365,64,BACKWARD 1,2,6.NS.C.8,sa,"Find the distance between (1, -4) and (1, 6).",,,10,
S64-B1-Q3,2366,64,BACKWARD 1,3,6.NS.C.8,tf,"The distance between (-5, 0) and (5, 0) is 10.",A. True | B. False,A,True,
S64-B1-Q4,2367,64,BACKWARD 1,4,6.NS.C.8,mc,"What is the distance between (2, -3) and (2, -8)?",A. -11 | B. -5 | C. 5 | D. 11,C,5,
S64-B1-Q5,2368,64,BACKWARD 1,5,6.NS.C.8,sa,"Find the distance between (-6, -1) and (-2, -1).",,,4,
S64-B2-Q1,2370,64,BACKWARD 2,1,6.NS.C.7.c,sa,Find the value. |-5| + |2|,,,7,
S64-B2-Q2,2371,64,BACKWARD 2,2,6.NS.C.7.c,tf,|-7| = 7,A. True | B. False,A,True,
S64-B2-Q3,2372,64,BACKWARD 2,3,6.NS.C.7.c,mc,|-3| + |4| = ?,A. -7 | B. -1 | C. 1 | D. 7,D,7,
S64-B2-Q4,2373,64,BACKWARD 2,4,6.NS.C.7.c,sa,Find the value. |-6|,,,6,
S64-B2-Q5,2374,64,BACKWARD 2,5,6.NS.C.7.c,tf,|-2| + |-2| = 0,A. True | B. False,B,False,
S64-B3-Q1,2376,64,BACKWARD 3,1,3.MD.D.8,sa,Find the perimeter of the rectangle.,,,20 cm,
S64-B3-Q2,2377,64,BACKWARD 3,2,3.MD.D.8,sa,A square has sides of 9 inches. What is its perimeter?,,,36 inches,
S64-B3-Q3,2378,64,BACKWARD 3,3,3.MD.D.8,tf,A rectangle that is 10 m by 4 m has a perimeter of 28 m.,A. True | B. False,A,True,
S64-B3-Q4,2379,64,BACKWARD 3,4,3.MD.D.8,mc,"A triangle has sides of 5 cm, 6 cm, and 7 cm. What is its perimeter?",A. 11 cm | B. 18 cm | C. 30 cm | D. 210 cm,B,18 cm,
S64-B3-Q5,2380,64,BACKWARD 3,5,3.MD.D.8,sa,A rectangle is 12 ft long and 5 ft wide. What is its perimeter?,,,34 feet,
S64-F1-Q1,2382,64,FORWARD 1,1,7.NS.A.1.c,sa,"A side of a polygon goes from (-2.5, 3) to (4, 3). How long is the side?",,,6.5 units,
S64-F1-Q2,2383,64,FORWARD 1,2,7.NS.A.1.c,sa,"A rectangle has vertices at (-1.5, 2), (3.5, 2), (3.5, -1), and (-1.5, -1). What is its perimeter?",,,16 units,
S64-F1-Q3,2384,64,FORWARD 1,3,7.NS.A.1.c,mc,"How long is the segment from (0, -3 1/2) to (0, 1 1/4)?",A. -4 3/4 | B. 2 1/4 | C. 4 3/4 | D. 5 1/4,C,4 3/4,
S64-F1-Q4,2385,64,FORWARD 1,4,7.NS.A.1.c,sa,"A square has vertices at (-2.5, -2.5), (2.5, -2.5), (2.5, 2.5), and (-2.5, 2.5). What is the length of one side?",,,5 units,
S64-F1-Q5,2386,64,FORWARD 1,5,7.NS.A.1.c,tf,"The segment from (-4.2, 1) to (1.8, 1) is 6 units long.",A. True | B. False,A,True,
S64-F2-Q1,2388,64,FORWARD 2,1,8.G.B.8,sa,"A triangle has vertices at (0, 0), (6, 0), and (6, 8). How long is the slanted side?",,,10 units,
S64-F2-Q2,2389,64,FORWARD 2,2,8.G.B.8,sa,Find the length of side AC.,,,5 units,
S64-F2-Q3,2390,64,FORWARD 2,3,8.G.B.8,mc,"A parallelogram has a side from (1, 1) to (4, 5). How long is that side?",A. 3 | B. 5 | C. 7 | D. 25,B,5,
S64-F2-Q4,2391,64,FORWARD 2,4,8.G.B.8,sa,"Find the perimeter of the triangle with vertices (0, 0), (5, 0), and (0, 12).",,,30 units,
S64-F2-Q5,2392,64,FORWARD 2,5,8.G.B.8,tf,"The side from (-2, 3) to (4, -5) is 10 units long.",A. True | B. False,A,True,
S65-M-Q1,2395,65,MAIN,1,6.G.A.4,mc,What three-dimensional figure does the net form?,A. Triangular prism | B. Rectangular prism | C. Square pyramid | D. Cube,B,Rectangular prism,
S65-M-Q2,2396,65,MAIN,2,6.G.A.4,mc,What three-dimensional figure does the net form?,A. Cube | B. Triangular pyramid | C. Square pyramid | D. Triangular prism,C,Square pyramid,
S65-M-Q3,2397,65,MAIN,3,6.G.A.4,mc,What three-dimensional figure does the net form?,A. Rectangular prism | B. Triangular prism | C. Cube | D. Square pyramid,C,Cube,
S65-M-Q4,2398,65,MAIN,4,6.G.A.4,mc,What three-dimensional figure does the net form?,A. Triangular prism | B. Triangular pyramid | C. Square pyramid | D. Rectangular prism,A,Triangular prism,
S65-M-Q5,2399,65,MAIN,5,6.G.A.4,mc,What three-dimensional figure does the net form?,A. Cube | B. Square pyramid | C. Triangular pyramid | D. Triangular prism,C,Triangular pyramid,
S65-B1-Q1,2401,65,BACKWARD 1,1,2.G.A.1,sa,How many faces does a cube have?,,,6,
S65-B1-Q2,2402,65,BACKWARD 1,2,2.G.A.1,mc,How many faces does a rectangular prism have?,A. 4 | B. 6 | C. 8 | D. 12,B,6,
S65-B1-Q3,2403,65,BACKWARD 1,3,2.G.A.1,tf,A square pyramid has 5 faces.,A. True | B. False,A,True,
S65-B1-Q4,2404,65,BACKWARD 1,4,2.G.A.1,sa,How many faces does a triangular prism have?,,,5,
S65-B1-Q5,2405,65,BACKWARD 1,5,2.G.A.1,mc,How many triangular faces does a square pyramid have?,A. 1 | B. 3 | C. 4 | D. 5,C,4,
S65-B2-Q1,2407,65,BACKWARD 2,1,3.G.A.1,mc,What shape are the faces of a cube?,A. Triangles | B. Pentagons | C. Circles | D. Squares,D,Squares,
S65-B2-Q2,2408,65,BACKWARD 2,2,3.G.A.1,tf,Every square is also a rectangle.,A. True | B. False,A,True,
S65-B2-Q3,2409,65,BACKWARD 2,3,3.G.A.1,mc,What shape is the base of a square pyramid?,A. Square | B. Circle | C. Triangle | D. Rectangle that is not a square,A,Square,
S65-B2-Q4,2410,65,BACKWARD 2,4,3.G.A.1,tf,The two ends of a triangular prism are triangles.,A. True | B. False,A,True,
S65-B2-Q5,2411,65,BACKWARD 2,5,3.G.A.1,sa,What shape are the side faces of a triangular prism?,,,Rectangles,
S65-F1-Q1,2413,65,FORWARD 1,1,7.G.A.3,mc,A rectangular prism is sliced parallel to its base. What shape is the cross section?,A. Rectangle | B. Circle | C. Pentagon | D. Triangle,A,Rectangle,
S65-F1-Q2,2414,65,FORWARD 1,2,7.G.A.3,mc,A square pyramid is sliced parallel to its base. What shape is the cross section?,A. Square | B. Rectangle that is not a square | C. Circle | D. Triangle,A,Square,
S65-F1-Q3,2415,65,FORWARD 1,3,7.G.A.3,sa,"A cube is sliced through the middle, parallel to one face. What shape is the cross section?",,,A square,
S65-F1-Q4,2416,65,FORWARD 1,4,7.G.A.3,mc,A square pyramid is sliced vertically through its top vertex. What shape is the cross section?,A. Pentagon | B. Square | C. Rectangle | D. Triangle,D,Triangle,
S65-F1-Q5,2417,65,FORWARD 1,5,7.G.A.3,tf,A triangular prism sliced parallel to its triangular bases makes a triangle cross section.,A. True | B. False,A,True,
S65-F2-Q1,2419,65,FORWARD 2,1,8.G.C.9,sa,A net of a cylinder has two circles with a radius of 3 cm and a rectangle that is 8 cm tall. What is the volume of the cylinder in terms of π?,,,72π cubic cm,
S65-F2-Q2,2420,65,FORWARD 2,2,8.G.C.9,sa,A net of a cylinder has two circles with a radius of 5 in. and a rectangle that is 4 in. tall. What is the volume in terms of π?,,,100π cubic inches,
S65-F2-Q3,2421,65,FORWARD 2,3,8.G.C.9,mc,A net of a cylinder has circles with a diameter of 6 m. The rectangle is 10 m tall. What is the volume?,A. 30π cubic meters | B. 90π cubic meters | C. 360π cubic meters | D. 60π cubic meters,B,90π cubic meters,
S65-F2-Q4,2422,65,FORWARD 2,4,8.G.C.9,sa,A net of a cylinder has two circles with a radius of 2 ft and a rectangle that is 7 ft tall. What is the volume? Use 3.14 for π.,,,87.92 cubic feet,
S65-F2-Q5,2423,65,FORWARD 2,5,8.G.C.9,tf,"In the net of a cylinder, the height of the rectangle is the height of the cylinder.",A. True | B. False,A,True,
S66-M-Q1,2426,66,MAIN,1,6.G.A.4,sa,The net folds into a rectangular prism. What is the surface area of the prism?,,,52 square cm,
S66-M-Q2,2427,66,MAIN,2,6.G.A.4,sa,The net folds into a square pyramid. What is the surface area of the pyramid?,,,96 square meters,
S66-M-Q3,2428,66,MAIN,3,6.G.A.4,sa,The net folds into a cube. What is the surface area of the cube?,,,150 square inches,
S66-M-Q4,2429,66,MAIN,4,6.G.A.4,sa,The net folds into a triangular prism. What is the surface area of the prism?,,,132 square cm,
S66-M-Q5,2430,66,MAIN,5,6.G.A.4,sa,The net folds into a rectangular prism. What is the surface area of the prism?,,,72 square feet,
S66-B1-Q1,2432,66,BACKWARD 1,1,3.MD.C.7.b,sa,Find the area of the rectangle.,,,8 square cm,
S66-B1-Q2,2433,66,BACKWARD 1,2,3.MD.C.7.b,sa,A rectangle is 5 m by 7 m. What is its area?,,,35 square meters,
S66-B1-Q3,2434,66,BACKWARD 1,3,3.MD.C.7.b,tf,A rectangle that is 3 units by 6 units has an area of 18 square units.,A. True | B. False,A,True,
S66-B1-Q4,2435,66,BACKWARD 1,4,3.MD.C.7.b,mc,A rectangle is 6 m by 2 m. What is its area?,A. 8 square meters | B. 12 square meters | C. 16 square meters | D. 24 square meters,B,12 square meters,
S66-B1-Q5,2436,66,BACKWARD 1,5,3.MD.C.7.b,sa,A square face has 5-inch edges. What is its area?,,,25 square inches,
S66-B2-Q1,2438,66,BACKWARD 2,1,6.G.A.1,sa,Find the area of the triangle.,,,15 square meters,
S66-B2-Q2,2439,66,BACKWARD 2,2,6.G.A.1,sa,A triangle has a base of 8 cm and a height of 3 cm. What is its area?,,,12 square cm,
S66-B2-Q3,2440,66,BACKWARD 2,3,6.G.A.1,tf,A triangle with a base of 10 and a height of 4 has an area of 40 square units.,A. True | B. False,B,False,
S66-B2-Q4,2441,66,BACKWARD 2,4,6.G.A.1,mc,A right triangle has legs of 3 cm and 4 cm. What is its area?,A. 6 square cm | B. 7 square cm | C. 10 square cm | D. 12 square cm,A,6 square cm,
S66-B2-Q5,2442,66,BACKWARD 2,5,6.G.A.1,sa,Four triangles each have a base of 6 m and a height of 5 m. What is their total area?,,,60 square meters,
S66-B3-Q1,2444,66,BACKWARD 3,1,3.MD.C.7.d,sa,A figure is made of a 4-by-3 rectangle and a 4-by-2 rectangle that do not overlap. What is its total area?,,,20 square units,
S66-B3-Q2,2445,66,BACKWARD 3,2,3.MD.C.7.d,tf,A figure made of two 5-by-5 squares has an area of 50 square units.,A. True | B. False,A,True,
S66-B3-Q3,2446,66,BACKWARD 3,3,3.MD.C.7.d,mc,"A figure is made of rectangles with areas of 12, 8, and 6 square units. What is its total area?",A. 14 square units | B. 20 square units | C. 26 square units | D. 576 square units,C,26 square units,
S66-B3-Q4,2447,66,BACKWARD 3,4,3.MD.C.7.d,sa,Six squares each have an area of 9 square inches. What is their total area?,,,54 square inches,
S66-B3-Q5,2448,66,BACKWARD 3,5,3.MD.C.7.d,sa,"A figure is made of rectangles that are 2 by 6, 2 by 6, and 3 by 6. What is its total area?",,,42 square units,
S66-F1-Q1,2450,66,FORWARD 1,1,7.G.B.6,sa,A cube has edges of 2.5 cm. What is its surface area?,,,37.5 square cm,
S66-F1-Q2,2451,66,FORWARD 1,2,7.G.B.6,mc,A rectangular prism is 5 in. by 4 in. by 2.5 in. What is its surface area?,A. 42.5 square inches | B. 50 square inches | C. 65 square inches | D. 85 square inches,D,85 square inches,
S66-F1-Q3,2452,66,FORWARD 1,3,7.G.B.6,sa,A gift box is 8 in. by 6 in. by 4 in. How much wrapping paper covers the box exactly?,,,208 square inches,
S66-F1-Q4,2453,66,FORWARD 1,4,7.G.B.6,sa,"A box with no lid is 10 in. long, 4 in. wide, and 3 in. tall. How much cardboard is needed to make its 5 faces?",,,124 square inches,
S66-F1-Q5,2454,66,FORWARD 1,5,7.G.B.6,tf,The surface area of a prism is the sum of the areas of all of its faces.,A. True | B. False,A,True,
S66-F2-Q1,2456,66,FORWARD 2,1,8.G.B.7,sa,The square pyramid has a base edge of 10 cm and a height of 12 cm. What is its slant height s?,,,13 cm,
S66-F2-Q2,2457,66,FORWARD 2,2,8.G.B.7,sa,A box is 3 in. by 4 in. by 12 in. How long is the longest diagonal from one corner to the opposite corner?,,,13 inches,
S66-F2-Q3,2458,66,FORWARD 2,3,8.G.B.7,mc,A square pyramid has a base edge of 16 cm and a slant height of 10 cm. What is its height?,A. 6 cm | B. 8 cm | C. 12.8 cm | D. 18.9 cm,A,6 cm,
S66-F2-Q4,2459,66,FORWARD 2,4,8.G.B.7,sa,A cone has a radius of 5 in. and a slant height of 13 in. What is its height?,,,12 inches,
S66-F2-Q5,2460,66,FORWARD 2,5,8.G.B.7,tf,The bottom of a box is 6 in. by 8 in. The diagonal across the bottom is 10 in.,A. True | B. False,A,True,
S67-M-Q1,2463,67,MAIN,1,6.SP.A.1,mc,Which question is a statistical question?,A. How many hours did I sleep last night? | B. How many days are in a week? | C. What time does our school start? | D. How many hours of sleep do students in my class get each night?,D,How many hours of sleep do students in my class get each night?,
S67-M-Q2,2464,67,MAIN,2,6.SP.A.1,tf,"""How tall is the flagpole at our school?"" is a statistical question.",A. True | B. False,B,False,
S67-M-Q3,2465,67,MAIN,3,6.SP.A.1,mc,Which question is NOT a statistical question?,A. How much do the dogs at the shelter weigh? | B. What is the population of our city right now? | C. How long do students spend on homework each day? | D. How many pets do the students in grade 6 have?,B,What is the population of our city right now?,
S67-M-Q4,2466,67,MAIN,4,6.SP.A.1,tf,"""What are the ages of the teachers at our school?"" is a statistical question.",A. True | B. False,A,True,
S67-M-Q5,2467,67,MAIN,5,6.SP.A.1,mc,Which question is a statistical question?,A. How many minutes do the players on our team practice each week? | B. How many minutes are in an hour? | C. How many minutes did Coach Lee practice today? | D. How many players are on a soccer field at once?,A,How many minutes do the players on our team practice each week?,
S67-B1-Q1,2469,67,BACKWARD 1,1,3.MD.B.3,sa,The graph shows the favorite sports of a class. How many students chose basketball?,,,5,
S67-B1-Q2,2470,67,BACKWARD 1,2,3.MD.B.3,sa,The graph shows the favorite sports of a class. How many more students chose soccer than baseball?,,,4,
S67-B1-Q3,2471,67,BACKWARD 1,3,3.MD.B.3,mc,Which sport did 3 students choose?,A. Baseball | B. Tennis | C. Soccer | D. Basketball,A,Baseball,
S67-B1-Q4,2472,67,BACKWARD 1,4,3.MD.B.3,sa,The graph shows the favorite sports of a class. How many students answered in all?,,,16,
S67-B1-Q5,2473,67,BACKWARD 1,5,3.MD.B.3,tf,More students chose basketball than soccer.,A. True | B. False,B,False,
S67-B2-Q1,2475,67,BACKWARD 2,1,4.MD.B.4,sa,The line plot shows the heights of plants. How many plants are 1/2 inch tall?,,,3,
S67-B2-Q2,2476,67,BACKWARD 2,2,4.MD.B.4,sa,The line plot shows the heights of plants. How many plants were measured?,,,8,
S67-B2-Q3,2477,67,BACKWARD 2,3,4.MD.B.4,tf,The most common plant height is 3/4 inch.,A. True | B. False,B,False,
S67-B2-Q4,2478,67,BACKWARD 2,4,4.MD.B.4,mc,Which height appears least often?,A. 1/4 inch | B. 1/2 inch | C. 3/4 inch | D. 1 inch,C,3/4 inch,
S67-B2-Q5,2479,67,BACKWARD 2,5,4.MD.B.4,sa,What is the difference between the tallest and the shortest plant heights?,,,3/4 inch,
S67-F1-Q1,2481,67,FORWARD 1,1,7.SP.A.1,mc,A principal wants to know the favorite lunch of all 600 students. Which sample is most likely to represent all students?,A. The students on the soccer team | B. 50 students chosen at random from the whole school | C. The 30 students in one class | D. The first 50 students in line on pizza day,B,50 students chosen at random from the whole school,
S67-F1-Q2,2482,67,FORWARD 1,2,7.SP.A.1,tf,A random sample is more likely to represent a population than a sample of your friends.,A. True | B. False,A,True,
S67-F1-Q3,2483,67,FORWARD 1,3,7.SP.A.1,sa,"A reporter asks only basketball players, ""What is your favorite sport?"" Why is this sample biased?",,,"Only basketball players were asked, so the sample favors basketball and does not represent all people.",
S67-F1-Q4,2484,67,FORWARD 1,4,7.SP.A.1,mc,A random sample of 40 students out of 800 shows that 10 walk to school. About how many of the 800 students walk to school?,A. 10 | B. 40 | C. 80 | D. 200,D,200,
S67-F1-Q5,2485,67,FORWARD 1,5,7.SP.A.1,tf,Conclusions about a population from a sample are valid only if the sample represents the population.,A. True | B. False,A,True,
S67-F2-Q1,2487,67,FORWARD 2,1,8.SP.A.1,mc,What type of association does the scatter plot show?,A. No association | B. Nonlinear | C. Positive linear | D. Negative linear,C,Positive linear,
S67-F2-Q2,2488,67,FORWARD 2,2,8.SP.A.1,mc,What type of association does the scatter plot show?,A. Negative linear | B. Positive linear | C. No association | D. Nonlinear,A,Negative linear,
S67-F2-Q3,2489,67,FORWARD 2,3,8.SP.A.1,tf,A scatter plot shows data about two variables for each person or object.,A. True | B. False,A,True,
S67-F2-Q4,2490,67,FORWARD 2,4,8.SP.A.1,mc,Which question would be best answered with a scatter plot?,A. How many students ride the bus? | B. What is the most common eye color? | C. Is there a relationship between height and arm span? | D. What is the median age in the class?,C,Is there a relationship between height and arm span?,
S67-F2-Q5,2491,67,FORWARD 2,5,8.SP.A.1,sa,Which point is an outlier? Write its coordinates.,,,"(7, 55)",
S68-M-Q1,2494,68,MAIN,1,6.SP.A.2,mc,Which word best describes the shape of the data?,A. Uniform | B. Symmetric | C. Skewed left | D. Skewed right,B,Symmetric,
S68-M-Q2,2495,68,MAIN,2,6.SP.A.2,mc,Which word best describes the shape of the data?,A. Skewed left | B. Symmetric | C. Skewed right | D. Uniform,C,Skewed right,
S68-M-Q3,2496,68,MAIN,3,6.SP.A.2,mc,Which word best describes the shape of the data?,A. Symmetric | B. Skewed left | C. Skewed right | D. Uniform,B,Skewed left,
S68-M-Q4,2497,68,MAIN,4,6.SP.A.2,mc,Which word best describes the shape of the data in the histogram?,A. Skewed right | B. Skewed left | C. Uniform | D. Symmetric,D,Symmetric,
S68-M-Q5,2498,68,MAIN,5,6.SP.A.2,tf,The data are skewed right.,A. True | B. False,B,False,
S68-B1-Q1,2500,68,BACKWARD 1,1,4.MD.B.4,sa,How many ribbons are 1 foot long?,,,4,
S68-B1-Q2,2501,68,BACKWARD 1,2,4.MD.B.4,sa,How many ribbons are there in all?,,,10,
S68-B1-Q3,2502,68,BACKWARD 1,3,4.MD.B.4,tf,Two ribbons are 1/2 foot long.,A. True | B. False,A,True,
S68-B1-Q4,2503,68,BACKWARD 1,4,4.MD.B.4,mc,Which ribbon length is most common?,A. 1/2 foot | B. 1 foot | C. 1 1/2 feet | D. 2 feet,B,1 foot,
S68-B1-Q5,2504,68,BACKWARD 1,5,4.MD.B.4,sa,How many ribbons are longer than 1 foot?,,,4,
S68-B2-Q1,2506,68,BACKWARD 2,1,3.MD.B.3,mc,Which pet does the shelter have the most of?,A. Birds | B. Fish | C. Dogs | D. Cats,B,Fish,
S68-B2-Q2,2507,68,BACKWARD 2,2,3.MD.B.3,mc,Which pet does the shelter have the fewest of?,A. Dogs | B. Birds | C. Cats | D. Fish,B,Birds,
S68-B2-Q3,2508,68,BACKWARD 2,3,3.MD.B.3,tf,The shelter has more dogs than cats.,A. True | B. False,A,True,
S68-B2-Q4,2509,68,BACKWARD 2,4,3.MD.B.3,sa,How many more fish than birds are at the shelter?,,,15,
S68-B2-Q5,2510,68,BACKWARD 2,5,3.MD.B.3,tf,The tallest bar shows the smallest number.,A. True | B. False,B,False,
S68-F1-Q1,2512,68,FORWARD 1,1,7.SP.B.3,sa,About how many centimeters greater is the center of Garden B's plant heights?,,,About 6 cm,
S68-F1-Q2,2513,68,FORWARD 1,2,7.SP.B.3,tf,The two distributions have about the same shape and spread.,A. True | B. False,A,True,
S68-F1-Q3,2514,68,FORWARD 1,3,7.SP.B.3,mc,Which statement is true?,A. Garden B has more variability. | B. Garden A's plants are typically taller. | C. The distributions do not overlap. | D. The centers are equal.,C,The distributions do not overlap.,
S68-F1-Q4,2515,68,FORWARD 1,4,7.SP.B.3,sa,Garden A's mean height is 62 cm and Garden B's is 68 cm. Each has a MAD of about 1 cm. The difference in means is about how many times the MAD?,,,6,
S68-F1-Q5,2516,68,FORWARD 1,5,7.SP.B.3,mc,Two classes have mean scores of 78 and 84. Each has a MAD of 6. The difference in means is how many times the MAD?,A. 0.5 | B. 1 | C. 2 | D. 6,B,1,
S68-F2-Q1,2518,68,FORWARD 2,1,8.SP.A.1,mc,Which describes the pattern in the scatter plot?,A. Nonlinear | B. No association | C. Negative linear | D. Constant,A,Nonlinear,
S68-F2-Q2,2519,68,FORWARD 2,2,8.SP.A.1,mc,Is the pattern in the scatter plot linear or nonlinear?,A. Linear | B. Nonlinear,A,Linear,
S68-F2-Q3,2520,68,FORWARD 2,3,8.SP.A.1,tf,The pattern in the scatter plot is linear.,A. True | B. False,B,False,
S68-F2-Q4,2521,68,FORWARD 2,4,8.SP.A.1,sa,How many clusters does the scatter plot show?,,,2,
S68-F2-Q5,2522,68,FORWARD 2,5,8.SP.A.1,mc,Which describes the scatter plot?,A. Positive linear | B. Nonlinear | C. Negative linear | D. No association,D,No association,
S69-M-Q1,2525,69,MAIN,1,6.SP.A.2,sa,Around what value do most of the data cluster?,,,About 8 hours,
S69-M-Q2,2526,69,MAIN,2,6.SP.A.2,sa,The data are symmetric. What value is at the center of the distribution?,,,3,
S69-M-Q3,2527,69,MAIN,3,6.SP.A.2,mc,In which interval is the center of the data?,A. 0–9 | B. 10–19 | C. 20–29 | D. 30–39,B,10–19,
S69-M-Q4,2528,69,MAIN,4,6.SP.A.2,sa,What value is at the center of the heights?,,,62 inches,
S69-M-Q5,2529,69,MAIN,5,6.SP.A.2,tf,The center of the distribution is about 12.,A. True | B. False,B,False,
S69-B1-Q1,2531,69,BACKWARD 1,1,4.MD.B.4,sa,How many pencils are 4 inches long?,,,4,
S69-B1-Q2,2532,69,BACKWARD 1,2,4.MD.B.4,sa,How many pencils were measured?,,,11,
S69-B1-Q3,2533,69,BACKWARD 1,3,4.MD.B.4,tf,Three pencils are 3 1/2 inches long.,A. True | B. False,A,True,
S69-B1-Q4,2534,69,BACKWARD 1,4,4.MD.B.4,mc,Which pencil length is most common?,A. 3 inches | B. 3 1/2 inches | C. 4 inches | D. 5 inches,C,4 inches,
S69-B1-Q5,2535,69,BACKWARD 1,5,4.MD.B.4,sa,How many pencils are shorter than 4 inches?,,,4,
S69-B2-Q1,2537,69,BACKWARD 2,1,2.NBT.A.4,sa,"Order from least to greatest. 42, 24, 36, 18",,,"18, 24, 36, 42",
S69-B2-Q2,2538,69,BACKWARD 2,2,2.NBT.A.4,mc,Which number is greatest?,A. 53 | B. 299 | C. 305 | D. 350,D,350,
S69-B2-Q3,2539,69,BACKWARD 2,3,2.NBT.A.4,tf,"These numbers are in order from least to greatest: 12, 21, 19, 30",A. True | B. False,B,False,
S69-B2-Q4,2540,69,BACKWARD 2,4,2.NBT.A.4,sa,"Order from least to greatest. 105, 150, 115",,,"105, 115, 150",
S69-B2-Q5,2541,69,BACKWARD 2,5,2.NBT.A.4,mc,Which number is least?,A. 89 | B. 91 | C. 98 | D. 100,A,89,
S69-B3-Q1,2543,69,BACKWARD 3,1,2.MD.B.6,sa,What number is halfway between 10 and 20?,,,15,
S69-B3-Q2,2544,69,BACKWARD 3,2,2.MD.B.6,sa,What number is halfway between points A and B?,,,5,
S69-B3-Q3,2545,69,BACKWARD 3,3,2.MD.B.6,tf,The number halfway between 60 and 64 is 62.,A. True | B. False,A,True,
S69-B3-Q4,2546,69,BACKWARD 3,4,2.MD.B.6,mc,What number is halfway between 4 and 12?,A. 6 | B. 8 | C. 10 | D. 16,B,8,
S69-B3-Q5,2547,69,BACKWARD 3,5,2.MD.B.6,sa,What number is halfway between 0 and 18?,,,9,
S69-F1-Q1,2549,69,FORWARD 1,1,7.SP.B.4,mc,Class A has a median score of 82. Class B has a median score of 75. The variability is similar. Which statement is true?,A. The classes scored the same. | B. Class A typically scored higher. | C. Class B typically scored higher. | D. Class A's scores vary more.,B,Class A typically scored higher.,
S69-F1-Q2,2550,69,FORWARD 1,2,7.SP.B.4,sa,Random samples: Town A has a mean age of 34 years. Town B has a mean age of 42 years. What is the difference in mean ages?,,,8 years,
S69-F1-Q3,2551,69,FORWARD 1,3,7.SP.B.4,sa,"In random samples, 7th graders sleep a median of 8 hours, and 6th graders sleep a median of 9 hours. Which group typically sleeps more?",,,6th graders,
S69-F1-Q4,2552,69,FORWARD 1,4,7.SP.B.4,mc,Sample A has a mean of 12 and Sample B has a mean of 15. The samples have similar variability. Which conclusion is best?,A. The populations are the same. | B. Values in population A tend to be greater. | C. Values in population B tend to be greater. | D. No conclusion is possible.,C,Values in population B tend to be greater.,
S69-F1-Q5,2553,69,FORWARD 1,5,7.SP.B.4,tf,"To compare the centers of two populations, you can compare the medians of random samples.",A. True | B. False,A,True,
S69-F2-Q1,2555,69,FORWARD 2,1,8.SP.A.2,sa,Use the line of best fit to predict y when x = 6.,,,8,
S69-F2-Q2,2556,69,FORWARD 2,2,8.SP.A.2,sa,Use the line of best fit to predict y when x = 2.,,,4,
S69-F2-Q3,2557,69,FORWARD 2,3,8.SP.A.2,sa,Use the line of best fit to predict y when x = 4.,,,6,
S69-F2-Q4,2558,69,FORWARD 2,4,8.SP.A.2,mc,Which statement about a line of best fit is true?,A. It must pass through every point. | B. It shows the overall trend of the data. | C. It must pass through the origin. | D. It is always horizontal.,B,It shows the overall trend of the data.,
S69-F2-Q5,2559,69,FORWARD 2,5,8.SP.A.2,tf,A line of best fit usually has about the same number of points above it as below it.,A. True | B. False,A,True,
S70-M-Q1,2562,70,MAIN,1,6.SP.A.2,sa,What is the range of the data?,,,7 minutes,
S70-M-Q2,2563,70,MAIN,2,6.SP.A.2,sa,What is the range of the data?,,,6 pets,
S70-M-Q3,2564,70,MAIN,3,6.SP.A.2,mc,Which data set has the greater spread?,A. Data set A | B. Data set B | C. They have the same spread.,B,Data set B,
S70-M-Q4,2565,70,MAIN,4,6.SP.A.2,sa,What is the range of the jump lengths?,,,12 inches,
S70-M-Q5,2566,70,MAIN,5,6.SP.A.2,tf,Data set A has a range of 2.,A. True | B. False,A,True,
S70-B1-Q1,2568,70,BACKWARD 1,1,2.NBT.B.5,sa,The greatest value is 47. The least value is 18. What is the difference?,,,29,
S70-B1-Q2,2569,70,BACKWARD 1,2,2.NBT.B.5,sa,Subtract. 83 - 29,,,54,
S70-B1-Q3,2570,70,BACKWARD 1,3,2.NBT.B.5,tf,62 - 35 = 27,A. True | B. False,A,True,
S70-B1-Q4,2571,70,BACKWARD 1,4,2.NBT.B.5,mc,91 - 46 = ?,A. 45 | B. 47 | C. 55 | D. 137,A,45,
S70-B1-Q5,2572,70,BACKWARD 1,5,2.NBT.B.5,sa,What is the difference between 66 and 54?,,,12,
S70-B2-Q1,2574,70,BACKWARD 2,1,4.MD.B.4,sa,What is the longest ribbon length shown?,,,2 feet,
S70-B2-Q2,2575,70,BACKWARD 2,2,4.MD.B.4,sa,What is the shortest ribbon length shown?,,,1/2 foot,
S70-B2-Q3,2576,70,BACKWARD 2,3,4.MD.B.4,tf,The longest pencil is 5 inches.,A. True | B. False,A,True,
S70-B2-Q4,2577,70,BACKWARD 2,4,4.MD.B.4,mc,What is the shortest pencil length?,A. 3 inches | B. 3 1/2 inches | C. 4 inches | D. 5 inches,A,3 inches,
S70-B2-Q5,2578,70,BACKWARD 2,5,4.MD.B.4,sa,How many plants are 1 inch tall?,,,2,
S70-B3-Q1,2580,70,BACKWARD 3,1,2.NBT.A.4,sa,"What is the greatest number? 18, 81, 58, 85",,,85,
S70-B3-Q2,2581,70,BACKWARD 3,2,2.NBT.A.4,sa,"What is the least number? 204, 240, 402, 42",,,42,
S70-B3-Q3,2582,70,BACKWARD 3,3,2.NBT.A.4,tf,"The least number in the list 33, 30, 13, 31 is 13.",A. True | B. False,A,True,
S70-B3-Q4,2583,70,BACKWARD 3,4,2.NBT.A.4,mc,Which number is greatest?,A. 207 | B. 270 | C. 702 | D. 720,D,720,
S70-B3-Q5,2584,70,BACKWARD 3,5,2.NBT.A.4,sa,"What is the least number? 66, 56, 65, 60",,,56,
S70-F1-Q1,2586,70,FORWARD 1,1,7.SP.B.3,mc,Which data set has more variability?,A. Data set A | B. Data set B | C. They are the same.,B,Data set B,
S70-F1-Q2,2587,70,FORWARD 1,2,7.SP.B.3,sa,Class A's mean is 60 and Class B's mean is 66. Each class has a MAD of 3. The difference in means is how many times the MAD?,,,2,
S70-F1-Q3,2588,70,FORWARD 1,3,7.SP.B.3,tf,Two data sets with means of 50 and 56 and MADs of 3 have means that differ by 2 MADs.,A. True | B. False,A,True,
S70-F1-Q4,2589,70,FORWARD 1,4,7.SP.B.3,mc,Data set A has a mean of 20 and a MAD of 2. Data set B has a mean of 21 and a MAD of 6. Which statement is true?,A. The means differ by 3 MADs. | B. Data set A's values are more spread out. | C. Data set B's values are more spread out. | D. The data sets do not overlap.,C,Data set B's values are more spread out.,
S70-F1-Q5,2590,70,FORWARD 1,5,7.SP.B.3,sa,Two data sets have means of 8 and 14. Each has a MAD of 1.5. The difference in means is how many times the MAD?,,,4,
S70-F2-Q1,2592,70,FORWARD 2,1,8.SP.A.2,tf,The line is a good fit for the data.,A. True | B. False,A,True,
S70-F2-Q2,2593,70,FORWARD 2,2,8.SP.A.2,tf,The line is a good fit for the data.,A. True | B. False,B,False,
S70-F2-Q3,2594,70,FORWARD 2,3,8.SP.A.2,mc,Which is a sign of a good line of best fit?,A. The line goes through only one point. | B. All points are below the line. | C. Points are close to the line on both sides. | D. All points are above the line.,C,Points are close to the line on both sides.,
S70-F2-Q4,2595,70,FORWARD 2,4,8.SP.A.2,tf,The line is a good fit for the data.,A. True | B. False,B,False,
S70-F2-Q5,2596,70,FORWARD 2,5,8.SP.A.2,sa,Which point is farthest from the line? Write its coordinates.,,,"(4, 10)",
S71-M-Q1,2599,71,MAIN,1,6.SP.A.3,mc,Which measure describes the center of a data set?,A. Interquartile range | B. Mean absolute deviation | C. Median | D. Range,C,Median,
S71-M-Q2,2600,71,MAIN,2,6.SP.A.3,mc,Which measure describes how much the values in a data set vary?,A. Mean | B. The middle value | C. Median | D. Interquartile range,D,Interquartile range,
S71-M-Q3,2601,71,MAIN,3,6.SP.A.3,tf,A measure of center summarizes all of the values in a data set with a single number.,A. True | B. False,A,True,
S71-M-Q4,2602,71,MAIN,4,6.SP.A.3,tf,A measure of variation describes how the values in a data set vary with a single number.,A. True | B. False,A,True,
S71-M-Q5,2603,71,MAIN,5,6.SP.A.3,mc,Which measure is a measure of variation?,A. Median | B. Mean | C. Mean absolute deviation | D. The middle value,C,Mean absolute deviation,
S71-B1-Q1,2605,71,BACKWARD 1,1,4.MD.B.4,sa,The line plot shows shell lengths. How many shells are 1 1/2 inches long?,,,4,
S71-B1-Q2,2606,71,BACKWARD 1,2,4.MD.B.4,sa,The line plot shows shell lengths. How many shells are there in all?,,,11,
S71-B1-Q3,2607,71,BACKWARD 1,3,4.MD.B.4,tf,Three shells are 2 inches long.,A. True | B. False,A,True,
S71-B1-Q4,2608,71,BACKWARD 1,4,4.MD.B.4,mc,Which shell length is most common?,A. 1 inch | B. 1 1/2 inches | C. 2 inches | D. 2 1/2 inches,B,1 1/2 inches,
S71-B1-Q5,2609,71,BACKWARD 1,5,4.MD.B.4,sa,What is the total length of the 2-inch shells?,,,6 inches,
S71-B2-Q1,2611,71,BACKWARD 2,1,5.MD.B.2,sa,"Three friends have 4, 6, and 8 stickers. They share all of the stickers equally. How many stickers does each friend get?",,,6 stickers,
S71-B2-Q2,2612,71,BACKWARD 2,2,5.MD.B.2,sa,"Four jars hold 2, 3, 5, and 6 liters of water. The water is shared equally among the jars. How much water is in each jar?",,,4 liters,
S71-B2-Q3,2613,71,BACKWARD 2,3,5.MD.B.2,tf,"Cups holding 1, 2, and 3 liters are shared equally. Each cup then holds 2 liters.",A. True | B. False,A,True,
S71-B2-Q4,2614,71,BACKWARD 2,4,5.MD.B.2,mc,"Five friends collected 3, 5, 6, 7, and 9 cans. They share the cans equally. How many cans does each friend get?",A. 5 | B. 6 | C. 7 | D. 30,B,6,
S71-B2-Q5,2615,71,BACKWARD 2,5,5.MD.B.2,sa,Two bottles hold 1/4 liter and 3/4 liter. The juice is shared equally between the bottles. How much juice is in each bottle?,,,1/2 liter,
S71-B3-Q1,2617,71,BACKWARD 3,1,2.NBT.B.5,sa,Subtract. 76 - 38,,,38,
S71-B3-Q2,2618,71,BACKWARD 3,2,2.NBT.B.5,sa,The highest score is 95 and the lowest is 58. What is the difference?,,,37,
S71-B3-Q3,2619,71,BACKWARD 3,3,2.NBT.B.5,tf,100 - 47 = 53,A. True | B. False,A,True,
S71-B3-Q4,2620,71,BACKWARD 3,4,2.NBT.B.5,mc,84 - 29 = ?,A. 45 | B. 55 | C. 65 | D. 113,B,55,
S71-B3-Q5,2621,71,BACKWARD 3,5,2.NBT.B.5,sa,Subtract. 62 - 17,,,45,
S71-F1-Q1,2623,71,FORWARD 1,1,7.SP.B.4,mc,Class A has a median score of 82 and an IQR of 10. Class B has a median score of 75 and an IQR of 10. Which statement is true?,A. Class A typically scored higher. | B. Class A's scores vary more. | C. Class B typically scored higher. | D. The classes scored the same.,A,Class A typically scored higher.,
S71-F1-Q2,2624,71,FORWARD 1,2,7.SP.B.4,tf,Two samples have the same median. The sample with the greater IQR has more variability.,A. True | B. False,A,True,
S71-F1-Q3,2625,71,FORWARD 1,3,7.SP.B.4,mc,Which measure is best for comparing the variability of two samples?,A. IQR | B. Sample size | C. Median | D. Mean,A,IQR,
S71-F1-Q4,2626,71,FORWARD 1,4,7.SP.B.4,sa,"Sample A: mean 40, MAD 2. Sample B: mean 40, MAD 7. Which sample has values that vary more?",,,Sample B,
S71-F1-Q5,2627,71,FORWARD 1,5,7.SP.B.4,sa,Store A's daily sales have a median of $520. Store B's have a median of $610. Their IQRs are similar. Which store typically has greater daily sales?,,,Store B,
S71-F2-Q1,2629,71,FORWARD 2,1,8.SP.A.3,sa,The model y = 2.5x + 40 predicts a test score y after x hours of study. What does the slope 2.5 mean?,,,Each additional hour of study adds 2.5 points to the predicted score.,
S71-F2-Q2,2630,71,FORWARD 2,2,8.SP.A.3,mc,The model y = 3x + 12 gives a plant's height y (cm) after x weeks. What does 12 represent?,A. The number of weeks | B. The height at week 0 | C. The height after 12 weeks | D. The growth per week,B,The height at week 0,
S71-F2-Q3,2631,71,FORWARD 2,3,8.SP.A.3,tf,"In the model y = -0.5x + 30, y decreases by 0.5 for each increase of 1 in x.",A. True | B. False,A,True,
S71-F2-Q4,2632,71,FORWARD 2,4,8.SP.A.3,sa,The model y = 1.2x + 5 gives the length y (cm) of a fish at x months old. What does 5 represent?,,,The fish's length at 0 months: it starts at 5 cm.,
S71-F2-Q5,2633,71,FORWARD 2,5,8.SP.A.3,mc,"In the model y = 45x + 200, what does 45 represent if y is dollars saved after x weeks?",A. Total savings | B. Starting savings | C. Number of weeks | D. Dollars saved per week,D,Dollars saved per week,
S72-M-Q1,2636,72,MAIN,1,6.SP.B.4,plot,"Data: 2, 4, 4, 5, 7, 7, 7, 9 Make a dot plot of the data on the number line.",,,"Dot plot: 1 dot at 2, 2 dots at 4, 1 dot at 5, 3 dots at 7, 1 dot at 9",
S72-M-Q2,2637,72,MAIN,2,6.SP.B.4,plot,"Number of pets: 0, 1, 1, 2, 2, 2, 3, 5 Make a dot plot of the data on the number line.",,,"Dot plot: 1 dot at 0, 2 dots at 1, 3 dots at 2, 1 dot at 3, 1 dot at 5",
S72-M-Q3,2638,72,MAIN,3,6.SP.B.4,plot,"Quiz scores: 6, 7, 7, 8, 8, 8, 9, 10, 10 Make a dot plot of the data on the number line.",,,"Dot plot: 1 dot at 6, 2 dots at 7, 3 dots at 8, 1 dot at 9, 2 dots at 10",
S72-M-Q4,2639,72,MAIN,4,6.SP.B.4,plot,"Ribbon lengths (feet): 1/2, 1, 1, 1 1/2, 2, 1 Make a dot plot of the data on the number line.",,,"Dot plot: 1 dot at 1/2, 3 dots at 1, 1 dot at 1 1/2, 1 dot at 2",
S72-M-Q5,2640,72,MAIN,5,6.SP.B.4,plot,"Hours of sleep: 7, 8, 9, 8, 10, 7, 8 Make a dot plot of the data on the number line.",,,"Dot plot: 2 dots at 7, 3 dots at 8, 1 dot at 9, 1 dot at 10",
S72-B1-Q1,2642,72,BACKWARD 1,1,2.MD.D.9,sa,"Lengths (inches): 3, 4, 4, 5, 4 In a line plot, how many marks are drawn at 4?",,,3,
S72-B1-Q2,2643,72,BACKWARD 1,2,2.MD.D.9,plot,"Lengths (cm): 2, 3, 3, 5 Make a line plot of the lengths.",,,"Line plot: 1 mark at 2, 2 marks at 3, 1 mark at 5",
S72-B1-Q3,2644,72,BACKWARD 1,3,2.MD.D.9,tf,"In a line plot of 6, 6, 7, 9, there are two marks above 6.",A. True | B. False,A,True,
S72-B1-Q4,2645,72,BACKWARD 1,4,2.MD.D.9,mc,"Which number line is best for a line plot of 12, 14, 15, 15?",A. A number line from 0 to 100 by tens | B. A number line from 20 to 30 | C. A number line from 10 to 16 | D. A number line from 0 to 5,C,A number line from 10 to 16,
S72-B1-Q5,2646,72,BACKWARD 1,5,2.MD.D.9,sa,"Lengths (feet): 8, 9, 9, 9, 11 Which value gets the most marks?",,,9,
S72-B2-Q1,2648,72,BACKWARD 2,1,4.MD.B.4,sa,"Lengths (inches): 1/2, 1, 1, 1 1/2, 1, 1/2 In a line plot, how many X's are drawn at 1?",,,3,
S72-B2-Q2,2649,72,BACKWARD 2,2,4.MD.B.4,tf,"In a line plot of 2, 2 1/2, 2 1/2, 3, there are two X's above 2 1/2.",A. True | B. False,A,True,
S72-B2-Q3,2650,72,BACKWARD 2,3,4.MD.B.4,mc,"Which number line would you use for these lengths? 1/4, 1/2, 3/4, 1/2",A. A number line from 0 to 10 marked in ones | B. A number line from 0 to 100 marked in tens | C. A number line from 1 to 2 marked in halves | D. A number line from 0 to 1 marked in fourths,D,A number line from 0 to 1 marked in fourths,
S72-B2-Q4,2651,72,BACKWARD 2,4,4.MD.B.4,plot,"Lengths (inches): 1/4, 1/2, 1/2, 3/4 Make a line plot of the lengths.",,,"Line plot: 1 X at 1/4, 2 X's at 1/2, 1 X at 3/4",
S72-B2-Q5,2652,72,BACKWARD 2,5,4.MD.B.4,tf,A line plot shows each data value as a mark above a number line.,A. True | B. False,A,True,
S72-B3-Q1,2654,72,BACKWARD 3,1,2.NBT.A.4,sa,"Order from least to greatest. 7, 2, 9, 4, 4",,,"2, 4, 4, 7, 9",
S72-B3-Q2,2655,72,BACKWARD 3,2,2.NBT.A.4,mc,Which list is in order from least to greatest?,"A. 6, 7, 8, 10 | B. 10, 8, 7, 6 | C. 7, 6, 8, 10 | D. 6, 8, 7, 10",A,"6, 7, 8, 10",
S72-B3-Q3,2656,72,BACKWARD 3,3,2.NBT.A.4,tf,"These numbers are in order from least to greatest: 1, 2, 5, 3",A. True | B. False,B,False,
S72-B3-Q4,2657,72,BACKWARD 3,4,2.NBT.A.4,sa,"What are the least and greatest values? 8, 10, 7, 9, 7",,,Least: 7; Greatest: 10,
S72-B3-Q5,2658,72,BACKWARD 3,5,2.NBT.A.4,mc,Which number is least?,A. 0 | B. 1 | C. 2 | D. 5,A,0,
S72-F1-Q1,2660,72,FORWARD 1,1,7.SP.B.3,sa,About how many points greater is the center of Class A's scores than Class B's?,,,About 3 points,
S72-F1-Q2,2661,72,FORWARD 1,2,7.SP.B.3,tf,The two dot plots overlap.,A. True | B. False,A,True,
S72-F1-Q3,2662,72,FORWARD 1,3,7.SP.B.3,mc,Which statement is true?,A. Class B has more variability. | B. The medians are equal. | C. Class B's scores are typically higher. | D. Class A's scores are typically higher.,D,Class A's scores are typically higher.,
S72-F1-Q4,2663,72,FORWARD 1,4,7.SP.B.3,sa,What is the range of each class's scores?,,,Class A: 3; Class B: 3,
S72-F1-Q5,2664,72,FORWARD 1,5,7.SP.B.3,tf,Data set A and data set B have the same median.,A. True | B. False,A,True,
S72-F2-Q1,2666,72,FORWARD 2,1,8.SP.A.1,plot,Make a scatter plot of the data.,,,"Scatter plot with points (1, 60), (2, 65), (3, 75), (4, 80), (5, 90)",
S72-F2-Q2,2667,72,FORWARD 2,2,8.SP.A.1,plot,Make a scatter plot of the data.,,,"Scatter plot with points (2, 34), (4, 40), (6, 46), (8, 50)",
S72-F2-Q3,2668,72,FORWARD 2,3,8.SP.A.1,mc,A scatter plot shows age on the x-axis and height on the y-axis. A 10-year-old is 54 inches tall. Which point shows this person?,"A. (54, 10) | B. (54, 54) | C. (10, 10) | D. (10, 54)",D,"(10, 54)",
S72-F2-Q4,2669,72,FORWARD 2,4,8.SP.A.1,plot,Make a scatter plot of the data.,,,"Scatter plot with points (1, 9), (2, 7), (3, 4), (4, 2)",
S72-F2-Q5,2670,72,FORWARD 2,5,8.SP.A.1,tf,"To make a scatter plot of height and arm span, each person is shown as one point.",A. True | B. False,A,True,
S73-M-Q1,2673,73,MAIN,1,6.SP.B.4,plot,"Books read: 3, 12, 15, 8, 22, 17, 25, 11, 31, 19 Make a histogram of the data.",,,Histogram bars: 0–9: 2; 10–19: 5; 20–29: 2; 30–39: 1,
S73-M-Q2,2674,73,MAIN,2,6.SP.B.4,plot,"Heights (in.): 52, 58, 61, 55, 63, 57, 66, 60, 54, 59 Make a histogram of the data.",,,Histogram bars: 50–54: 2; 55–59: 4; 60–64: 3; 65–69: 1,
S73-M-Q3,2675,73,MAIN,3,6.SP.B.4,plot,"Ages: 11, 12, 12, 13, 14, 14, 14, 15, 16, 17, 19 Make a histogram of the data.",,,Histogram bars: 10–11: 1; 12–13: 3; 14–15: 4; 16–17: 2; 18–19: 1,
S73-M-Q4,2676,73,MAIN,4,6.SP.B.4,plot,"Minutes of exercise: 5, 18, 22, 25, 30, 34, 41, 45, 12, 28 Make a histogram of the data.",,,Histogram bars: 0–15: 2; 16–31: 5; 32–47: 3,
S73-M-Q5,2677,73,MAIN,5,6.SP.B.4,plot,"Test scores: 62, 75, 78, 81, 84, 88, 90, 93, 95, 71, 86, 79 Make a histogram of the data.",,,Histogram bars: 60–69: 1; 70–79: 4; 80–89: 4; 90–99: 3,
S73-B1-Q1,2679,73,BACKWARD 1,1,3.MD.B.3,plot,"Draw a bar graph: Red 4, Blue 6, Green 2.",,,"Bar graph bars: Red 4, Blue 6, Green 2",
S73-B1-Q2,2680,73,BACKWARD 1,2,3.MD.B.3,sa,"On a bar graph, the bar for ""Cats"" ends at 5 on a scale that counts by 1s. How many cats does the bar show?",,,5,
S73-B1-Q3,2681,73,BACKWARD 1,3,3.MD.B.3,tf,"On a bar graph with a scale of 2, a bar that stops halfway between 6 and 8 shows 7.",A. True | B. False,A,True,
S73-B1-Q4,2682,73,BACKWARD 1,4,3.MD.B.3,mc,A bar graph has a scale that counts by 5s. A bar shows 20. How many grid lines tall is the bar?,A. 4 | B. 5 | C. 15 | D. 20,A,4,
S73-B1-Q5,2683,73,BACKWARD 1,5,3.MD.B.3,plot,"Draw a bar graph: Apples 3, Pears 1, Plums 5.",,,"Bar graph bars: Apples 3, Pears 1, Plums 5",
S73-B2-Q1,2685,73,BACKWARD 2,1,2.NBT.A.4,mc,Which interval contains 17?,A. 0–9 | B. 10–19 | C. 20–29 | D. 30–39,B,10–19,
S73-B2-Q2,2686,73,BACKWARD 2,2,2.NBT.A.4,tf,25 is in the interval 20–29.,A. True | B. False,A,True,
S73-B2-Q3,2687,73,BACKWARD 2,3,2.NBT.A.4,sa,"Data: 3, 12, 15, 18, 22 How many of the numbers are in the interval 10–19?",,,3,
S73-B2-Q4,2688,73,BACKWARD 2,4,2.NBT.A.4,mc,Which number is in the interval 30–39?,A. 3 | B. 29 | C. 34 | D. 40,C,34,
S73-B2-Q5,2689,73,BACKWARD 2,5,2.NBT.A.4,tf,19 is in the interval 20–29.,A. True | B. False,B,False,
S73-B3-Q1,2691,73,BACKWARD 3,1,1.MD.C.4,sa,"Data: cat, dog, cat, fish, dog, cat How many answers are ""cat""?",,,3,
S73-B3-Q2,2692,73,BACKWARD 3,2,1.MD.C.4,tf,"Data: red, blue, red, red. There are 3 answers of ""red.""",A. True | B. False,A,True,
S73-B3-Q3,2693,73,BACKWARD 3,3,1.MD.C.4,mc,"Data: A, B, A, C, A, B Which category has the most?",A. A | B. B | C. C,A,A,
S73-B3-Q4,2694,73,BACKWARD 3,4,1.MD.C.4,sa,"Data: yes, no, yes, yes, no How many more ""yes"" answers than ""no"" answers are there?",,,1,
S73-B3-Q5,2695,73,BACKWARD 3,5,1.MD.C.4,sa,"Data: 3, 7, 12, 14, 18 How many numbers are less than 10?",,,2,
S73-F1-Q1,2697,73,FORWARD 1,1,7.SP.B.4,mc,Which sample tends to have greater values?,A. Sample A | B. Sample B | C. They are the same.,B,Sample B,
S73-F1-Q2,2698,73,FORWARD 1,2,7.SP.B.4,mc,In which interval is the median of Sample A?,A. 0–4 | B. 5–9 | C. 10–14 | D. 15–19,B,5–9,
S73-F1-Q3,2699,73,FORWARD 1,3,7.SP.B.4,sa,How many values are in each sample?,,,12 values in each sample,
S73-F1-Q4,2700,73,FORWARD 1,4,7.SP.B.4,tf,Sample B has more values from 15 to 19 than Sample A.,A. True | B. False,A,True,
S73-F1-Q5,2701,73,FORWARD 1,5,7.SP.B.4,mc,In which interval is the median of Sample B?,A. 0–4 | B. 5–9 | C. 10–14 | D. 15–19,C,10–14,
S73-F2-Q1,2703,73,FORWARD 2,1,8.SP.A.1,sa,Make a scatter plot of the data. Describe the association between temperature and drinks sold.,,,"Points plotted at (60, 20), (70, 35), (75, 40), (85, 55), (90, 65). Positive association: as the temperature increases, more drinks are sold.",
S73-F2-Q2,2704,73,FORWARD 2,2,8.SP.A.1,plot,Make a scatter plot of the data.,,,"Points plotted at (50, 49), (54, 55), (58, 57), (62, 63)",
S73-F2-Q3,2705,73,FORWARD 2,3,8.SP.A.1,mc,A data set gives the height and the shoe size of 20 students. Which display shows how the two variables are related?,A. Dot plot | B. Scatter plot | C. Box plot | D. Histogram,B,Scatter plot,
S73-F2-Q4,2706,73,FORWARD 2,4,8.SP.A.1,tf,"A histogram displays one numerical variable, while a scatter plot displays two numerical variables for each person or object.",A. True | B. False,A,True,
S73-F2-Q5,2707,73,FORWARD 2,5,8.SP.A.1,sa,Make a scatter plot of the data. Which point does not fit the pattern?,,,"Points plotted at (1, 62), (2, 68), (3, 40), (4, 80), (5, 86). The point (3, 40) does not fit the pattern.",
S74-M-Q1,2710,74,MAIN,1,6.SP.B.4,plot,"Data: 3, 5, 7, 8, 10, 12, 15 Make a box plot of the data on the number line.",,,"Box plot: minimum 3, Q1 5, median 8, Q3 12, maximum 15",
S74-M-Q2,2711,74,MAIN,2,6.SP.B.4,plot,"Data: 12, 14, 15, 18, 20, 21, 25, 28 Make a box plot of the data on the number line.",,,"Box plot: minimum 12, Q1 14.5, median 19, Q3 23, maximum 28",
S74-M-Q3,2712,74,MAIN,3,6.SP.B.4,plot,"Data: 40, 45, 45, 50, 55, 60, 70 Make a box plot of the data on the number line.",,,"Box plot: minimum 40, Q1 45, median 50, Q3 60, maximum 70",
S74-M-Q4,2713,74,MAIN,4,6.SP.B.4,plot,"Data: 2, 4, 4, 5, 6, 8, 9, 11, 12 Make a box plot of the data on the number line.",,,"Box plot: minimum 2, Q1 4, median 6, Q3 10, maximum 12",
S74-M-Q5,2714,74,MAIN,5,6.SP.B.4,plot,"Data: 21, 23, 24, 26, 28, 30, 31, 35 Make a box plot of the data on the number line.",,,"Box plot: minimum 21, Q1 23.5, median 27, Q3 30.5, maximum 35",
S74-B1-Q1,2716,74,BACKWARD 1,1,2.NBT.A.4,sa,"Order from least to greatest. 15, 8, 23, 4, 16",,,"4, 8, 15, 16, 23",
S74-B1-Q2,2717,74,BACKWARD 1,2,2.NBT.A.4,mc,Which list is in order from least to greatest?,"A. 27, 21, 12, 7 | B. 7, 21, 12, 27 | C. 12, 7, 21, 27 | D. 7, 12, 21, 27",D,"7, 12, 21, 27",
S74-B1-Q3,2718,74,BACKWARD 1,3,2.NBT.A.4,tf,"These numbers are in order from least to greatest: 30, 33, 31, 35",A. True | B. False,B,False,
S74-B1-Q4,2719,74,BACKWARD 1,4,2.NBT.A.4,sa,"Order from least to greatest. 62, 26, 60, 20, 66",,,"20, 26, 60, 62, 66",
S74-B1-Q5,2720,74,BACKWARD 1,5,2.NBT.A.4,mc,Which number is least?,A. 108 | B. 118 | C. 180 | D. 801,A,108,
S74-B2-Q1,2722,74,BACKWARD 2,1,2.MD.B.6,sa,What number is halfway between 12 and 18?,,,15,
S74-B2-Q2,2723,74,BACKWARD 2,2,2.MD.B.6,sa,What number is halfway between points A and B?,,,25,
S74-B2-Q3,2724,74,BACKWARD 2,3,2.MD.B.6,tf,The number halfway between 40 and 50 is 45.,A. True | B. False,A,True,
S74-B2-Q4,2725,74,BACKWARD 2,4,2.MD.B.6,mc,What number is halfway between 6 and 10?,A. 4 | B. 7 | C. 8 | D. 16,C,8,
S74-B2-Q5,2726,74,BACKWARD 2,5,2.MD.B.6,sa,What number is halfway between 0 and 30?,,,15,
S74-B3-Q1,2728,74,BACKWARD 3,1,4.MD.A.2,sa,What number is at point A?,,,65,
S74-B3-Q2,2729,74,BACKWARD 3,2,4.MD.A.2,sa,What number is at point B?,,,34,
S74-B3-Q3,2730,74,BACKWARD 3,3,4.MD.A.2,tf,Point C is at 12.,A. True | B. False,A,True,
S74-B3-Q4,2731,74,BACKWARD 3,4,4.MD.A.2,mc,What number is at point D?,A. 150 | B. 170 | C. 175 | D. 180,C,175,
S74-B3-Q5,2732,74,BACKWARD 3,5,4.MD.A.2,sa,What number is at point E?,,,450,
S74-B4-Q1,2734,74,BACKWARD 4,1,6.SP.B.5.c,sa,"Find the median. 3, 5, 7, 8, 10, 12, 15",,,8,
S74-B4-Q2,2735,74,BACKWARD 4,2,6.SP.B.5.c,sa,"Find the median. 12, 14, 15, 18, 20, 21, 25, 28",,,19,
S74-B4-Q3,2736,74,BACKWARD 4,3,6.SP.B.5.c,tf,"The median of 40, 45, 45, 50, 55, 60, 70 is 50.",A. True | B. False,A,True,
S74-B4-Q4,2737,74,BACKWARD 4,4,6.SP.B.5.c,mc,"What is the median of 2, 4, 4, 5, 6, 8, 9, 11, 12?",A. 5 | B. 6 | C. 7 | D. 8,B,6,
S74-B4-Q5,2738,74,BACKWARD 4,5,6.SP.B.5.c,sa,"Find the median of the lower half. 3, 5, 7",,,5,
S74-F1-Q1,2740,74,FORWARD 1,1,7.SP.B.4,mc,Which class has the greater median score?,A. Class A | B. Class B | C. They are the same.,A,Class A,
S74-F1-Q2,2741,74,FORWARD 1,2,7.SP.B.4,mc,By how many points do the medians differ?,A. 3 | B. 5 | C. 8 | D. 15,C,8,
S74-F1-Q3,2742,74,FORWARD 1,3,7.SP.B.4,sa,What is the interquartile range of Class A's scores?,,,15,
S74-F1-Q4,2743,74,FORWARD 1,4,7.SP.B.4,tf,At least half of Class A scored 78 or higher.,A. True | B. False,A,True,
S74-F1-Q5,2744,74,FORWARD 1,5,7.SP.B.4,sa,Which class had the highest single score?,,,Class A,
S74-F2-Q1,2746,74,FORWARD 2,1,8.SP.A.1,sa,Which point is an outlier? Write its coordinates.,,,"(6, 20)",
S74-F2-Q2,2747,74,FORWARD 2,2,8.SP.A.1,sa,Which point is an outlier? Write its coordinates.,,,"(5, 9.5)",
S74-F2-Q3,2748,74,FORWARD 2,3,8.SP.A.1,mc,Which describes the scatter plot?,A. A single outlier | B. A strong positive association | C. No pattern | D. Two clusters,D,Two clusters,
S74-F2-Q4,2749,74,FORWARD 2,4,8.SP.A.1,tf,An outlier in a scatter plot is a point that is far from the overall pattern.,A. True | B. False,A,True,
S74-F2-Q5,2750,74,FORWARD 2,5,8.SP.A.1,tf,The scatter plot shows no association.,A. True | B. False,A,True,
S75-M-Q1,2753,75,MAIN,1,6.SP.B.5.a,sa,The dot plot shows how many books students borrowed. How many observations are in the data set?,,,17,
S75-M-Q2,2754,75,MAIN,2,6.SP.B.5.a,sa,How many students are represented in the histogram?,,,18,
S75-M-Q3,2755,75,MAIN,3,6.SP.B.5.a,sa,The table shows how many siblings students have. How many observations are in the data set?,,,21,
S75-M-Q4,2756,75,MAIN,4,6.SP.B.5.a,sa,The bar graph shows survey answers. How many observations are in the data set?,,,16,
S75-M-Q5,2757,75,MAIN,5,6.SP.B.5.a,sa,"Data: 12, 15, 9, 15, 20, 11, 13, 18, 15, 10 How many observations are in the data set?",,,10,
S75-B1-Q1,2759,75,BACKWARD 1,1,4.MD.B.4,sa,The line plot shows pencil lengths. How many pencils are 4 inches long?,,,4,
S75-B1-Q2,2760,75,BACKWARD 1,2,4.MD.B.4,sa,The line plot shows pencil lengths. How many pencils were measured?,,,11,
S75-B1-Q3,2761,75,BACKWARD 1,3,4.MD.B.4,tf,Two pencils are 4 1/2 inches long.,A. True | B. False,A,True,
S75-B1-Q4,2762,75,BACKWARD 1,4,4.MD.B.4,mc,How many pencils are longer than 4 inches?,A. 2 | B. 3 | C. 4 | D. 7,B,3,
S75-B1-Q5,2763,75,BACKWARD 1,5,4.MD.B.4,sa,How many pencils are 5 inches long?,,,1,
S75-B2-Q1,2765,75,BACKWARD 2,1,3.MD.B.3,sa,How many pets are at the shelter in all?,,,50,
S75-B2-Q2,2766,75,BACKWARD 2,2,3.MD.B.3,sa,How many students chose soccer or tennis?,,,8,
S75-B2-Q3,2767,75,BACKWARD 2,3,3.MD.B.3,tf,12 students chose soccer or basketball.,A. True | B. False,A,True,
S75-B2-Q4,2768,75,BACKWARD 2,4,3.MD.B.3,mc,How many students did NOT choose soccer?,A. 5 | B. 7 | C. 9 | D. 16,C,9,
S75-B2-Q5,2769,75,BACKWARD 2,5,3.MD.B.3,sa,How many dogs and cats are at the shelter together?,,,25,
S75-B3-Q1,2771,75,BACKWARD 3,1,2.NBT.B.6,sa,Add. 14 + 23 + 31 + 12,,,80,
S75-B3-Q2,2772,75,BACKWARD 3,2,2.NBT.B.6,sa,Add. 25 + 18 + 30,,,73,
S75-B3-Q3,2773,75,BACKWARD 3,3,2.NBT.B.6,tf,16 + 16 + 20 + 8 = 60,A. True | B. False,A,True,
S75-B3-Q4,2774,75,BACKWARD 3,4,2.NBT.B.6,mc,41 + 27 + 13 + 9 = ?,A. 80 | B. 90 | C. 91 | D. 100,B,90,
S75-B3-Q5,2775,75,BACKWARD 3,5,2.NBT.B.6,sa,Add. 35 + 22 + 18 + 15,,,90,
S75-F1-Q1,2777,75,FORWARD 1,1,7.SP.A.2,mc,A researcher surveys 80 randomly chosen students out of 900. What is the sample size?,A. 80 | B. 820 | C. 900 | D. 980,A,80,
S75-F1-Q2,2778,75,FORWARD 1,2,7.SP.A.2,tf,A larger random sample generally gives a better estimate about a population.,A. True | B. False,A,True,
S75-F1-Q3,2779,75,FORWARD 1,3,7.SP.A.2,sa,"In a random sample of 25 students out of 500, 5 like jazz. Estimate how many of the 500 students like jazz.",,,100 students,
S75-F1-Q4,2780,75,FORWARD 1,4,7.SP.A.2,mc,"In a random sample of 50 voters, 30 support a new park. There are 2,000 voters. About how many voters support the park?","A. 30 | B. 600 | C. 1,200 | D. 1,500",C,"1,200",
S75-F1-Q5,2781,75,FORWARD 1,5,7.SP.A.2,sa,Two random samples of 20 students each found 12 and 14 students who like pizza best. What is the mean of the two sample results?,,,13,
S75-F2-Q1,2783,75,FORWARD 2,1,8.SP.A.4,sa,What fraction of 7th graders have a pet? What fraction of 8th graders have a pet?,,,Grade 7: 18/30 = 3/5; Grade 8: 20/30 = 2/3,
S75-F2-Q2,2784,75,FORWARD 2,2,8.SP.A.4,mc,Compare the relative frequencies. Which grade has a greater fraction of pet owners?,A. Grade 7 | B. Grade 8 | C. They are the same.,B,Grade 8,
S75-F2-Q3,2785,75,FORWARD 2,3,8.SP.A.4,mc,What is the relative frequency of instrument players who also play sports?,A. 0.35 | B. 0.47 | C. 0.7 | D. 14,C,0.7,
S75-F2-Q4,2786,75,FORWARD 2,4,8.SP.A.4,sa,"Among students with no instrument, what fraction play sports?",,,16/20 = 4/5,
S75-F2-Q5,2787,75,FORWARD 2,5,8.SP.A.4,tf,Students with no instrument are more likely to play sports than students who play an instrument.,A. True | B. False,A,True,
S76-M-Q1,2790,76,MAIN,1,6.SP.B.5.b,sa,"A data set lists the heights of 25 plants in centimeters. What attribute is being measured, and in what unit?",,,Attribute: plant height; Unit: centimeters,
S76-M-Q2,2791,76,MAIN,2,6.SP.B.5.b,mc,A data set records the time each student spends on homework. Which unit is most likely?,A. Degrees | B. Pounds | C. Inches | D. Minutes,D,Minutes,
S76-M-Q3,2792,76,MAIN,3,6.SP.B.5.b,mc,The dot plot shows how far students jumped. Which unit is most likely?,A. Inches | B. Seconds | C. Pounds | D. Miles,A,Inches,
S76-M-Q4,2793,76,MAIN,4,6.SP.B.5.b,sa,"A data set lists the mass of each of 30 apples. What attribute is being measured, and what is a reasonable unit?",,,Attribute: the mass (weight) of each apple; a reasonable unit: grams,Ounces is also acceptable
S76-M-Q5,2794,76,MAIN,5,6.SP.B.5.b,mc,A data set records how long each student's trip to school takes. Which describes the attribute and its unit?,A. Distance; minutes | B. Time; minutes | C. Speed; pounds | D. Time; miles,B,Time; minutes,
S76-B1-Q1,2796,76,BACKWARD 1,1,4.MD.A.1,mc,Which unit is best for measuring the length of a pencil?,A. Centimeters | B. Kilograms | C. Meters | D. Kilometers,A,Centimeters,
S76-B1-Q2,2797,76,BACKWARD 1,2,4.MD.A.1,tf,A kilogram is heavier than a gram.,A. True | B. False,A,True,
S76-B1-Q3,2798,76,BACKWARD 1,3,4.MD.A.1,mc,Which unit measures liquid volume?,A. Meters | B. Liters | C. Grams | D. Seconds,B,Liters,
S76-B1-Q4,2799,76,BACKWARD 1,4,4.MD.A.1,sa,Name one unit used to measure time.,,,Seconds,"Any unit of time (seconds, minutes, hours, days, ...) is correct"
S76-B1-Q5,2800,76,BACKWARD 1,5,4.MD.A.1,tf,An inch is longer than a foot.,A. True | B. False,B,False,
S76-B2-Q1,2802,76,BACKWARD 2,1,3.MD.B.3,sa,How many categories does the graph show?,,,4,
S76-B2-Q2,2803,76,BACKWARD 2,2,3.MD.B.3,mc,What does the height of each bar show?,A. The number of sports | B. The score of a game | C. The length of a game | D. The number of students,D,The number of students,
S76-B2-Q3,2804,76,BACKWARD 2,3,3.MD.B.3,tf,"""Tennis"" is one of the categories in the graph.",A. True | B. False,A,True,
S76-B2-Q4,2805,76,BACKWARD 2,4,3.MD.B.3,mc,Which is a category in the graph?,A. 25 | B. Birds | C. Horses | D. Soccer,B,Birds,
S76-B2-Q5,2806,76,BACKWARD 2,5,3.MD.B.3,sa,What is being counted in the graph?,,,"The pets (animals) at the shelter, by type",
S76-B3-Q1,2808,76,BACKWARD 3,1,2.MD.A.1,mc,Which tool measures the length of a table?,A. Tape measure | B. Thermometer | C. Scale | D. Clock,A,Tape measure,
S76-B3-Q2,2809,76,BACKWARD 3,2,2.MD.A.1,mc,Which tool measures how heavy an apple is?,A. Ruler | B. Clock | C. Measuring cup | D. Scale,D,Scale,
S76-B3-Q3,2810,76,BACKWARD 3,3,2.MD.A.1,tf,A clock measures time.,A. True | B. False,A,True,
S76-B3-Q4,2811,76,BACKWARD 3,4,2.MD.A.1,mc,Which tool measures temperature?,A. Thermometer | B. Scale | C. Ruler | D. Yardstick,A,Thermometer,
S76-B3-Q5,2812,76,BACKWARD 3,5,2.MD.A.1,sa,Name a tool that measures the length of a pencil.,,,A ruler,A tape measure or yardstick is also correct
S76-F1-Q1,2814,76,FORWARD 1,1,7.SP.A.1,mc,Which method gives a random sample of the students in a school?,A. Ask the students in the library | B. Ask the first 20 students to arrive | C. Ask your friends | D. Draw names from a hat that holds every student's name,D,Draw names from a hat that holds every student's name,
S76-F1-Q2,2815,76,FORWARD 1,2,7.SP.A.1,tf,Surveying people who walk out of a gym is a good way to learn how often all people in a town exercise.,A. True | B. False,B,False,
S76-F1-Q3,2816,76,FORWARD 1,3,7.SP.A.1,sa,A town wants to know how residents feel about a new library. Describe a way to choose a random sample.,,,"List every resident, then choose names at random (for example, draw names from a hat or use a random number generator).",Any method that gives every resident an equal chance is correct
S76-F1-Q4,2817,76,FORWARD 1,4,7.SP.A.1,mc,Which sample is most likely to be biased?,A. Asking only people at a dog park whether they like dogs | B. Picking every 10th name from a school list | C. Choosing 50 residents at random from a town list | D. Drawing 30 names from a hat of all members,A,Asking only people at a dog park whether they like dogs,
S76-F1-Q5,2818,76,FORWARD 1,5,7.SP.A.1,tf,"In a random sample, every member of the population has an equal chance of being chosen.",A. True | B. False,A,True,
S76-F2-Q1,2820,76,FORWARD 2,1,8.SP.A.4,mc,Which pair of variables is categorical and could be shown in a two-way table?,A. Hours slept and test score | B. Height and weight | C. Age and arm span | D. Grade level and way of getting to school,D,Grade level and way of getting to school,
S76-F2-Q2,2821,76,FORWARD 2,2,8.SP.A.4,sa,What fraction of 6th graders walk to school?,,,12/30 = 2/5,
S76-F2-Q3,2822,76,FORWARD 2,3,8.SP.A.4,sa,What fraction of 8th graders walk to school?,,,15/20 = 3/4,
S76-F2-Q4,2823,76,FORWARD 2,4,8.SP.A.4,mc,What is the relative frequency of 8th graders who ride to school?,A. 1/10 | B. 5/23 | C. 1/4 | D. 3/4,C,1/4,
S76-F2-Q5,2824,76,FORWARD 2,5,8.SP.A.4,tf,8th graders are more likely to walk to school than 6th graders.,A. True | B. False,A,True,
S77-M-Q1,2827,77,MAIN,1,6.SP.B.5.c,sa,"Find the mean. 4, 7, 9, 10, 15",,,9,
S77-M-Q2,2828,77,MAIN,2,6.SP.B.5.c,sa,"Five test scores are 82, 90, 75, 88, and 95. What is the mean score?",,,86,
S77-M-Q3,2829,77,MAIN,3,6.SP.B.5.c,mc,"Find the mean. 12, 15, 18, 19",A. 15 | B. 16 | C. 16.5 | D. 64,B,16,
S77-M-Q4,2830,77,MAIN,4,6.SP.B.5.c,sa,The dot plot shows goals scored in 8 games. What is the mean number of goals?,,,4.75 goals,
S77-M-Q5,2831,77,MAIN,5,6.SP.B.5.c,sa,"Find the mean. 3.5, 4.2, 5.0, 6.1, 6.2",,,5,
S77-B1-Q1,2833,77,BACKWARD 1,1,4.NBT.B.4,sa,Add. 82 + 90 + 75 + 88 + 95,,,430,
S77-B1-Q2,2834,77,BACKWARD 1,2,4.NBT.B.4,sa,Add. 145 + 238 + 97,,,480,
S77-B1-Q3,2835,77,BACKWARD 1,3,4.NBT.B.4,tf,56 + 64 + 70 = 190,A. True | B. False,A,True,
S77-B1-Q4,2836,77,BACKWARD 1,4,4.NBT.B.4,mc,125 + 175 + 200 = ?,A. 400 | B. 450 | C. 500 | D. 550,C,500,
S77-B1-Q5,2837,77,BACKWARD 1,5,4.NBT.B.4,sa,"Add. 1,250 + 875",,,"2,125",
S77-B2-Q1,2839,77,BACKWARD 2,1,4.NBT.B.6,sa,Divide. 430 ÷ 5,,,86,
S77-B2-Q2,2840,77,BACKWARD 2,2,4.NBT.B.6,sa,Divide. 64 ÷ 4,,,16,
S77-B2-Q3,2841,77,BACKWARD 2,3,4.NBT.B.6,tf,108 ÷ 4 = 27,A. True | B. False,A,True,
S77-B2-Q4,2842,77,BACKWARD 2,4,4.NBT.B.6,mc,252 ÷ 6 = ?,A. 36 | B. 41 | C. 42 | D. 48,C,42,
S77-B2-Q5,2843,77,BACKWARD 2,5,4.NBT.B.6,sa,Divide. 315 ÷ 7,,,45,
S77-B3-Q1,2845,77,BACKWARD 3,1,5.MD.B.2,sa,Two friends have 5 and 9 shells. They share the shells equally. How many shells does each friend get?,,,7 shells,
S77-B3-Q2,2846,77,BACKWARD 3,2,5.MD.B.2,sa,"Three boxes hold 2, 7, and 9 books. The books are shared equally among the boxes. How many books are in each box?",,,6 books,
S77-B3-Q3,2847,77,BACKWARD 3,3,5.MD.B.2,tf,"Jars holding 4, 4, and 10 cups are shared equally. Each jar then holds 6 cups.",A. True | B. False,A,True,
S77-B3-Q4,2848,77,BACKWARD 3,4,5.MD.B.2,mc,"Four children have 1, 2, 6, and 7 cards. They share the cards equally. How many cards does each child get?",A. 3 | B. 4 | C. 5 | D. 16,B,4,
S77-B3-Q5,2849,77,BACKWARD 3,5,5.MD.B.2,sa,Two cups hold 1/3 cup and 2/3 cup of milk. The milk is shared equally. How much is in each cup?,,,1/2 cup,
S77-F1-Q1,2851,77,FORWARD 1,1,7.SP.B.4,sa,A random sample of 6th graders has a mean height of 58 in. A random sample of 8th graders has a mean height of 64 in. How much greater is the 8th graders' mean?,,,6 inches,
S77-F1-Q2,2852,77,FORWARD 1,2,7.SP.B.4,mc,Two random samples of plant heights have means of 24 cm and 30 cm. Each has a MAD of 3 cm. How many MADs apart are the means?,A. 1 | B. 2 | C. 3 | D. 6,B,2,
S77-F1-Q3,2853,77,FORWARD 1,3,7.SP.B.4,tf,"To compare two populations, you can compare the means of random samples from each population.",A. True | B. False,A,True,
S77-F1-Q4,2854,77,FORWARD 1,4,7.SP.B.4,sa,Sample A: mean 15.2 minutes. Sample B: mean 18.7 minutes. Which population probably has greater values?,,,Population B,
S77-F1-Q5,2855,77,FORWARD 1,5,7.SP.B.4,mc,"Ten random samples of 20 students gave these mean hours of sleep: 8.1, 8.3, 7.9, 8.0, 8.2, 8.1, 8.4, 7.8, 8.0, 8.2. What is a good estimate of the population mean?",A. About 20 hours | B. About 7 hours | C. About 8.1 hours | D. About 9 hours,C,About 8.1 hours,
S77-F2-Q1,2857,77,FORWARD 2,1,8.SP.A.3,sa,The equation y = 2.5x + 40 models test score y after x hours of study. Predict the score for 8 hours of study.,,,60,
S77-F2-Q2,2858,77,FORWARD 2,2,8.SP.A.3,sa,The model y = 15x + 100 gives the cost y of x tickets. Predict the cost of 20 tickets.,,,$400,
S77-F2-Q3,2859,77,FORWARD 2,3,8.SP.A.3,mc,The model y = 3x + 12 gives a plant's height y (cm) after x weeks. What height does the model predict after 5 weeks?,A. 15 cm | B. 27 cm | C. 36 cm | D. 60 cm,B,27 cm,
S77-F2-Q4,2860,77,FORWARD 2,4,8.SP.A.3,sa,The model y = -0.5x + 30 gives the value y of a toy after x years. Predict the value after 6 years.,,,27,$27
S77-F2-Q5,2861,77,FORWARD 2,5,8.SP.A.3,tf,The model y = 4x + 10 predicts y = 50 when x = 10.,A. True | B. False,A,True,
S78-M-Q1,2864,78,MAIN,1,6.SP.B.5.c,sa,"Find the median. 12, 5, 9, 20, 7, 14",,,10.5,
S78-M-Q2,2865,78,MAIN,2,6.SP.B.5.c,tf,"The median of 3, 8, 8, 10, 21 is 8.",A. True | B. False,A,True,
S78-M-Q3,2866,78,MAIN,3,6.SP.B.5.c,mc,"Heights (in inches): 58, 60, 61, 63, 63 What is the median height?",A. 60 | B. 61 | C. 61.5 | D. 63,B,61,
S78-M-Q4,2867,78,MAIN,4,6.SP.B.5.c,sa,What is the median of the data in the dot plot?,,,3,
S78-M-Q5,2868,78,MAIN,5,6.SP.B.5.c,sa,"Find the median. 4.5, 2.1, 3.8, 6.0",,,4.15,
S78-B1-Q1,2870,78,BACKWARD 1,1,2.NBT.A.4,sa,"Order from least to greatest. 12, 5, 9, 20, 7, 14",,,"5, 7, 9, 12, 14, 20",
S78-B1-Q2,2871,78,BACKWARD 1,2,2.NBT.A.4,mc,Which list is in order from least to greatest?,"A. 58, 60, 61, 63 | B. 58, 61, 60, 63 | C. 60, 58, 61, 63 | D. 63, 61, 60, 58",A,"58, 60, 61, 63",
S78-B1-Q3,2872,78,BACKWARD 1,3,2.NBT.A.4,tf,"These numbers are in order from least to greatest: 75, 82, 88, 90, 95",A. True | B. False,A,True,
S78-B1-Q4,2873,78,BACKWARD 1,4,2.NBT.A.4,sa,"Order from least to greatest. 47, 74, 44, 77",,,"44, 47, 74, 77",
S78-B1-Q5,2874,78,BACKWARD 1,5,2.NBT.A.4,mc,"When 3, 9, and 6 are put in order, which number is in the middle?",A. 3 | B. 6 | C. 9 | D. 18,B,6,
S78-B2-Q1,2876,78,BACKWARD 2,1,5.NBT.B.7,sa,Find the value. (9 + 12) ÷ 2,,,10.5,
S78-B2-Q2,2877,78,BACKWARD 2,2,5.NBT.B.7,sa,Find the value. (3.8 + 4.5) ÷ 2,,,4.15,
S78-B2-Q3,2878,78,BACKWARD 2,3,5.NBT.B.7,tf,(6 + 9) ÷ 2 = 7.5,A. True | B. False,A,True,
S78-B2-Q4,2879,78,BACKWARD 2,4,5.NBT.B.7,mc,(20 + 25) ÷ 2 = ?,A. 22 | B. 22.5 | C. 23.5 | D. 45,B,22.5,
S78-B2-Q5,2880,78,BACKWARD 2,5,5.NBT.B.7,sa,Find the value. (3.5 + 4.5) ÷ 2,,,4,
S78-B3-Q1,2882,78,BACKWARD 3,1,4.MD.B.4,sa,How many leaves are 3 1/2 cm long?,,,4,
S78-B3-Q2,2883,78,BACKWARD 3,2,4.MD.B.4,sa,How many leaves were measured?,,,11,
S78-B3-Q3,2884,78,BACKWARD 3,3,4.MD.B.4,tf,One leaf is 4 cm long.,A. True | B. False,A,True,
S78-B3-Q4,2885,78,BACKWARD 3,4,4.MD.B.4,mc,Which leaf length is most common?,A. 2 1/2 cm | B. 3 cm | C. 3 1/2 cm | D. 4 cm,C,3 1/2 cm,
S78-B3-Q5,2886,78,BACKWARD 3,5,4.MD.B.4,sa,How many leaves are shorter than 3 cm?,,,4,
S78-F1-Q1,2888,78,FORWARD 1,1,7.SP.B.4,mc,Sample A has a median of 12 and Sample B has a median of 15. The samples have similar variability. Which conclusion is best?,A. Values in population A tend to be greater. | B. The populations are the same. | C. Values in population B tend to be greater. | D. No conclusion is possible.,C,Values in population B tend to be greater.,
S78-F1-Q2,2889,78,FORWARD 1,2,7.SP.B.4,sa,"In random samples, the median commute is 25 minutes in Town X and 18 minutes in Town Y. The IQRs are similar. In which town are commutes typically longer?",,,Town X,
S78-F1-Q3,2890,78,FORWARD 1,3,7.SP.B.4,sa,"Sample A: median 42, IQR 8. Sample B: median 50, IQR 8. The difference in medians is how many times the IQR?",,,1,
S78-F1-Q4,2891,78,FORWARD 1,4,7.SP.B.4,tf,"When data are skewed, comparing medians is often better than comparing means.",A. True | B. False,A,True,
S78-F1-Q5,2892,78,FORWARD 1,5,7.SP.B.4,mc,Sample X has a median of 7.5 hours of sleep. Sample Y has a median of 8.5 hours. Both IQRs are 1 hour. Which statement is best?,A. Population Y probably sleeps more. | B. Population X probably sleeps more. | C. Nothing can be said. | D. They sleep the same amount.,A,Population Y probably sleeps more.,
S78-F2-Q1,2894,78,FORWARD 2,1,8.SP.A.2,plot,Draw a line of best fit for the data.,,,"A straight rising line through the middle of the points, with about as many points above as below, for example from about (1, 55) to (8, 89) (y ≈ 5x + 50)",Accept any line with a positive slope of about 4.5 to 5.5 that follows the trend
S78-F2-Q2,2895,78,FORWARD 2,2,8.SP.A.2,plot,Draw a line of best fit for the data.,,,"A straight falling line through the middle of the points, with about as many points above as below, for example from about (1, 93) to (8, 60) (y ≈ -4.7x + 97)",Accept any line with a negative slope of about -4 to -5.5 that follows the trend
S78-F2-Q3,2896,78,FORWARD 2,3,8.SP.A.2,mc,A line of best fit should have ___.,A. all points below it | B. no points near it | C. all points above it | D. about the same number of points above and below it,D,about the same number of points above and below it,
S78-F2-Q4,2897,78,FORWARD 2,4,8.SP.A.2,plot,Draw a line of best fit for the data.,,,"A straight falling line through the middle of the points, for example y = 10 - x, from (1, 9) to (7, 3)",Accept any line with a slope of about -1 that follows the trend
S78-F2-Q5,2898,78,FORWARD 2,5,8.SP.A.2,tf,A line of best fit must pass through the first and last points.,A. True | B. False,B,False,
S79-M-Q1,2901,79,MAIN,1,6.SP.B.5.c,sa,"Find the interquartile range. 2, 4, 5, 7, 9, 11, 12, 15",,,7,
S79-M-Q2,2902,79,MAIN,2,6.SP.B.5.c,sa,What is the interquartile range of the data in the box plot?,,,12,
S79-M-Q3,2903,79,MAIN,3,6.SP.B.5.c,mc,"What is the interquartile range? 10, 12, 15, 18, 20, 25, 30",A. 5 | B. 13 | C. 18 | D. 20,B,13,
S79-M-Q4,2904,79,MAIN,4,6.SP.B.5.c,sa,"Find the interquartile range. 3, 6, 6, 8, 9, 12, 14, 15, 18",,,8.5,
S79-M-Q5,2905,79,MAIN,5,6.SP.B.5.c,sa,What is the interquartile range of the data in the box plot?,,,8,
S79-B1-Q1,2907,79,BACKWARD 1,1,2.NBT.A.4,sa,"Order from least to greatest. 15, 9, 2, 12, 5",,,"2, 5, 9, 12, 15",
S79-B1-Q2,2908,79,BACKWARD 1,2,2.NBT.A.4,mc,Which list is in order from least to greatest?,"A. 18, 15, 12, 10 | B. 10, 15, 12, 18 | C. 12, 10, 15, 18 | D. 10, 12, 15, 18",D,"10, 12, 15, 18",
S79-B1-Q3,2909,79,BACKWARD 1,3,2.NBT.A.4,tf,"These numbers are in order from least to greatest: 3, 6, 9, 8",A. True | B. False,B,False,
S79-B1-Q4,2910,79,BACKWARD 1,4,2.NBT.A.4,sa,"Order from least to greatest. 25, 20, 30, 10",,,"10, 20, 25, 30",
S79-B1-Q5,2911,79,BACKWARD 1,5,2.NBT.A.4,mc,Which number is least?,A. 2 | B. 5 | C. 9 | D. 12,A,2,
S79-B2-Q1,2913,79,BACKWARD 2,1,5.NBT.B.7,sa,Find the value. (4 + 5) ÷ 2,,,4.5,
S79-B2-Q2,2914,79,BACKWARD 2,2,5.NBT.B.7,sa,Find the value. (11 + 12) ÷ 2,,,11.5,
S79-B2-Q3,2915,79,BACKWARD 2,3,5.NBT.B.7,tf,(7 + 10) ÷ 2 = 8.5,A. True | B. False,A,True,
S79-B2-Q4,2916,79,BACKWARD 2,4,5.NBT.B.7,mc,(15 + 18) ÷ 2 = ?,A. 16 | B. 16.5 | C. 17.5 | D. 33,B,16.5,
S79-B2-Q5,2917,79,BACKWARD 2,5,5.NBT.B.7,sa,Find the value. (2.5 + 3.5) ÷ 2,,,3,
S79-B3-Q1,2919,79,BACKWARD 3,1,2.NBT.B.5,sa,Subtract. 25 - 12,,,13,
S79-B3-Q2,2920,79,BACKWARD 3,2,2.NBT.B.5,sa,Subtract. 21 - 9,,,12,
S79-B3-Q3,2921,79,BACKWARD 3,3,2.NBT.B.5,tf,30 - 14 = 16,A. True | B. False,A,True,
S79-B3-Q4,2922,79,BACKWARD 3,4,2.NBT.B.5,mc,18 - 10 = ?,A. 7 | B. 8 | C. 9 | D. 28,B,8,
S79-B3-Q5,2923,79,BACKWARD 3,5,2.NBT.B.5,sa,Subtract. 40 - 23,,,17,
S79-F1-Q1,2925,79,FORWARD 1,1,7.SP.B.3,sa,Two data sets have medians of 40 and 55. Each has an IQR of 5. The difference in medians is how many times the IQR?,,,3,
S79-F1-Q2,2926,79,FORWARD 1,2,7.SP.B.3,mc,Two data sets have medians of 20 and 26. Each has an IQR of 3. How many IQRs apart are the medians?,A. 2 | B. 3 | C. 6 | D. 9,A,2,
S79-F1-Q3,2927,79,FORWARD 1,3,7.SP.B.3,tf,Two data sets with medians that differ by less than one IQR probably overlap a lot.,A. True | B. False,A,True,
S79-F1-Q4,2928,79,FORWARD 1,4,7.SP.B.3,sa,Class A's median is 72 and Class B's median is 84. Each class has an IQR of 12. The difference in medians is how many times the IQR?,,,1,
S79-F1-Q5,2929,79,FORWARD 1,5,7.SP.B.3,mc,Which pair of data sets has the LEAST overlap?,"A. Medians 10 and 14, each IQR 8 | B. Medians 10 and 30, each IQR 4 | C. Medians 10 and 11, each IQR 3 | D. Medians 10 and 12, each IQR 4",B,"Medians 10 and 30, each IQR 4",
S79-F2-Q1,2931,79,FORWARD 2,1,8.SP.A.1,sa,Which point is an outlier? Write its coordinates.,,,"(5, 1)",
S79-F2-Q2,2932,79,FORWARD 2,2,8.SP.A.1,mc,Which point would be an outlier if it were added to the scatter plot?,"A. (5, 73) | B. (7, 50) | C. (7, 85) | D. (3, 63)",B,"(7, 50)",
S79-F2-Q3,2933,79,FORWARD 2,3,8.SP.A.1,mc,Which describes the association in the scatter plot?,A. No association | B. Negative linear | C. Nonlinear | D. Positive linear,B,Negative linear,
S79-F2-Q4,2934,79,FORWARD 2,4,8.SP.A.1,tf,The scatter plot has an outlier.,A. True | B. False,B,False,
S79-F2-Q5,2935,79,FORWARD 2,5,8.SP.A.1,tf,Every scatter plot has at least one outlier.,A. True | B. False,B,False,
S80-M-Q1,2938,80,MAIN,1,6.SP.B.5.c,sa,"Find the mean absolute deviation. 2, 4, 6, 8, 10",,,2.4,
S80-M-Q2,2939,80,MAIN,2,6.SP.B.5.c,mc,"What is the mean absolute deviation? 3, 3, 5, 7, 7",A. 0 | B. 1.6 | C. 2 | D. 4,B,1.6,
S80-M-Q3,2940,80,MAIN,3,6.SP.B.5.c,sa,"Find the mean absolute deviation. 5, 7, 8, 12",,,2,
S80-M-Q4,2941,80,MAIN,4,6.SP.B.5.c,sa,"Find the mean absolute deviation. 6, 8, 10, 12, 14, 16",,,3,
S80-M-Q5,2942,80,MAIN,5,6.SP.B.5.c,sa,"Find the mean absolute deviation. 20, 22, 25, 29",,,3,
S80-B1-Q1,2944,80,BACKWARD 1,1,5.MD.B.2,sa,"Five jars hold 2, 4, 6, 8, and 10 cups of rice. The rice is shared equally among the jars. How much is in each jar?",,,6 cups,
S80-B1-Q2,2945,80,BACKWARD 1,2,5.MD.B.2,sa,"Four friends have 3, 3, 7, and 7 marbles. They share the marbles equally. How many marbles does each friend get?",,,5 marbles,
S80-B1-Q3,2946,80,BACKWARD 1,3,5.MD.B.2,tf,"Bags with 1, 5, and 6 pounds of flour are shared equally. Each bag then has 4 pounds.",A. True | B. False,A,True,
S80-B1-Q4,2947,80,BACKWARD 1,4,5.MD.B.2,mc,"Six students have 2, 3, 3, 4, 5, and 7 pencils. They share equally. How many pencils does each student get?",A. 3 | B. 4 | C. 5 | D. 24,B,4,
S80-B1-Q5,2948,80,BACKWARD 1,5,5.MD.B.2,sa,"Three cups hold 1/2, 1/2, and 2 cups of water. The water is shared equally. How much is in each cup?",,,1 cup,
S80-B2-Q1,2950,80,BACKWARD 2,1,6.NS.C.7.c,sa,Find the value. |2 - 6|,,,4,
S80-B2-Q2,2951,80,BACKWARD 2,2,6.NS.C.7.c,sa,How far is 9 from 6 on a number line?,,,3,
S80-B2-Q3,2952,80,BACKWARD 2,3,6.NS.C.7.c,tf,|4 - 10| = 6,A. True | B. False,A,True,
S80-B2-Q4,2953,80,BACKWARD 2,4,6.NS.C.7.c,mc,What is the distance between 3 and 8 on a number line?,A. -5 | B. 5 | C. 11 | D. 24,B,5,
S80-B2-Q5,2954,80,BACKWARD 2,5,6.NS.C.7.c,sa,Find the value. |10 - 6|,,,4,
S80-B3-Q1,2956,80,BACKWARD 3,1,5.NBT.B.7,sa,Divide. 12 ÷ 5,,,2.4,
S80-B3-Q2,2957,80,BACKWARD 3,2,5.NBT.B.7,sa,Divide. 8 ÷ 5,,,1.6,
S80-B3-Q3,2958,80,BACKWARD 3,3,5.NBT.B.7,tf,18 ÷ 6 = 3,A. True | B. False,A,True,
S80-B3-Q4,2959,80,BACKWARD 3,4,5.NBT.B.7,mc,10 ÷ 4 = ?,A. 0.4 | B. 2.4 | C. 2.5 | D. 40,C,2.5,
S80-B3-Q5,2960,80,BACKWARD 3,5,5.NBT.B.7,sa,Divide. 9 ÷ 4,,,2.25,
S80-F1-Q1,2962,80,FORWARD 1,1,7.SP.B.3,sa,Class A's mean is 72 and Class B's mean is 80. Each class has a MAD of 4. The difference in means is how many times the MAD?,,,2,
S80-F1-Q2,2963,80,FORWARD 1,2,7.SP.B.3,mc,Two data sets have means of 15 and 21. Each has a MAD of 2. How many MADs apart are the means?,A. 2 | B. 3 | C. 6 | D. 12,B,3,
S80-F1-Q3,2964,80,FORWARD 1,3,7.SP.B.3,tf,Two data sets have means that differ by 1 MAD. The data sets probably overlap a lot.,A. True | B. False,A,True,
S80-F1-Q4,2965,80,FORWARD 1,4,7.SP.B.3,sa,Two teams have mean heights of 150 cm and 162 cm. Each has a MAD of 4 cm. The difference in means is how many times the MAD?,,,3,
S80-F1-Q5,2966,80,FORWARD 1,5,7.SP.B.3,mc,Which pair of data sets has the LEAST overlap?,"A. Means 10 and 30, each MAD 2 | B. Means 10 and 12, each MAD 2 | C. Means 10 and 11, each MAD 3 | D. Means 10 and 14, each MAD 4",A,"Means 10 and 30, each MAD 2",
S80-F2-Q1,2968,80,FORWARD 2,1,8.SP.A.2,sa,Which point is farthest from the line? Write its coordinates.,,,"(3, 4)",
S80-F2-Q2,2969,80,FORWARD 2,2,8.SP.A.2,tf,"The points are close to the line, so it is a good fit.",A. True | B. False,A,True,
S80-F2-Q3,2970,80,FORWARD 2,3,8.SP.A.2,tf,The line is a good fit for the data.,A. True | B. False,B,False,
S80-F2-Q4,2971,80,FORWARD 2,4,8.SP.A.2,mc,Which line fits data better?,A. A line that touches only one point | B. A line with all points far above it | C. A line with points close to it on both sides | D. A line with all points below it,C,A line with points close to it on both sides,
S80-F2-Q5,2972,80,FORWARD 2,5,8.SP.A.2,sa,"For the point (4, 10), the line gives y = 6. How far is the point from the line, measured vertically?",,,4 units,
S81-M-Q1,2975,81,MAIN,1,6.SP.B.5.c,sa,"The dot plot shows how many hours students slept last night. Describe the overall pattern. Which value stands apart, and what might explain it?",,,"Most students slept 7 to 9 hours, clustering around 8 hours. One student slept only 4 hours, which stands apart; a reasonable explanation is that the student stayed up late, was sick, or had an early trip.",Must name 4 hours as the value that stands apart; any reasonable context explanation is correct
S81-M-Q2,2976,81,MAIN,2,6.SP.B.5.c,mc,The dot plot shows how long students take to walk home. Which description best fits the data in context?,A. The times are spread evenly from 5 to 30 minutes. | B. All students take about the same amount of time. | C. Most students take 25 to 30 minutes. | D. Most students take 5 to 10 minutes; a few who live farther away take 25 to 30 minutes.,D,Most students take 5 to 10 minutes; a few who live farther away take 25 to 30 minutes.,
S81-M-Q3,2977,81,MAIN,3,6.SP.B.5.c,sa,"The histogram shows the ages of people at a youth soccer game. Describe the overall pattern. Which ages stand apart, and who might they be?",,,"Most people are 0 to 19 years old (the young players). There are no people aged 20 to 29. A few people are 30 to 49; they are probably parents, coaches, or referees.","Must describe the cluster of young ages and name the 30–49 ages as standing apart, with a reasonable explanation"
S81-M-Q4,2978,81,MAIN,4,6.SP.B.5.c,mc,The dot plot shows the scores on a class test. Which statement describes a striking deviation in context?,"A. One student scored 20, far below the others, who scored from 70 to 95. | B. Most students scored below 50. | C. The scores are spread evenly from 20 to 95. | D. There are no unusual scores.",A,"One student scored 20, far below the others, who scored from 70 to 95.",
S81-M-Q5,2979,81,MAIN,5,6.SP.B.5.c,tf,"The daily high temperatures cluster from 60°F to 70°F, with one unusually hot day at 88°F.",A. True | B. False,A,True,
S81-B1-Q1,2981,81,BACKWARD 1,1,6.SP.A.2,sa,Between which two values do most of the data cluster?,,,7 and 9 hours,
S81-B1-Q2,2982,81,BACKWARD 1,2,6.SP.A.2,tf,There is a gap in the data between 10 and 25 minutes.,A. True | B. False,A,True,
S81-B1-Q3,2983,81,BACKWARD 1,3,6.SP.A.2,mc,Where is there a gap in the data?,A. Between 70 and 80 | B. Between 20 and 70 | C. Between 85 and 95 | D. There is no gap.,B,Between 20 and 70,
S81-B1-Q4,2984,81,BACKWARD 1,4,6.SP.A.2,sa,Between which two temperatures do most of the data cluster?,,,60°F and 70°F,
S81-B1-Q5,2985,81,BACKWARD 1,5,6.SP.A.2,tf,The data have no gaps.,A. True | B. False,A,True,
S81-B2-Q1,2987,81,BACKWARD 2,1,4.MD.B.4,sa,How many students slept 8 hours last night?,,,6,
S81-B2-Q2,2988,81,BACKWARD 2,2,4.MD.B.4,sa,How many students take 7 minutes to walk home?,,,3,
S81-B2-Q3,2989,81,BACKWARD 2,3,4.MD.B.4,tf,Three students scored 85 on the test.,A. True | B. False,A,True,
S81-B2-Q4,2990,81,BACKWARD 2,4,4.MD.B.4,mc,How many days had a high temperature of 65°F?,A. 3 | B. 4 | C. 5 | D. 65,B,4,
S81-B2-Q5,2991,81,BACKWARD 2,5,4.MD.B.4,sa,What does each dot in the dot plot represent?,,,One student's hours of sleep last night,
S81-B3-Q1,2993,81,BACKWARD 3,1,2.NBT.A.4,sa,What is the least value in the data?,,,20,
S81-B3-Q2,2994,81,BACKWARD 3,2,2.NBT.A.4,sa,What is the greatest value in the data?,,,88°F,
S81-B3-Q3,2995,81,BACKWARD 3,3,2.NBT.A.4,tf,The greatest walking time is 30 minutes.,A. True | B. False,A,True,
S81-B3-Q4,2996,81,BACKWARD 3,4,2.NBT.A.4,mc,Which number is least?,A. 20 | B. 70 | C. 75 | D. 95,A,20,
S81-B3-Q5,2997,81,BACKWARD 3,5,2.NBT.A.4,sa,What is the least number of hours of sleep shown?,,,4 hours,
S81-F1-Q1,2999,81,FORWARD 1,1,7.SP.B.3,sa,Describe how the two distributions differ in context.,,,"Class A's scores cluster from 7 to 9 (center about 8). Class B's scores cluster from 4 to 6 (center about 5). Class A typically scored about 3 points higher; the spreads are similar, and the plots overlap only at 6.",Must compare the centers in context; mentioning spread or overlap is a plus
S81-F1-Q2,3000,81,FORWARD 1,2,7.SP.B.3,mc,Which statement describes both gardens?,"A. The gardens have the same center. | B. Garden A's plants are taller. | C. Garden B is much more spread out. | D. Both cluster tightly, and Garden B's plants are about 6 cm taller.",D,"Both cluster tightly, and Garden B's plants are about 6 cm taller.",
S81-F1-Q3,3001,81,FORWARD 1,3,7.SP.B.3,tf,Data set B is more spread out than data set A.,A. True | B. False,A,True,
S81-F1-Q4,3002,81,FORWARD 1,4,7.SP.B.3,sa,"Class A's quiz scores cluster from 7 to 9, with one score of 2. Class B's scores cluster from 4 to 6 with no unusual values. Which class has a striking deviation?",,,Class A,
S81-F1-Q5,3003,81,FORWARD 1,5,7.SP.B.3,mc,Which statement about the middle halves of the two box plots is true?,A. They overlap from 70 to 76. | B. They do not overlap. | C. They overlap from 55 to 95. | D. They are the same.,A,They overlap from 70 to 76.,
S81-F2-Q1,3005,81,FORWARD 2,1,8.SP.A.1,sa,The scatter plot shows savings over several weeks. Describe the overall pattern and the point that does not fit.,,,"Savings grow steadily week by week (a positive, linear pattern of about $7 to $9 per week). The point (6, 20) does not fit; savings dropped that week, perhaps because money was spent.","Must describe the upward trend and name (6, 20)"
S81-F2-Q2,3006,81,FORWARD 2,2,8.SP.A.1,mc,The scatter plot shows the age of cars and the number of repairs. Which description fits the data in context?,"A. Older cars have fewer repairs. | B. Newer cars have few repairs and older cars have many repairs, forming two groups. | C. All cars have the same number of repairs. | D. There is no pattern.",B,"Newer cars have few repairs and older cars have many repairs, forming two groups.",
S81-F2-Q3,3007,81,FORWARD 2,3,8.SP.A.1,mc,Which statement describes the association in context?,"A. As hours of TV increase, test scores tend to increase. | B. Hours of TV and test scores are not related. | C. Every student scored the same. | D. As hours of TV increase, test scores tend to decrease.",D,"As hours of TV increase, test scores tend to decrease.",
S81-F2-Q4,3008,81,FORWARD 2,4,8.SP.A.1,sa,The scatter plot shows the price of an item and the number sold. Which point does not fit the pattern? What might explain it?,,,"(5, 1). Far fewer items sold than the pattern predicts at $5; a reasonable explanation is that the item was out of stock or it was a slow day.",Any reasonable explanation is correct
S81-F2-Q5,3009,81,FORWARD 2,5,8.SP.A.1,tf,"The plant grows faster each week, so the pattern in the scatter plot is nonlinear.",A. True | B. False,A,True,
S82-M-Q1,3012,82,MAIN,1,6.SP.B.5.d,mc,"Data: 20, 22, 23, 25, 90 Which measure of center better describes a typical value?",A. Mean | B. Median,B,Median,
S82-M-Q2,3013,82,MAIN,2,6.SP.B.5.d,mc,A data set is skewed right and has an outlier. Which pair of measures best describes its center and spread?,A. Mode and range | B. Median and IQR | C. Mean and range | D. Mean and MAD,B,Median and IQR,
S82-M-Q3,3014,82,MAIN,3,6.SP.B.5.d,mc,The dot plot is skewed right. Which measure of center better describes the typical number of pets?,A. Mean | B. Median,B,Median,
S82-M-Q4,3015,82,MAIN,4,6.SP.B.5.d,mc,"Salaries: $30,000; $32,000; $35,000; $38,000; $250,000 Which measure of center better describes a typical salary?",A. Mean | B. Median,B,Median,
S82-M-Q5,3016,82,MAIN,5,6.SP.B.5.d,tf,"Heights of 20 sixth graders are symmetric with no outliers, so the mean is a good measure of center.",A. True | B. False,A,True,
S82-B1-Q1,3018,82,BACKWARD 1,1,6.SP.A.2,mc,Which word describes the shape of the data?,A. Skewed right | B. Symmetric | C. Skewed left | D. Uniform,C,Skewed left,
S82-B1-Q2,3019,82,BACKWARD 1,2,6.SP.A.2,mc,Which word describes the shape of the data?,A. Skewed left | B. Symmetric | C. Uniform | D. Skewed right,B,Symmetric,
S82-B1-Q3,3020,82,BACKWARD 1,3,6.SP.A.2,tf,The data are skewed right.,A. True | B. False,A,True,
S82-B1-Q4,3021,82,BACKWARD 1,4,6.SP.A.2,tf,A data set with most values on the left and a long tail to the right is skewed right.,A. True | B. False,A,True,
S82-B1-Q5,3022,82,BACKWARD 1,5,6.SP.A.2,mc,"Which value in the data set is an outlier? 5, 6, 6, 7, 8, 30",A. 5 | B. 6 | C. 8 | D. 30,D,30,
S82-B2-Q1,3024,82,BACKWARD 2,1,6.SP.B.5.c,sa,"Find the mean. 2, 3, 3, 4, 8",,,4,
S82-B2-Q2,3025,82,BACKWARD 2,2,6.SP.B.5.c,sa,"Find the median. 2, 3, 3, 4, 8",,,3,
S82-B2-Q3,3026,82,BACKWARD 2,3,6.SP.B.5.c,tf,"The mean of 10, 20, 30 is 20.",A. True | B. False,A,True,
S82-B2-Q4,3027,82,BACKWARD 2,4,6.SP.B.5.c,mc,"What is the median of 1, 4, 6, 9?",A. 4 | B. 5 | C. 6 | D. 20,B,5,
S82-B2-Q5,3028,82,BACKWARD 2,5,6.SP.B.5.c,sa,"Find the mean. 5, 5, 6, 8, 11",,,7,
S82-B3-Q1,3030,82,BACKWARD 3,1,4.MD.B.4,sa,How many students scored 9 on the quiz?,,,6,
S82-B3-Q2,3031,82,BACKWARD 3,2,4.MD.B.4,sa,What is the lowest quiz score shown?,,,3,
S82-B3-Q3,3032,82,BACKWARD 3,3,4.MD.B.4,tf,Five students scored 8.,A. True | B. False,A,True,
S82-B3-Q4,3033,82,BACKWARD 3,4,4.MD.B.4,mc,How many students took the quiz?,A. 6 | B. 9 | C. 15 | D. 18,D,18,
S82-B3-Q5,3034,82,BACKWARD 3,5,4.MD.B.4,sa,How many students had 0 pets?,,,6,
S82-F1-Q1,3036,82,FORWARD 1,1,7.SP.B.4,mc,Two random samples of house prices are both skewed right with outliers. Which measures are best for comparing them?,A. Medians and IQRs | B. Minimums | C. Means and MADs | D. Maximums,A,Medians and IQRs,
S82-F1-Q2,3037,82,FORWARD 1,2,7.SP.B.4,tf,"When two samples are symmetric with no outliers, comparing their means is appropriate.",A. True | B. False,A,True,
S82-F1-Q3,3038,82,FORWARD 1,3,7.SP.B.4,sa,"Sample A: median 30, IQR 6. Sample B: median 45, IQR 6. The difference in medians is how many times the IQR?",,,2.5,
S82-F1-Q4,3039,82,FORWARD 1,4,7.SP.B.4,mc,Class A test scores have mean 78 and MAD 5. Class B test scores have mean 78 and MAD 12. Which statement is true?,A. Class A scored higher. | B. Class B scored higher. | C. Class B's scores vary more. | D. Class A's scores vary more.,C,Class B's scores vary more.,
S82-F1-Q5,3040,82,FORWARD 1,5,7.SP.B.4,sa,"Random samples of puzzle times are both skewed right. Group X has a median of 14 minutes, and Group Y has a median of 20 minutes. Their IQRs are similar. Which group typically takes longer?",,,Group Y,
S82-F2-Q1,3042,82,FORWARD 2,1,8.SP.A.2,tf,The line is a good fit for the data.,A. True | B. False,A,True,
S82-F2-Q2,3043,82,FORWARD 2,2,8.SP.A.2,tf,The line is a good fit for the data.,A. True | B. False,B,False,
S82-F2-Q3,3044,82,FORWARD 2,3,8.SP.A.2,mc,A line of best fit should show ___.,A. only the largest value | B. only the smallest value | C. only the first point | D. the overall trend of the data,D,the overall trend of the data,
S82-F2-Q4,3045,82,FORWARD 2,4,8.SP.A.2,sa,Use the line of best fit to predict y when x = 2.,,,8,
S82-F2-Q5,3046,82,FORWARD 2,5,8.SP.A.2,mc,Why should a scatter plot with no association NOT be modeled with a straight line?,A. There are too many points. | B. Lines must pass through the origin. | C. The axes are labeled. | D. There is no linear trend to model.,D,There is no linear trend to model.,
