uid,id,page,set,section,number,standard,type,question,choices,correct_letter,correct_answer,drawing_answer,required_method,grading_note
G3:S1-M-Q1,S1-M-Q1,8,1,MAIN,1,3.OA.A.1,mc,Which describes 4 × 6?,A. 4 groups with 6 objects in each group | B. 4 groups with 4 objects in each group | C. 6 more than 4 | D. 4 objects and 6 objects,A,4 groups with 6 objects in each group,,,
G3:S1-M-Q2,S1-M-Q2,9,1,MAIN,2,3.OA.A.1,sa,There are 3 bags with 9 marbles in each bag. Write a multiplication expression for the total number of marbles. Then find the total.,,,3 × 9; 27 marbles,,,9 × 3 is also correct for the expression. Both parts are required.
G3:S1-M-Q3,S1-M-Q3,10,1,MAIN,3,3.OA.A.1,tf,7 × 2 can mean 7 groups with 2 objects in each group.,A. True | B. False,A,True,,,
G3:S1-M-Q4,S1-M-Q4,11,1,MAIN,4,3.OA.A.1,sa,Describe a situation that 6 × 5 could show.,,,"6 boxes with 5 crayons in each box, 30 crayons in all.",,,Any situation with 6 equal groups of 5 (or 5 equal groups of 6) is correct. A situation that adds 6 and 5 is not correct.
G3:S1-M-Q5,S1-M-Q5,12,1,MAIN,5,3.OA.A.1,tf,8 × 3 means 8 + 3.,A. True | B. False,B,False,,,
G3:S1-B1-Q1,S1-B1-Q1,14,1,BACKWARD 1,1,2.OA.C.4,sa,Write an addition equation with equal addends for the array.,,,4 + 4 + 4 = 12,,,3 + 3 + 3 + 3 = 12 (adding the columns) is also correct.
G3:S1-B1-Q2,S1-B1-Q2,15,1,BACKWARD 1,2,2.OA.C.4,tf,An array with 2 rows of 5 dots has 10 dots.,A. True | B. False,A,True,,,
G3:S1-B1-Q3,S1-B1-Q3,16,1,BACKWARD 1,3,2.OA.C.4,mc,Which addition equation matches an array with 4 rows of 3 dots?,A. 4 + 4 = 8 | B. 4 + 3 = 7 | C. 3 + 4 + 3 = 10 | D. 3 + 3 + 3 + 3 = 12,D,3 + 3 + 3 + 3 = 12,,,
G3:S1-B1-Q4,S1-B1-Q4,17,1,BACKWARD 1,4,2.OA.C.4,sa,How many dots are in an array with 5 rows of 5 dots?,,,25,,,
G3:S1-B1-Q5,S1-B1-Q5,18,1,BACKWARD 1,5,2.OA.C.4,tf,An array with 3 rows of 2 dots has 5 dots.,A. True | B. False,B,False,,,
G3:S1-B2-Q1,S1-B2-Q1,20,1,BACKWARD 2,1,2.NBT.A.2,sa,"Skip-count by 5s. 5, 10, 15, ___, ___",,,"20, 25",,,
G3:S1-B2-Q2,S1-B2-Q2,21,1,BACKWARD 2,2,2.NBT.A.2,tf,"Skip-counting by 10s from 10 gives 10, 20, 30, 40.",A. True | B. False,A,True,,,
G3:S1-B2-Q3,S1-B2-Q3,22,1,BACKWARD 2,3,2.NBT.A.2,mc,Skip-count by 5s. What number comes after 35?,A. 30 | B. 36 | C. 45 | D. 40,D,40,,,
G3:S1-B2-Q4,S1-B2-Q4,23,1,BACKWARD 2,4,2.NBT.A.2,sa,"Skip-count by 100s. 100, 200, 300, ___",,,400,,,
G3:S1-B2-Q5,S1-B2-Q5,24,1,BACKWARD 2,5,2.NBT.A.2,tf,"Skip-counting by 5s from 5 gives 5, 10, 20, 25.",A. True | B. False,B,False,,,
G3:S1-F1-Q1,S1-F1-Q1,26,1,FORWARD 1,1,4.OA.A.1,mc,Which statement matches 32 = 4 × 8?,A. 32 is 4 times as many as 8. | B. 32 is 4 more than 8. | C. 8 is 4 times as many as 32. | D. 32 is 8 more than 4.,A,32 is 4 times as many as 8.,,,
G3:S1-F1-Q2,S1-F1-Q2,27,1,FORWARD 1,2,4.OA.A.1,sa,Write a comparison statement for 42 = 6 × 7.,,,42 is 6 times as many as 7.,,,"""42 is 7 times as many as 6"" is also correct. A statement with ""more than"" is not correct."
G3:S1-F1-Q3,S1-F1-Q3,28,1,FORWARD 1,3,4.OA.A.1,tf,27 = 3 × 9 can mean that 27 is 3 times as many as 9.,A. True | B. False,A,True,,,
G3:S1-F1-Q4,S1-F1-Q4,29,1,FORWARD 1,4,4.OA.A.1,sa,"Write an equation for ""40 is 5 times as many as 8.""",,,40 = 5 × 8,,,40 = 8 × 5 is also correct.
G3:S1-F1-Q5,S1-F1-Q5,30,1,FORWARD 1,5,4.OA.A.1,tf,15 = 3 × 5 means that 15 is 3 more than 5.,A. True | B. False,B,False,,,
G3:S1-F2-Q1,S1-F2-Q1,32,1,FORWARD 2,1,5.NF.B.4.a,mc,Which describes 2/3 × 12?,A. Split 12 into 3 equal parts and take 2 of them | B. Split 12 into 2 equal parts and take 3 of them | C. Add 2/3 and 12 | D. Make 12 groups of 3,A,Split 12 into 3 equal parts and take 2 of them,,,
G3:S1-F2-Q2,S1-F2-Q2,33,1,FORWARD 2,2,5.NF.B.4.a,sa,Find 3/4 × 8 by splitting 8 into 4 equal parts and taking 3 of them.,,,6,,,
G3:S1-F2-Q3,S1-F2-Q3,34,1,FORWARD 2,3,5.NF.B.4.a,tf,1/5 × 20 is the size of one part when 20 is split into 5 equal parts.,A. True | B. False,A,True,,,
G3:S1-F2-Q4,S1-F2-Q4,35,1,FORWARD 2,4,5.NF.B.4.a,sa,Multiply. 2/5 × 15,,,6,,,
G3:S1-F2-Q5,S1-F2-Q5,36,1,FORWARD 2,5,5.NF.B.4.a,tf,3/4 × 12 = 16,A. True | B. False,B,False,,,
G3:S2-M-Q1,S2-M-Q1,39,2,MAIN,1,3.OA.A.1,sa,Write a multiplication equation for the array.,,,3 × 7 = 21,,,7 × 3 = 21 is also correct.
G3:S2-M-Q2,S2-M-Q2,40,2,MAIN,2,3.OA.A.1,mc,A garden has 5 rows with 8 plants in each row. Which equation gives the number of plants?,A. 5 × 8 = 40 | B. 8 - 5 = 3 | C. 5 + 8 = 13 | D. 5 × 5 = 25,A,5 × 8 = 40,,,
G3:S2-M-Q3,S2-M-Q3,41,2,MAIN,3,3.OA.A.1,tf,The equation 6 × 4 = 24 matches 6 vases with 4 flowers in each vase.,A. True | B. False,A,True,,,
G3:S2-M-Q4,S2-M-Q4,42,2,MAIN,4,3.OA.A.1,sa,Each of 7 spiders has 8 legs. Write a multiplication equation for the total number of legs.,,,7 × 8 = 56,,,8 × 7 = 56 is also correct.
G3:S2-M-Q5,S2-M-Q5,43,2,MAIN,5,3.OA.A.1,tf,The equation 4 × 9 = 36 matches 4 boxes with 4 pens in each box.,A. True | B. False,B,False,,,
G3:S2-B1-Q1,S2-B1-Q1,45,2,BACKWARD 1,1,2.OA.C.4,sa,Write an addition equation with equal addends for the array.,,,5 + 5 = 10,,,2 + 2 + 2 + 2 + 2 = 10 (adding the columns) is also correct.
G3:S2-B1-Q2,S2-B1-Q2,46,2,BACKWARD 1,2,2.OA.C.4,tf,3 + 3 + 3 + 3 matches an array with 4 rows of 3 dots.,A. True | B. False,A,True,,,
G3:S2-B1-Q3,S2-B1-Q3,47,2,BACKWARD 1,3,2.OA.C.4,mc,An array has 3 rows with 5 dots in each row. Which equation gives the total?,A. 5 + 5 + 5 = 15 | B. 5 + 5 = 10 | C. 3 + 3 = 6 | D. 3 + 5 = 8,A,5 + 5 + 5 = 15,,,
G3:S2-B1-Q4,S2-B1-Q4,48,2,BACKWARD 1,4,2.OA.C.4,sa,An array has 4 rows with 4 dots in each row. Write an addition equation for the total.,,,4 + 4 + 4 + 4 = 16,,,
G3:S2-B1-Q5,S2-B1-Q5,49,2,BACKWARD 1,5,2.OA.C.4,tf,An array with 5 rows of 2 dots matches 5 + 2 = 7.,A. True | B. False,B,False,,,
G3:S2-B2-Q1,S2-B2-Q1,51,2,BACKWARD 2,1,2.NBT.B.6,sa,Add. 15 + 15 + 15,,,45,,,
G3:S2-B2-Q2,S2-B2-Q2,52,2,BACKWARD 2,2,2.NBT.B.6,tf,20 + 20 + 20 + 20 = 80,A. True | B. False,A,True,,,
G3:S2-B2-Q3,S2-B2-Q3,53,2,BACKWARD 2,3,2.NBT.B.6,mc,11 + 11 + 11 + 11 = ?,A. 22 | B. 44 | C. 40 | D. 33,B,44,,,
G3:S2-B2-Q4,S2-B2-Q4,54,2,BACKWARD 2,4,2.NBT.B.6,sa,Add. 24 + 24,,,48,,,
G3:S2-B2-Q5,S2-B2-Q5,55,2,BACKWARD 2,5,2.NBT.B.6,tf,13 + 13 + 13 = 36,A. True | B. False,B,False,,,
G3:S2-F1-Q1,S2-F1-Q1,57,2,FORWARD 1,1,4.OA.A.2,sa,A cat weighs 7 pounds. A dog weighs 5 times as much. Write an equation with a symbol for the dog's weight. Then solve it.,,,d = 5 × 7; 35 pounds,,,Any equivalent equation with a symbol for the unknown is correct. Both parts are required.
G3:S2-F1-Q2,S2-F1-Q2,58,2,FORWARD 1,2,4.OA.A.2,tf,Ann has 6 shells. Ben has 3 times as many shells. Ben has 18 shells.,A. True | B. False,A,True,,,
G3:S2-F1-Q3,S2-F1-Q3,59,2,FORWARD 1,3,4.OA.A.2,mc,"A red tower is 9 blocks tall. A blue tower is 4 times as tall. Which equation gives the blue tower's height, b?",A. b = 9 ÷ 4 | B. b = 4 + 9 | C. b = 4 × 9 | D. b = 9 - 4,C,b = 4 × 9,,,
G3:S2-F1-Q4,S2-F1-Q4,60,2,FORWARD 1,4,4.OA.A.2,sa,A plant is 8 cm tall. A tree is 10 times as tall. How tall is the tree?,,,80 cm,,,
G3:S2-F1-Q5,S2-F1-Q5,61,2,FORWARD 1,5,4.OA.A.2,tf,A rope is 6 feet long. A rope 3 times as long is 9 feet long.,A. True | B. False,B,False,,,
G3:S2-F2-Q1,S2-F2-Q1,63,2,FORWARD 2,1,5.OA.A.2,sa,"Write an expression for ""multiply 4 by the sum of 6 and 3.""",,,4 × (6 + 3),,,
G3:S2-F2-Q2,S2-F2-Q2,64,2,FORWARD 2,2,5.OA.A.2,mc,"Which expression means ""3 times the difference of 10 and 2""?",A. (3 × 10) - 2 | B. 10 - 2 × 3 | C. 3 × (10 - 2) | D. 3 × 10 - 2,C,3 × (10 - 2),,,
G3:S2-F2-Q3,S2-F2-Q3,65,2,FORWARD 2,3,5.OA.A.2,tf,5 × (7 + 2) is 5 times as large as 7 + 2.,A. True | B. False,A,True,,,
G3:S2-F2-Q4,S2-F2-Q4,66,2,FORWARD 2,4,5.OA.A.2,sa,There are 4 boxes. Each box has 6 red pens and 2 blue pens. Write an expression for the total number of pens.,,,4 × (6 + 2),,,(6 + 2) × 4 and 4 × 6 + 4 × 2 are also correct.
G3:S2-F2-Q5,S2-F2-Q5,67,2,FORWARD 2,5,5.OA.A.2,tf,2 × (8 + 1) is 2 more than 8 + 1.,A. True | B. False,B,False,,,
G3:S3-M-Q1,S3-M-Q1,70,3,MAIN,1,3.OA.A.2,mc,28 stickers are shared equally among 4 friends. What does 28 ÷ 4 tell you?,A. The number of friends | B. The number of stickers each friend gets | C. The total number of stickers | D. The number of stickers left over,B,The number of stickers each friend gets,,,
G3:S3-M-Q2,S3-M-Q2,71,3,MAIN,2,3.OA.A.2,sa,18 apples are shared equally among 3 baskets. Write a division equation for the number of apples in each basket. Then solve it.,,,18 ÷ 3 = 6; 6 apples,,,Both parts are required.
G3:S3-M-Q3,S3-M-Q3,72,3,MAIN,3,3.OA.A.2,tf,"In 35 ÷ 5 = 7, the 7 can mean the number in each group when 35 objects are shared equally among 5 groups.",A. True | B. False,A,True,,,
G3:S3-M-Q4,S3-M-Q4,73,3,MAIN,4,3.OA.A.2,sa,Describe a situation in which 24 ÷ 6 tells how many objects are in each share.,,,"24 cookies are shared equally by 6 children, so each child gets 4 cookies.",,,"Any situation in which 24 objects are shared equally among 6 groups, with the answer as the number in each group, is correct."
G3:S3-M-Q5,S3-M-Q5,74,3,MAIN,5,3.OA.A.2,tf,"When 20 pencils are shared equally among 4 students, each student gets 16 pencils.",A. True | B. False,B,False,,,
G3:S3-B1-Q1,S3-B1-Q1,76,3,BACKWARD 1,1,2.OA.C.3,sa,Write 16 as the sum of two equal addends.,,,8 + 8,,,
G3:S3-B1-Q2,S3-B1-Q2,77,3,BACKWARD 1,2,2.OA.C.3,tf,14 objects can be split into 2 equal groups of 7.,A. True | B. False,A,True,,,
G3:S3-B1-Q3,S3-B1-Q3,78,3,BACKWARD 1,3,2.OA.C.3,mc,Which number of objects can be split into 2 equal groups?,A. 12 | B. 9 | C. 7 | D. 15,A,12,,,
G3:S3-B1-Q4,S3-B1-Q4,79,3,BACKWARD 1,4,2.OA.C.3,sa,12 counters are split into 2 equal groups. How many counters are in each group?,,,6,,,
G3:S3-B1-Q5,S3-B1-Q5,80,3,BACKWARD 1,5,2.OA.C.3,tf,11 objects can be split into 2 equal groups with none left over.,A. True | B. False,B,False,,,
G3:S3-B2-Q1,S3-B2-Q1,82,3,BACKWARD 2,1,2.G.A.2,sa,A rectangle is split into 3 rows of 4 same-size squares. How many squares are there?,,,12,,,
G3:S3-B2-Q2,S3-B2-Q2,83,3,BACKWARD 2,2,2.G.A.2,tf,A rectangle split into 2 rows of 5 same-size squares has 10 squares.,A. True | B. False,A,True,,,
G3:S3-B2-Q3,S3-B2-Q3,84,3,BACKWARD 2,3,2.G.A.2,mc,How many same-size squares are in the rectangle?,A. 8 | B. 6 | C. 10 | D. 4,A,8,,,
G3:S3-B2-Q4,S3-B2-Q4,85,3,BACKWARD 2,4,2.G.A.2,sa,How many same-size squares are in each row of the rectangle?,,,5,,,
G3:S3-B2-Q5,S3-B2-Q5,86,3,BACKWARD 2,5,2.G.A.2,tf,A rectangle split into 4 rows of 4 same-size squares has 8 squares.,A. True | B. False,B,False,,,
G3:S3-F1-Q1,S3-F1-Q1,88,3,FORWARD 1,1,4.OA.A.2,sa,A tree is 24 feet tall. That is 4 times as tall as a bush. How tall is the bush?,,,6 feet,,,
G3:S3-F1-Q2,S3-F1-Q2,89,3,FORWARD 1,2,4.OA.A.2,tf,Mia has 45 beads. That is 5 times as many beads as Jo has. Jo has 9 beads.,A. True | B. False,A,True,,,
G3:S3-F1-Q3,S3-F1-Q3,90,3,FORWARD 1,3,4.OA.A.2,mc,A truck weighs 6 tons. That is 3 times as much as a van weighs. How much does the van weigh?,A. 18 tons | B. 2 tons | C. 3 tons | D. 9 tons,B,2 tons,,,
G3:S3-F1-Q4,S3-F1-Q4,91,3,FORWARD 1,4,4.OA.A.2,sa,A book costs $36. That is 9 times as much as a pen costs. How much does the pen cost?,,,$4,,,
G3:S3-F1-Q5,S3-F1-Q5,92,3,FORWARD 1,5,4.OA.A.2,tf,A barn is 40 feet tall. That is 8 times as tall as a fence. The fence is 32 feet tall.,A. True | B. False,B,False,,,
G3:S3-F2-Q1,S3-F2-Q1,94,3,FORWARD 2,1,5.NF.B.3,sa,4 friends share 3 pizzas equally. How much pizza does each friend get?,,,3/4 of a pizza,,,
G3:S3-F2-Q2,S3-F2-Q2,95,3,FORWARD 2,2,5.NF.B.3,tf,"When 2 sandwiches are shared equally by 5 people, each person gets 2/5 of a sandwich.",A. True | B. False,A,True,,,
G3:S3-F2-Q3,S3-F2-Q3,96,3,FORWARD 2,3,5.NF.B.3,mc,6 people share 5 pounds of rice equally. How much rice does each person get?,A. 5/6 pound | B. 6/5 pounds | C. 1 pound | D. 1/6 pound,A,5/6 pound,,,
G3:S3-F2-Q4,S3-F2-Q4,97,3,FORWARD 2,4,5.NF.B.3,sa,Write 7 ÷ 3 as a fraction or a mixed number.,,,7/3,,,2 1/3 is also correct.
G3:S3-F2-Q5,S3-F2-Q5,98,3,FORWARD 2,5,5.NF.B.3,tf,3 ÷ 8 = 8/3,A. True | B. False,B,False,,,
G3:S4-M-Q1,S4-M-Q1,101,4,MAIN,1,3.OA.A.2,mc,"30 pencils are put in boxes, with 5 pencils in each box. What does 30 ÷ 5 tell you?",A. The number of pencils left over | B. The number of boxes | C. The number of pencils in each box | D. The total number of pencils,B,The number of boxes,,,
G3:S4-M-Q2,S4-M-Q2,102,4,MAIN,2,3.OA.A.2,sa,24 eggs are packed 6 to a carton. Write a division equation for the number of cartons. Then solve it.,,,24 ÷ 6 = 4; 4 cartons,,,Both parts are required.
G3:S4-M-Q3,S4-M-Q3,103,4,MAIN,3,3.OA.A.2,tf,"In 40 ÷ 8 = 5, the 5 can mean the number of groups when 40 objects are put into groups of 8.",A. True | B. False,A,True,,,
G3:S4-M-Q4,S4-M-Q4,104,4,MAIN,4,3.OA.A.2,sa,Describe a situation in which 21 ÷ 3 tells how many groups there are.,,,"21 students make teams of 3, so there are 7 teams.",,,"Any situation in which 21 objects are put into groups of 3, with the answer as the number of groups, is correct."
G3:S4-M-Q5,S4-M-Q5,105,4,MAIN,5,3.OA.A.2,tf,A coach puts 36 balls into bags of 4. There are 32 bags.,A. True | B. False,B,False,,,
G3:S4-B1-Q1,S4-B1-Q1,107,4,BACKWARD 1,1,2.NBT.A.2,sa,Skip-count by 10s from 0 to 60. How many 10s did you count?,,,6,,,
G3:S4-B1-Q2,S4-B1-Q2,108,4,BACKWARD 1,2,2.NBT.A.2,tf,Counting by 5s from 0 to 25 takes 5 counts.,A. True | B. False,A,True,,,
G3:S4-B1-Q3,S4-B1-Q3,109,4,BACKWARD 1,3,2.NBT.A.2,mc,"Starting at 0, how many 5s do you count to reach 40?",A. 35 | B. 8 | C. 40 | D. 5,B,8,,,
G3:S4-B1-Q4,S4-B1-Q4,110,4,BACKWARD 1,4,2.NBT.A.2,sa,"Skip-count by 10s. 40, 50, 60, ___, ___",,,"70, 80",,,
G3:S4-B1-Q5,S4-B1-Q5,111,4,BACKWARD 1,5,2.NBT.A.2,tf,Counting by 10s from 0 to 90 takes 10 counts.,A. True | B. False,B,False,,,
G3:S4-B2-Q1,S4-B2-Q1,113,4,BACKWARD 2,1,2.OA.C.4,sa,How many rows does the array have? How many dots are in each row?,,,4 rows; 5 dots,,,
G3:S4-B2-Q2,S4-B2-Q2,114,4,BACKWARD 2,2,2.OA.C.4,tf,The array has 3 rows.,A. True | B. False,A,True,,,
G3:S4-B2-Q3,S4-B2-Q3,115,4,BACKWARD 2,3,2.OA.C.4,mc,How many dots are in each row of the array?,A. 12 | B. 4 | C. 3 | D. 7,B,4,,,
G3:S4-B2-Q4,S4-B2-Q4,116,4,BACKWARD 2,4,2.OA.C.4,sa,Write an addition equation with equal addends for the array.,,,4 + 4 = 8,,,2 + 2 + 2 + 2 = 8 is also correct.
G3:S4-B2-Q5,S4-B2-Q5,117,4,BACKWARD 2,5,2.OA.C.4,tf,The array has 5 rows.,A. True | B. False,B,False,,,
G3:S4-F1-Q1,S4-F1-Q1,119,4,FORWARD 1,1,4.OA.A.3,sa,"A teacher puts 26 students in groups of 4. How many full groups are there, and how many students are left over?",,,6 groups; 2 students,,,
G3:S4-F1-Q2,S4-F1-Q2,120,4,FORWARD 1,2,4.OA.A.3,sa,29 people ride in boats that hold 6 people each. How many boats are needed so everyone can ride?,,,5 boats,,,"29 ÷ 6 = 4 R 5. The 5 extra people need another boat, so 5 boats."
G3:S4-F1-Q3,S4-F1-Q3,121,4,FORWARD 1,3,4.OA.A.3,mc,A baker puts 50 rolls in bags of 8. How many bags can she fill completely?,A. 6 | B. 7 | C. 8 | D. 2,A,6,,,
G3:S4-F1-Q4,S4-F1-Q4,122,4,FORWARD 1,4,4.OA.A.3,tf,43 cards put in piles of 5 make 8 full piles with 3 cards left over.,A. True | B. False,A,True,,,
G3:S4-F1-Q5,S4-F1-Q5,123,4,FORWARD 1,5,4.OA.A.3,tf,38 markers put in boxes of 6 fill 7 boxes.,A. True | B. False,B,False,,,
G3:S4-F2-Q1,S4-F2-Q1,125,4,FORWARD 2,1,5.NF.B.7.c,sa,How many 1/3-cup servings are in 4 cups?,,,12,,,
G3:S4-F2-Q2,S4-F2-Q2,126,4,FORWARD 2,2,5.NF.B.7.c,tf,6 ÷ 1/2 = 12,A. True | B. False,A,True,,,
G3:S4-F2-Q3,S4-F2-Q3,127,4,FORWARD 2,3,5.NF.B.7.c,mc,A 5-foot board is cut into pieces that are each 1/4 foot long. How many pieces are there?,A. 1/20 | B. 5/4 | C. 20 | D. 9,C,20,,,
G3:S4-F2-Q4,S4-F2-Q4,128,4,FORWARD 2,4,5.NF.B.7.c,sa,Divide. 3 ÷ 1/5,,,15,,,
G3:S4-F2-Q5,S4-F2-Q5,129,4,FORWARD 2,5,5.NF.B.7.c,tf,2 ÷ 1/4 = 1/8,A. True | B. False,B,False,,,
G3:S5-M-Q1,S5-M-Q1,132,5,MAIN,1,3.OA.A.3,sa,A bakery puts 6 muffins in each box. It fills 7 boxes. How many muffins are in the boxes?,,,42 muffins,,,
G3:S5-M-Q2,S5-M-Q2,133,5,MAIN,2,3.OA.A.3,sa,A wall has 8 rows of tiles with 9 tiles in each row. How many tiles are on the wall?,,,72 tiles,,,
G3:S5-M-Q3,S5-M-Q3,134,5,MAIN,3,3.OA.A.3,mc,Each ribbon is 4 feet long. Mia has 6 ribbons. What is the total length of the ribbons?,A. 28 feet | B. 24 feet | C. 2 feet | D. 10 feet,B,24 feet,,,
G3:S5-M-Q4,S5-M-Q4,135,5,MAIN,4,3.OA.A.3,tf,A parking lot has 5 rows with 9 cars in each row. There are 54 cars.,A. True | B. False,B,False,,,
G3:S5-M-Q5,S5-M-Q5,136,5,MAIN,5,3.OA.A.3,sa,Tickets cost $7 each. A family buys 8 tickets. Write an equation with a symbol for the total cost. Then solve it.,,,8 × 7 = c; $56,,,Any equation with a symbol for the unknown (such as 8 × 7 = ?) is correct. Both parts are required.
G3:S5-B1-Q1,S5-B1-Q1,138,5,BACKWARD 1,1,2.OA.A.1,sa,A box has 24 crayons. Another box has 24 crayons. How many crayons are there in all?,,,48,,,
G3:S5-B1-Q2,S5-B1-Q2,139,5,BACKWARD 1,2,2.OA.A.1,tf,Jo has 35 cards and gets 15 more. She has 50 cards.,A. True | B. False,A,True,,,
G3:S5-B1-Q3,S5-B1-Q3,140,5,BACKWARD 1,3,2.OA.A.1,mc,A bus has 27 children and 18 adults. How many people are on the bus?,A. 45 | B. 35 | C. 9 | D. 55,A,45,,,
G3:S5-B1-Q4,S5-B1-Q4,141,5,BACKWARD 1,4,2.OA.A.1,sa,A farmer picks 46 apples in the morning and 38 apples in the afternoon. How many apples does he pick?,,,84,,,
G3:S5-B1-Q5,S5-B1-Q5,142,5,BACKWARD 1,5,2.OA.A.1,tf,A class has 16 girls and 17 boys. There are 23 students.,A. True | B. False,B,False,,,
G3:S5-B2-Q1,S5-B2-Q1,144,5,BACKWARD 2,1,2.MD.B.5,sa,A red ribbon is 25 cm long. A blue ribbon is 30 cm long. What is their total length?,,,55 cm,,,
G3:S5-B2-Q2,S5-B2-Q2,145,5,BACKWARD 2,2,2.MD.B.5,tf,Two 20-foot ropes laid end to end are 40 feet long.,A. True | B. False,A,True,,,
G3:S5-B2-Q3,S5-B2-Q3,146,5,BACKWARD 2,3,2.MD.B.5,mc,One path is 48 m long and another is 36 m long. What is their total length?,A. 74 m | B. 12 m | C. 94 m | D. 84 m,D,84 m,,,
G3:S5-B2-Q4,S5-B2-Q4,147,5,BACKWARD 2,4,2.MD.B.5,sa,A board is 47 inches long. Ben glues a 25-inch board to its end. How long is it now?,,,72 inches,,,
G3:S5-B2-Q5,S5-B2-Q5,148,5,BACKWARD 2,5,2.MD.B.5,tf,A 60-cm stick and a 35-cm stick laid end to end are 85 cm long.,A. True | B. False,B,False,,,
G3:S5-F1-Q1,S5-F1-Q1,150,5,FORWARD 1,1,4.NBT.B.5,sa,A school buys 6 boxes of 24 pencils. How many pencils does it buy?,,,144 pencils,,,
G3:S5-F1-Q2,S5-F1-Q2,151,5,FORWARD 1,2,4.NBT.B.5,tf,A theater has 9 rows of 32 seats. It has 288 seats.,A. True | B. False,A,True,,,
G3:S5-F1-Q3,S5-F1-Q3,152,5,FORWARD 1,3,4.NBT.B.5,mc,A bike trip covers 45 miles each day for 4 days. How long is the trip?,A. 180 miles | B. 49 miles | C. 90 miles | D. 160 miles,A,180 miles,,,
G3:S5-F1-Q4,S5-F1-Q4,153,5,FORWARD 1,4,4.NBT.B.5,sa,Tickets cost $18 each. A club buys 7 tickets. What is the total cost?,,,$126,,,
G3:S5-F1-Q5,S5-F1-Q5,154,5,FORWARD 1,5,4.NBT.B.5,tf,A farmer plants 5 rows of 76 trees. He plants 350 trees.,A. True | B. False,B,False,,,
G3:S5-F2-Q1,S5-F2-Q1,156,5,FORWARD 2,1,5.NBT.B.5,sa,A stadium has 48 sections with 125 seats in each section. How many seats are there?,,,"6,000 seats",,,
G3:S5-F2-Q2,S5-F2-Q2,157,5,FORWARD 2,2,5.NBT.B.5,tf,"A truck carries 36 crates with 144 apples in each crate. It carries 5,184 apples.",A. True | B. False,A,True,,,
G3:S5-F2-Q3,S5-F2-Q3,158,5,FORWARD 2,3,5.NBT.B.5,mc,A printer prints 215 pages each hour for 24 hours. How many pages does it print?,"A. 4,300 | B. 5,060 | C. 5,160 | D. 1,290",C,"5,160",,,
G3:S5-F2-Q4,S5-F2-Q4,159,5,FORWARD 2,4,5.NBT.B.5,sa,A school orders 32 boxes with 250 sheets of paper in each box. How many sheets is that?,,,"8,000 sheets",,,
G3:S5-F2-Q5,S5-F2-Q5,160,5,FORWARD 2,5,5.NBT.B.5,tf,"A farm packs 64 cartons of 18 eggs. That is 1,052 eggs.",A. True | B. False,B,False,,,
G3:S6-M-Q1,S6-M-Q1,163,6,MAIN,1,3.OA.A.3,sa,56 students are split equally into 7 teams. How many students are on each team?,,,8 students,,,
G3:S6-M-Q2,S6-M-Q2,164,6,MAIN,2,3.OA.A.3,sa,A gardener plants 63 seeds in rows of 9. How many rows does she plant?,,,7 rows,,,
G3:S6-M-Q3,S6-M-Q3,165,6,MAIN,3,3.OA.A.3,mc,A 48-inch ribbon is cut into 6 equal pieces. How long is each piece?,A. 42 inches | B. 8 inches | C. 6 inches | D. 54 inches,B,8 inches,,,
G3:S6-M-Q4,S6-M-Q4,166,6,MAIN,4,3.OA.A.3,tf,81 chairs are set up in 9 equal rows. There are 9 chairs in each row.,A. True | B. False,A,True,,,
G3:S6-M-Q5,S6-M-Q5,167,6,MAIN,5,3.OA.A.3,sa,A coach has 54 balls. She puts the same number of balls in each of 6 bags. Write an equation with a symbol for the number of balls in each bag. Then solve it.,,,54 ÷ 6 = b; 9 balls,,,Any equation with a symbol for the unknown (such as 6 × b = 54) is correct. Both parts are required.
G3:S6-B1-Q1,S6-B1-Q1,169,6,BACKWARD 1,1,2.OA.A.1,sa,A shelf has 64 books. 28 books are checked out. How many books are left?,,,36,,,
G3:S6-B1-Q2,S6-B1-Q2,170,6,BACKWARD 1,2,2.OA.A.1,tf,Mo had 50 stickers and gave away 18. He has 32 stickers left.,A. True | B. False,A,True,,,
G3:S6-B1-Q3,S6-B1-Q3,171,6,BACKWARD 1,3,2.OA.A.1,mc,A tank has 90 fish. 45 fish are moved to another tank. How many fish are left?,A. 35 | B. 135 | C. 55 | D. 45,D,45,,,
G3:S6-B1-Q4,S6-B1-Q4,172,6,BACKWARD 1,4,2.OA.A.1,sa,A rope is 75 feet long. 30 feet are cut off. How much rope is left?,,,45 feet,,,
G3:S6-B1-Q5,S6-B1-Q5,173,6,BACKWARD 1,5,2.OA.A.1,tf,"A box had 40 pears. 15 were eaten, so 35 are left.",A. True | B. False,B,False,,,
G3:S6-B2-Q1,S6-B2-Q1,175,6,BACKWARD 2,1,2.G.A.3,sa,A rectangle is split into 4 equal shares. What is each share called?,,,A fourth,,,"""A quarter"" is also correct."
G3:S6-B2-Q2,S6-B2-Q2,176,6,BACKWARD 2,2,2.G.A.3,tf,A circle cut into 3 equal shares is cut into thirds.,A. True | B. False,A,True,,,
G3:S6-B2-Q3,S6-B2-Q3,177,6,BACKWARD 2,3,2.G.A.3,mc,A sandwich is cut into 2 equal shares. What is each share called?,A. A third | B. A whole | C. A fourth | D. A half,D,A half,,,
G3:S6-B2-Q4,S6-B2-Q4,178,6,BACKWARD 2,4,2.G.A.3,sa,How many thirds make a whole?,,,3,,,
G3:S6-B2-Q5,S6-B2-Q5,179,6,BACKWARD 2,5,2.G.A.3,tf,A rectangle cut into 4 shares of different sizes is cut into fourths.,A. True | B. False,B,False,,,
G3:S6-F1-Q1,S6-F1-Q1,181,6,FORWARD 1,1,4.NBT.B.6,sa,A farmer packs 96 eggs into cartons of 6. How many cartons does he fill?,,,16 cartons,,,
G3:S6-F1-Q2,S6-F1-Q2,182,6,FORWARD 1,2,4.NBT.B.6,tf,A 135-page book is read in 5 equal parts. Each part is 27 pages.,A. True | B. False,A,True,,,
G3:S6-F1-Q3,S6-F1-Q3,183,6,FORWARD 1,3,4.NBT.B.6,mc,A school splits 252 students into 4 equal groups. How many students are in each group?,"A. 248 | B. 61 | C. 63 | D. 1,008",C,63,,,
G3:S6-F1-Q4,S6-F1-Q4,184,6,FORWARD 1,4,4.NBT.B.6,sa,A rope 128 feet long is cut into 8 equal pieces. How long is each piece?,,,16 feet,,,
G3:S6-F1-Q5,S6-F1-Q5,185,6,FORWARD 1,5,4.NBT.B.6,tf,7 friends share 196 marbles equally. Each friend gets 29 marbles.,A. True | B. False,B,False,,,
G3:S6-F2-Q1,S6-F2-Q1,187,6,FORWARD 2,1,5.NBT.B.6,sa,A school has 672 students in 24 classes of the same size. How many students are in each class?,,,28,,,
G3:S6-F2-Q2,S6-F2-Q2,188,6,FORWARD 2,2,5.NBT.B.6,tf,"A 1,350-mile trip is driven in 15 days, the same distance each day. Each day is 90 miles.",A. True | B. False,A,True,,,
G3:S6-F2-Q3,S6-F2-Q3,189,6,FORWARD 2,3,5.NBT.B.6,mc,"A factory packs 2,016 cans in boxes of 48. How many boxes does it fill?","A. 43 | B. 42 | C. 2,064 | D. 41",B,42,,,
G3:S6-F2-Q4,S6-F2-Q4,190,6,FORWARD 2,4,5.NBT.B.6,sa,"An orchard has 1,155 trees in 35 equal rows. How many trees are in each row?",,,33,,,
G3:S6-F2-Q5,S6-F2-Q5,191,6,FORWARD 2,5,5.NBT.B.6,tf,"3,600 seats are split into 25 equal sections. Each section has 154 seats.",A. True | B. False,B,False,,,
G3:S7-M-Q1,S7-M-Q1,194,7,MAIN,1,3.OA.A.3,plot_text,There are 4 plates with 5 grapes on each plate. Draw a picture of the problem. Then write an equation and find the total.,,,4 × 5 = 20; 20 grapes,"4 equal groups with 5 objects in each (or a 4-by-5 array, or another diagram of 4 equal groups of 5)",,"Grade both: a drawing that shows 4 equal groups of 5, and the equation with the total. 5 × 4 = 20 is also correct."
G3:S7-M-Q2,S7-M-Q2,195,7,MAIN,2,3.OA.A.3,plot_text,18 crackers are shared equally among 3 children. Draw a picture of the problem. Then write a division equation and find how many crackers each child gets.,,,18 ÷ 3 = 6; 6 crackers,"18 objects split into 3 equal groups with 6 in each, or an equivalent diagram",,"Grade both: the drawing of 3 equal groups, and the equation with the answer."
G3:S7-M-Q3,S7-M-Q3,196,7,MAIN,3,3.OA.A.3,mc,A drawing shows 3 rows with 6 stars in each row. Which equation matches the drawing?,A. 3 + 6 = ? | B. 6 ÷ 3 = ? | C. 3 × 6 = ? | D. 6 - 3 = ?,C,3 × 6 = ?,,,
G3:S7-M-Q4,S7-M-Q4,197,7,MAIN,4,3.OA.A.3,plot_text,A 20-foot board is cut into pieces that are each 4 feet long. Draw a diagram. Then write an equation with a symbol for the unknown and solve it.,,,20 ÷ 4 = p; 5 pieces,"A bar or number line 20 units long marked into 4-unit parts, showing 5 parts",,Any equation with a symbol for the unknown (such as p × 4 = 20) is correct. Grade both the diagram and the equation with its solution.
G3:S7-M-Q5,S7-M-Q5,198,7,MAIN,5,3.OA.A.3,tf,A drawing of 5 groups with 3 dots in each group matches the equation 5 + 3 = 8.,A. True | B. False,B,False,,,
G3:S7-B1-Q1,S7-B1-Q1,200,7,BACKWARD 1,1,2.OA.A.1,sa,Lena has 23 shells. She finds some more and now has 41. Write an equation with a symbol for the unknown. Then solve it.,,,23 + ? = 41; 18,,,Any equation with a symbol for the unknown (such as 41 - 23 = s) is correct. Both parts are required.
G3:S7-B1-Q2,S7-B1-Q2,201,7,BACKWARD 1,2,2.OA.A.1,tf,"The equation 52 - b = 30 matches ""52 birds were on a wire. Some flew away, and 30 were left.""",A. True | B. False,A,True,,,
G3:S7-B1-Q3,S7-B1-Q3,202,7,BACKWARD 1,3,2.OA.A.1,mc,"A box had some pens. 14 more were put in, and now there are 50. Which equation matches?",A. p + 14 = 50 | B. p - 14 = 50 | C. 14 - p = 50 | D. 50 + 14 = p,A,p + 14 = 50,,,
G3:S7-B1-Q4,S7-B1-Q4,203,7,BACKWARD 1,4,2.OA.A.1,sa,A rope is 60 inches long. Kim cuts off 25 inches. Write an equation with a symbol for the length left. Then solve it.,,,60 - 25 = r; 35 inches,,,Any equation with a symbol for the unknown is correct. Both parts are required.
G3:S7-B1-Q5,S7-B1-Q5,204,7,BACKWARD 1,5,2.OA.A.1,tf,"The equation 18 + 9 = n matches ""There were 18 cats. 9 cats left. How many are still here?""",A. True | B. False,B,False,,,
G3:S7-B2-Q1,S7-B2-Q1,206,7,BACKWARD 2,1,2.OA.C.4,plot,Draw an array with 3 rows of 4 dots.,,,An array of 3 rows with 4 dots in each row (12 dots),,,
G3:S7-B2-Q2,S7-B2-Q2,207,7,BACKWARD 2,2,2.OA.C.4,tf,An array with 4 rows of 2 dots shows 2 + 2 + 2 + 2.,A. True | B. False,A,True,,,
G3:S7-B2-Q3,S7-B2-Q3,208,7,BACKWARD 2,3,2.OA.C.4,mc,How many dots do you draw for an array with 5 rows of 3 dots?,A. 53 | B. 8 | C. 15 | D. 12,C,15,,,
G3:S7-B2-Q4,S7-B2-Q4,209,7,BACKWARD 2,4,2.OA.C.4,plot_text,Draw an array with 2 rows of 5 dots. Then write an addition equation for it.,,,5 + 5 = 10,2 rows with 5 dots in each row,,"Grade both: the array, and the equation. 2 + 2 + 2 + 2 + 2 = 10 is also correct."
G3:S7-B2-Q5,S7-B2-Q5,210,7,BACKWARD 2,5,2.OA.C.4,tf,An array with 3 rows of 3 dots has 6 dots.,A. True | B. False,B,False,,,
G3:S7-F1-Q1,S7-F1-Q1,212,7,FORWARD 1,1,4.OA.A.2,plot_text,A blue scarf is 3 feet long. A red scarf is 4 times as long. Draw a tape diagram. Then write an equation and find the red scarf's length.,,,r = 4 × 3; 12 feet,"A tape for the blue scarf with 1 part of 3 feet, and a tape for the red scarf with 4 equal parts of 3 feet",,"Grade both: the tape diagram, and the equation with the answer."
G3:S7-F1-Q2,S7-F1-Q2,213,7,FORWARD 1,2,4.OA.A.2,tf,"The equation 36 = 4 × n matches ""36 is 4 times as many as n.""",A. True | B. False,A,True,,,
G3:S7-F1-Q3,S7-F1-Q3,214,7,FORWARD 1,3,4.OA.A.2,mc,"A school has 8 teachers and 5 times as many parent helpers. Which equation finds the number of parent helpers, p?",A. p = 8 - 5 | B. p = 5 + 8 | C. p = 5 × 8 | D. p = 8 ÷ 5,C,p = 5 × 8,,,
G3:S7-F1-Q4,S7-F1-Q4,215,7,FORWARD 1,4,4.OA.A.2,sa,Ty swam 30 laps. That is 6 times as many laps as Al swam. Write an equation with a symbol for Al's laps. Then solve it.,,,6 × a = 30; 5 laps,,,Any equivalent equation (such as a = 30 ÷ 6) is correct. Both parts are required.
G3:S7-F1-Q5,S7-F1-Q5,216,7,FORWARD 1,5,4.OA.A.2,tf,"""21 is 3 times as many as 7"" can be written as 21 = 3 + 7.",A. True | B. False,B,False,,,
G3:S7-F2-Q1,S7-F2-Q1,218,7,FORWARD 2,1,5.NF.B.6,plot_text,A path is 6 miles long. Kai walked 2/3 of it. Draw a tape diagram. Then find how far Kai walked.,,,4 miles,"A tape for 6 miles split into 3 equal parts of 2 miles, with 2 parts marked",,"Grade both: the tape in 3 equal parts with 2 parts marked, and 4 miles."
G3:S7-F2-Q2,S7-F2-Q2,219,7,FORWARD 2,2,5.NF.B.6,tf,3/4 of a 12-pound bag of rice is 9 pounds.,A. True | B. False,A,True,,,
G3:S7-F2-Q3,S7-F2-Q3,220,7,FORWARD 2,3,5.NF.B.6,mc,A recipe uses 2 cups of milk. Leo makes 1/2 of the recipe. How much milk does he use?,A. 1 cup | B. 2 1/2 cups | C. 4 cups | D. 1/4 cup,A,1 cup,,,
G3:S7-F2-Q4,S7-F2-Q4,221,7,FORWARD 2,4,5.NF.B.6,sa,A rope is 10 feet long. 3/5 of it is red. How many feet of the rope are red?,,,6 feet,,,
G3:S7-F2-Q5,S7-F2-Q5,222,7,FORWARD 2,5,5.NF.B.6,tf,2/5 of 20 students is 5 students.,A. True | B. False,B,False,,,
G3:S8-M-Q1,S8-M-Q1,225,8,MAIN,1,3.OA.A.4,sa,Find the unknown number. 7 × ? = 56,,,8,,,
G3:S8-M-Q2,S8-M-Q2,226,8,MAIN,2,3.OA.A.4,sa,Find the unknown number. ? × 4 = 36,,,9,,,
G3:S8-M-Q3,S8-M-Q3,227,8,MAIN,3,3.OA.A.4,mc,Which number makes the equation true? 6 × n = 42,A. 36 | B. 7 | C. 48 | D. 6,B,7,,,
G3:S8-M-Q4,S8-M-Q4,228,8,MAIN,4,3.OA.A.4,tf,"In 4 × ▢ = 32, the unknown number is 9.",A. True | B. False,B,False,,,
G3:S8-M-Q5,S8-M-Q5,229,8,MAIN,5,3.OA.A.4,sa,Find the unknown number. 63 = 9 × ?,,,7,,,
G3:S8-B1-Q1,S8-B1-Q1,231,8,BACKWARD 1,1,1.OA.D.8,sa,Find the unknown number. 9 + ? = 15,,,6,,,
G3:S8-B1-Q2,S8-B1-Q2,232,8,BACKWARD 1,2,1.OA.D.8,tf,"In 13 - ? = 6, the unknown number is 7.",A. True | B. False,A,True,,,
G3:S8-B1-Q3,S8-B1-Q3,233,8,BACKWARD 1,3,1.OA.D.8,mc,? + 7 = 16,A. 10 | B. 9 | C. 23 | D. 8,B,9,,,
G3:S8-B1-Q4,S8-B1-Q4,234,8,BACKWARD 1,4,1.OA.D.8,sa,Find the unknown number. 14 = ? + 5,,,9,,,
G3:S8-B1-Q5,S8-B1-Q5,235,8,BACKWARD 1,5,1.OA.D.8,tf,"In ? - 4 = 9, the unknown number is 5.",A. True | B. False,B,False,,,
G3:S8-B2-Q1,S8-B2-Q1,237,8,BACKWARD 2,1,2.NBT.A.2,sa,Skip-count by 5s from 5. How many numbers do you say to reach 35?,,,7,,,
G3:S8-B2-Q2,S8-B2-Q2,238,8,BACKWARD 2,2,2.NBT.A.2,tf,"Skip-counting by 10s from 10, the 4th number is 40.",A. True | B. False,A,True,,,
G3:S8-B2-Q3,S8-B2-Q3,239,8,BACKWARD 2,3,2.NBT.A.2,mc,Skip-count by 5s from 5. What is the 6th number?,A. 11 | B. 35 | C. 25 | D. 30,D,30,,,
G3:S8-B2-Q4,S8-B2-Q4,240,8,BACKWARD 2,4,2.NBT.A.2,sa,Skip-count by 100s from 100. What is the 5th number?,,,500,,,
G3:S8-B2-Q5,S8-B2-Q5,241,8,BACKWARD 2,5,2.NBT.A.2,tf,"Skip-counting by 10s from 10, the 7th number is 80.",A. True | B. False,B,False,,,
G3:S8-F1-Q1,S8-F1-Q1,243,8,FORWARD 1,1,4.OA.B.4,sa,List all the factor pairs of 20.,,,"1 × 20, 2 × 10, 4 × 5",,,"All three pairs are required, in any order."
G3:S8-F1-Q2,S8-F1-Q2,244,8,FORWARD 1,2,4.OA.B.4,tf,7 is a factor of 63.,A. True | B. False,A,True,,,
G3:S8-F1-Q3,S8-F1-Q3,245,8,FORWARD 1,3,4.OA.B.4,mc,Which is a factor pair of 36?,A. 5 × 7 | B. 4 × 9 | C. 3 × 11 | D. 6 × 5,B,4 × 9,,,
G3:S8-F1-Q4,S8-F1-Q4,246,8,FORWARD 1,4,4.OA.B.4,sa,Is 6 a factor of 44? Explain.,,,No,,,No whole number times 6 equals 44 (44 ÷ 6 = 7 R 2).
G3:S8-F1-Q5,S8-F1-Q5,247,8,FORWARD 1,5,4.OA.B.4,tf,8 is a factor of 30.,A. True | B. False,B,False,,,
G3:S8-F2-Q1,S8-F2-Q1,249,8,FORWARD 2,1,5.NBT.B.6,sa,Find the unknown number. 24 × ? = 912,,,38,,,
G3:S8-F2-Q2,S8-F2-Q2,250,8,FORWARD 2,2,5.NBT.B.6,tf,"If 15 × n = 645, then n = 43.",A. True | B. False,A,True,,,
G3:S8-F2-Q3,S8-F2-Q3,251,8,FORWARD 2,3,5.NBT.B.6,mc,"? × 32 = 1,248","A. 41 | B. 1,280 | C. 38 | D. 39",D,39,,,
G3:S8-F2-Q4,S8-F2-Q4,252,8,FORWARD 2,4,5.NBT.B.6,sa,"Find the unknown number. 2,100 = 75 × ?",,,28,,,
G3:S8-F2-Q5,S8-F2-Q5,253,8,FORWARD 2,5,5.NBT.B.6,tf,"If 18 × n = 864, then n = 46.",A. True | B. False,B,False,,,
G3:S9-M-Q1,S9-M-Q1,256,9,MAIN,1,3.OA.A.4,sa,Find the unknown number. 45 ÷ ? = 9,,,5,,,
G3:S9-M-Q2,S9-M-Q2,257,9,MAIN,2,3.OA.A.4,sa,Find the unknown number. ? ÷ 6 = 7,,,42,,,
G3:S9-M-Q3,S9-M-Q3,258,9,MAIN,3,3.OA.A.4,mc,Which number makes the equation true? 72 ÷ n = 8,A. 8 | B. 64 | C. 80 | D. 9,D,9,,,
G3:S9-M-Q4,S9-M-Q4,259,9,MAIN,4,3.OA.A.4,tf,"In ? ÷ 4 = 8, the unknown number is 32.",A. True | B. False,A,True,,,
G3:S9-M-Q5,S9-M-Q5,260,9,MAIN,5,3.OA.A.4,tf,"In 49 ÷ ▢ = 7, the unknown number is 42.",A. True | B. False,B,False,,,
G3:S9-B1-Q1,S9-B1-Q1,262,9,BACKWARD 1,1,1.OA.D.8,sa,Find the unknown number. 17 - ? = 9,,,8,,,
G3:S9-B1-Q2,S9-B1-Q2,263,9,BACKWARD 1,2,1.OA.D.8,tf,"In ? + 6 = 14, the unknown number is 8.",A. True | B. False,A,True,,,
G3:S9-B1-Q3,S9-B1-Q3,264,9,BACKWARD 1,3,1.OA.D.8,mc,12 = ? - 3,A. 15 | B. 14 | C. 4 | D. 9,A,15,,,
G3:S9-B1-Q4,S9-B1-Q4,265,9,BACKWARD 1,4,1.OA.D.8,sa,Find the unknown number. ? - 7 = 7,,,14,,,
G3:S9-B1-Q5,S9-B1-Q5,266,9,BACKWARD 1,5,1.OA.D.8,tf,"In 16 - ? = 10, the unknown number is 4.",A. True | B. False,B,False,,,
G3:S9-B2-Q1,S9-B2-Q1,268,9,BACKWARD 2,1,2.OA.B.2,sa,Subtract. 15 - 8,,,7,,,
G3:S9-B2-Q2,S9-B2-Q2,269,9,BACKWARD 2,2,2.OA.B.2,tf,9 + 8 = 17,A. True | B. False,A,True,,,
G3:S9-B2-Q3,S9-B2-Q3,270,9,BACKWARD 2,3,2.OA.B.2,mc,13 - 6 = ?,A. 6 | B. 7 | C. 19 | D. 8,B,7,,,
G3:S9-B2-Q4,S9-B2-Q4,271,9,BACKWARD 2,4,2.OA.B.2,sa,Add. 7 + 6,,,13,,,
G3:S9-B2-Q5,S9-B2-Q5,272,9,BACKWARD 2,5,2.OA.B.2,tf,16 - 9 = 8,A. True | B. False,B,False,,,
G3:S9-F1-Q1,S9-F1-Q1,274,9,FORWARD 1,1,4.NBT.B.6,sa,Find the unknown number. ? ÷ 4 = 125,,,500,,,
G3:S9-F1-Q2,S9-F1-Q2,275,9,FORWARD 1,2,4.NBT.B.6,tf,"In 312 ÷ n = 6, n = 52.",A. True | B. False,A,True,,,
G3:S9-F1-Q3,S9-F1-Q3,276,9,FORWARD 1,3,4.NBT.B.6,mc,848 ÷ ? = 8,A. 16 | B. 856 | C. 840 | D. 106,D,106,,,
G3:S9-F1-Q4,S9-F1-Q4,277,9,FORWARD 1,4,4.NBT.B.6,sa,Find the unknown number. ? ÷ 7 = 36,,,252,,,
G3:S9-F1-Q5,S9-F1-Q5,278,9,FORWARD 1,5,4.NBT.B.6,tf,"In 450 ÷ n = 5, n = 9.",A. True | B. False,B,False,,,
G3:S9-F2-Q1,S9-F2-Q1,280,9,FORWARD 2,1,5.NBT.B.6,sa,Find the unknown number. ? ÷ 25 = 36,,,900,,,
G3:S9-F2-Q2,S9-F2-Q2,281,9,FORWARD 2,2,5.NBT.B.6,tf,"In 1,092 ÷ n = 42, n = 26.",A. True | B. False,A,True,,,
G3:S9-F2-Q3,S9-F2-Q3,282,9,FORWARD 2,3,5.NBT.B.6,mc,"1,512 ÷ ? = 36","A. 1,476 | B. 54 | C. 42 | D. 48",C,42,,,
G3:S9-F2-Q4,S9-F2-Q4,283,9,FORWARD 2,4,5.NBT.B.6,sa,Find the unknown number. ? ÷ 16 = 45,,,720,,,
G3:S9-F2-Q5,S9-F2-Q5,284,9,FORWARD 2,5,5.NBT.B.6,tf,"In 2,000 ÷ n = 80, n = 20.",A. True | B. False,B,False,,,
G3:S10-M-Q1,S10-M-Q1,287,10,MAIN,1,3.OA.B.5,sa,"7 × 8 = 56. Without multiplying, what is 8 × 7? Explain.",,,56,,,Changing the order of the factors does not change the product (the commutative property). Both parts are required.
G3:S10-M-Q2,S10-M-Q2,288,10,MAIN,2,3.OA.B.5,mc,Which is equal to 9 × 3?,A. 3 × 9 | B. 93 | C. 9 × 9 | D. 9 + 3,A,3 × 9,,,
G3:S10-M-Q3,S10-M-Q3,289,10,MAIN,3,3.OA.B.5,tf,5 × 9 = 9 × 5,A. True | B. False,A,True,,,
G3:S10-M-Q4,S10-M-Q4,290,10,MAIN,4,3.OA.B.5,sa,"An array has 4 rows of 7 dots. It is turned on its side, so it now has 7 rows. How many dots are in each row now? How many dots are there in all?",,,4; 28,,,Both parts are required.
G3:S10-M-Q5,S10-M-Q5,291,10,MAIN,5,3.OA.B.5,tf,8 × 4 = 4 + 8,A. True | B. False,B,False,,,
G3:S10-B1-Q1,S10-B1-Q1,293,10,BACKWARD 1,1,1.OA.B.3,sa,9 + 5 = 14. What is 5 + 9?,,,14,,,
G3:S10-B1-Q2,S10-B1-Q2,294,10,BACKWARD 1,2,1.OA.B.3,tf,7 + 6 = 6 + 7,A. True | B. False,A,True,,,
G3:S10-B1-Q3,S10-B1-Q3,295,10,BACKWARD 1,3,1.OA.B.3,mc,Which is equal to 4 + 9?,A. 49 | B. 4 + 4 | C. 9 + 4 | D. 9 - 4,C,9 + 4,,,
G3:S10-B1-Q4,S10-B1-Q4,296,10,BACKWARD 1,4,1.OA.B.3,sa,Fill in the blank. 6 + 8 = 8 + ___,,,6,,,
G3:S10-B1-Q5,S10-B1-Q5,297,10,BACKWARD 1,5,1.OA.B.3,tf,5 + 2 = 5 - 2,A. True | B. False,B,False,,,
G3:S10-B2-Q1,S10-B2-Q1,299,10,BACKWARD 2,1,2.OA.C.4,sa,Add the rows. Then add the columns. What total do you get each way?,,,12; 12,,,4 + 4 + 4 = 12 and 3 + 3 + 3 + 3 = 12. Both parts are required.
G3:S10-B2-Q2,S10-B2-Q2,300,10,BACKWARD 2,2,2.OA.C.4,tf,An array with 2 rows of 5 dots has the same number of dots as an array with 5 rows of 2 dots.,A. True | B. False,A,True,,,
G3:S10-B2-Q3,S10-B2-Q3,301,10,BACKWARD 2,3,2.OA.C.4,mc,An array has 3 rows of 5 dots. Which addition adds its columns?,A. 5 + 5 + 5 | B. 5 + 3 + 5 | C. 3 + 5 | D. 3 + 3 + 3 + 3 + 3,D,3 + 3 + 3 + 3 + 3,,,
G3:S10-B2-Q4,S10-B2-Q4,302,10,BACKWARD 2,4,2.OA.C.4,sa,How many dots are in an array with 4 rows of 5 dots?,,,20,,,
G3:S10-B2-Q5,S10-B2-Q5,303,10,BACKWARD 2,5,2.OA.C.4,tf,An array with 4 rows of 3 dots has more dots than an array with 3 rows of 4 dots.,A. True | B. False,B,False,,,
G3:S10-F1-Q1,S10-F1-Q1,305,10,FORWARD 1,1,4.NBT.B.5,tf,24 × 15 = 15 × 24,A. True | B. False,A,True,,,
G3:S10-F1-Q2,S10-F1-Q2,306,10,FORWARD 1,2,4.NBT.B.5,sa,36 × 7 = 252. What is 7 × 36?,,,252,,,
G3:S10-F1-Q3,S10-F1-Q3,307,10,FORWARD 1,3,4.NBT.B.5,mc,Which is equal to 48 × 25?,A. 25 × 48 | B. 48 × 52 | C. 48 + 25 | D. 84 × 25,A,25 × 48,,,
G3:S10-F1-Q4,S10-F1-Q4,308,10,FORWARD 1,4,4.NBT.B.5,sa,Is 19 × 6 equal to 6 × 19? Find the product.,,,Yes; 114,,,Both parts are required.
G3:S10-F1-Q5,S10-F1-Q5,309,10,FORWARD 1,5,4.NBT.B.5,tf,125 × 8 = 8 × 152,A. True | B. False,B,False,,,
G3:S10-F2-Q1,S10-F2-Q1,311,10,FORWARD 2,1,5.NF.B.4.a,tf,2/3 × 6 = 6 × (2/3),A. True | B. False,A,True,,,
G3:S10-F2-Q2,S10-F2-Q2,312,10,FORWARD 2,2,5.NF.B.4.a,sa,Multiply. 8 × (3/4),,,6,,,
G3:S10-F2-Q3,S10-F2-Q3,313,10,FORWARD 2,3,5.NF.B.4.a,mc,Which is equal to 5/6 × 12?,A. 12 × (6/5) | B. 5/6 + 12 | C. 12 × (5/6) | D. 6/5 × 12,C,12 × (5/6),,,
G3:S10-F2-Q4,S10-F2-Q4,314,10,FORWARD 2,4,5.NF.B.4.a,sa,3/5 × 10 = 6. What is 10 × (3/5)?,,,6,,,
G3:S10-F2-Q5,S10-F2-Q5,315,10,FORWARD 2,5,5.NF.B.4.a,tf,1/2 × 14 = 14 × 2,A. True | B. False,B,False,,,
G3:S11-M-Q1,S11-M-Q1,318,11,MAIN,1,3.OA.B.5,sa,Find the product by first multiplying 2 × 5. 2 × 5 × 7,,,70,,,2 × 5 = 10 and 10 × 7 = 70.
G3:S11-M-Q2,S11-M-Q2,319,11,MAIN,2,3.OA.B.5,mc,Which is equal to (4 × 2) × 3?,A. 4 + (2 × 3) | B. 4 × 2 + 3 | C. 4 × (2 × 3) | D. (4 + 2) × 3,C,4 × (2 × 3),,,
G3:S11-M-Q3,S11-M-Q3,320,11,MAIN,3,3.OA.B.5,tf,(3 × 2) × 4 = 3 × (2 × 4),A. True | B. False,A,True,,,
G3:S11-M-Q4,S11-M-Q4,321,11,MAIN,4,3.OA.B.5,sa,Show two different ways to group 5 × 2 × 6. Then find the product.,,,(5 × 2) × 6 = 60; 5 × (2 × 6) = 60; 60,,,Any two different groupings with the product 60 are correct.
G3:S11-M-Q5,S11-M-Q5,322,11,MAIN,5,3.OA.B.5,tf,(2 × 4) × 5 = 2 + (4 × 5),A. True | B. False,B,False,,,
G3:S11-B1-Q1,S11-B1-Q1,324,11,BACKWARD 1,1,1.OA.B.3,sa,Add. 7 + 3 + 5,,,15,,,
G3:S11-B1-Q2,S11-B1-Q2,325,11,BACKWARD 1,2,1.OA.B.3,tf,(4 + 6) + 3 = 4 + (6 + 3),A. True | B. False,A,True,,,
G3:S11-B1-Q3,S11-B1-Q3,326,11,BACKWARD 1,3,1.OA.B.3,mc,Which sum is equal to 8 + 5 + 2?,A. 10 + 5 | B. 8 + 7 + 2 | C. 10 + 7 | D. 13 + 5,A,10 + 5,,,
G3:S11-B1-Q4,S11-B1-Q4,327,11,BACKWARD 1,4,1.OA.B.3,sa,Add by making a ten first. 6 + 9 + 4,,,19,,,
G3:S11-B1-Q5,S11-B1-Q5,328,11,BACKWARD 1,5,1.OA.B.3,tf,(5 + 5) + 4 = 10 + 9,A. True | B. False,B,False,,,
G3:S11-B2-Q1,S11-B2-Q1,330,11,BACKWARD 2,1,2.OA.B.2,sa,Add. 8 + 9,,,17,,,
G3:S11-B2-Q2,S11-B2-Q2,331,11,BACKWARD 2,2,2.OA.B.2,tf,6 + 7 = 13,A. True | B. False,A,True,,,
G3:S11-B2-Q3,S11-B2-Q3,332,11,BACKWARD 2,3,2.OA.B.2,mc,9 + 9 = ?,A. 81 | B. 17 | C. 19 | D. 18,D,18,,,
G3:S11-B2-Q4,S11-B2-Q4,333,11,BACKWARD 2,4,2.OA.B.2,sa,Add. 10 + 7,,,17,,,
G3:S11-B2-Q5,S11-B2-Q5,334,11,BACKWARD 2,5,2.OA.B.2,tf,5 + 8 = 12,A. True | B. False,B,False,,,
G3:S11-F1-Q1,S11-F1-Q1,336,11,FORWARD 1,1,4.NBT.B.5,sa,Find 4 × 5 × 13 by first multiplying 4 × 5.,,,260,,,
G3:S11-F1-Q2,S11-F1-Q2,337,11,FORWARD 1,2,4.NBT.B.5,tf,6 × 25 × 4 = 6 × 100,A. True | B. False,A,True,,,
G3:S11-F1-Q3,S11-F1-Q3,338,11,FORWARD 1,3,4.NBT.B.5,mc,2 × 37 × 5 = 37 × ?,A. 2 | B. 74 | C. 10 | D. 7,C,10,,,
G3:S11-F1-Q4,S11-F1-Q4,339,11,FORWARD 1,4,4.NBT.B.5,sa,Multiply. 3 × 20 × 5,,,300,,,
G3:S11-F1-Q5,S11-F1-Q5,340,11,FORWARD 1,5,4.NBT.B.5,tf,25 × 3 × 4 = 75 × 12,A. True | B. False,B,False,,,
G3:S11-F2-Q1,S11-F2-Q1,342,11,FORWARD 2,1,5.NBT.A.2,sa,Multiply. 4 × 10²,,,400,,,
G3:S11-F2-Q2,S11-F2-Q2,343,11,FORWARD 2,2,5.NBT.A.2,tf,7 × 10 × 10 × 10 = 7 × 10³,A. True | B. False,A,True,,,
G3:S11-F2-Q3,S11-F2-Q3,344,11,FORWARD 2,3,5.NBT.A.2,mc,Which is equal to 36 × 100?,A. 36 + 100 | B. 36 × 10³ | C. 36 × 10² | D. 36 × 10,C,36 × 10²,,,
G3:S11-F2-Q4,S11-F2-Q4,345,11,FORWARD 2,4,5.NBT.A.2,sa,Find 25 × 4 × 10².,,,"10,000",,,
G3:S11-F2-Q5,S11-F2-Q5,346,11,FORWARD 2,5,5.NBT.A.2,tf,"3 × 10² = 3,000",A. True | B. False,B,False,,,
G3:S12-M-Q1,S12-M-Q1,349,12,MAIN,1,3.OA.B.5,sa,The dashed line splits the array of 6 rows of 7 into 6 rows of 5 and 6 rows of 2. Use 6 × 7 = 6 × 5 + 6 × 2 to find 6 × 7.,,,42,,,"6 × 5 = 30, 6 × 2 = 12, and 30 + 12 = 42."
G3:S12-M-Q2,S12-M-Q2,350,12,MAIN,2,3.OA.B.5,mc,Which is equal to 4 × 9?,A. 4 × 5 + 4 | B. 4 × 5 × 4 | C. 4 + 9 | D. 4 × 5 + 4 × 4,D,4 × 5 + 4 × 4,,,
G3:S12-M-Q3,S12-M-Q3,351,12,MAIN,3,3.OA.B.5,tf,9 × 6 = 9 × 3 + 9 × 3,A. True | B. False,A,True,,,
G3:S12-M-Q4,S12-M-Q4,352,12,MAIN,4,3.OA.B.5,work,Use the distributive property to find 8 × 6. Show the parts you add.,,,48,,"Any correct break-apart, for example 8 × 6 = 8 × 5 + 8 × 1 = 40 + 8, or 8 × 6 = 4 × 6 + 4 × 6 = 24 + 24. The product without a break-apart earns partial credit.",
G3:S12-M-Q5,S12-M-Q5,353,12,MAIN,5,3.OA.B.5,tf,7 × 8 = 7 × 4 + 4,A. True | B. False,B,False,,,
G3:S12-B1-Q1,S12-B1-Q1,355,12,BACKWARD 1,1,2.NBT.B.5,sa,Add. 40 + 16,,,56,,,
G3:S12-B1-Q2,S12-B1-Q2,356,12,BACKWARD 1,2,2.NBT.B.5,tf,35 + 21 = 56,A. True | B. False,A,True,,,
G3:S12-B1-Q3,S12-B1-Q3,357,12,BACKWARD 1,3,2.NBT.B.5,mc,30 + 18 = ?,A. 38 | B. 12 | C. 48 | D. 58,C,48,,,
G3:S12-B1-Q4,S12-B1-Q4,358,12,BACKWARD 1,4,2.NBT.B.5,sa,Add. 26 + 26,,,52,,,
G3:S12-B1-Q5,S12-B1-Q5,359,12,BACKWARD 1,5,2.NBT.B.5,tf,45 + 27 = 62,A. True | B. False,B,False,,,
G3:S12-B2-Q1,S12-B2-Q1,361,12,BACKWARD 2,1,2.OA.C.4,sa,The dashed line splits the array. How many dots are on each side? How many dots are there in all?,,,9; 6; 15,,,All three parts are required.
G3:S12-B2-Q2,S12-B2-Q2,362,12,BACKWARD 2,2,2.OA.C.4,tf,An array of 4 rows of 5 dots can be split into 4 rows of 3 dots and 4 rows of 2 dots.,A. True | B. False,A,True,,,
G3:S12-B2-Q3,S12-B2-Q3,363,12,BACKWARD 2,3,2.OA.C.4,mc,An array of 2 rows of 5 dots is split into 2 rows of 4 dots and 2 rows of 1 dot. How many dots are there in all?,A. 10 | B. 8 | C. 12 | D. 2,A,10,,,
G3:S12-B2-Q4,S12-B2-Q4,364,12,BACKWARD 2,4,2.OA.C.4,sa,An array of 5 rows of 4 dots is split into two arrays of 5 rows of 2 dots. How many dots are in each part?,,,10,,,
G3:S12-B2-Q5,S12-B2-Q5,365,12,BACKWARD 2,5,2.OA.C.4,tf,Splitting an array into two parts changes the total number of dots.,A. True | B. False,B,False,,,
G3:S12-F1-Q1,S12-F1-Q1,367,12,FORWARD 1,1,4.NBT.B.5,sa,Use the area model to find 7 × 23.,,,161,,,
G3:S12-F1-Q2,S12-F1-Q2,368,12,FORWARD 1,2,4.NBT.B.5,tf,6 × 34 = 6 × 30 + 6 × 4,A. True | B. False,A,True,,,
G3:S12-F1-Q3,S12-F1-Q3,369,12,FORWARD 1,3,4.NBT.B.5,mc,Which is equal to 8 × 45?,A. 8 × 4 + 8 × 5 | B. 8 × 40 + 8 × 5 | C. 8 × 40 + 5 | D. 8 + 40 + 5,B,8 × 40 + 8 × 5,,,
G3:S12-F1-Q4,S12-F1-Q4,370,12,FORWARD 1,4,4.NBT.B.5,work,Use the distributive property to find 5 × 68. Show your work.,,,340,,"Any correct break-apart, for example 5 × 60 + 5 × 8 = 300 + 40, or 5 × 70 - 5 × 2 = 350 - 10. The product without a break-apart earns partial credit.",
G3:S12-F1-Q5,S12-F1-Q5,371,12,FORWARD 1,5,4.NBT.B.5,tf,9 × 52 = 450 + 2,A. True | B. False,B,False,,,
G3:S12-F2-Q1,S12-F2-Q1,373,12,FORWARD 2,1,5.OA.A.1,sa,Evaluate. 6 × (10 + 3),,,78,,,
G3:S12-F2-Q2,S12-F2-Q2,374,12,FORWARD 2,2,5.OA.A.1,tf,4 × (25 + 5) = 4 × 25 + 4 × 5,A. True | B. False,A,True,,,
G3:S12-F2-Q3,S12-F2-Q3,375,12,FORWARD 2,3,5.OA.A.1,mc,Evaluate. (7 × 20) + (7 × 4),A. 168 | B. 140 | C. 31 | D. 161,A,168,,,
G3:S12-F2-Q4,S12-F2-Q4,376,12,FORWARD 2,4,5.OA.A.1,sa,Evaluate. 3 × (40 - 2),,,114,,,
G3:S12-F2-Q5,S12-F2-Q5,377,12,FORWARD 2,5,5.OA.A.1,tf,5 × (8 + 2) = 42,A. True | B. False,B,False,,,
G3:S13-M-Q1,S13-M-Q1,380,13,MAIN,1,3.OA.B.6,sa,Find 36 ÷ 9 by finding the unknown factor. 9 × ? = 36,,,4,,,
G3:S13-M-Q2,S13-M-Q2,381,13,MAIN,2,3.OA.B.6,mc,Which multiplication fact helps you find 42 ÷ 6?,A. 42 - 6 = 36 | B. 6 + 7 = 13 | C. 6 × 7 = 42 | D. 6 × 6 = 36,C,6 × 7 = 42,,,
G3:S13-M-Q3,S13-M-Q3,382,13,MAIN,3,3.OA.B.6,sa,Write the unknown-factor equation for 54 ÷ 9. Then find the quotient.,,,9 × ? = 54; 6,,,? × 9 = 54 is also correct. Both parts are required.
G3:S13-M-Q4,S13-M-Q4,383,13,MAIN,4,3.OA.B.6,tf,56 ÷ 7 = 8 because 7 × 8 = 56.,A. True | B. False,A,True,,,
G3:S13-M-Q5,S13-M-Q5,384,13,MAIN,5,3.OA.B.6,tf,27 ÷ 3 = 8 because 3 × 8 = 27.,A. True | B. False,B,False,,,
G3:S13-B1-Q1,S13-B1-Q1,386,13,BACKWARD 1,1,1.OA.B.4,sa,Find 15 - 9 by thinking 9 + ? = 15.,,,6,,,
G3:S13-B1-Q2,S13-B1-Q2,387,13,BACKWARD 1,2,1.OA.B.4,tf,13 - 5 = 8 because 5 + 8 = 13.,A. True | B. False,A,True,,,
G3:S13-B1-Q3,S13-B1-Q3,388,13,BACKWARD 1,3,1.OA.B.4,mc,Which addition fact helps you find 17 - 8?,A. 8 + 9 = 17 | B. 8 + 8 = 16 | C. 17 + 8 = 25 | D. 9 - 8 = 1,A,8 + 9 = 17,,,
G3:S13-B1-Q4,S13-B1-Q4,389,13,BACKWARD 1,4,1.OA.B.4,sa,Write the unknown-addend equation for 12 - 7. Then find the difference.,,,7 + ? = 12; 5,,,? + 7 = 12 is also correct. Both parts are required.
G3:S13-B1-Q5,S13-B1-Q5,390,13,BACKWARD 1,5,1.OA.B.4,tf,14 - 6 = 9 because 6 + 9 = 14.,A. True | B. False,B,False,,,
G3:S13-B2-Q1,S13-B2-Q1,392,13,BACKWARD 2,1,2.OA.C.3,sa,Write 18 as the sum of two equal addends.,,,9 + 9,,,
G3:S13-B2-Q2,S13-B2-Q2,393,13,BACKWARD 2,2,2.OA.C.3,tf,"10 = 5 + 5, so 10 is even.",A. True | B. False,A,True,,,
G3:S13-B2-Q3,S13-B2-Q3,394,13,BACKWARD 2,3,2.OA.C.3,mc,Which number can be written as the sum of two equal whole-number addends?,A. 17 | B. 14 | C. 13 | D. 9,B,14,,,
G3:S13-B2-Q4,S13-B2-Q4,395,13,BACKWARD 2,4,2.OA.C.3,sa,What number plus itself makes 12?,,,6,,,
G3:S13-B2-Q5,S13-B2-Q5,396,13,BACKWARD 2,5,2.OA.C.3,tf,15 can be written as the sum of two equal whole-number addends.,A. True | B. False,B,False,,,
G3:S13-F1-Q1,S13-F1-Q1,398,13,FORWARD 1,1,4.NBT.B.6,sa,Find 84 ÷ 4 by thinking 4 × ? = 84.,,,21,,,
G3:S13-F1-Q2,S13-F1-Q2,399,13,FORWARD 1,2,4.NBT.B.6,tf,96 ÷ 3 = 32 because 3 × 32 = 96.,A. True | B. False,A,True,,,
G3:S13-F1-Q3,S13-F1-Q3,400,13,FORWARD 1,3,4.NBT.B.6,mc,Which equation checks 135 ÷ 5 = 27?,A. 135 × 5 = 675 | B. 27 - 5 = 22 | C. 5 × 27 = 135 | D. 5 + 27 = 32,C,5 × 27 = 135,,,
G3:S13-F1-Q4,S13-F1-Q4,401,13,FORWARD 1,4,4.NBT.B.6,sa,Write the unknown-factor equation for 224 ÷ 7. Then find the quotient.,,,7 × ? = 224; 32,,,? × 7 = 224 is also correct. Both parts are required.
G3:S13-F1-Q5,S13-F1-Q5,402,13,FORWARD 1,5,4.NBT.B.6,tf,152 ÷ 8 = 18 because 8 × 18 = 152.,A. True | B. False,B,False,,,
G3:S13-F2-Q1,S13-F2-Q1,404,13,FORWARD 2,1,5.NF.B.7.b,sa,Find 3 ÷ 1/4 by thinking ? × (1/4) = 3.,,,12,,,
G3:S13-F2-Q2,S13-F2-Q2,405,13,FORWARD 2,2,5.NF.B.7.b,tf,5 ÷ 1/2 = 10 because 10 × (1/2) = 5.,A. True | B. False,A,True,,,
G3:S13-F2-Q3,S13-F2-Q3,406,13,FORWARD 2,3,5.NF.B.7.b,mc,Which equation checks 4 ÷ 1/3 = 12?,A. 4 × (1/3) = 12 | B. 12 ÷ 4 = 3 | C. 1/3 + 12 = 4 | D. 12 × (1/3) = 4,D,12 × (1/3) = 4,,,
G3:S13-F2-Q4,S13-F2-Q4,407,13,FORWARD 2,4,5.NF.B.7.b,sa,Divide. Then write the multiplication equation that checks your answer. 2 ÷ 1/6,,,12; 12 × 1/6 = 2,,,Both parts are required.
G3:S13-F2-Q5,S13-F2-Q5,408,13,FORWARD 2,5,5.NF.B.7.b,tf,6 ÷ 1/3 = 2 because 2 × (1/3) = 6.,A. True | B. False,B,False,,,
G3:S14-M-Q1,S14-M-Q1,411,14,MAIN,1,3.OA.C.7,sa,Multiply. 7 × 6,,,42,,,
G3:S14-M-Q2,S14-M-Q2,412,14,MAIN,2,3.OA.C.7,sa,Multiply. 9 × 8,,,72,,,
G3:S14-M-Q3,S14-M-Q3,413,14,MAIN,3,3.OA.C.7,mc,6 × 8 = ?,A. 42 | B. 48 | C. 54 | D. 14,B,48,,,
G3:S14-M-Q4,S14-M-Q4,414,14,MAIN,4,3.OA.C.7,tf,7 × 7 = 49,A. True | B. False,A,True,,,
G3:S14-M-Q5,S14-M-Q5,415,14,MAIN,5,3.OA.C.7,tf,8 × 4 = 36,A. True | B. False,B,False,,,
G3:S14-B1-Q1,S14-B1-Q1,417,14,BACKWARD 1,1,2.OA.C.4,sa,Add the equal addends. 4 + 4 + 4 + 4 + 4,,,20,,,
G3:S14-B1-Q2,S14-B1-Q2,418,14,BACKWARD 1,2,2.OA.C.4,tf,3 + 3 + 3 + 3 = 12,A. True | B. False,A,True,,,
G3:S14-B1-Q3,S14-B1-Q3,419,14,BACKWARD 1,3,2.OA.C.4,mc,5 + 5 + 5 = ?,A. 555 | B. 15 | C. 10 | D. 20,B,15,,,
G3:S14-B1-Q4,S14-B1-Q4,420,14,BACKWARD 1,4,2.OA.C.4,sa,An array has 4 rows of 3 dots. How many dots are there?,,,12,,,
G3:S14-B1-Q5,S14-B1-Q5,421,14,BACKWARD 1,5,2.OA.C.4,tf,2 + 2 + 2 + 2 + 2 = 12,A. True | B. False,B,False,,,
G3:S14-B2-Q1,S14-B2-Q1,423,14,BACKWARD 2,1,2.OA.B.2,sa,Add. 7 + 7,,,14,,,
G3:S14-B2-Q2,S14-B2-Q2,424,14,BACKWARD 2,2,2.OA.B.2,tf,9 + 9 = 18,A. True | B. False,A,True,,,
G3:S14-B2-Q3,S14-B2-Q3,425,14,BACKWARD 2,3,2.OA.B.2,mc,8 + 8 = ?,A. 15 | B. 88 | C. 18 | D. 16,D,16,,,
G3:S14-B2-Q4,S14-B2-Q4,426,14,BACKWARD 2,4,2.OA.B.2,sa,Add. 6 + 6,,,12,,,
G3:S14-B2-Q5,S14-B2-Q5,427,14,BACKWARD 2,5,2.OA.B.2,tf,5 + 5 = 11,A. True | B. False,B,False,,,
G3:S14-F1-Q1,S14-F1-Q1,429,14,FORWARD 1,1,4.NBT.B.5,sa,Multiply. 7 × 46,,,322,,,
G3:S14-F1-Q2,S14-F1-Q2,430,14,FORWARD 1,2,4.NBT.B.5,tf,8 × 29 = 232,A. True | B. False,A,True,,,
G3:S14-F1-Q3,S14-F1-Q3,431,14,FORWARD 1,3,4.NBT.B.5,mc,6 × 57 = ?,A. 342 | B. 63 | C. 302 | D. 352,A,342,,,
G3:S14-F1-Q4,S14-F1-Q4,432,14,FORWARD 1,4,4.NBT.B.5,sa,Multiply. 9 × 84,,,756,,,
G3:S14-F1-Q5,S14-F1-Q5,433,14,FORWARD 1,5,4.NBT.B.5,tf,4 × 73 = 282,A. True | B. False,B,False,,,
G3:S14-F2-Q1,S14-F2-Q1,435,14,FORWARD 2,1,5.NBT.B.5,work,Use the standard algorithm to multiply. Show your work. 346 × 27,,,"9,342",,The standard multiplication algorithm with the partial products or regrouping shown. A correct product without the algorithm earns partial credit.,
G3:S14-F2-Q2,S14-F2-Q2,436,14,FORWARD 2,2,5.NBT.B.5,sa,Multiply. 58 × 64,,,"3,712",,,
G3:S14-F2-Q3,S14-F2-Q3,437,14,FORWARD 2,3,5.NBT.B.5,mc,214 × 35 = ?,"A. 1,712 | B. 7,390 | C. 7,590 | D. 7,490",D,"7,490",,,
G3:S14-F2-Q4,S14-F2-Q4,438,14,FORWARD 2,4,5.NBT.B.5,tf,"125 × 48 = 6,000",A. True | B. False,A,True,,,
G3:S14-F2-Q5,S14-F2-Q5,439,14,FORWARD 2,5,5.NBT.B.5,tf,"63 × 47 = 2,861",A. True | B. False,B,False,,,
G3:S15-M-Q1,S15-M-Q1,442,15,MAIN,1,3.OA.C.7,sa,Divide. 63 ÷ 7,,,9,,,
G3:S15-M-Q2,S15-M-Q2,443,15,MAIN,2,3.OA.C.7,sa,Divide. 48 ÷ 8,,,6,,,
G3:S15-M-Q3,S15-M-Q3,444,15,MAIN,3,3.OA.C.7,mc,54 ÷ 6 = ?,A. 48 | B. 8 | C. 9 | D. 60,C,9,,,
G3:S15-M-Q4,S15-M-Q4,445,15,MAIN,4,3.OA.C.7,tf,72 ÷ 9 = 8,A. True | B. False,A,True,,,
G3:S15-M-Q5,S15-M-Q5,446,15,MAIN,5,3.OA.C.7,tf,42 ÷ 6 = 8,A. True | B. False,B,False,,,
G3:S15-B1-Q1,S15-B1-Q1,448,15,BACKWARD 1,1,2.NBT.B.5,sa,Subtract. 63 - 27,,,36,,,
G3:S15-B1-Q2,S15-B1-Q2,449,15,BACKWARD 1,2,2.NBT.B.5,tf,80 - 35 = 45,A. True | B. False,A,True,,,
G3:S15-B1-Q3,S15-B1-Q3,450,15,BACKWARD 1,3,2.NBT.B.5,mc,72 - 18 = ?,A. 56 | B. 54 | C. 90 | D. 64,B,54,,,
G3:S15-B1-Q4,S15-B1-Q4,451,15,BACKWARD 1,4,2.NBT.B.5,sa,Subtract. 91 - 46,,,45,,,
G3:S15-B1-Q5,S15-B1-Q5,452,15,BACKWARD 1,5,2.NBT.B.5,tf,50 - 22 = 38,A. True | B. False,B,False,,,
G3:S15-B2-Q1,S15-B2-Q1,454,15,BACKWARD 2,1,2.OA.C.3,sa,16 counters are split into 2 equal groups. How many counters are in each group?,,,8,,,
G3:S15-B2-Q2,S15-B2-Q2,455,15,BACKWARD 2,2,2.OA.C.3,tf,20 objects make 2 equal groups of 10.,A. True | B. False,A,True,,,
G3:S15-B2-Q3,S15-B2-Q3,456,15,BACKWARD 2,3,2.OA.C.3,mc,14 objects are split into 2 equal groups. How many objects are in each group?,A. 28 | B. 6 | C. 12 | D. 7,D,7,,,
G3:S15-B2-Q4,S15-B2-Q4,457,15,BACKWARD 2,4,2.OA.C.3,sa,12 objects are split into 2 equal groups. How many objects are in each group?,,,6,,,
G3:S15-B2-Q5,S15-B2-Q5,458,15,BACKWARD 2,5,2.OA.C.3,tf,18 objects make 2 equal groups of 8.,A. True | B. False,B,False,,,
G3:S15-F1-Q1,S15-F1-Q1,460,15,FORWARD 1,1,4.NBT.B.6,sa,Divide. Write the quotient and the remainder. 58 ÷ 7,,,8 R 2,,,
G3:S15-F1-Q2,S15-F1-Q2,461,15,FORWARD 1,2,4.NBT.B.6,tf,76 ÷ 9 = 8 R 4,A. True | B. False,A,True,,,
G3:S15-F1-Q3,S15-F1-Q3,462,15,FORWARD 1,3,4.NBT.B.6,mc,Divide. 93 ÷ 4,A. 23 | B. 23 R 1 | C. 24 R 1 | D. 22 R 5,B,23 R 1,,,
G3:S15-F1-Q4,S15-F1-Q4,463,15,FORWARD 1,4,4.NBT.B.6,sa,Divide. 87 ÷ 3,,,29,,,
G3:S15-F1-Q5,S15-F1-Q5,464,15,FORWARD 1,5,4.NBT.B.6,tf,65 ÷ 8 = 7 R 9,A. True | B. False,B,False,,,
G3:S15-F2-Q1,S15-F2-Q1,466,15,FORWARD 2,1,5.NBT.B.6,sa,Divide. 864 ÷ 24,,,36,,,
G3:S15-F2-Q2,S15-F2-Q2,467,15,FORWARD 2,2,5.NBT.B.6,tf,"1,104 ÷ 46 = 24",A. True | B. False,A,True,,,
G3:S15-F2-Q3,S15-F2-Q3,468,15,FORWARD 2,3,5.NBT.B.6,mc,Divide. 975 ÷ 39,A. 25 | B. 26 | C. 24 | D. 936,A,25,,,
G3:S15-F2-Q4,S15-F2-Q4,469,15,FORWARD 2,4,5.NBT.B.6,sa,Divide. Write the quotient and the remainder. 700 ÷ 32,,,21 R 28,,,
G3:S15-F2-Q5,S15-F2-Q5,470,15,FORWARD 2,5,5.NBT.B.6,tf,"1,512 ÷ 27 = 54",A. True | B. False,B,False,,,
G3:S16-M-Q1,S16-M-Q1,473,16,MAIN,1,3.OA.C.7,sa,"Write the four facts in the fact family for 6, 9, and 54.",,,"6 × 9 = 54, 9 × 6 = 54, 54 ÷ 6 = 9, 54 ÷ 9 = 6",,,"All four facts are required, in any order."
G3:S16-M-Q2,S16-M-Q2,474,16,MAIN,2,3.OA.C.7,mc,7 × 8 = 56. Which division fact is in the same fact family?,A. 56 ÷ 7 = 8 | B. 56 × 7 = 8 | C. 7 ÷ 56 = 8 | D. 8 ÷ 56 = 7,A,56 ÷ 7 = 8,,,
G3:S16-M-Q3,S16-M-Q3,475,16,MAIN,3,3.OA.C.7,tf,"Because 4 × 9 = 36, you know that 36 ÷ 4 = 9.",A. True | B. False,A,True,,,
G3:S16-M-Q4,S16-M-Q4,476,16,MAIN,4,3.OA.C.7,sa,Use multiplication to check: is 63 ÷ 9 = 7 correct? Write the multiplication fact you used.,,,Yes; 9 × 7 = 63,,,7 × 9 = 63 is also correct. Both parts are required.
G3:S16-M-Q5,S16-M-Q5,477,16,MAIN,5,3.OA.C.7,tf,"Because 5 × 8 = 40, you know that 40 ÷ 8 = 4.",A. True | B. False,B,False,,,
G3:S16-B1-Q1,S16-B1-Q1,479,16,BACKWARD 1,1,1.OA.C.6,sa,"Write the four facts in the fact family for 7, 8, and 15.",,,"7 + 8 = 15, 8 + 7 = 15, 15 - 7 = 8, 15 - 8 = 7",,,"All four facts are required, in any order."
G3:S16-B1-Q2,S16-B1-Q2,480,16,BACKWARD 1,2,1.OA.C.6,tf,"Because 9 + 4 = 13, you know that 13 - 4 = 9.",A. True | B. False,A,True,,,
G3:S16-B1-Q3,S16-B1-Q3,481,16,BACKWARD 1,3,1.OA.C.6,mc,6 + 5 = 11. Which subtraction fact is in the same fact family?,A. 6 - 5 = 1 | B. 11 - 5 = 6 | C. 11 - 4 = 7 | D. 5 - 6 = 11,B,11 - 5 = 6,,,
G3:S16-B1-Q4,S16-B1-Q4,482,16,BACKWARD 1,4,1.OA.C.6,sa,Is 16 - 7 = 9 correct? Write the addition fact you used to check.,,,Yes; 7 + 9 = 16,,,9 + 7 = 16 is also correct. Both parts are required.
G3:S16-B1-Q5,S16-B1-Q5,483,16,BACKWARD 1,5,1.OA.C.6,tf,"Because 8 + 6 = 14, you know that 14 - 6 = 7.",A. True | B. False,B,False,,,
G3:S16-B2-Q1,S16-B2-Q1,485,16,BACKWARD 2,1,2.OA.B.2,sa,Subtract. 17 - 9,,,8,,,
G3:S16-B2-Q2,S16-B2-Q2,486,16,BACKWARD 2,2,2.OA.B.2,tf,14 - 7 = 7,A. True | B. False,A,True,,,
G3:S16-B2-Q3,S16-B2-Q3,487,16,BACKWARD 2,3,2.OA.B.2,mc,12 - 5 = ?,A. 7 | B. 8 | C. 17 | D. 6,A,7,,,
G3:S16-B2-Q4,S16-B2-Q4,488,16,BACKWARD 2,4,2.OA.B.2,sa,Subtract. 13 - 8,,,5,,,
G3:S16-B2-Q5,S16-B2-Q5,489,16,BACKWARD 2,5,2.OA.B.2,tf,16 - 8 = 9,A. True | B. False,B,False,,,
G3:S16-F1-Q1,S16-F1-Q1,491,16,FORWARD 1,1,4.NBT.B.6,sa,Check: is 47 ÷ 5 = 9 R 2 correct? Write the multiplication and addition you used.,,,Yes; 5 × 9 + 2 = 47,,,Both parts are required.
G3:S16-F1-Q2,S16-F1-Q2,492,16,FORWARD 1,2,4.NBT.B.6,tf,34 ÷ 6 = 5 R 4 because 6 × 5 + 4 = 34.,A. True | B. False,A,True,,,
G3:S16-F1-Q3,S16-F1-Q3,493,16,FORWARD 1,3,4.NBT.B.6,mc,Which equation shows that 75 ÷ 8 = 9 R 3?,A. 8 + 9 + 3 = 75 | B. 8 × 9 = 75 | C. 9 × 3 + 8 = 75 | D. 8 × 9 + 3 = 75,D,8 × 9 + 3 = 75,,,
G3:S16-F1-Q4,S16-F1-Q4,494,16,FORWARD 1,4,4.NBT.B.6,sa,Use multiplication to check: is 96 ÷ 4 = 24 correct? Write the multiplication you used.,,,Yes; 4 × 24 = 96,,,24 × 4 = 96 is also correct. Both parts are required.
G3:S16-F1-Q5,S16-F1-Q5,495,16,FORWARD 1,5,4.NBT.B.6,tf,59 ÷ 7 = 8 R 2 because 7 × 8 + 2 = 59.,A. True | B. False,B,False,,,
G3:S16-F2-Q1,S16-F2-Q1,497,16,FORWARD 2,1,5.NF.B.7.a,sa,Find 1/3 ÷ 4. Then write the multiplication that checks it.,,,1/12; 1/12 × 4 = 1/3,,,Both parts are required.
G3:S16-F2-Q2,S16-F2-Q2,498,16,FORWARD 2,2,5.NF.B.7.a,tf,1/2 ÷ 3 = 1/6 because 1/6 × 3 = 1/2.,A. True | B. False,A,True,,,
G3:S16-F2-Q3,S16-F2-Q3,499,16,FORWARD 2,3,5.NF.B.7.a,mc,Which equation checks 1/4 ÷ 2 = 1/8?,A. 1/4 × 2 = 1/8 | B. 1/8 × 2 = 1/4 | C. 2 × 4 = 8 | D. 1/8 × (1/4) = 2,B,1/8 × 2 = 1/4,,,
G3:S16-F2-Q4,S16-F2-Q4,500,16,FORWARD 2,4,5.NF.B.7.a,sa,Divide. 1/5 ÷ 2,,,1/10,,,
G3:S16-F2-Q5,S16-F2-Q5,501,16,FORWARD 2,5,5.NF.B.7.a,tf,1/6 ÷ 2 = 1/3,A. True | B. False,B,False,,,
G3:S17-M-Q1,S17-M-Q1,504,17,MAIN,1,3.OA.D.8,sa,Mia has 4 bags with 6 marbles in each bag. She gives away 9 marbles. How many marbles does she have left?,,,15 marbles,,,4 × 6 = 24 and 24 - 9 = 15.
G3:S17-M-Q2,S17-M-Q2,505,17,MAIN,2,3.OA.D.8,sa,"A class has 27 students, and 3 more students join. The class is split into 5 equal teams. How many students are on each team?",,,6 students,,,27 + 3 = 30 and 30 ÷ 5 = 6.
G3:S17-M-Q3,S17-M-Q3,506,17,MAIN,3,3.OA.D.8,mc,Pens cost $3 each. Leo buys 7 pens and pays with a $50 bill. How much change does he get?,A. $21 | B. $53 | C. $47 | D. $29,D,$29,,,
G3:S17-M-Q4,S17-M-Q4,507,17,MAIN,4,3.OA.D.8,tf,A farmer has 32 eggs. He packs them 8 to a carton and sells 2 cartons. He has 2 cartons left.,A. True | B. False,A,True,,,
G3:S17-M-Q5,S17-M-Q5,508,17,MAIN,5,3.OA.D.8,sa,Ana read 8 pages on Monday and 4 times as many pages on Tuesday. How many pages did she read on the two days?,,,40 pages,,,4 × 8 = 32 and 8 + 32 = 40.
G3:S17-B1-Q1,S17-B1-Q1,510,17,BACKWARD 1,1,2.OA.A.1,sa,There were 72 people on a train. 26 got off. How many people are still on the train?,,,46,,,
G3:S17-B1-Q2,S17-B1-Q2,511,17,BACKWARD 1,2,2.OA.A.1,tf,Kim had 90 cents and spent 45 cents. She has 45 cents left.,A. True | B. False,A,True,,,
G3:S17-B1-Q3,S17-B1-Q3,512,17,BACKWARD 1,3,2.OA.A.1,mc,A store had 60 hats and sold 34. How many hats are left?,A. 36 | B. 26 | C. 34 | D. 94,B,26,,,
G3:S17-B1-Q4,S17-B1-Q4,513,17,BACKWARD 1,4,2.OA.A.1,sa,A tree had 83 apples. 47 fell off. How many apples are still on the tree?,,,36,,,
G3:S17-B1-Q5,S17-B1-Q5,514,17,BACKWARD 1,5,2.OA.A.1,tf,"A box had 55 nails. 18 were used, so 47 are left.",A. True | B. False,B,False,,,
G3:S17-B2-Q1,S17-B2-Q1,516,17,BACKWARD 2,1,2.OA.C.4,sa,There are 4 rows of 5 chairs. Use repeated addition to find the number of chairs.,,,20,,,5 + 5 + 5 + 5 = 20.
G3:S17-B2-Q2,S17-B2-Q2,517,17,BACKWARD 2,2,2.OA.C.4,tf,3 rows of 4 tiles is 4 + 4 + 4 = 12 tiles.,A. True | B. False,A,True,,,
G3:S17-B2-Q3,S17-B2-Q3,518,17,BACKWARD 2,3,2.OA.C.4,mc,There are 5 rows of 2 trees. Which addition gives the total?,A. 2 + 2 + 2 + 2 + 2 | B. 5 + 2 | C. 2 + 5 + 2 | D. 5 + 5,A,2 + 2 + 2 + 2 + 2,,,
G3:S17-B2-Q4,S17-B2-Q4,519,17,BACKWARD 2,4,2.OA.C.4,sa,There are 3 rows of 3 cups. How many cups are there?,,,9,,,
G3:S17-B2-Q5,S17-B2-Q5,520,17,BACKWARD 2,5,2.OA.C.4,tf,2 rows of 4 desks is 4 + 2 = 6 desks.,A. True | B. False,B,False,,,
G3:S17-F1-Q1,S17-F1-Q1,522,17,FORWARD 1,1,4.OA.A.3,sa,A store gets 6 boxes of 48 cans. It sells 175 cans. How many cans are left?,,,113 cans,,,
G3:S17-F1-Q2,S17-F1-Q2,523,17,FORWARD 1,2,4.OA.A.3,tf,Tickets cost $12 for adults and $7 for children. 3 adults and 4 children pay $64 in all.,A. True | B. False,A,True,,,
G3:S17-F1-Q3,S17-F1-Q3,524,17,FORWARD 1,3,4.OA.A.3,mc,A school has 4 classes of 26 students and 3 classes of 24 students. How many students are in these classes?,A. 72 | B. 160 | C. 176 | D. 104,C,176,,,
G3:S17-F1-Q4,S17-F1-Q4,525,17,FORWARD 1,4,4.OA.A.3,sa,"A library has 1,250 books. It buys 8 boxes of 35 books. How many books does it have now?",,,"1,530 books",,,
G3:S17-F1-Q5,S17-F1-Q5,526,17,FORWARD 1,5,4.OA.A.3,tf,Leo saves $15 a week for 6 weeks and then spends $38. He has $62 left.,A. True | B. False,B,False,,,
G3:S17-F2-Q1,S17-F2-Q1,528,17,FORWARD 2,1,5.OA.A.2,sa,"Write an expression for: buy 4 packs of 12 pencils, then give away 9 pencils.",,,4 × 12 - 9,,,(4 × 12) - 9 is also correct.
G3:S17-F2-Q2,S17-F2-Q2,529,17,FORWARD 2,2,5.OA.A.2,mc,"27 students are joined by 3 more, and then they are split into 5 equal teams. Which expression matches?",A. (27 + 3) ÷ 5 | B. 27 + 3 ÷ 5 | C. 27 + (3 ÷ 5) | D. 5 ÷ (27 + 3),A,(27 + 3) ÷ 5,,,
G3:S17-F2-Q3,S17-F2-Q3,530,17,FORWARD 2,3,5.OA.A.2,tf,The expression 50 - 3 × 7 gives the change from $50 after buying 7 pens that cost $3 each.,A. True | B. False,A,True,,,
G3:S17-F2-Q4,S17-F2-Q4,531,17,FORWARD 2,4,5.OA.A.2,sa,Evaluate. (18 + 6) ÷ 4 × 3,,,18,,,
G3:S17-F2-Q5,S17-F2-Q5,532,17,FORWARD 2,5,5.OA.A.2,tf,The expression 8 + 4 × 8 has a value of 96.,A. True | B. False,B,False,,,
G3:S18-M-Q1,S18-M-Q1,535,18,MAIN,1,3.OA.D.8,sa,A baker makes 5 trays of 8 rolls. She sells 23 rolls. Write an equation with a letter for the number of rolls left. Then solve it.,,,r = 5 × 8 - 23; r = 17,,,Any equivalent equation with a letter for the unknown is correct. Both parts are required.
G3:S18-M-Q2,S18-M-Q2,536,18,MAIN,2,3.OA.D.8,mc,"Sam has $40. He buys 3 books that cost $9 each. Which equation gives the money he has left, m?",A. m = 40 - 3 + 9 | B. m = 3 × 9 - 40 | C. m = 40 + 3 × 9 | D. m = 40 - 3 × 9,D,m = 40 - 3 × 9,,,
G3:S18-M-Q3,S18-M-Q3,537,18,MAIN,3,3.OA.D.8,sa,"There are 36 cupcakes. 4 are eaten, and the rest are shared equally by 8 friends. Write an equation with a letter for each friend's share. Then solve it.",,,c = (36 - 4) ÷ 8; c = 4,,,Any equivalent equation with a letter for the unknown is correct. Both parts are required.
G3:S18-M-Q4,S18-M-Q4,538,18,MAIN,4,3.OA.D.8,tf,"""Jo had 15 stickers and then got 6 packs of 5 stickers"" can be written as s = 15 + 6 × 5, and s = 45.",A. True | B. False,A,True,,,
G3:S18-M-Q5,S18-M-Q5,539,18,MAIN,5,3.OA.D.8,tf,"""7 boxes of 6 crayons, then 10 crayons are lost"" can be written as c = 7 + 6 - 10.",A. True | B. False,B,False,,,
G3:S18-B1-Q1,S18-B1-Q1,541,18,BACKWARD 1,1,2.OA.A.1,sa,Ty had some marbles. He got 25 more and now has 61. Write an equation with a symbol for the unknown.,,,? + 25 = 61,,,Any equation with a symbol for the unknown (such as m + 25 = 61 or 61 - 25 = m) is correct.
G3:S18-B1-Q2,S18-B1-Q2,542,18,BACKWARD 1,2,2.OA.A.1,tf,"""44 ducks were on a pond, and 19 flew away"" can be written as 44 - 19 = d.",A. True | B. False,A,True,,,
G3:S18-B1-Q3,S18-B1-Q3,543,18,BACKWARD 1,3,2.OA.A.1,mc,There are 28 red cars and some blue cars. There are 50 cars in all. Which equation matches?,A. b - 50 = 28 | B. 50 + 28 = b | C. 28 - b = 50 | D. 28 + b = 50,D,28 + b = 50,,,
G3:S18-B1-Q4,S18-B1-Q4,544,18,BACKWARD 1,4,2.OA.A.1,sa,"A pole is 70 cm long. Lu cuts off some, and 42 cm is left. Write an equation with a symbol for the unknown.",,,70 - ? = 42,,,70 - c = 42 and 42 + c = 70 are also correct.
G3:S18-B1-Q5,S18-B1-Q5,545,18,BACKWARD 1,5,2.OA.A.1,tf,"""There were 36 books, and 12 more came"" can be written as 36 - 12 = b.",A. True | B. False,B,False,,,
G3:S18-B2-Q1,S18-B2-Q1,547,18,BACKWARD 2,1,2.NBT.B.5,sa,Subtract. 70 - 34,,,36,,,
G3:S18-B2-Q2,S18-B2-Q2,548,18,BACKWARD 2,2,2.NBT.B.5,tf,58 - 29 = 29,A. True | B. False,A,True,,,
G3:S18-B2-Q3,S18-B2-Q3,549,18,BACKWARD 2,3,2.NBT.B.5,mc,84 - 47 = ?,A. 37 | B. 131 | C. 43 | D. 47,A,37,,,
G3:S18-B2-Q4,S18-B2-Q4,550,18,BACKWARD 2,4,2.NBT.B.5,sa,Subtract. 65 - 38,,,27,,,
G3:S18-B2-Q5,S18-B2-Q5,551,18,BACKWARD 2,5,2.NBT.B.5,tf,93 - 55 = 48,A. True | B. False,B,False,,,
G3:S18-F1-Q1,S18-F1-Q1,553,18,FORWARD 1,1,4.OA.A.3,sa,A club buys 6 packs of 15 cups and uses 58 cups. Write an equation with a letter for the cups left. Then solve it.,,,c = 6 × 15 - 58; c = 32,,,Any equivalent equation with a letter is correct. Both parts are required.
G3:S18-F1-Q2,S18-F1-Q2,554,18,FORWARD 1,2,4.OA.A.3,mc,"A farmer has 120 eggs. She sells 7 cartons of 12 eggs. Which equation gives the eggs left, e?",A. e = 120 - 7 × 12 | B. e = 120 - 7 + 12 | C. e = 7 × 12 - 120 | D. e = 120 ÷ 7 × 12,A,e = 120 - 7 × 12,,,
G3:S18-F1-Q3,S18-F1-Q3,555,18,FORWARD 1,3,4.OA.A.3,tf,"After a $16 gift, the rest of the cost of a $96 bike is paid in 8 equal parts. This can be written as p = (96 - 16) ÷ 8, and p = 10.",A. True | B. False,A,True,,,
G3:S18-F1-Q4,S18-F1-Q4,556,18,FORWARD 1,4,4.OA.A.3,sa,"4 vans carry 12 students each, and 3 cars carry 5 students each. Write an equation with a letter for the number of students. Then solve it.",,,s = 4 × 12 + 3 × 5; s = 63,,,Any equivalent equation with a letter is correct. Both parts are required.
G3:S18-F1-Q5,S18-F1-Q5,557,18,FORWARD 1,5,4.OA.A.3,tf,"""A hall has 250 seats, and 9 rows of 24 seats are filled"" can be written as s = 250 - 9 + 24 for the empty seats.",A. True | B. False,B,False,,,
G3:S18-F2-Q1,S18-F2-Q1,559,18,FORWARD 2,1,5.OA.A.2,sa,"Write an expression for ""3 times the difference of 40 and 12.""",,,3 × (40 - 12),,,
G3:S18-F2-Q2,S18-F2-Q2,560,18,FORWARD 2,2,5.OA.A.2,tf,(24 + 16) ÷ 8 is one-eighth of 24 + 16.,A. True | B. False,A,True,,,
G3:S18-F2-Q3,S18-F2-Q3,561,18,FORWARD 2,3,5.OA.A.2,mc,"Without calculating, how does 5 × (92 - 17) compare with 92 - 17?",A. It is 5 times as large. | B. It is 5 less. | C. It is 5 more. | D. It is the same.,A,It is 5 times as large.,,,
G3:S18-F2-Q4,S18-F2-Q4,562,18,FORWARD 2,4,5.OA.A.2,sa,"Write an expression for ""add 15 and 9, then divide by 6.""",,,(15 + 9) ÷ 6,,,
G3:S18-F2-Q5,S18-F2-Q5,563,18,FORWARD 2,5,5.OA.A.2,tf,7 × (18 + 3) is 7 more than 18 + 3.,A. True | B. False,B,False,,,
G3:S19-M-Q1,S19-M-Q1,566,19,MAIN,1,3.OA.D.8,sa,Round each number to the nearest ten to estimate 48 + 31. Then tell whether a sum of 79 is reasonable.,,,80; yes,,,"50 + 30 = 80, which is close to 79. Both parts are required."
G3:S19-M-Q2,S19-M-Q2,567,19,MAIN,2,3.OA.D.8,sa,Leo says 412 - 189 = 323. Round each number to the nearest hundred to estimate. Is his answer reasonable?,,,200; no,,,"400 - 200 = 200, which is far from 323 (the exact difference is 223). Both parts are required."
G3:S19-M-Q3,S19-M-Q3,568,19,MAIN,3,3.OA.D.8,mc,"A store sold 296 shirts on Monday and 404 shirts on Tuesday. Rounding each number to the nearest hundred, which is the estimate of the total?",A. 600 | B. 900 | C. 800 | D. 700,D,700,,,
G3:S19-M-Q4,S19-M-Q4,569,19,MAIN,4,3.OA.D.8,tf,"Rounding each number to the nearest ten, 62 + 27 is about 90.",A. True | B. False,A,True,,,
G3:S19-M-Q5,S19-M-Q5,570,19,MAIN,5,3.OA.D.8,tf,"Rounding each number to the nearest hundred, 589 - 312 is about 200.",A. True | B. False,B,False,,,
G3:S19-B1-Q1,S19-B1-Q1,572,19,BACKWARD 1,1,2.NBT.B.8,sa,What is 100 more than 453?,,,553,,,
G3:S19-B1-Q2,S19-B1-Q2,573,19,BACKWARD 1,2,2.NBT.B.8,tf,10 less than 280 is 270.,A. True | B. False,A,True,,,
G3:S19-B1-Q3,S19-B1-Q3,574,19,BACKWARD 1,3,2.NBT.B.8,mc,What is 100 less than 615?,A. 614 | B. 715 | C. 515 | D. 605,C,515,,,
G3:S19-B1-Q4,S19-B1-Q4,575,19,BACKWARD 1,4,2.NBT.B.8,sa,What is 10 more than 395?,,,405,,,
G3:S19-B1-Q5,S19-B1-Q5,576,19,BACKWARD 1,5,2.NBT.B.8,tf,100 more than 860 is 870.,A. True | B. False,B,False,,,
G3:S19-B2-Q1,S19-B2-Q1,578,19,BACKWARD 2,1,2.NBT.A.4,sa,"Write >, =, or <. 482 ___ 428",,,>,,,
G3:S19-B2-Q2,S19-B2-Q2,579,19,BACKWARD 2,2,2.NBT.A.4,tf,609 < 690,A. True | B. False,A,True,,,
G3:S19-B2-Q3,S19-B2-Q3,580,19,BACKWARD 2,3,2.NBT.A.4,mc,Which number is greatest?,A. 713 | B. 731 | C. 371 | D. 317,B,731,,,
G3:S19-B2-Q4,S19-B2-Q4,581,19,BACKWARD 2,4,2.NBT.A.4,sa,"Write >, =, or <. 350 ___ 305",,,>,,,
G3:S19-B2-Q5,S19-B2-Q5,582,19,BACKWARD 2,5,2.NBT.A.4,tf,298 > 302,A. True | B. False,B,False,,,
G3:S19-F1-Q1,S19-F1-Q1,584,19,FORWARD 1,1,4.OA.A.3,sa,"Ty says 6 × 48 - 95 = 193. Round 48 and 95 to the nearest ten. Estimate, then tell whether his answer is reasonable.",,,200; yes,,,"6 × 50 - 100 = 200, which is close to 193 (the exact value is 193). Both parts are required."
G3:S19-F1-Q2,S19-F1-Q2,585,19,FORWARD 1,2,4.OA.A.3,tf,"Rounding each number to the nearest hundred, 1,212 + 389 is about 1,600.",A. True | B. False,A,True,,,
G3:S19-F1-Q3,S19-F1-Q3,586,19,FORWARD 1,3,4.OA.A.3,mc,"Rounding each number to the nearest ten, which is the estimate of 4 × 39 + 52?",A. 160 | B. 210 | C. 190 | D. 200,B,210,,,
G3:S19-F1-Q4,S19-F1-Q4,587,19,FORWARD 1,4,4.OA.A.3,sa,"Round each number to the nearest thousand to estimate 6,814 - 2,390.",,,"5,000",,,"7,000 - 2,000 = 5,000. The exact difference, 4,424, is not the estimate asked for."
G3:S19-F1-Q5,S19-F1-Q5,588,19,FORWARD 1,5,4.OA.A.3,tf,"Rounding 21 to the nearest ten, 8 × 21 is about 240.",A. True | B. False,B,False,,,
G3:S19-F2-Q1,S19-F2-Q1,590,19,FORWARD 2,1,5.NBT.A.4,sa,Round each number to the nearest whole number. Then estimate. 3.8 + 6.4,,,10,,,
G3:S19-F2-Q2,S19-F2-Q2,591,19,FORWARD 2,2,5.NBT.A.4,tf,"Rounding each number to the nearest whole number, 9.7 - 2.2 is about 8.",A. True | B. False,A,True,,,
G3:S19-F2-Q3,S19-F2-Q3,592,19,FORWARD 2,3,5.NBT.A.4,mc,Round each number to the nearest whole number. Which is the estimate of 5.6 × 3.1?,A. 16 | B. 15 | C. 20 | D. 18,D,18,,,
G3:S19-F2-Q4,S19-F2-Q4,593,19,FORWARD 2,4,5.NBT.A.4,sa,Round each number to the nearest whole number. Then estimate. 7.4 × 2.8,,,21,,,
G3:S19-F2-Q5,S19-F2-Q5,594,19,FORWARD 2,5,5.NBT.A.4,tf,"Rounding each number to the nearest whole number, 12.4 + 3.7 is about 15.",A. True | B. False,B,False,,,
G3:S20-M-Q1,S20-M-Q1,597,20,MAIN,1,3.OA.D.9,tf,Every product in the 4s row of the multiplication table is even.,A. True | B. False,A,True,,,
G3:S20-M-Q2,S20-M-Q2,598,20,MAIN,2,3.OA.D.9,sa,"The 5s row of the multiplication table is 5, 10, 15, 20, 25, ... What pattern do you see in the ones digits?",,,The ones digits alternate between 5 and 0.,,,
G3:S20-M-Q3,S20-M-Q3,599,20,MAIN,3,3.OA.D.9,mc,"In the 9s row of the multiplication table (9, 18, 27, 36, ...), what happens to the digits from one product to the next?",A. The tens digit goes up by 1 and the ones digit goes down by 1. | B. Both digits go up by 1. | C. The digits stay the same. | D. Both digits go down by 1.,A,The tens digit goes up by 1 and the ones digit goes down by 1.,,,
G3:S20-M-Q4,S20-M-Q4,600,20,MAIN,4,3.OA.D.9,sa,"In the addition table, look at the sums 1 + 9, 2 + 8, 3 + 7, and 4 + 6. What do you notice?",,,Every sum is 10.,,,Any description saying all these sums are 10 (one addend goes up by 1 while the other goes down by 1) is correct.
G3:S20-M-Q5,S20-M-Q5,601,20,MAIN,5,3.OA.D.9,tf,Every product in the 3s row of the multiplication table is odd.,A. True | B. False,B,False,,,
G3:S20-B1-Q1,S20-B1-Q1,603,20,BACKWARD 1,1,2.OA.C.3,sa,Is 17 odd or even?,,,Odd,,,
G3:S20-B1-Q2,S20-B1-Q2,604,20,BACKWARD 1,2,2.OA.C.3,tf,14 is even.,A. True | B. False,A,True,,,
G3:S20-B1-Q3,S20-B1-Q3,605,20,BACKWARD 1,3,2.OA.C.3,mc,Which number is odd?,A. 16 | B. 19 | C. 12 | D. 20,B,19,,,
G3:S20-B1-Q4,S20-B1-Q4,606,20,BACKWARD 1,4,2.OA.C.3,sa,Write 14 as the sum of two equal addends.,,,7 + 7,,,
G3:S20-B1-Q5,S20-B1-Q5,607,20,BACKWARD 1,5,2.OA.C.3,tf,An odd number of objects can be put into two equal groups with none left over.,A. True | B. False,B,False,,,
G3:S20-B2-Q1,S20-B2-Q1,609,20,BACKWARD 2,1,2.NBT.A.2,sa,"Skip-count by 10s from 230. 230, 240, 250, ___, ___",,,"260, 270",,,
G3:S20-B2-Q2,S20-B2-Q2,610,20,BACKWARD 2,2,2.NBT.A.2,tf,"When you skip-count by 5s from 5, every number ends in 5 or 0.",A. True | B. False,A,True,,,
G3:S20-B2-Q3,S20-B2-Q3,611,20,BACKWARD 2,3,2.NBT.A.2,mc,"What comes next? 400, 500, 600, ___",A. 601 | B. 610 | C. 800 | D. 700,D,700,,,
G3:S20-B2-Q4,S20-B2-Q4,612,20,BACKWARD 2,4,2.NBT.A.2,sa,"Skip-count by 5s from 65. 65, 70, 75, ___, ___",,,"80, 85",,,
G3:S20-B2-Q5,S20-B2-Q5,613,20,BACKWARD 2,5,2.NBT.A.2,tf,"When you skip-count by 10s from 7, every number ends in 0.",A. True | B. False,B,False,,,
G3:S20-F1-Q1,S20-F1-Q1,615,20,FORWARD 1,1,4.OA.C.5,sa,"The rule is ""add 6,"" starting at 3. Write the first five terms.",,,"3, 9, 15, 21, 27",,,
G3:S20-F1-Q2,S20-F1-Q2,616,20,FORWARD 1,2,4.OA.C.5,tf,"The rule ""add 4,"" starting at 1, makes only odd numbers.",A. True | B. False,A,True,,,
G3:S20-F1-Q3,S20-F1-Q3,617,20,FORWARD 1,3,4.OA.C.5,mc,"The rule is ""multiply by 2,"" starting at 5. What is the 4th term?",A. 20 | B. 80 | C. 13 | D. 40,D,40,,,
G3:S20-F1-Q4,S20-F1-Q4,618,20,FORWARD 1,4,4.OA.C.5,sa,"The rule is ""add 5,"" starting at 2: 2, 7, 12, 17, ... What do you notice about the ones digits?",,,They alternate between 2 and 7.,,,
G3:S20-F1-Q5,S20-F1-Q5,619,20,FORWARD 1,5,4.OA.C.5,tf,"The rule ""add 3,"" starting at 4, makes only even numbers.",A. True | B. False,B,False,,,
G3:S20-F2-Q1,S20-F2-Q1,621,20,FORWARD 2,1,5.OA.B.3,sa,Pattern A starts at 0 and adds 3. Pattern B starts at 0 and adds 6. Write the first four terms of each pattern.,,,"0, 3, 6, 9; 0, 6, 12, 18",,,
G3:S20-F2-Q2,S20-F2-Q2,622,20,FORWARD 2,2,5.OA.B.3,tf,Pattern A starts at 0 and adds 5. Pattern B starts at 0 and adds 10. Each term of B is 2 times the matching term of A.,A. True | B. False,A,True,,,
G3:S20-F2-Q3,S20-F2-Q3,623,20,FORWARD 2,3,5.OA.B.3,mc,"Pattern A: 0, 4, 8, 12. Pattern B: 0, 12, 24, 36. How does each B term compare with the matching A term?",A. It is the same. | B. It is 4 times as large. | C. It is 3 times as large. | D. It is 8 more.,C,It is 3 times as large.,,,
G3:S20-F2-Q4,S20-F2-Q4,624,20,FORWARD 2,4,5.OA.B.3,sa,Pattern A starts at 0 and adds 2. Pattern B starts at 0 and adds 8. What is the B term when the A term is 10?,,,40,,,
G3:S20-F2-Q5,S20-F2-Q5,625,20,FORWARD 2,5,5.OA.B.3,tf,"Pattern A: 0, 2, 4, 6. Pattern B: 0, 6, 12, 18. Each B term is 4 more than the matching A term.",A. True | B. False,B,False,,,
G3:S21-M-Q1,S21-M-Q1,628,21,MAIN,1,3.OA.D.9,sa,Explain why 4 times any whole number is always even.,,,"4 times a number is 2 times (2 times the number), so it can always be split into two equal groups.",,,"Any correct reason using equal groups, doubling, or 4 × n = 2 × (2 × n) is correct."
G3:S21-M-Q2,S21-M-Q2,629,21,MAIN,2,3.OA.D.9,mc,Why is every product in the 6s row of the multiplication table even?,"A. The 6s row has 10 products. | B. 6 is greater than 5. | C. 6 = 2 × 3, so each product is 2 times a number. | D. Every number is even.",C,"6 = 2 × 3, so each product is 2 times a number.",,,
G3:S21-M-Q3,S21-M-Q3,630,21,MAIN,3,3.OA.D.9,tf,The sum of two even numbers is always even.,A. True | B. False,A,True,,,
G3:S21-M-Q4,S21-M-Q4,631,21,MAIN,4,3.OA.D.9,sa,Is the product of two odd numbers odd or even? Give an example.,,,Odd; 3 × 5 = 15,,,Any correct example of two odd factors with an odd product is correct. Both parts are required.
G3:S21-M-Q5,S21-M-Q5,632,21,MAIN,5,3.OA.D.9,tf,An odd number times 2 is always odd.,A. True | B. False,B,False,,,
G3:S21-B1-Q1,S21-B1-Q1,634,21,BACKWARD 1,1,2.OA.C.3,sa,Explain why 12 is even.,,,"12 = 6 + 6, so it is the sum of two equal addends (it splits into 2 equal groups).",,,
G3:S21-B1-Q2,S21-B1-Q2,635,21,BACKWARD 1,2,2.OA.C.3,tf,An even number can be written as the sum of two equal addends.,A. True | B. False,A,True,,,
G3:S21-B1-Q3,S21-B1-Q3,636,21,BACKWARD 1,3,2.OA.C.3,mc,Which equation shows that 10 is even?,A. 10 = 10 + 0 | B. 10 = 7 + 3 | C. 10 = 5 + 5 | D. 10 = 9 + 1,C,10 = 5 + 5,,,
G3:S21-B1-Q4,S21-B1-Q4,637,21,BACKWARD 1,4,2.OA.C.3,sa,Is 15 even or odd? Explain.,,,Odd,,,"15 cannot be split into two equal groups: in pairs, one is left over. Both parts are required."
G3:S21-B1-Q5,S21-B1-Q5,638,21,BACKWARD 1,5,2.OA.C.3,tf,7 can be written as the sum of two equal whole-number addends.,A. True | B. False,B,False,,,
G3:S21-B2-Q1,S21-B2-Q1,640,21,BACKWARD 2,1,1.OA.B.3,sa,Explain why 6 + 9 = 9 + 6.,,,Changing the order of the addends does not change the sum.,,,
G3:S21-B2-Q2,S21-B2-Q2,641,21,BACKWARD 2,2,1.OA.B.3,tf,5 + 8 = 8 + 5,A. True | B. False,A,True,,,
G3:S21-B2-Q3,S21-B2-Q3,642,21,BACKWARD 2,3,1.OA.B.3,mc,Which equation shows adding in a different order?,A. 4 + 7 = 47 | B. 4 + 7 = 7 + 4 | C. 4 + 7 = 4 - 7 | D. 4 + 7 = 7 - 4,B,4 + 7 = 7 + 4,,,
G3:S21-B2-Q4,S21-B2-Q4,643,21,BACKWARD 2,4,1.OA.B.3,sa,9 + 3 = 12. What is 3 + 9?,,,12,,,
G3:S21-B2-Q5,S21-B2-Q5,644,21,BACKWARD 2,5,1.OA.B.3,tf,8 + 2 = 2 + 6,A. True | B. False,B,False,,,
G3:S21-F1-Q1,S21-F1-Q1,646,21,FORWARD 1,1,4.OA.C.5,sa,"The rule is ""add 4,"" starting at 2: 2, 6, 10, 14, ... Why is every term even?",,,"It starts at an even number, and adding an even number (4) to an even number always gives an even number.",,,
G3:S21-F1-Q2,S21-F1-Q2,647,21,FORWARD 1,2,4.OA.C.5,tf,"The rule ""add 5,"" starting at 1, makes terms that go odd, even, odd, even.",A. True | B. False,A,True,,,
G3:S21-F1-Q3,S21-F1-Q3,648,21,FORWARD 1,3,4.OA.C.5,mc,"The rule is ""add 10,"" starting at 3. Why does every term end in 3?",A. Adding 10 does not change the ones digit. | B. The terms get larger. | C. 3 is odd. | D. 10 is even.,A,Adding 10 does not change the ones digit.,,,
G3:S21-F1-Q4,S21-F1-Q4,649,21,FORWARD 1,4,4.OA.C.5,sa,"The rule is ""multiply by 3,"" starting at 1: 1, 3, 9, 27, ... Are the terms odd or even? Explain.",,,Odd,,,"The pattern starts at an odd number, and an odd number times 3 (an odd number) is odd. Both parts are required."
G3:S21-F1-Q5,S21-F1-Q5,650,21,FORWARD 1,5,4.OA.C.5,tf,"The rule ""add 2,"" starting at 5, makes only even numbers.",A. True | B. False,B,False,,,
G3:S21-F2-Q1,S21-F2-Q1,652,21,FORWARD 2,1,5.OA.B.3,sa,Pattern A starts at 0 and adds 2. Pattern B starts at 0 and adds 6. Explain why each B term is 3 times the matching A term.,,,"Both start at 0 and take the same number of steps, and B adds 3 times as much (6 = 3 × 2) at each step.",,,Must connect the rule amounts (6 = 3 × 2) with the same start of 0 and the same number of steps.
G3:S21-F2-Q2,S21-F2-Q2,653,21,FORWARD 2,2,5.OA.B.3,tf,Pattern A starts at 0 and adds 5. Pattern B starts at 0 and adds 15. Each B term is 3 times the matching A term.,A. True | B. False,A,True,,,
G3:S21-F2-Q3,S21-F2-Q3,654,21,FORWARD 2,3,5.OA.B.3,mc,Pattern A starts at 1 and adds 1. Pattern B starts at 1 and adds 2. Why is B NOT always 2 times A?,"A. A has more terms. | B. Both rules add. | C. B adds less than A. | D. They both start at 1, not at 0.",D,"They both start at 1, not at 0.",,,
G3:S21-F2-Q4,S21-F2-Q4,655,21,FORWARD 2,4,5.OA.B.3,sa,Pattern A starts at 0 and adds 4. Pattern B starts at 0 and adds 12. What is the A term when the B term is 36?,,,12,,,
G3:S21-F2-Q5,S21-F2-Q5,656,21,FORWARD 2,5,5.OA.B.3,tf,Pattern A starts at 0 and adds 3. Pattern B starts at 0 and adds 9. Each B term is 6 more than the matching A term.,A. True | B. False,B,False,,,
G3:S22-M-Q1,S22-M-Q1,659,22,MAIN,1,3.NBT.A.1,sa,Round 47 to the nearest ten.,,,50,,,
G3:S22-M-Q2,S22-M-Q2,660,22,MAIN,2,3.NBT.A.1,tf,118 rounded to the nearest ten is 110.,A. True | B. False,B,False,,,
G3:S22-M-Q3,S22-M-Q3,661,22,MAIN,3,3.NBT.A.1,mc,Round 685 to the nearest ten.,A. 600 | B. 680 | C. 690 | D. 700,C,690,,,
G3:S22-M-Q4,S22-M-Q4,662,22,MAIN,4,3.NBT.A.1,tf,234 rounded to the nearest ten is 230.,A. True | B. False,A,True,,,
G3:S22-M-Q5,S22-M-Q5,663,22,MAIN,5,3.NBT.A.1,sa,Use the number line. Is 76 closer to 70 or to 80? Round 76 to the nearest ten.,,,80; 80,,,Both parts are required.
G3:S22-B1-Q1,S22-B1-Q1,665,22,BACKWARD 1,1,2.NBT.A.1,sa,What digit is in the tens place of 563?,,,6,,,
G3:S22-B1-Q2,S22-B1-Q2,666,22,BACKWARD 1,2,2.NBT.A.1,tf,"In 708, the 0 means 0 tens.",A. True | B. False,A,True,,,
G3:S22-B1-Q3,S22-B1-Q3,667,22,BACKWARD 1,3,2.NBT.A.1,mc,"Which number has 3 hundreds, 8 tens, and 2 ones?","A. 328 | B. 832 | C. 3,082 | D. 382",D,382,,,
G3:S22-B1-Q4,S22-B1-Q4,668,22,BACKWARD 1,4,2.NBT.A.1,sa,What is the value of the 4 in 245?,,,40,,,
G3:S22-B1-Q5,S22-B1-Q5,669,22,BACKWARD 1,5,2.NBT.A.1,tf,"In 961, the 6 is worth 6.",A. True | B. False,B,False,,,
G3:S22-B2-Q1,S22-B2-Q1,671,22,BACKWARD 2,1,2.MD.B.6,sa,What number is at point A?,,,45,,,
G3:S22-B2-Q2,S22-B2-Q2,672,22,BACKWARD 2,2,2.MD.B.6,tf,"On a number line, 68 is between 60 and 70.",A. True | B. False,A,True,,,
G3:S22-B2-Q3,S22-B2-Q3,673,22,BACKWARD 2,3,2.MD.B.6,mc,Which number is closest to 30 on a number line?,A. 32 | B. 37 | C. 39 | D. 36,A,32,,,
G3:S22-B2-Q4,S22-B2-Q4,674,22,BACKWARD 2,4,2.MD.B.6,sa,What number is at point B?,,,87,,,
G3:S22-B2-Q5,S22-B2-Q5,675,22,BACKWARD 2,5,2.MD.B.6,tf,"On a number line, 54 is closer to 60 than to 50.",A. True | B. False,B,False,,,
G3:S22-F1-Q1,S22-F1-Q1,677,22,FORWARD 1,1,4.NBT.A.3,sa,"Round 3,467 to the nearest ten.",,,"3,470",,,
G3:S22-F1-Q2,S22-F1-Q2,678,22,FORWARD 1,2,4.NBT.A.3,tf,"12,845 rounded to the nearest hundred is 12,800.",A. True | B. False,A,True,,,
G3:S22-F1-Q3,S22-F1-Q3,679,22,FORWARD 1,3,4.NBT.A.3,mc,"Round 58,349 to the nearest thousand.","A. 58,000 | B. 60,000 | C. 59,000 | D. 58,300",A,"58,000",,,
G3:S22-F1-Q4,S22-F1-Q4,680,22,FORWARD 1,4,4.NBT.A.3,sa,"Round 7,996 to the nearest ten.",,,"8,000",,,
G3:S22-F1-Q5,S22-F1-Q5,681,22,FORWARD 1,5,4.NBT.A.3,tf,"41,705 rounded to the nearest ten thousand is 50,000.",A. True | B. False,B,False,,,
G3:S22-F2-Q1,S22-F2-Q1,683,22,FORWARD 2,1,5.NBT.A.4,sa,Round 4.67 to the nearest tenth.,,,4.7,,,
G3:S22-F2-Q2,S22-F2-Q2,684,22,FORWARD 2,2,5.NBT.A.4,tf,2.349 rounded to the nearest hundredth is 2.35.,A. True | B. False,A,True,,,
G3:S22-F2-Q3,S22-F2-Q3,685,22,FORWARD 2,3,5.NBT.A.4,mc,Round 8.52 to the nearest whole number.,A. 8.6 | B. 9 | C. 8 | D. 8.5,B,9,,,
G3:S22-F2-Q4,S22-F2-Q4,686,22,FORWARD 2,4,5.NBT.A.4,sa,Round 0.938 to the nearest hundredth.,,,0.94,,,
G3:S22-F2-Q5,S22-F2-Q5,687,22,FORWARD 2,5,5.NBT.A.4,tf,6.45 rounded to the nearest tenth is 6.4.,A. True | B. False,B,False,,,
G3:S23-M-Q1,S23-M-Q1,690,23,MAIN,1,3.NBT.A.1,sa,Round 382 to the nearest hundred.,,,400,,,
G3:S23-M-Q2,S23-M-Q2,691,23,MAIN,2,3.NBT.A.1,tf,749 rounded to the nearest hundred is 700.,A. True | B. False,A,True,,,
G3:S23-M-Q3,S23-M-Q3,692,23,MAIN,3,3.NBT.A.1,mc,Round 650 to the nearest hundred.,A. 700 | B. 610 | C. 650 | D. 600,A,700,,,
G3:S23-M-Q4,S23-M-Q4,693,23,MAIN,4,3.NBT.A.1,tf,216 rounded to the nearest hundred is 300.,A. True | B. False,B,False,,,
G3:S23-M-Q5,S23-M-Q5,694,23,MAIN,5,3.NBT.A.1,sa,A school has 538 students. Round the number of students to the nearest hundred.,,,500,,,
G3:S23-B1-Q1,S23-B1-Q1,696,23,BACKWARD 1,1,2.NBT.A.3,sa,Write 627 in expanded form.,,,600 + 20 + 7,,,
G3:S23-B1-Q2,S23-B1-Q2,697,23,BACKWARD 1,2,2.NBT.A.3,tf,Four hundred five is written 405.,A. True | B. False,A,True,,,
G3:S23-B1-Q3,S23-B1-Q3,698,23,BACKWARD 1,3,2.NBT.A.3,mc,Which number is 300 + 70 + 4?,"A. 734 | B. 374 | C. 3,074 | D. 347",B,374,,,
G3:S23-B1-Q4,S23-B1-Q4,699,23,BACKWARD 1,4,2.NBT.A.3,sa,Write the number eight hundred sixty with digits.,,,860,,,
G3:S23-B1-Q5,S23-B1-Q5,700,23,BACKWARD 1,5,2.NBT.A.3,tf,500 + 9 = 590,A. True | B. False,B,False,,,
G3:S23-B2-Q1,S23-B2-Q1,702,23,BACKWARD 2,1,2.MD.B.6,sa,What number is at point C?,,,350,,,
G3:S23-B2-Q2,S23-B2-Q2,703,23,BACKWARD 2,2,2.MD.B.6,tf,"On a number line, 720 is between 700 and 800.",A. True | B. False,A,True,,,
G3:S23-B2-Q3,S23-B2-Q3,704,23,BACKWARD 2,3,2.MD.B.6,mc,Which number is closer to 600 than to 500?,A. 510 | B. 520 | C. 540 | D. 580,D,580,,,
G3:S23-B2-Q4,S23-B2-Q4,705,23,BACKWARD 2,4,2.MD.B.6,sa,What number is halfway between 200 and 300 on a number line?,,,250,,,
G3:S23-B2-Q5,S23-B2-Q5,706,23,BACKWARD 2,5,2.MD.B.6,tf,"On a number line, 430 is closer to 500 than to 400.",A. True | B. False,B,False,,,
G3:S23-F1-Q1,S23-F1-Q1,708,23,FORWARD 1,1,4.NBT.A.3,sa,"Round 6,251 to the nearest hundred.",,,"6,300",,,
G3:S23-F1-Q2,S23-F1-Q2,709,23,FORWARD 1,2,4.NBT.A.3,tf,"94,512 rounded to the nearest thousand is 95,000.",A. True | B. False,A,True,,,
G3:S23-F1-Q3,S23-F1-Q3,710,23,FORWARD 1,3,4.NBT.A.3,mc,"Round 238,670 to the nearest hundred thousand.","A. 240,000 | B. 300,000 | C. 200,000 | D. 238,700",C,"200,000",,,
G3:S23-F1-Q4,S23-F1-Q4,711,23,FORWARD 1,4,4.NBT.A.3,sa,"Round 9,950 to the nearest hundred.",,,"10,000",,,
G3:S23-F1-Q5,S23-F1-Q5,712,23,FORWARD 1,5,4.NBT.A.3,tf,"3,049 rounded to the nearest hundred is 3,100.",A. True | B. False,B,False,,,
G3:S23-F2-Q1,S23-F2-Q1,714,23,FORWARD 2,1,5.NBT.A.4,sa,Round 13.48 to the nearest whole number.,,,13,,,
G3:S23-F2-Q2,S23-F2-Q2,715,23,FORWARD 2,2,5.NBT.A.4,tf,0.75 rounded to the nearest tenth is 0.8.,A. True | B. False,A,True,,,
G3:S23-F2-Q3,S23-F2-Q3,716,23,FORWARD 2,3,5.NBT.A.4,mc,Round 2.963 to the nearest tenth.,A. 2.8 | B. 2.96 | C. 2.9 | D. 3.0,D,3.0,,,
G3:S23-F2-Q4,S23-F2-Q4,717,23,FORWARD 2,4,5.NBT.A.4,sa,Round 5.096 to the nearest hundredth.,,,5.10,,,5.1 names the same value and is also correct.
G3:S23-F2-Q5,S23-F2-Q5,718,23,FORWARD 2,5,5.NBT.A.4,tf,9.04 rounded to the nearest tenth is 9.1.,A. True | B. False,B,False,,,
G3:S24-M-Q1,S24-M-Q1,721,24,MAIN,1,3.NBT.A.2,work,Add. Show your work using place value or the standard algorithm. 358 + 276,,,634,,"Any valid place-value strategy or the standard algorithm, with the regrouping shown (for example 300 + 200 = 500, 50 + 70 = 120, 8 + 6 = 14, and 500 + 120 + 14 = 634). The sum alone earns partial credit.",
G3:S24-M-Q2,S24-M-Q2,722,24,MAIN,2,3.NBT.A.2,sa,Add. 407 + 395,,,802,,,
G3:S24-M-Q3,S24-M-Q3,723,24,MAIN,3,3.NBT.A.2,mc,529 + 263 = ?,A. 782 | B. 792 | C. 266 | D. 702,B,792,,,
G3:S24-M-Q4,S24-M-Q4,724,24,MAIN,4,3.NBT.A.2,tf,186 + 614 = 800,A. True | B. False,A,True,,,
G3:S24-M-Q5,S24-M-Q5,725,24,MAIN,5,3.NBT.A.2,tf,475 + 348 = 813,A. True | B. False,B,False,,,
G3:S24-B1-Q1,S24-B1-Q1,727,24,BACKWARD 1,1,2.NBT.B.5,sa,Add. 58 + 36,,,94,,,
G3:S24-B1-Q2,S24-B1-Q2,728,24,BACKWARD 1,2,2.NBT.B.5,tf,47 + 25 = 72,A. True | B. False,A,True,,,
G3:S24-B1-Q3,S24-B1-Q3,729,24,BACKWARD 1,3,2.NBT.B.5,mc,29 + 64 = ?,A. 94 | B. 83 | C. 93 | D. 35,C,93,,,
G3:S24-B1-Q4,S24-B1-Q4,730,24,BACKWARD 1,4,2.NBT.B.5,sa,Add. 75 + 18,,,93,,,
G3:S24-B1-Q5,S24-B1-Q5,731,24,BACKWARD 1,5,2.NBT.B.5,tf,66 + 27 = 83,A. True | B. False,B,False,,,
G3:S24-B2-Q1,S24-B2-Q1,733,24,BACKWARD 2,1,2.NBT.B.7,sa,"Add using hundreds, tens, and ones. 234 + 152",,,386,,,
G3:S24-B2-Q2,S24-B2-Q2,734,24,BACKWARD 2,2,2.NBT.B.7,tf,300 + 400 = 700,A. True | B. False,A,True,,,
G3:S24-B2-Q3,S24-B2-Q3,735,24,BACKWARD 2,3,2.NBT.B.7,mc,Which shows the sum 245 + 132 by place value?,A. 200 + 70 + 7 | B. 300 + 70 + 7 | C. 300 + 70 + 5 | D. 300 + 60 + 7,B,300 + 70 + 7,,,
G3:S24-B2-Q4,S24-B2-Q4,736,24,BACKWARD 2,4,2.NBT.B.7,sa,Add. 420 + 160,,,580,,,
G3:S24-B2-Q5,S24-B2-Q5,737,24,BACKWARD 2,5,2.NBT.B.7,tf,513 + 241 = 744,A. True | B. False,B,False,,,
G3:S24-F1-Q1,S24-F1-Q1,739,24,FORWARD 1,1,4.NBT.B.4,work,"Use the standard algorithm to add. Show your work. 3,768 + 2,457",,,"6,225",,The standard addition algorithm with the regrouping shown. A correct sum without the algorithm earns partial credit.,
G3:S24-F1-Q2,S24-F1-Q2,740,24,FORWARD 1,2,4.NBT.B.4,sa,"Add. 45,092 + 18,659",,,"63,751",,,
G3:S24-F1-Q3,S24-F1-Q3,741,24,FORWARD 1,3,4.NBT.B.4,mc,"2,806 + 4,395 = ?","A. 7,201 | B. 7,191 | C. 7,101 | D. 6,201",A,"7,201",,,
G3:S24-F1-Q4,S24-F1-Q4,742,24,FORWARD 1,4,4.NBT.B.4,tf,"9,999 + 1 = 10,000",A. True | B. False,A,True,,,
G3:S24-F1-Q5,S24-F1-Q5,743,24,FORWARD 1,5,4.NBT.B.4,tf,"6,485 + 3,729 = 10,114",A. True | B. False,B,False,,,
G3:S24-F2-Q1,S24-F2-Q1,745,24,FORWARD 2,1,5.NBT.B.7,sa,Add. 3.45 + 2.8,,,6.25,,,
G3:S24-F2-Q2,S24-F2-Q2,746,24,FORWARD 2,2,5.NBT.B.7,tf,0.6 + 0.47 = 1.07,A. True | B. False,A,True,,,
G3:S24-F2-Q3,S24-F2-Q3,747,24,FORWARD 2,3,5.NBT.B.7,mc,Add. 12.5 + 3.75,A. 16.25 | B. 15.80 | C. 16.20 | D. 4.00,A,16.25,,,
G3:S24-F2-Q4,S24-F2-Q4,748,24,FORWARD 2,4,5.NBT.B.7,sa,Add. 4.09 + 5.91,,,10,,,10.00 is also correct.
G3:S24-F2-Q5,S24-F2-Q5,749,24,FORWARD 2,5,5.NBT.B.7,tf,2.7 + 1.35 = 3.12,A. True | B. False,B,False,,,
G3:S25-M-Q1,S25-M-Q1,752,25,MAIN,1,3.NBT.A.2,work,Subtract. Show your work using place value or the standard algorithm. 623 - 358,,,265,,"Any valid place-value strategy or the standard algorithm, with the regrouping shown (for example counting up: 358 + 2 = 360, 360 + 40 = 400, 400 + 223 = 623, so 2 + 40 + 223 = 265). The difference alone earns partial credit.",
G3:S25-M-Q2,S25-M-Q2,753,25,MAIN,2,3.NBT.A.2,sa,Subtract. 700 - 246,,,454,,,
G3:S25-M-Q3,S25-M-Q3,754,25,MAIN,3,3.NBT.A.2,mc,815 - 379 = ?,"A. 546 | B. 1,194 | C. 436 | D. 444",C,436,,,
G3:S25-M-Q4,S25-M-Q4,755,25,MAIN,4,3.NBT.A.2,tf,902 - 518 = 384,A. True | B. False,A,True,,,
G3:S25-M-Q5,S25-M-Q5,756,25,MAIN,5,3.NBT.A.2,tf,560 - 287 = 383,A. True | B. False,B,False,,,
G3:S25-B1-Q1,S25-B1-Q1,758,25,BACKWARD 1,1,2.NBT.B.5,sa,Subtract. 82 - 45,,,37,,,
G3:S25-B1-Q2,S25-B1-Q2,759,25,BACKWARD 1,2,2.NBT.B.5,tf,60 - 23 = 37,A. True | B. False,A,True,,,
G3:S25-B1-Q3,S25-B1-Q3,760,25,BACKWARD 1,3,2.NBT.B.5,mc,74 - 39 = ?,A. 35 | B. 25 | C. 113 | D. 45,A,35,,,
G3:S25-B1-Q4,S25-B1-Q4,761,25,BACKWARD 1,4,2.NBT.B.5,sa,Subtract. 53 - 17,,,36,,,
G3:S25-B1-Q5,S25-B1-Q5,762,25,BACKWARD 1,5,2.NBT.B.5,tf,91 - 58 = 43,A. True | B. False,B,False,,,
G3:S25-B2-Q1,S25-B2-Q1,764,25,BACKWARD 2,1,2.NBT.B.7,sa,"Subtract using hundreds, tens, and ones. 587 - 243",,,344,,,
G3:S25-B2-Q2,S25-B2-Q2,765,25,BACKWARD 2,2,2.NBT.B.7,tf,800 - 300 = 500,A. True | B. False,A,True,,,
G3:S25-B2-Q3,S25-B2-Q3,766,25,BACKWARD 2,3,2.NBT.B.7,mc,465 - 120 = ?,A. 245 | B. 355 | C. 345 | D. 585,C,345,,,
G3:S25-B2-Q4,S25-B2-Q4,767,25,BACKWARD 2,4,2.NBT.B.7,sa,Subtract. 690 - 250,,,440,,,
G3:S25-B2-Q5,S25-B2-Q5,768,25,BACKWARD 2,5,2.NBT.B.7,tf,758 - 426 = 342,A. True | B. False,B,False,,,
G3:S25-F1-Q1,S25-F1-Q1,770,25,FORWARD 1,1,4.NBT.B.4,work,"Use the standard algorithm to subtract. Show your work. 7,203 - 4,568",,,"2,635",,The standard subtraction algorithm with the regrouping shown. A correct difference without the algorithm earns partial credit.,
G3:S25-F1-Q2,S25-F1-Q2,771,25,FORWARD 1,2,4.NBT.B.4,sa,"Subtract. 50,000 - 23,418",,,"26,582",,,
G3:S25-F1-Q3,S25-F1-Q3,772,25,FORWARD 1,3,4.NBT.B.4,mc,"8,412 - 3,756 = ?","A. 4,656 | B. 5,344 | C. 4,666 | D. 4,756",A,"4,656",,,
G3:S25-F1-Q4,S25-F1-Q4,773,25,FORWARD 1,4,4.NBT.B.4,tf,"6,001 - 2,999 = 3,002",A. True | B. False,A,True,,,
G3:S25-F1-Q5,S25-F1-Q5,774,25,FORWARD 1,5,4.NBT.B.4,tf,"9,350 - 4,875 = 4,575",A. True | B. False,B,False,,,
G3:S25-F2-Q1,S25-F2-Q1,776,25,FORWARD 2,1,5.NBT.B.7,sa,Subtract. 6.4 - 2.75,,,3.65,,,
G3:S25-F2-Q2,S25-F2-Q2,777,25,FORWARD 2,2,5.NBT.B.7,tf,5 - 1.25 = 3.75,A. True | B. False,A,True,,,
G3:S25-F2-Q3,S25-F2-Q3,778,25,FORWARD 2,3,5.NBT.B.7,mc,Subtract. 10.3 - 4.68,A. 5.72 | B. 14.98 | C. 6.38 | D. 5.62,D,5.62,,,
G3:S25-F2-Q4,S25-F2-Q4,779,25,FORWARD 2,4,5.NBT.B.7,sa,Subtract. 8.06 - 3.9,,,4.16,,,
G3:S25-F2-Q5,S25-F2-Q5,780,25,FORWARD 2,5,5.NBT.B.7,tf,7.5 - 2.25 = 5.35,A. True | B. False,B,False,,,
G3:S26-M-Q1,S26-M-Q1,783,26,MAIN,1,3.NBT.A.2,sa,Find 500 - 287 by counting up from 287.,,,213,,,"287 + 3 = 290, 290 + 10 = 300, 300 + 200 = 500; 3 + 10 + 200 = 213."
G3:S26-M-Q2,S26-M-Q2,784,26,MAIN,2,3.NBT.A.2,mc,Which addition checks 642 - 275 = 367?,A. 275 + 642 = 367 | B. 367 + 275 = 642 | C. 367 + 642 = 275 | D. 642 + 275 = 367,B,367 + 275 = 642,,,
G3:S26-M-Q3,S26-M-Q3,785,26,MAIN,3,3.NBT.A.2,tf,"Because 318 + 457 = 775, you know that 775 - 457 = 318.",A. True | B. False,A,True,,,
G3:S26-M-Q4,S26-M-Q4,786,26,MAIN,4,3.NBT.A.2,sa,Use addition to check: is 803 - 426 = 387 correct? Show the addition you used.,,,No; 387 + 426 = 813,,,"387 + 426 = 813, not 803, so the answer is wrong (the correct difference is 377). Both parts are required."
G3:S26-M-Q5,S26-M-Q5,787,26,MAIN,5,3.NBT.A.2,tf,"Because 245 + 380 = 625, you know that 625 - 245 = 385.",A. True | B. False,B,False,,,
G3:S26-B1-Q1,S26-B1-Q1,789,26,BACKWARD 1,1,1.OA.C.6,sa,Find 16 - 9 by thinking 9 + ? = 16.,,,7,,,
G3:S26-B1-Q2,S26-B1-Q2,790,26,BACKWARD 1,2,1.OA.C.6,tf,11 - 4 = 7 because 4 + 7 = 11.,A. True | B. False,A,True,,,
G3:S26-B1-Q3,S26-B1-Q3,791,26,BACKWARD 1,3,1.OA.C.6,mc,Which addition fact checks 15 - 6 = 9?,A. 9 + 6 = 15 | B. 9 - 6 = 3 | C. 6 + 6 = 12 | D. 15 + 6 = 21,A,9 + 6 = 15,,,
G3:S26-B1-Q4,S26-B1-Q4,792,26,BACKWARD 1,4,1.OA.C.6,sa,Write the addition fact that checks 18 - 9 = 9.,,,9 + 9 = 18,,,
G3:S26-B1-Q5,S26-B1-Q5,793,26,BACKWARD 1,5,1.OA.C.6,tf,12 - 8 = 5 because 8 + 5 = 12.,A. True | B. False,B,False,,,
G3:S26-B2-Q1,S26-B2-Q1,795,26,BACKWARD 2,1,2.NBT.B.5,sa,Find 70 - 45 by counting up from 45.,,,25,,,
G3:S26-B2-Q2,S26-B2-Q2,796,26,BACKWARD 2,2,2.NBT.B.5,tf,"Because 36 + 28 = 64, you know that 64 - 28 = 36.",A. True | B. False,A,True,,,
G3:S26-B2-Q3,S26-B2-Q3,797,26,BACKWARD 2,3,2.NBT.B.5,mc,Which addition checks 90 - 37 = 53?,A. 90 + 37 = 53 | B. 53 + 90 = 37 | C. 37 + 90 = 53 | D. 53 + 37 = 90,D,53 + 37 = 90,,,
G3:S26-B2-Q4,S26-B2-Q4,798,26,BACKWARD 2,4,2.NBT.B.5,sa,Is 81 - 34 = 47 correct? Write the addition you used to check.,,,Yes; 47 + 34 = 81,,,Both parts are required.
G3:S26-B2-Q5,S26-B2-Q5,799,26,BACKWARD 2,5,2.NBT.B.5,tf,"Because 42 + 19 = 61, you know that 61 - 42 = 29.",A. True | B. False,B,False,,,
G3:S26-F1-Q1,S26-F1-Q1,801,26,FORWARD 1,1,4.NBT.B.4,sa,"Use addition to check: is 6,000 - 2,348 = 3,652 correct?",,,"Yes; 3,652 + 2,348 = 6,000",,,Both parts are required.
G3:S26-F1-Q2,S26-F1-Q2,802,26,FORWARD 1,2,4.NBT.B.4,tf,"Because 4,519 + 2,786 = 7,305, you know that 7,305 - 2,786 = 4,519.",A. True | B. False,A,True,,,
G3:S26-F1-Q3,S26-F1-Q3,803,26,FORWARD 1,3,4.NBT.B.4,mc,"Which addition checks 9,104 - 5,677 = 3,427?","A. 3,427 + 9,104 = 5,677 | B. 3,427 + 5,677 = 9,104 | C. 5,677 + 9,104 = 3,427 | D. 9,104 + 5,677 = 3,427",B,"3,427 + 5,677 = 9,104",,,
G3:S26-F1-Q4,S26-F1-Q4,804,26,FORWARD 1,4,4.NBT.B.4,sa,"Find 8,000 - 3,995 by counting up from 3,995.",,,"4,005",,,"3,995 + 5 = 4,000 and 4,000 + 4,000 = 8,000; 5 + 4,000 = 4,005."
G3:S26-F1-Q5,S26-F1-Q5,805,26,FORWARD 1,5,4.NBT.B.4,tf,"Because 12,450 + 6,780 = 19,230, you know that 19,230 - 12,450 = 6,870.",A. True | B. False,B,False,,,
G3:S26-F2-Q1,S26-F2-Q1,807,26,FORWARD 2,1,5.NBT.B.7,sa,Use addition to check: is 5.2 - 1.75 = 3.45 correct?,,,Yes; 3.45 + 1.75 = 5.2,,,Both parts are required.
G3:S26-F2-Q2,S26-F2-Q2,808,26,FORWARD 2,2,5.NBT.B.7,tf,"Because 2.6 + 3.85 = 6.45, you know that 6.45 - 3.85 = 2.6.",A. True | B. False,A,True,,,
G3:S26-F2-Q3,S26-F2-Q3,809,26,FORWARD 2,3,5.NBT.B.7,mc,Which addition checks 9.3 - 4.56 = 4.74?,A. 9.3 + 4.56 = 4.74 | B. 4.74 + 4.56 = 9.3 | C. 4.74 + 9.3 = 4.56 | D. 4.56 + 9.3 = 4.74,B,4.74 + 4.56 = 9.3,,,
G3:S26-F2-Q4,S26-F2-Q4,810,26,FORWARD 2,4,5.NBT.B.7,sa,Find 4 - 2.35 by counting up from 2.35.,,,1.65,,,
G3:S26-F2-Q5,S26-F2-Q5,811,26,FORWARD 2,5,5.NBT.B.7,tf,"Because 1.4 + 2.75 = 4.15, you know that 4.15 - 1.4 = 2.65.",A. True | B. False,B,False,,,
G3:S27-M-Q1,S27-M-Q1,814,27,MAIN,1,3.NBT.A.3,sa,Multiply. 4 × 70,,,280,,,
G3:S27-M-Q2,S27-M-Q2,815,27,MAIN,2,3.NBT.A.3,tf,9 × 20 = 160,A. True | B. False,B,False,,,
G3:S27-M-Q3,S27-M-Q3,816,27,MAIN,3,3.NBT.A.3,mc,6 × 90 = ?,"A. 5,400 | B. 540 | C. 54 | D. 96",B,540,,,
G3:S27-M-Q4,S27-M-Q4,817,27,MAIN,4,3.NBT.A.3,tf,7 × 40 = 280,A. True | B. False,A,True,,,
G3:S27-M-Q5,S27-M-Q5,818,27,MAIN,5,3.NBT.A.3,sa,Explain how you can use 3 × 8 = 24 to find 3 × 80.,,,240,,,"80 is 8 tens, so 3 × 80 is 3 × 8 tens = 24 tens = 240. Both parts are required."
G3:S27-B1-Q1,S27-B1-Q1,820,27,BACKWARD 1,1,2.NBT.A.1.a,sa,How many tens make 1 hundred?,,,10,,,
G3:S27-B1-Q2,S27-B1-Q2,821,27,BACKWARD 1,2,2.NBT.A.1.a,tf,10 tens and 1 hundred are the same amount.,A. True | B. False,A,True,,,
G3:S27-B1-Q3,S27-B1-Q3,822,27,BACKWARD 1,3,2.NBT.A.1.a,mc,Which is the same amount as 1 hundred?,A. 10 tens | B. 10 ones | C. 100 tens | D. 1 ten,A,10 tens,,,
G3:S27-B1-Q4,S27-B1-Q4,823,27,BACKWARD 1,4,2.NBT.A.1.a,sa,Fill in the blank. 10 tens = ___,,,100,,,
G3:S27-B1-Q5,S27-B1-Q5,824,27,BACKWARD 1,5,2.NBT.A.1.a,tf,A bundle of 10 tens is the same amount as 10.,A. True | B. False,B,False,,,
G3:S27-B2-Q1,S27-B2-Q1,826,27,BACKWARD 2,1,2.NBT.A.2,sa,Skip-count by 10s from 10. What is the 6th number?,,,60,,,
G3:S27-B2-Q2,S27-B2-Q2,827,27,BACKWARD 2,2,2.NBT.A.2,tf,"Counting by 10s from 0, 8 jumps of 10 land on 80.",A. True | B. False,A,True,,,
G3:S27-B2-Q3,S27-B2-Q3,828,27,BACKWARD 2,3,2.NBT.A.2,mc,"Count by 10s. 30, 40, 50, ___",A. 60 | B. 70 | C. 51 | D. 500,A,60,,,
G3:S27-B2-Q4,S27-B2-Q4,829,27,BACKWARD 2,4,2.NBT.A.2,sa,"Skip-count by 10s. 150, 160, 170, ___, ___",,,"180, 190",,,
G3:S27-B2-Q5,S27-B2-Q5,830,27,BACKWARD 2,5,2.NBT.A.2,tf,"Counting by 10s from 0, 5 jumps of 10 land on 15.",A. True | B. False,B,False,,,
G3:S27-F1-Q1,S27-F1-Q1,832,27,FORWARD 1,1,4.NBT.B.5,sa,Multiply. 6 × 400,,,"2,400",,,
G3:S27-F1-Q2,S27-F1-Q2,833,27,FORWARD 1,2,4.NBT.B.5,tf,"8 × 3,000 = 24,000",A. True | B. False,A,True,,,
G3:S27-F1-Q3,S27-F1-Q3,834,27,FORWARD 1,3,4.NBT.B.5,mc,5 × 800 = ?,"A. 4,000 | B. 40,000 | C. 805 | D. 400",A,"4,000",,,
G3:S27-F1-Q4,S27-F1-Q4,835,27,FORWARD 1,4,4.NBT.B.5,sa,Multiply. 30 × 40,,,"1,200",,,
G3:S27-F1-Q5,S27-F1-Q5,836,27,FORWARD 1,5,4.NBT.B.5,tf,7 × 600 = 420,A. True | B. False,B,False,,,
G3:S27-F2-Q1,S27-F2-Q1,838,27,FORWARD 2,1,5.NBT.A.2,sa,Multiply. 36 × 10³,,,"36,000",,,
G3:S27-F2-Q2,S27-F2-Q2,839,27,FORWARD 2,2,5.NBT.A.2,tf,4.2 × 100 = 420,A. True | B. False,A,True,,,
G3:S27-F2-Q3,S27-F2-Q3,840,27,FORWARD 2,3,5.NBT.A.2,mc,Which is equal to 5 × 10²?,"A. 5,000 | B. 52 | C. 500 | D. 50",C,500,,,
G3:S27-F2-Q4,S27-F2-Q4,841,27,FORWARD 2,4,5.NBT.A.2,sa,"Explain why 7 × 1,000 ends in three zeros.",,,"Multiplying by 1,000 (10³) moves each digit three places to the left, so the three places on the right are filled with zeros.",,,"Must connect the three zeros to multiplying by 10 three times, or to shifting each digit three places."
G3:S27-F2-Q5,S27-F2-Q5,842,27,FORWARD 2,5,5.NBT.A.2,tf,0.6 × 10 = 0.06,A. True | B. False,B,False,,,
G3:S28-M-Q1,S28-M-Q1,845,28,MAIN,1,3.NF.A.1,sa,The bar is split into 6 equal parts. One part is shaded. What fraction of the bar is shaded?,,,1/6,,,
G3:S28-M-Q2,S28-M-Q2,846,28,MAIN,2,3.NF.A.1,mc,A pizza is cut into 8 equal slices. What fraction of the pizza is one slice?,A. 8/1 | B. 1/7 | C. 1/8 | D. 7/8,C,1/8,,,
G3:S28-M-Q3,S28-M-Q3,847,28,MAIN,3,3.NF.A.1,tf,1/3 is one part when a whole is split into 3 equal parts.,A. True | B. False,A,True,,,
G3:S28-M-Q4,S28-M-Q4,848,28,MAIN,4,3.NF.A.1,plot_text,Shade 1/4 of the bar. Then explain why the part you shaded is 1/4 of the bar.,,,"The bar has 4 equal parts, and I shaded 1 of them.",Exactly 1 of the 4 equal parts shaded,,"Grade both: 1 of the 4 parts shaded, and an explanation that names 4 equal parts with 1 part shaded."
G3:S28-M-Q5,S28-M-Q5,849,28,MAIN,5,3.NF.A.1,tf,"If a whole is cut into 2 parts of different sizes, each part is 1/2 of the whole.",A. True | B. False,B,False,,,
G3:S28-B1-Q1,S28-B1-Q1,851,28,BACKWARD 1,1,2.G.A.3,sa,A rectangle is split into 3 equal shares. What is each share called?,,,A third,,,
G3:S28-B1-Q2,S28-B1-Q2,852,28,BACKWARD 1,2,2.G.A.3,tf,Four fourths make one whole.,A. True | B. False,A,True,,,
G3:S28-B1-Q3,S28-B1-Q3,853,28,BACKWARD 1,3,2.G.A.3,mc,A circle is split into 2 equal shares. How many halves make the whole circle?,A. 4 | B. 2 | C. 1 | D. 3,B,2,,,
G3:S28-B1-Q4,S28-B1-Q4,854,28,BACKWARD 1,4,2.G.A.3,sa,A square is split into 4 equal shares. What is each share called?,,,A fourth,,,"""A quarter"" is also correct."
G3:S28-B1-Q5,S28-B1-Q5,855,28,BACKWARD 1,5,2.G.A.3,tf,A rectangle split into 3 equal shares is split into fourths.,A. True | B. False,B,False,,,
G3:S28-B2-Q1,S28-B2-Q1,857,28,BACKWARD 2,1,1.G.A.3,tf,Cutting a circle into 4 equal parts makes smaller parts than cutting it into 2 equal parts.,A. True | B. False,A,True,,,
G3:S28-B2-Q2,S28-B2-Q2,858,28,BACKWARD 2,2,1.G.A.3,sa,A sandwich is cut into 2 equal parts. What is each part called?,,,A half,,,
G3:S28-B2-Q3,S28-B2-Q3,859,28,BACKWARD 2,3,1.G.A.3,mc,A pie is cut into 4 equal parts. What is each part called?,A. A quarter | B. A whole | C. A half | D. A third,A,A quarter,,,
G3:S28-B2-Q4,S28-B2-Q4,860,28,BACKWARD 2,4,1.G.A.3,sa,How many quarters make a whole circle?,,,4,,,
G3:S28-B2-Q5,S28-B2-Q5,861,28,BACKWARD 2,5,1.G.A.3,tf,Halves of a rectangle are smaller than quarters of the same rectangle.,A. True | B. False,B,False,,,
G3:S28-F1-Q1,S28-F1-Q1,863,28,FORWARD 1,1,4.NF.B.3.b,sa,Write 5/6 as a sum of unit fractions.,,,1/6 + 1/6 + 1/6 + 1/6 + 1/6,,,
G3:S28-F1-Q2,S28-F1-Q2,864,28,FORWARD 1,2,4.NF.B.3.b,tf,3/4 = 1/4 + 1/4 + 1/4,A. True | B. False,A,True,,,
G3:S28-F1-Q3,S28-F1-Q3,865,28,FORWARD 1,3,4.NF.B.3.b,mc,Which sum is equal to 4/5?,A. 1/4 + 1/4 + 1/4 + 1/4 | B. 1/5 + 1/5 + 1/5 + 1/5 | C. 4/5 + 1/5 | D. 2/5 + 1/5,B,1/5 + 1/5 + 1/5 + 1/5,,,
G3:S28-F1-Q4,S28-F1-Q4,866,28,FORWARD 1,4,4.NF.B.3.b,sa,Write 7/8 as a sum of two fractions with a denominator of 8.,,,3/8 + 4/8,,,"Any two eighths that add to 7/8 are correct, for example 1/8 + 6/8."
G3:S28-F1-Q5,S28-F1-Q5,867,28,FORWARD 1,5,4.NF.B.3.b,tf,2/3 = 1/3 + 1/2,A. True | B. False,B,False,,,
G3:S28-F2-Q1,S28-F2-Q1,869,28,FORWARD 2,1,5.NF.B.4.a,sa,What is 1/2 of 1/4?,,,1/8,,,
G3:S28-F2-Q2,S28-F2-Q2,870,28,FORWARD 2,2,5.NF.B.4.a,tf,1/3 × (1/2) = 1/6,A. True | B. False,A,True,,,
G3:S28-F2-Q3,S28-F2-Q3,871,28,FORWARD 2,3,5.NF.B.4.a,mc,Multiply. 1/4 × (1/3),A. 1/7 | B. 1/12 | C. 4/3 | D. 2/7,B,1/12,,,
G3:S28-F2-Q4,S28-F2-Q4,872,28,FORWARD 2,4,5.NF.B.4.a,sa,A ribbon is 1/2 yard long. Ana uses 1/5 of it. What fraction of a yard does she use?,,,1/10 yard,,,
G3:S28-F2-Q5,S28-F2-Q5,873,28,FORWARD 2,5,5.NF.B.4.a,tf,1/2 of 1/2 is 1.,A. True | B. False,B,False,,,
G3:S29-M-Q1,S29-M-Q1,876,29,MAIN,1,3.NF.A.1,sa,What fraction of the bar is shaded?,,,5/8,,,
G3:S29-M-Q2,S29-M-Q2,877,29,MAIN,2,3.NF.A.1,mc,Which fraction is 3 parts of size 1/4?,A. 1/3 | B. 4/3 | C. 3/8 | D. 3/4,D,3/4,,,
G3:S29-M-Q3,S29-M-Q3,878,29,MAIN,3,3.NF.A.1,tf,4/6 is 4 parts of size 1/6.,A. True | B. False,A,True,,,
G3:S29-M-Q4,S29-M-Q4,879,29,MAIN,4,3.NF.A.1,plot_text,Shade 3/8 of the bar. How many parts of size 1/8 did you shade?,,,3,Any 3 of the 8 equal parts shaded,,"Grade both: 3 of the 8 parts shaded, and the answer 3."
G3:S29-M-Q5,S29-M-Q5,880,29,MAIN,5,3.NF.A.1,tf,5/6 is 6 parts of size 1/5.,A. True | B. False,B,False,,,
G3:S29-B1-Q1,S29-B1-Q1,882,29,BACKWARD 1,1,2.G.A.3,sa,"A rectangle is cut into 3 equal shares, and 2 shares are shaded. How many thirds are shaded?",,,2,,,
G3:S29-B1-Q2,S29-B1-Q2,883,29,BACKWARD 1,2,2.G.A.3,tf,A whole is 3 thirds.,A. True | B. False,A,True,,,
G3:S29-B1-Q3,S29-B1-Q3,884,29,BACKWARD 1,3,2.G.A.3,mc,A circle is cut into 4 equal shares. How many fourths make the whole circle?,A. 2 | B. 3 | C. 4 | D. 1,C,4,,,
G3:S29-B1-Q4,S29-B1-Q4,885,29,BACKWARD 1,4,2.G.A.3,sa,"A rectangle is cut into 2 equal shares, and both are shaded. How many halves are shaded?",,,2,,,
G3:S29-B1-Q5,S29-B1-Q5,886,29,BACKWARD 1,5,2.G.A.3,tf,A whole is 3 halves.,A. True | B. False,B,False,,,
G3:S29-B2-Q1,S29-B2-Q1,888,29,BACKWARD 2,1,1.G.A.3,sa,"A pizza is cut into 4 equal parts, and 3 parts are eaten. How many quarters are eaten?",,,3,,,
G3:S29-B2-Q2,S29-B2-Q2,889,29,BACKWARD 2,2,1.G.A.3,tf,Two halves make one whole.,A. True | B. False,A,True,,,
G3:S29-B2-Q3,S29-B2-Q3,890,29,BACKWARD 2,3,1.G.A.3,mc,A rectangle is cut into 4 equal parts. How many parts make the whole?,A. 8 | B. 2 | C. 1 | D. 4,D,4,,,
G3:S29-B2-Q4,S29-B2-Q4,891,29,BACKWARD 2,4,1.G.A.3,sa,"A pie is cut into 2 equal parts, and 1 part is eaten. What is the part that was eaten called?",,,A half,,,
G3:S29-B2-Q5,S29-B2-Q5,892,29,BACKWARD 2,5,1.G.A.3,tf,Four quarters make two wholes.,A. True | B. False,B,False,,,
G3:S29-F1-Q1,S29-F1-Q1,894,29,FORWARD 1,1,4.NF.B.4.a,sa,Write 5/6 as a whole number times 1/6.,,,5 × 1/6,,,
G3:S29-F1-Q2,S29-F1-Q2,895,29,FORWARD 1,2,4.NF.B.4.a,tf,7/4 = 7 × (1/4),A. True | B. False,A,True,,,
G3:S29-F1-Q3,S29-F1-Q3,896,29,FORWARD 1,3,4.NF.B.4.a,mc,Which equation shows 3/8 as a multiple of 1/8?,A. 3/8 = 1/8 ÷ 3 | B. 3/8 = 3 × (1/8) | C. 3/8 = 8 × (1/3) | D. 3/8 = 3 + 1/8,B,3/8 = 3 × (1/8),,,
G3:S29-F1-Q4,S29-F1-Q4,897,29,FORWARD 1,4,4.NF.B.4.a,sa,Fill in the blank. 9/10 = ___ × (1/10),,,9,,,
G3:S29-F1-Q5,S29-F1-Q5,898,29,FORWARD 1,5,4.NF.B.4.a,tf,4/5 = 5 × (1/4),A. True | B. False,B,False,,,
G3:S29-F2-Q1,S29-F2-Q1,900,29,FORWARD 2,1,5.NF.B.4.a,sa,Find 3/5 of 20 by first finding 1/5 of 20.,,,4; 12,,,Both parts are required.
G3:S29-F2-Q2,S29-F2-Q2,901,29,FORWARD 2,2,5.NF.B.4.a,tf,"2/3 of 9 is 2 parts of size 3, which is 6.",A. True | B. False,A,True,,,
G3:S29-F2-Q3,S29-F2-Q3,902,29,FORWARD 2,3,5.NF.B.4.a,mc,What is 5/8 of 16?,A. 80 | B. 8 | C. 10 | D. 2,C,10,,,
G3:S29-F2-Q4,S29-F2-Q4,903,29,FORWARD 2,4,5.NF.B.4.a,sa,Multiply. 4/7 × 14,,,8,,,
G3:S29-F2-Q5,S29-F2-Q5,904,29,FORWARD 2,5,5.NF.B.4.a,tf,"3/4 of 20 is 3 parts of size 4, which is 12.",A. True | B. False,B,False,,,
G3:S30-M-Q1,S30-M-Q1,907,30,MAIN,1,3.NF.A.2.a,sa,The space from 0 to 1 is split into 4 equal parts. What fraction is at point A?,,,1/4,,,
G3:S30-M-Q2,S30-M-Q2,908,30,MAIN,2,3.NF.A.2.a,plot,Mark and label 1/3 on the number line.,,,"A point at the first tick mark after 0 (one of the 3 equal parts from 0 to 1), labeled 1/3",,,
G3:S30-M-Q3,S30-M-Q3,909,30,MAIN,3,3.NF.A.2.a,mc,Into how many equal parts must the space from 0 to 1 be split to show 1/6?,A. 1 | B. 5 | C. 6 | D. 7,C,6,,,
G3:S30-M-Q4,S30-M-Q4,910,30,MAIN,4,3.NF.A.2.a,tf,"On a number line, 1/2 is halfway between 0 and 1.",A. True | B. False,A,True,,,
G3:S30-M-Q5,S30-M-Q5,911,30,MAIN,5,3.NF.A.2.a,tf,"On a number line from 0 to 1 split into 8 equal parts, the first tick mark after 0 is 1/7.",A. True | B. False,B,False,,,
G3:S30-B1-Q1,S30-B1-Q1,913,30,BACKWARD 1,1,2.MD.B.6,sa,What number is at point A?,,,3,,,
G3:S30-B1-Q2,S30-B1-Q2,914,30,BACKWARD 1,2,2.MD.B.6,tf,"On a number line, 5 is 5 equal lengths of 1 from 0.",A. True | B. False,A,True,,,
G3:S30-B1-Q3,S30-B1-Q3,915,30,BACKWARD 1,3,2.MD.B.6,mc,A jump from 0 to 4 on a number line is how many lengths of 1?,A. 1 | B. 4 | C. 3 | D. 5,B,4,,,
G3:S30-B1-Q4,S30-B1-Q4,916,30,BACKWARD 1,4,2.MD.B.6,sa,What number is at point B?,,,8,,,
G3:S30-B1-Q5,S30-B1-Q5,917,30,BACKWARD 1,5,2.MD.B.6,tf,"On a number line, the distance from 0 to 7 is 6 lengths of 1.",A. True | B. False,B,False,,,
G3:S30-B2-Q1,S30-B2-Q1,919,30,BACKWARD 2,1,2.MD.A.1,sa,How long is the crayon?,,,4 inches,,,
G3:S30-B2-Q2,S30-B2-Q2,920,30,BACKWARD 2,2,2.MD.A.1,tf,"To measure with a ruler, line up one end of the object with 0.",A. True | B. False,A,True,,,
G3:S30-B2-Q3,S30-B2-Q3,921,30,BACKWARD 2,3,2.MD.A.1,mc,How long is the pencil?,A. 6 inches | B. 5 inches | C. 1 inch | D. 4 inches,B,5 inches,,,
G3:S30-B2-Q4,S30-B2-Q4,922,30,BACKWARD 2,4,2.MD.A.1,sa,A leaf reaches from 0 to 3 on an inch ruler. How long is the leaf?,,,3 inches,,,
G3:S30-B2-Q5,S30-B2-Q5,923,30,BACKWARD 2,5,2.MD.A.1,tf,A stick that reaches from 0 to 6 on an inch ruler is 7 inches long.,A. True | B. False,B,False,,,
G3:S30-F1-Q1,S30-F1-Q1,925,30,FORWARD 1,1,4.NF.C.6,sa,The space from 0 to 1 is split into 10 equal parts. Write the decimal at point A.,,,0.1,,,
G3:S30-F1-Q2,S30-F1-Q2,926,30,FORWARD 1,2,4.NF.C.6,tf,1/10 = 0.1,A. True | B. False,A,True,,,
G3:S30-F1-Q3,S30-F1-Q3,927,30,FORWARD 1,3,4.NF.C.6,mc,Which decimal is equal to 1/100?,A. 0.1 | B. 0.01 | C. 10.0 | D. 1.01,B,0.01,,,
G3:S30-F1-Q4,S30-F1-Q4,928,30,FORWARD 1,4,4.NF.C.6,sa,Write 1/100 as a decimal.,,,0.01,,,
G3:S30-F1-Q5,S30-F1-Q5,929,30,FORWARD 1,5,4.NF.C.6,tf,"On a number line, 0.1 is between 0 and 1/100.",A. True | B. False,B,False,,,
G3:S30-F2-Q1,S30-F2-Q1,931,30,FORWARD 2,1,5.NF.B.7.a,sa,1/2 is split into 3 equal parts. What fraction is each part?,,,1/6,,,
G3:S30-F2-Q2,S30-F2-Q2,932,30,FORWARD 2,2,5.NF.B.7.a,tf,1/4 ÷ 2 = 1/8,A. True | B. False,A,True,,,
G3:S30-F2-Q3,S30-F2-Q3,933,30,FORWARD 2,3,5.NF.B.7.a,mc,1/3 ÷ 2 = ?,A. 2/3 | B. 1/6 | C. 1/5 | D. 6,B,1/6,,,
G3:S30-F2-Q4,S30-F2-Q4,934,30,FORWARD 2,4,5.NF.B.7.a,sa,Divide. 1/2 ÷ 4,,,1/8,,,
G3:S30-F2-Q5,S30-F2-Q5,935,30,FORWARD 2,5,5.NF.B.7.a,tf,1/5 ÷ 3 = 3/5,A. True | B. False,B,False,,,
G3:S31-M-Q1,S31-M-Q1,938,31,MAIN,1,3.NF.A.2.b,sa,What fraction is at point B?,,,3/4,,,
G3:S31-M-Q2,S31-M-Q2,939,31,MAIN,2,3.NF.A.2.b,plot,Start at 0 and mark off 5 lengths of 1/6. Mark and label the point 5/6.,,,"A point at the 5th tick mark after 0 (5 lengths of 1/6), labeled 5/6",,,
G3:S31-M-Q3,S31-M-Q3,940,31,MAIN,3,3.NF.A.2.b,mc,A point is 3 lengths of 1/8 from 0. What fraction is at the point?,A. 1/3 | B. 3/1 | C. 3/8 | D. 8/3,C,3/8,,,
G3:S31-M-Q4,S31-M-Q4,941,31,MAIN,4,3.NF.A.2.b,tf,The point 2/3 is 2 lengths of 1/3 from 0.,A. True | B. False,A,True,,,
G3:S31-M-Q5,S31-M-Q5,942,31,MAIN,5,3.NF.A.2.b,sa,What fraction is at point C? Write it as a fraction with a denominator of 4.,,,7/4,,,"C is 7 lengths of 1/4 from 0. The question asks for fourths, so 7/4 is the form required."
G3:S31-B1-Q1,S31-B1-Q1,944,31,BACKWARD 1,1,2.MD.B.6,plot,Mark and label 6 on the number line.,,,"A point at the 6th tick mark after 0, labeled 6",,,
G3:S31-B1-Q2,S31-B1-Q2,945,31,BACKWARD 1,2,2.MD.B.6,tf,The point 3 is 3 lengths of 1 from 0.,A. True | B. False,A,True,,,
G3:S31-B1-Q3,S31-B1-Q3,946,31,BACKWARD 1,3,2.MD.B.6,mc,A point is 7 lengths of 1 from 0. What number is it?,A. 8 | B. 6 | C. 1 | D. 7,D,7,,,
G3:S31-B1-Q4,S31-B1-Q4,947,31,BACKWARD 1,4,2.MD.B.6,sa,What number is at point A?,,,4,,,
G3:S31-B1-Q5,S31-B1-Q5,948,31,BACKWARD 1,5,2.MD.B.6,tf,The point 9 is 10 lengths of 1 from 0.,A. True | B. False,B,False,,,
G3:S31-B2-Q1,S31-B2-Q1,950,31,BACKWARD 2,1,2.MD.B.6,sa,Start at 20 on a number line and jump 15 more. Where do you land?,,,35,,,
G3:S31-B2-Q2,S31-B2-Q2,951,31,BACKWARD 2,2,2.MD.B.6,tf,"Starting at 0, a jump of 30 and then a jump of 20 lands on 50.",A. True | B. False,A,True,,,
G3:S31-B2-Q3,S31-B2-Q3,952,31,BACKWARD 2,3,2.MD.B.6,mc,Start at 10 and make three jumps of 10. Where do you land?,A. 40 | B. 13 | C. 30 | D. 50,A,40,,,
G3:S31-B2-Q4,S31-B2-Q4,953,31,BACKWARD 2,4,2.MD.B.6,sa,Start at 25 and jump 40 more. Where do you land?,,,65,,,
G3:S31-B2-Q5,S31-B2-Q5,954,31,BACKWARD 2,5,2.MD.B.6,tf,"Starting at 40, a jump of 15 lands on 65.",A. True | B. False,B,False,,,
G3:S31-F1-Q1,S31-F1-Q1,956,31,FORWARD 1,1,4.NF.B.4.b,sa,Start at 0 and make 4 jumps of 2/3 on a number line. Where do you land?,,,8/3,,,2 2/3 is also correct.
G3:S31-F1-Q2,S31-F1-Q2,957,31,FORWARD 1,2,4.NF.B.4.b,tf,3 jumps of 3/4 from 0 land on 9/4.,A. True | B. False,A,True,,,
G3:S31-F1-Q3,S31-F1-Q3,958,31,FORWARD 1,3,4.NF.B.4.b,mc,5 × (2/6) = ?,A. 7/6 | B. 10/30 | C. 2/30 | D. 10/6,D,10/6,,,
G3:S31-F1-Q4,S31-F1-Q4,959,31,FORWARD 1,4,4.NF.B.4.b,sa,Multiply. 6 × (3/8),,,18/8,,,"2 2/8, 2 1/4, and 9/4 are also correct."
G3:S31-F1-Q5,S31-F1-Q5,960,31,FORWARD 1,5,4.NF.B.4.b,tf,2 jumps of 5/6 from 0 land on 10/12.,A. True | B. False,B,False,,,
G3:S31-F2-Q1,S31-F2-Q1,962,31,FORWARD 2,1,5.NF.A.1,sa,Add. 1/2 + 1/3,,,5/6,,,
G3:S31-F2-Q2,S31-F2-Q2,963,31,FORWARD 2,2,5.NF.A.1,tf,3/4 + 1/8 = 7/8,A. True | B. False,A,True,,,
G3:S31-F2-Q3,S31-F2-Q3,964,31,FORWARD 2,3,5.NF.A.1,mc,Add. 2/3 + 1/6,A. 5/6 | B. 3/6 | C. 3/9 | D. 2/18,A,5/6,,,
G3:S31-F2-Q4,S31-F2-Q4,965,31,FORWARD 2,4,5.NF.A.1,sa,Add. 3/8 + 1/4,,,5/8,,,
G3:S31-F2-Q5,S31-F2-Q5,966,31,FORWARD 2,5,5.NF.A.1,tf,1/4 + 1/3 = 2/7,A. True | B. False,B,False,,,
G3:S32-M-Q1,S32-M-Q1,969,32,MAIN,1,3.NF.A.3.a,tf,The number lines are the same length. 1/2 and 2/4 are at the same point.,A. True | B. False,A,True,,,
G3:S32-M-Q2,S32-M-Q2,970,32,MAIN,2,3.NF.A.3.a,mc,The number lines are the same length. Which fraction is at the same point as 2/3?,A. 2/6 | B. 3/6 | C. 5/6 | D. 4/6,D,4/6,,,
G3:S32-M-Q3,S32-M-Q3,971,32,MAIN,3,3.NF.A.3.a,sa,The two bars are the same size. The top bar shows 3/4 shaded and the bottom bar shows 6/8 shaded. Are the fractions equivalent? Explain.,,,Yes,,,"The shaded parts are the same size (they cover the same amount of the same whole), so 3/4 = 6/8. Both parts are required."
G3:S32-M-Q4,S32-M-Q4,972,32,MAIN,4,3.NF.A.3.a,tf,1/3 and 2/6 are at different points on a number line from 0 to 1.,A. True | B. False,B,False,,,
G3:S32-M-Q5,S32-M-Q5,973,32,MAIN,5,3.NF.A.3.a,sa,Name a fraction in eighths that is at the same point as 1/4 on a number line.,,,2/8,,,
G3:S32-B1-Q1,S32-B1-Q1,975,32,BACKWARD 1,1,2.MD.A.2,tf,A table measured in centimeters gives a larger number than the same table measured in meters.,A. True | B. False,A,True,,,
G3:S32-B1-Q2,S32-B1-Q2,976,32,BACKWARD 1,2,2.MD.A.2,mc,A pencil is 6 paper clips long and 3 crayons long. Which unit is longer?,A. You cannot tell | B. The crayon | C. The paper clip | D. They are the same length,B,The crayon,,,
G3:S32-B1-Q3,S32-B1-Q3,977,32,BACKWARD 1,3,2.MD.A.2,sa,A shelf is 10 large blocks long and 20 small blocks long. Did the shelf's length change?,,,No,,,The shelf is the same length; only the unit changed.
G3:S32-B1-Q4,S32-B1-Q4,978,32,BACKWARD 1,4,2.MD.A.2,sa,A ribbon is 4 feet long. Is its length in inches a number greater than or less than 4?,,,Greater than 4,,,
G3:S32-B1-Q5,S32-B1-Q5,979,32,BACKWARD 1,5,2.MD.A.2,tf,"When you measure with a bigger unit, you get a bigger number.",A. True | B. False,B,False,,,
G3:S32-B2-Q1,S32-B2-Q1,981,32,BACKWARD 2,1,2.G.A.3,tf,Two halves of the same rectangle can have different shapes and still be equal shares.,A. True | B. False,A,True,,,
G3:S32-B2-Q2,S32-B2-Q2,982,32,BACKWARD 2,2,2.G.A.3,sa,A square is cut into 2 equal triangles. Another square of the same size is cut into 2 equal rectangles. Is a triangle the same size as a rectangle?,,,Yes,,,Each is half of the same-size square.
G3:S32-B2-Q3,S32-B2-Q3,983,32,BACKWARD 2,3,2.G.A.3,mc,A circle is cut into 4 equal shares. What is each share called?,A. A third | B. A fourth | C. A whole | D. A half,B,A fourth,,,
G3:S32-B2-Q4,S32-B2-Q4,984,32,BACKWARD 2,4,2.G.A.3,sa,How many halves make one whole?,,,2,,,
G3:S32-B2-Q5,S32-B2-Q5,985,32,BACKWARD 2,5,2.G.A.3,tf,A third of a rectangle is larger than a half of the same rectangle.,A. True | B. False,B,False,,,
G3:S32-F1-Q1,S32-F1-Q1,987,32,FORWARD 1,1,4.NF.A.1,sa,The bars show 3/5 and 6/10 of the same whole. Explain why the fractions are equal.,,,"Each fifth is split into 2 equal parts, so there are twice as many parts and twice as many shaded parts; each new part is half the size, and the shaded amount stays the same.",,,Must connect both the number and the size of the parts.
G3:S32-F1-Q2,S32-F1-Q2,988,32,FORWARD 1,2,4.NF.A.1,tf,2/5 = 4/10 because the numerator and the denominator are both multiplied by 2.,A. True | B. False,A,True,,,
G3:S32-F1-Q3,S32-F1-Q3,989,32,FORWARD 1,3,4.NF.A.1,mc,Which fraction is equal to 3/4?,A. 9/12 | B. 3/12 | C. 6/4 | D. 4/3,A,9/12,,,
G3:S32-F1-Q4,S32-F1-Q4,990,32,FORWARD 1,4,4.NF.A.1,sa,Find the missing number. 4/5 = (?)/10,,,8,,,
G3:S32-F1-Q5,S32-F1-Q5,991,32,FORWARD 1,5,4.NF.A.1,tf,1/3 = 3/6,A. True | B. False,B,False,,,
G3:S32-F2-Q1,S32-F2-Q1,993,32,FORWARD 2,1,5.NF.A.1,sa,Rewrite 1/2 and 1/5 with a common denominator. Then add.,,,5/10 and 2/10; 7/10,,,Any common denominator is correct for the first part. Both parts are required.
G3:S32-F2-Q2,S32-F2-Q2,994,32,FORWARD 2,2,5.NF.A.1,tf,2/3 + 1/4 = 8/12 + 3/12,A. True | B. False,A,True,,,
G3:S32-F2-Q3,S32-F2-Q3,995,32,FORWARD 2,3,5.NF.A.1,mc,Add. 1/6 + 3/4,A. 3/24 | B. 4/12 | C. 4/10 | D. 11/12,D,11/12,,,
G3:S32-F2-Q4,S32-F2-Q4,996,32,FORWARD 2,4,5.NF.A.1,sa,Add. 2/5 + 1/10,,,1/2,,,5/10 is also correct.
G3:S32-F2-Q5,S32-F2-Q5,997,32,FORWARD 2,5,5.NF.A.1,tf,1/3 + 1/2 = 2/5,A. True | B. False,B,False,,,
G3:S33-M-Q1,S33-M-Q1,1000,33,MAIN,1,3.NF.A.3.b,sa,Find the missing number. 1/3 = (?)/6,,,2,,,
G3:S33-M-Q2,S33-M-Q2,1001,33,MAIN,2,3.NF.A.3.b,mc,Which fraction is equivalent to 3/4?,A. 4/3 | B. 4/6 | C. 6/8 | D. 3/8,C,6/8,,,
G3:S33-M-Q3,S33-M-Q3,1002,33,MAIN,3,3.NF.A.3.b,plot_text,The bar shows 1/2 shaded. Draw lines to split each half into 4 equal parts. Then write the equivalent fraction in eighths.,,,4/8,"Each half split into 4 equal parts (8 parts in all), with 4 parts shaded",,"Grade both: the bar split into 8 equal parts with 4 shaded, and 4/8."
G3:S33-M-Q4,S33-M-Q4,1003,33,MAIN,4,3.NF.A.3.b,tf,2/6 = 1/3,A. True | B. False,A,True,,,
G3:S33-M-Q5,S33-M-Q5,1004,33,MAIN,5,3.NF.A.3.b,sa,Explain why 2/8 = 1/4. You may use a model.,,,"Each fourth of a whole is made of 2 eighths, so 2 eighths cover the same amount as 1 fourth.",,,Any correct explanation with a visual model or number line that shows the same size or the same point is correct.
G3:S33-B1-Q1,S33-B1-Q1,1006,33,BACKWARD 1,1,2.G.A.3,sa,How many fourths make a whole?,,,4,,,
G3:S33-B1-Q2,S33-B1-Q2,1007,33,BACKWARD 1,2,2.G.A.3,tf,Three thirds make one whole.,A. True | B. False,A,True,,,
G3:S33-B1-Q3,S33-B1-Q3,1008,33,BACKWARD 1,3,2.G.A.3,mc,Which describes one whole?,A. 3 fourths | B. 3 halves | C. 2 thirds | D. 2 halves,D,2 halves,,,
G3:S33-B1-Q4,S33-B1-Q4,1009,33,BACKWARD 1,4,2.G.A.3,sa,A rectangle is cut into 3 equal shares. How many of the shares make the whole rectangle?,,,3,,,
G3:S33-B1-Q5,S33-B1-Q5,1010,33,BACKWARD 1,5,2.G.A.3,tf,Four halves make one whole.,A. True | B. False,B,False,,,
G3:S33-B2-Q1,S33-B2-Q1,1012,33,BACKWARD 2,1,2.OA.C.3,sa,Write 8 as the sum of two equal addends.,,,4 + 4,,,
G3:S33-B2-Q2,S33-B2-Q2,1013,33,BACKWARD 2,2,2.OA.C.3,tf,6 = 3 + 3,A. True | B. False,A,True,,,
G3:S33-B2-Q3,S33-B2-Q3,1014,33,BACKWARD 2,3,2.OA.C.3,mc,Which number is the double of 4?,A. 8 | B. 6 | C. 4 | D. 16,A,8,,,
G3:S33-B2-Q4,S33-B2-Q4,1015,33,BACKWARD 2,4,2.OA.C.3,sa,What is the double of 3?,,,6,,,
G3:S33-B2-Q5,S33-B2-Q5,1016,33,BACKWARD 2,5,2.OA.C.3,tf,10 = 6 + 4 shows 10 as the sum of two equal addends.,A. True | B. False,B,False,,,
G3:S33-F1-Q1,S33-F1-Q1,1018,33,FORWARD 1,1,4.NF.A.1,sa,Find the missing number. 3/5 = (?)/15,,,9,,,
G3:S33-F1-Q2,S33-F1-Q2,1019,33,FORWARD 1,2,4.NF.A.1,tf,4/6 = 8/12,A. True | B. False,A,True,,,
G3:S33-F1-Q3,S33-F1-Q3,1020,33,FORWARD 1,3,4.NF.A.1,mc,Which fraction is equivalent to 2/5?,A. 3/6 | B. 5/2 | C. 4/10 | D. 2/10,C,4/10,,,
G3:S33-F1-Q4,S33-F1-Q4,1021,33,FORWARD 1,4,4.NF.A.1,sa,Write two fractions that are equivalent to 3/4.,,,6/8 and 9/12,,,Any two fractions equal to 3/4 are correct.
G3:S33-F1-Q5,S33-F1-Q5,1022,33,FORWARD 1,5,4.NF.A.1,tf,5/8 = 10/24,A. True | B. False,B,False,,,
G3:S33-F2-Q1,S33-F2-Q1,1024,33,FORWARD 2,1,5.NF.B.5.b,tf,"2/3 × (4/4) = 8/12, and 8/12 = 2/3 because 4/4 = 1.",A. True | B. False,A,True,,,
G3:S33-F2-Q2,S33-F2-Q2,1025,33,FORWARD 2,2,5.NF.B.5.b,sa,"To rewrite 3/5 as 9/15, by which whole number must you multiply BOTH its numerator and its denominator? Which fraction equal to 1 is that the same as multiplying by?",,,3; 3/3,,,Both parts are required.
G3:S33-F2-Q3,S33-F2-Q3,1026,33,FORWARD 2,3,5.NF.B.5.b,mc,Which equation shows that 5/6 = 10/12?,A. 5/6 × (2/1) = 10/12 | B. 5/6 + 5/6 = 10/12 | C. 5/6 × (2/2) = 10/12 | D. 5/6 × 2 = 10/12,C,5/6 × (2/2) = 10/12,,,
G3:S33-F2-Q4,S33-F2-Q4,1027,33,FORWARD 2,4,5.NF.B.5.b,sa,Explain why multiplying 1/4 by 3/3 does not change its value.,,,"3/3 = 1, and multiplying a number by 1 does not change it.",,,
G3:S33-F2-Q5,S33-F2-Q5,1028,33,FORWARD 2,5,5.NF.B.5.b,tf,1/2 × (2/3) = 2/6 shows that 1/2 = 2/6.,A. True | B. False,B,False,,,
G3:S34-M-Q1,S34-M-Q1,1031,34,MAIN,1,3.NF.A.3.c,sa,Write 5 as a fraction with a denominator of 1.,,,5/1,,,
G3:S34-M-Q2,S34-M-Q2,1032,34,MAIN,2,3.NF.A.3.c,mc,Which fraction is equal to 2?,A. 4/8 | B. 2/4 | C. 2/8 | D. 8/4,D,8/4,,,
G3:S34-M-Q3,S34-M-Q3,1033,34,MAIN,3,3.NF.A.3.c,tf,6/6 = 6,A. True | B. False,B,False,,,
G3:S34-M-Q4,S34-M-Q4,1034,34,MAIN,4,3.NF.A.3.c,sa,The number line from 0 to 3 is marked in thirds. What fraction in thirds names the point 2?,,,6/3,,,
G3:S34-M-Q5,S34-M-Q5,1035,34,MAIN,5,3.NF.A.3.c,tf,3/3 = 3,A. True | B. False,B,False,,,
G3:S34-B1-Q1,S34-B1-Q1,1037,34,BACKWARD 1,1,1.G.A.3,sa,How many halves make one whole pizza?,,,2,,,
G3:S34-B1-Q2,S34-B1-Q2,1038,34,BACKWARD 1,2,1.G.A.3,tf,4 quarters of a sandwich make the whole sandwich.,A. True | B. False,A,True,,,
G3:S34-B1-Q3,S34-B1-Q3,1039,34,BACKWARD 1,3,1.G.A.3,mc,A pie is cut into 4 equal parts. All 4 parts are eaten. How much of the pie is eaten?,A. The whole pie | B. Half of the pie | C. A quarter of the pie | D. None of the pie,A,The whole pie,,,
G3:S34-B1-Q4,S34-B1-Q4,1040,34,BACKWARD 1,4,1.G.A.3,sa,How many quarters make one whole?,,,4,,,
G3:S34-B1-Q5,S34-B1-Q5,1041,34,BACKWARD 1,5,1.G.A.3,tf,2 quarters make a whole circle.,A. True | B. False,B,False,,,
G3:S34-B2-Q1,S34-B2-Q1,1043,34,BACKWARD 2,1,2.MD.B.6,sa,How many lengths of 1 are there from 0 to 3 on a number line?,,,3,,,
G3:S34-B2-Q2,S34-B2-Q2,1044,34,BACKWARD 2,2,2.MD.B.6,tf,From 0 to 5 on a number line there are 5 lengths of 1.,A. True | B. False,A,True,,,
G3:S34-B2-Q3,S34-B2-Q3,1045,34,BACKWARD 2,3,2.MD.B.6,mc,Which number is 2 lengths of 1 from 0?,A. 2 | B. 0 | C. 1 | D. 3,A,2,,,
G3:S34-B2-Q4,S34-B2-Q4,1046,34,BACKWARD 2,4,2.MD.B.6,sa,What number is at point A?,,,5,,,
G3:S34-B2-Q5,S34-B2-Q5,1047,34,BACKWARD 2,5,2.MD.B.6,tf,From 0 to 4 on a number line there are 3 lengths of 1.,A. True | B. False,B,False,,,
G3:S34-F1-Q1,S34-F1-Q1,1049,34,FORWARD 1,1,4.NF.B.3.b,sa,Write 2 1/3 as a fraction.,,,7/3,,,
G3:S34-F1-Q2,S34-F1-Q2,1050,34,FORWARD 1,2,4.NF.B.3.b,tf,1 3/4 = 4/4 + 3/4,A. True | B. False,A,True,,,
G3:S34-F1-Q3,S34-F1-Q3,1051,34,FORWARD 1,3,4.NF.B.3.b,mc,Which mixed number is equal to 11/4?,A. 2 3/4 | B. 1 3/4 | C. 2 1/4 | D. 3 1/4,A,2 3/4,,,
G3:S34-F1-Q4,S34-F1-Q4,1052,34,FORWARD 1,4,4.NF.B.3.b,sa,Write 9/2 as a mixed number.,,,4 1/2,,,
G3:S34-F1-Q5,S34-F1-Q5,1053,34,FORWARD 1,5,4.NF.B.3.b,tf,3 2/5 = 32/5,A. True | B. False,B,False,,,
G3:S34-F2-Q1,S34-F2-Q1,1055,34,FORWARD 2,1,5.NF.B.3,sa,Write 20/4 as a division. Then find its value.,,,20 ÷ 4; 5,,,Both parts are required.
G3:S34-F2-Q2,S34-F2-Q2,1056,34,FORWARD 2,2,5.NF.B.3,tf,15/3 = 15 ÷ 3 = 5,A. True | B. False,A,True,,,
G3:S34-F2-Q3,S34-F2-Q3,1057,34,FORWARD 2,3,5.NF.B.3,mc,Which division is equal to 7/2?,A. 7 - 2 | B. 7 × 2 | C. 7 ÷ 2 | D. 2 ÷ 7,C,7 ÷ 2,,,
G3:S34-F2-Q4,S34-F2-Q4,1058,34,FORWARD 2,4,5.NF.B.3,sa,Find the value of 42/6.,,,7,,,
G3:S34-F2-Q5,S34-F2-Q5,1059,34,FORWARD 2,5,5.NF.B.3,tf,5/10 = 10 ÷ 5,A. True | B. False,B,False,,,
G3:S35-M-Q1,S35-M-Q1,1062,35,MAIN,1,3.NF.A.3.d,sa,"Write >, =, or <. 3/8 ___ 5/8",,,<,,,
G3:S35-M-Q2,S35-M-Q2,1063,35,MAIN,2,3.NF.A.3.d,tf,5/6 > 1/6,A. True | B. False,A,True,,,
G3:S35-M-Q3,S35-M-Q3,1064,35,MAIN,3,3.NF.A.3.d,mc,Which fraction is greatest?,A. 1/4 | B. 3/4 | C. 0/4 | D. 2/4,B,3/4,,,
G3:S35-M-Q4,S35-M-Q4,1065,35,MAIN,4,3.NF.A.3.d,sa,"Compare 2/3 and 1/3. Write >, =, or <, and explain how you know.",,,2/3 > 1/3,,,"Both are thirds of the same whole, and 2 parts of size 1/3 is more than 1 part. Both parts are required."
G3:S35-M-Q5,S35-M-Q5,1066,35,MAIN,5,3.NF.A.3.d,tf,4/8 < 3/8,A. True | B. False,B,False,,,
G3:S35-B1-Q1,S35-B1-Q1,1068,35,BACKWARD 1,1,2.NBT.A.4,sa,"Write >, =, or <. 57 ___ 75",,,<,,,
G3:S35-B1-Q2,S35-B1-Q2,1069,35,BACKWARD 1,2,2.NBT.A.4,tf,130 > 103,A. True | B. False,A,True,,,
G3:S35-B1-Q3,S35-B1-Q3,1070,35,BACKWARD 1,3,2.NBT.A.4,mc,Which number is least?,A. 902 | B. 209 | C. 920 | D. 290,B,209,,,
G3:S35-B1-Q4,S35-B1-Q4,1071,35,BACKWARD 1,4,2.NBT.A.4,sa,"Write >, =, or <. 408 ___ 480",,,<,,,
G3:S35-B1-Q5,S35-B1-Q5,1072,35,BACKWARD 1,5,2.NBT.A.4,tf,615 < 561,A. True | B. False,B,False,,,
G3:S35-B2-Q1,S35-B2-Q1,1074,35,BACKWARD 2,1,1.MD.A.1,sa,A red pencil is longer than a blue pencil. The blue pencil is longer than a green pencil. Which pencil is longest?,,,The red pencil,,,
G3:S35-B2-Q2,S35-B2-Q2,1075,35,BACKWARD 2,2,1.MD.A.1,tf,"If rope A is longer than rope B, then rope B is shorter than rope A.",A. True | B. False,A,True,,,
G3:S35-B2-Q3,S35-B2-Q3,1076,35,BACKWARD 2,3,1.MD.A.1,mc,Ty's string is shorter than Ann's string. Ann's string is shorter than Bo's string. Whose string is shortest?,A. Bo's | B. Ann's | C. Ty's | D. They are the same length.,C,Ty's,,,
G3:S35-B2-Q4,S35-B2-Q4,1077,35,BACKWARD 2,4,1.MD.A.1,sa,A bat is longer than a stick. Is the stick longer or shorter than the bat?,,,Shorter,,,
G3:S35-B2-Q5,S35-B2-Q5,1078,35,BACKWARD 2,5,1.MD.A.1,tf,"If a crayon is shorter than a marker, then the marker is shorter than the crayon.",A. True | B. False,B,False,,,
G3:S35-F1-Q1,S35-F1-Q1,1080,35,FORWARD 1,1,4.NF.A.2,sa,"Write >, =, or <. 2/3 ___ 5/8",,,>,,,
G3:S35-F1-Q2,S35-F1-Q2,1081,35,FORWARD 1,2,4.NF.A.2,tf,3/5 > 1/2,A. True | B. False,A,True,,,
G3:S35-F1-Q3,S35-F1-Q3,1082,35,FORWARD 1,3,4.NF.A.2,mc,Which comparison is true?,A. 3/4 < 7/10 | B. 3/4 = 7/10 | C. 3/4 > 7/10 | D. 7/10 > 3/4,C,3/4 > 7/10,,,
G3:S35-F1-Q4,S35-F1-Q4,1083,35,FORWARD 1,4,4.NF.A.2,sa,"Compare 5/6 and 7/9. Write >, =, or <.",,,5/6 > 7/9,,,
G3:S35-F1-Q5,S35-F1-Q5,1084,35,FORWARD 1,5,4.NF.A.2,tf,2/5 > 1/2,A. True | B. False,B,False,,,
G3:S35-F2-Q1,S35-F2-Q1,1086,35,FORWARD 2,1,5.NF.A.2,sa,Is 2/5 + 3/8 more or less than 1? Explain using benchmark fractions.,,,Less than 1,,,"Both fractions are less than 1/2, so their sum is less than 1/2 + 1/2 = 1. Both parts are required."
G3:S35-F2-Q2,S35-F2-Q2,1087,35,FORWARD 2,2,5.NF.A.2,tf,"4/7 + 3/5 > 1, because each fraction is greater than 1/2.",A. True | B. False,A,True,,,
G3:S35-F2-Q3,S35-F2-Q3,1088,35,FORWARD 2,3,5.NF.A.2,mc,Which is the best estimate of 7/8 + 5/6?,A. About 3 | B. About 1/2 | C. About 1 | D. About 2,D,About 2,,,
G3:S35-F2-Q4,S35-F2-Q4,1089,35,FORWARD 2,4,5.NF.A.2,sa,Use benchmark fractions to estimate 1/12 + 6/11.,,,About 1/2,,,1/12 is close to 0 and 6/11 is close to 1/2.
G3:S35-F2-Q5,S35-F2-Q5,1090,35,FORWARD 2,5,5.NF.A.2,tf,1/8 + 1/9 is about 1.,A. True | B. False,B,False,,,
G3:S36-M-Q1,S36-M-Q1,1093,36,MAIN,1,3.NF.A.3.d,sa,"Write >, =, or <. 1/3 ___ 1/6",,,>,,,
G3:S36-M-Q2,S36-M-Q2,1094,36,MAIN,2,3.NF.A.3.d,tf,2/8 < 2/4,A. True | B. False,A,True,,,
G3:S36-M-Q3,S36-M-Q3,1095,36,MAIN,3,3.NF.A.3.d,mc,Which fraction is greatest?,A. 1/6 | B. 1/8 | C. 1/3 | D. 1/2,D,1/2,,,
G3:S36-M-Q4,S36-M-Q4,1096,36,MAIN,4,3.NF.A.3.d,sa,"Compare 2/3 and 2/6 of the same whole. Write >, =, or <, and explain how you know.",,,2/3 > 2/6,,,"Thirds are larger parts than sixths of the same whole, so 2 thirds is more than 2 sixths. Both parts are required."
G3:S36-M-Q5,S36-M-Q5,1097,36,MAIN,5,3.NF.A.3.d,tf,5/8 > 5/6,A. True | B. False,B,False,,,
G3:S36-B1-Q1,S36-B1-Q1,1099,36,BACKWARD 1,1,1.G.A.3,tf,A pizza cut into 4 equal parts has larger parts than the same pizza cut into 2 equal parts.,A. True | B. False,B,False,,,
G3:S36-B1-Q2,S36-B1-Q2,1100,36,BACKWARD 1,2,1.G.A.3,sa,Which is bigger: half of a sandwich or a quarter of the same sandwich?,,,Half,,,
G3:S36-B1-Q3,S36-B1-Q3,1101,36,BACKWARD 1,3,1.G.A.3,mc,The same cake is cut in two different ways. Which way makes the smaller pieces?,A. 4 equal pieces | B. You cannot tell | C. Both make the same size | D. 2 equal pieces,A,4 equal pieces,,,
G3:S36-B1-Q4,S36-B1-Q4,1102,36,BACKWARD 1,4,1.G.A.3,sa,A ribbon is cut into 2 equal parts. Another ribbon of the same length is cut into 4 equal parts. Which ribbon has the longer parts?,,,The ribbon cut into 2 parts,,,
G3:S36-B1-Q5,S36-B1-Q5,1103,36,BACKWARD 1,5,1.G.A.3,tf,Halves of a circle are larger than quarters of the same circle.,A. True | B. False,A,True,,,
G3:S36-B2-Q1,S36-B2-Q1,1105,36,BACKWARD 2,1,2.G.A.3,sa,Which is larger: a third or a fourth of the same rectangle?,,,A third,,,
G3:S36-B2-Q2,S36-B2-Q2,1106,36,BACKWARD 2,2,2.G.A.3,tf,A half of a circle is larger than a third of the same circle.,A. True | B. False,A,True,,,
G3:S36-B2-Q3,S36-B2-Q3,1107,36,BACKWARD 2,3,2.G.A.3,mc,Which share of the same square is smallest?,A. A fourth | B. The whole | C. A half | D. A third,A,A fourth,,,
G3:S36-B2-Q4,S36-B2-Q4,1108,36,BACKWARD 2,4,2.G.A.3,sa,Ann eats a half of a pie. Bo eats a third of a pie of the same size. Who eats more?,,,Ann,,,
G3:S36-B2-Q5,S36-B2-Q5,1109,36,BACKWARD 2,5,2.G.A.3,tf,A fourth of a rectangle is larger than a half of the same rectangle.,A. True | B. False,B,False,,,
G3:S36-F1-Q1,S36-F1-Q1,1111,36,FORWARD 1,1,4.NF.A.2,sa,"Rewrite 3/5 with a numerator of 6. Then compare it with 6/12 using >, =, or <.",,,6/10; 3/5 > 6/12,,,Both parts are required.
G3:S36-F1-Q2,S36-F1-Q2,1112,36,FORWARD 1,2,4.NF.A.2,tf,4/7 > 4/9,A. True | B. False,A,True,,,
G3:S36-F1-Q3,S36-F1-Q3,1113,36,FORWARD 1,3,4.NF.A.2,mc,Which comparison is true?,A. 2/3 > 4/10 | B. 2/3 = 4/10 | C. 4/10 > 2/3 | D. 2/3 < 4/10,A,2/3 > 4/10,,,
G3:S36-F1-Q4,S36-F1-Q4,1114,36,FORWARD 1,4,4.NF.A.2,sa,"Write >, =, or <. 5/12 ___ 5/9",,,<,,,
G3:S36-F1-Q5,S36-F1-Q5,1115,36,FORWARD 1,5,4.NF.A.2,tf,3/10 > 3/5,A. True | B. False,B,False,,,
G3:S36-F2-Q1,S36-F2-Q1,1117,36,FORWARD 2,1,5.NF.B.5.a,tf,3/4 × 10 is less than 10.,A. True | B. False,A,True,,,
G3:S36-F2-Q2,S36-F2-Q2,1118,36,FORWARD 2,2,5.NF.B.5.a,sa,"Without multiplying, is 5/3 × 12 greater than, less than, or equal to 12?",,,Greater than 12,,,
G3:S36-F2-Q3,S36-F2-Q3,1119,36,FORWARD 2,3,5.NF.B.5.a,mc,Which product is less than 8?,A. 3/2 × 8 | B. 4/4 × 8 | C. 2/3 × 8 | D. 2 × 8,C,2/3 × 8,,,
G3:S36-F2-Q4,S36-F2-Q4,1120,36,FORWARD 2,4,5.NF.B.5.a,sa,"Without multiplying, which is greater: 1/3 × 9 or 1/6 × 9?",,,1/3 × 9,,,
G3:S36-F2-Q5,S36-F2-Q5,1121,36,FORWARD 2,5,5.NF.B.5.a,tf,7/8 × 5 is greater than 5.,A. True | B. False,B,False,,,
G3:S37-M-Q1,S37-M-Q1,1124,37,MAIN,1,3.NF.A.3.d,tf,Ana ate 1/2 of a small pizza. Ben ate 1/2 of a large pizza. They ate the same amount of pizza.,A. True | B. False,B,False,,,
G3:S37-M-Q2,S37-M-Q2,1125,37,MAIN,2,3.NF.A.3.d,sa,Explain why 1/4 of a large cake can be more cake than 1/2 of a small cake.,,,"The wholes are different sizes, so a fourth of the large cake can be bigger than a half of the small cake.",,,Must say that fractions can be compared only when they refer to the same whole (or wholes of the same size).
G3:S37-M-Q3,S37-M-Q3,1126,37,MAIN,3,3.NF.A.3.d,mc,The two bars are the same size. Which comparison do they show?,A. 2/3 > 2/4 | B. 2/3 < 2/4 | C. 2/4 > 2/3 | D. 2/3 = 2/4,A,2/3 > 2/4,,,
G3:S37-M-Q4,S37-M-Q4,1127,37,MAIN,4,3.NF.A.3.d,plot_text,"The bars are the same size. Shade 3/4 of the top bar and 3/8 of the bottom bar. Then write >, =, or < to compare 3/4 and 3/8.",,,3/4 > 3/8,"3 of the 4 parts of the top bar shaded, and 3 of the 8 parts of the bottom bar shaded",,"Grade both: the shading of both bars, and 3/4 > 3/8."
G3:S37-M-Q5,S37-M-Q5,1128,37,MAIN,5,3.NF.A.3.d,tf,"To compare 2/6 and 5/6 with models, both models must show the same whole.",A. True | B. False,A,True,,,
G3:S37-B1-Q1,S37-B1-Q1,1130,37,BACKWARD 1,1,2.MD.A.4,sa,A pencil is 7 inches long. A crayon is 4 inches long. How much longer is the pencil?,,,3 inches,,,
G3:S37-B1-Q2,S37-B1-Q2,1131,37,BACKWARD 1,2,2.MD.A.4,tf,A 10-cm stick is 6 cm longer than a 4-cm stick.,A. True | B. False,A,True,,,
G3:S37-B1-Q3,S37-B1-Q3,1132,37,BACKWARD 1,3,2.MD.A.4,mc,A book is 12 inches long and a card is 5 inches long. How much longer is the book?,A. 17 inches | B. 12 inches | C. 5 inches | D. 7 inches,D,7 inches,,,
G3:S37-B1-Q4,S37-B1-Q4,1133,37,BACKWARD 1,4,2.MD.A.4,sa,A rope is 9 feet long and a string is 6 feet long. How much longer is the rope?,,,3 feet,,,
G3:S37-B1-Q5,S37-B1-Q5,1134,37,BACKWARD 1,5,2.MD.A.4,tf,An 8-inch ribbon is 5 inches longer than a 2-inch ribbon.,A. True | B. False,B,False,,,
G3:S37-B2-Q1,S37-B2-Q1,1136,37,BACKWARD 2,1,2.G.A.3,tf,Halves of a big circle and halves of a small circle are the same size.,A. True | B. False,B,False,,,
G3:S37-B2-Q2,S37-B2-Q2,1137,37,BACKWARD 2,2,2.G.A.3,sa,Two same-size rectangles are each cut in half. Are all four halves the same size?,,,Yes,,,
G3:S37-B2-Q3,S37-B2-Q3,1138,37,BACKWARD 2,3,2.G.A.3,mc,Which pair shows the same amount?,A. A third of a sheet and a half of the same sheet | B. A fourth of a sheet and a third of the same sheet | C. Half of a big sheet and half of a small sheet | D. Half of a sheet of paper and half of a same-size sheet,D,Half of a sheet of paper and half of a same-size sheet,,,
G3:S37-B2-Q4,S37-B2-Q4,1139,37,BACKWARD 2,4,2.G.A.3,sa,A small pizza and a large pizza are each cut into fourths. Which pizza has the larger fourths?,,,The large pizza,,,
G3:S37-B2-Q5,S37-B2-Q5,1140,37,BACKWARD 2,5,2.G.A.3,tf,Equal shares of the same rectangle are the same size.,A. True | B. False,A,True,,,
G3:S37-F1-Q1,S37-F1-Q1,1142,37,FORWARD 1,1,4.NF.A.2,sa,"Compare 2/5 and 5/8 by comparing each one with 1/2. Write >, =, or <.",,,2/5 < 5/8,,,"2/5 is less than 1/2 and 5/8 is more than 1/2, so 2/5 < 5/8. Both parts are required."
G3:S37-F1-Q2,S37-F1-Q2,1143,37,FORWARD 1,2,4.NF.A.2,tf,7/12 > 1/2,A. True | B. False,A,True,,,
G3:S37-F1-Q3,S37-F1-Q3,1144,37,FORWARD 1,3,4.NF.A.2,mc,Which fraction is less than 1/2?,A. 3/7 | B. 5/8 | C. 6/10 | D. 4/6,A,3/7,,,
G3:S37-F1-Q4,S37-F1-Q4,1145,37,FORWARD 1,4,4.NF.A.2,sa,Explain why 3/4 of a 1-meter rope is longer than 3/4 of a 1-foot rope.,,,The wholes are different lengths: 1 meter is longer than 1 foot.,,,Must refer to the different-size wholes.
G3:S37-F1-Q5,S37-F1-Q5,1146,37,FORWARD 1,5,4.NF.A.2,tf,5/12 > 1/2,A. True | B. False,B,False,,,
G3:S37-F2-Q1,S37-F2-Q1,1148,37,FORWARD 2,1,5.NF.B.5.b,tf,Multiplying 6 by 5/4 gives a number greater than 6.,A. True | B. False,A,True,,,
G3:S37-F2-Q2,S37-F2-Q2,1149,37,FORWARD 2,2,5.NF.B.5.b,sa,Explain why 2/3 × 15 is less than 15.,,,"2/3 is less than 1, so 2/3 of 15 is less than all of 15.",,,
G3:S37-F2-Q3,S37-F2-Q3,1150,37,FORWARD 2,3,5.NF.B.5.b,mc,Which product is greater than 20?,A. 1/2 × 20 | B. 5/5 × 20 | C. 6/5 × 20 | D. 4/5 × 20,C,6/5 × 20,,,
G3:S37-F2-Q4,S37-F2-Q4,1151,37,FORWARD 2,4,5.NF.B.5.b,sa,Explain why 4/4 × 7 = 7.,,,"4/4 = 1, and multiplying a number by 1 does not change it.",,,
G3:S37-F2-Q5,S37-F2-Q5,1152,37,FORWARD 2,5,5.NF.B.5.b,tf,Multiplying 9 by 3/8 gives a number greater than 9.,A. True | B. False,B,False,,,
G3:S38-M-Q1,S38-M-Q1,1155,38,MAIN,1,3.MD.A.1,sa,What time does the clock show?,,,4:37,,,
G3:S38-M-Q2,S38-M-Q2,1156,38,MAIN,2,3.MD.A.1,mc,What time does the clock show?,A. 8:12 | B. 8:14 | C. 2:40 | D. 3:40,A,8:12,,,
G3:S38-M-Q3,S38-M-Q3,1157,38,MAIN,3,3.MD.A.1,plot,Draw the hands on the clock to show 10:53.,,,"The minute hand points to 53 minutes (2 marks before the 11), and the hour hand is just before the 11",,,
G3:S38-M-Q4,S38-M-Q4,1158,38,MAIN,4,3.MD.A.1,tf,The clock shows 6:21.,A. True | B. False,A,True,,,
G3:S38-M-Q5,S38-M-Q5,1159,38,MAIN,5,3.MD.A.1,tf,The clock shows 1:48.,A. True | B. False,B,False,,,
G3:S38-B1-Q1,S38-B1-Q1,1161,38,BACKWARD 1,1,2.MD.C.7,sa,What time does the clock show?,,,3:25,,,
G3:S38-B1-Q2,S38-B1-Q2,1162,38,BACKWARD 1,2,2.MD.C.7,tf,The clock shows 9:40.,A. True | B. False,A,True,,,
G3:S38-B1-Q3,S38-B1-Q3,1163,38,BACKWARD 1,3,2.MD.C.7,mc,What time does the clock show?,A. 11:01 | B. 12:05 | C. 11:05 | D. 1:55,C,11:05,,,
G3:S38-B1-Q4,S38-B1-Q4,1164,38,BACKWARD 1,4,2.MD.C.7,sa,"When the minute hand points to the 6, how many minutes after the hour is it?",,,30,,,
G3:S38-B1-Q5,S38-B1-Q5,1165,38,BACKWARD 1,5,2.MD.C.7,tf,The clock shows 7:15.,A. True | B. False,B,False,,,
G3:S38-B2-Q1,S38-B2-Q1,1167,38,BACKWARD 2,1,2.NBT.A.2,sa,Skip-count by 5s from 0 to 35. How many 5s did you count?,,,7,,,
G3:S38-B2-Q2,S38-B2-Q2,1168,38,BACKWARD 2,2,2.NBT.A.2,tf,"Counting by 5s: 40, 45, 50, 55.",A. True | B. False,A,True,,,
G3:S38-B2-Q3,S38-B2-Q3,1169,38,BACKWARD 2,3,2.NBT.A.2,mc,"Count by 5s. 15, 20, 25, ___",A. 30 | B. 35 | C. 50 | D. 26,A,30,,,
G3:S38-B2-Q4,S38-B2-Q4,1170,38,BACKWARD 2,4,2.NBT.A.2,sa,"Skip-count by 5s. 35, 40, 45, ___, ___",,,"50, 55",,,
G3:S38-B2-Q5,S38-B2-Q5,1171,38,BACKWARD 2,5,2.NBT.A.2,tf,"Counting by 5s from 5, the 9th number is 40.",A. True | B. False,B,False,,,
G3:S38-F1-Q1,S38-F1-Q1,1173,38,FORWARD 1,1,4.MD.A.1,sa,How many minutes are in 3 hours?,,,180,,,
G3:S38-F1-Q2,S38-F1-Q2,1174,38,FORWARD 1,2,4.MD.A.1,tf,5 minutes = 300 seconds,A. True | B. False,A,True,,,
G3:S38-F1-Q3,S38-F1-Q3,1175,38,FORWARD 1,3,4.MD.A.1,mc,1 hour 20 minutes = ___ minutes,A. 140 | B. 80 | C. 70 | D. 120,B,80,,,
G3:S38-F1-Q4,S38-F1-Q4,1176,38,FORWARD 1,4,4.MD.A.1,sa,Complete the table.,,,120; 240,,,
G3:S38-F1-Q5,S38-F1-Q5,1177,38,FORWARD 1,5,4.MD.A.1,tf,2 hours = 200 minutes,A. True | B. False,B,False,,,
G3:S38-F2-Q1,S38-F2-Q1,1179,38,FORWARD 2,1,5.MD.A.1,sa,How many hours is 150 minutes?,,,2 1/2 hours,,,2.5 hours is also correct.
G3:S38-F2-Q2,S38-F2-Q2,1180,38,FORWARD 2,2,5.MD.A.1,tf,90 seconds = 1 1/2 minutes,A. True | B. False,A,True,,,
G3:S38-F2-Q3,S38-F2-Q3,1181,38,FORWARD 2,3,5.MD.A.1,mc,A movie is 135 minutes long. How long is it in hours and minutes?,A. 1 hour 35 minutes | B. 2 hours 15 minutes | C. 2 hours 35 minutes | D. 13 hours 5 minutes,B,2 hours 15 minutes,,,
G3:S38-F2-Q4,S38-F2-Q4,1182,38,FORWARD 2,4,5.MD.A.1,sa,How many minutes are in 3/4 of an hour?,,,45,,,
G3:S38-F2-Q5,S38-F2-Q5,1183,38,FORWARD 2,5,5.MD.A.1,tf,3 1/2 hours = 330 minutes,A. True | B. False,B,False,,,
G3:S39-M-Q1,S39-M-Q1,1186,39,MAIN,1,3.MD.A.1,sa,A soccer game starts at 2:15 and ends at 3:05. How many minutes long is the game?,,,50 minutes,,,
G3:S39-M-Q2,S39-M-Q2,1187,39,MAIN,2,3.MD.A.1,sa,Mia starts reading at 6:40. She reads for 35 minutes. What time does she stop?,,,7:15,,,
G3:S39-M-Q3,S39-M-Q3,1188,39,MAIN,3,3.MD.A.1,mc,A bus ride takes 25 minutes and ends at 8:10. What time did the ride start?,A. 7:55 | B. 8:35 | C. 7:35 | D. 7:45,D,7:45,,,
G3:S39-M-Q4,S39-M-Q4,1189,39,MAIN,4,3.MD.A.1,tf,Ben practices piano for 20 minutes and then guitar for 15 minutes. He practices for 35 minutes in all.,A. True | B. False,A,True,,,
G3:S39-M-Q5,S39-M-Q5,1190,39,MAIN,5,3.MD.A.1,tf,A class starts at 10:50 and lasts 45 minutes. It ends at 11:25.,A. True | B. False,B,False,,,
G3:S39-B1-Q1,S39-B1-Q1,1192,39,BACKWARD 1,1,2.MD.C.7,tf,Times from midnight until noon are a.m. times.,A. True | B. False,A,True,,,
G3:S39-B1-Q2,S39-B1-Q2,1193,39,BACKWARD 1,2,2.MD.C.7,mc,Which time is in the afternoon?,A. 11:00 a.m. | B. 3:00 a.m. | C. 6:00 a.m. | D. 3:00 p.m.,D,3:00 p.m.,,,
G3:S39-B1-Q3,S39-B1-Q3,1194,39,BACKWARD 1,3,2.MD.C.7,sa,Is 9:00 at night an a.m. time or a p.m. time?,,,p.m.,,,
G3:S39-B1-Q4,S39-B1-Q4,1195,39,BACKWARD 1,4,2.MD.C.7,sa,What time does the clock show?,,,5:50,,,
G3:S39-B1-Q5,S39-B1-Q5,1196,39,BACKWARD 1,5,2.MD.C.7,tf,Noon is written as 12:00 a.m.,A. True | B. False,B,False,,,
G3:S39-B2-Q1,S39-B2-Q1,1198,39,BACKWARD 2,1,2.NBT.B.5,sa,Add. 35 + 25,,,60,,,
G3:S39-B2-Q2,S39-B2-Q2,1199,39,BACKWARD 2,2,2.NBT.B.5,tf,45 + 15 = 60,A. True | B. False,A,True,,,
G3:S39-B2-Q3,S39-B2-Q3,1200,39,BACKWARD 2,3,2.NBT.B.5,mc,20 + 55 = ?,A. 35 | B. 75 | C. 85 | D. 65,B,75,,,
G3:S39-B2-Q4,S39-B2-Q4,1201,39,BACKWARD 2,4,2.NBT.B.5,sa,Add. 40 + 35,,,75,,,
G3:S39-B2-Q5,S39-B2-Q5,1202,39,BACKWARD 2,5,2.NBT.B.5,tf,25 + 50 = 85,A. True | B. False,B,False,,,
G3:S39-F1-Q1,S39-F1-Q1,1204,39,FORWARD 1,1,4.MD.A.2,sa,A train leaves at 9:45 a.m. and arrives at 1:20 p.m. How long is the trip?,,,3 hours 35 minutes,,,215 minutes is also correct.
G3:S39-F1-Q2,S39-F1-Q2,1205,39,FORWARD 1,2,4.MD.A.2,tf,A movie starts at 6:50 p.m. and lasts 1 hour 45 minutes. It ends at 8:35 p.m.,A. True | B. False,A,True,,,
G3:S39-F1-Q3,S39-F1-Q3,1206,39,FORWARD 1,3,4.MD.A.2,mc,A hike takes 2 hours 40 minutes and ends at 4:10 p.m. When did it start?,A. 2:30 p.m. | B. 6:50 p.m. | C. 1:50 p.m. | D. 1:30 p.m.,D,1:30 p.m.,,,
G3:S39-F1-Q4,S39-F1-Q4,1207,39,FORWARD 1,4,4.MD.A.2,sa,Ty practices for 35 minutes each day for 4 days. How long does he practice in all? Write the answer in hours and minutes.,,,2 hours 20 minutes,,,"The answer must be in hours and minutes, as the question asks."
G3:S39-F1-Q5,S39-F1-Q5,1208,39,FORWARD 1,5,4.MD.A.2,tf,A 50-minute lesson that starts at 11:30 a.m. ends at 12:10 p.m.,A. True | B. False,B,False,,,
G3:S39-F2-Q1,S39-F2-Q1,1210,39,FORWARD 2,1,5.MD.A.1,sa,A race has 3 laps. Each lap takes 1 1/2 minutes. How many seconds does the race take?,,,270 seconds,,,
G3:S39-F2-Q2,S39-F2-Q2,1211,39,FORWARD 2,2,5.MD.A.1,tf,A trip of 2 hours 15 minutes is 2.25 hours long.,A. True | B. False,A,True,,,
G3:S39-F2-Q3,S39-F2-Q3,1212,39,FORWARD 2,3,5.MD.A.1,mc,Ana runs for 0.75 hour and then walks for 20 minutes. How many minutes is that in all?,A. 95 | B. 65 | C. 75 | D. 55,B,65,,,
G3:S39-F2-Q4,S39-F2-Q4,1213,39,FORWARD 2,4,5.MD.A.1,sa,A video is 2 1/4 minutes long. How many seconds is that?,,,135 seconds,,,
G3:S39-F2-Q5,S39-F2-Q5,1214,39,FORWARD 2,5,5.MD.A.1,tf,1/3 of an hour is 30 minutes.,A. True | B. False,B,False,,,
G3:S40-M-Q1,S40-M-Q1,1217,40,MAIN,1,3.MD.A.1,plot_text,Lu starts her homework at 4:10 and works for 40 minutes. Show the time with jumps on the number line. What time does she finish?,,,4:50,"Jumps that start at 4:10 and add up to 40 minutes, ending at 4:50",,"Grade both: jumps from 4:10 that total 40 minutes, and the time 4:50."
G3:S40-M-Q2,S40-M-Q2,1218,40,MAIN,2,3.MD.A.1,sa,The number line shows a trip. How many minutes long is the trip?,,,35 minutes,,,
G3:S40-M-Q3,S40-M-Q3,1219,40,MAIN,3,3.MD.A.1,mc,A number line from 3:00 to 4:00 is marked every 5 minutes. Kim jumps from 3:15 to 3:40. How many minutes is the jump?,A. 25 | B. 55 | C. 5 | D. 40,A,25,,,
G3:S40-M-Q4,S40-M-Q4,1220,40,MAIN,4,3.MD.A.1,tf,"On a number line from 9:00 to 10:00, 9:30 is halfway between 9:00 and 10:00.",A. True | B. False,A,True,,,
G3:S40-M-Q5,S40-M-Q5,1221,40,MAIN,5,3.MD.A.1,tf,"On a number line, the jump from 7:20 to 8:05 is 35 minutes.",A. True | B. False,B,False,,,
G3:S40-B1-Q1,S40-B1-Q1,1223,40,BACKWARD 1,1,2.MD.B.6,sa,Start at 30 on a number line and jump 25. Where do you land?,,,55,,,
G3:S40-B1-Q2,S40-B1-Q2,1224,40,BACKWARD 1,2,2.MD.B.6,tf,A jump from 15 to 45 on a number line is a jump of 30.,A. True | B. False,A,True,,,
G3:S40-B1-Q3,S40-B1-Q3,1225,40,BACKWARD 1,3,2.MD.B.6,mc,A jump from 40 to 75 on a number line is a jump of how much?,A. 115 | B. 35 | C. 25 | D. 45,B,35,,,
G3:S40-B1-Q4,S40-B1-Q4,1226,40,BACKWARD 1,4,2.MD.B.6,plot,Show 20 + 15 with jumps on the number line.,,,"A start at 20 and jumps that total 15 (for example three jumps of 5), ending at 35",,,
G3:S40-B1-Q5,S40-B1-Q5,1227,40,BACKWARD 1,5,2.MD.B.6,tf,"Starting at 10 on a number line, a jump of 30 lands on 50.",A. True | B. False,B,False,,,
G3:S40-B2-Q1,S40-B2-Q1,1229,40,BACKWARD 2,1,2.MD.C.7,sa,What time does the clock show?,,,12:35,,,
G3:S40-B2-Q2,S40-B2-Q2,1230,40,BACKWARD 2,2,2.MD.C.7,tf,The clock shows 4:20.,A. True | B. False,A,True,,,
G3:S40-B2-Q3,S40-B2-Q3,1231,40,BACKWARD 2,3,2.MD.C.7,mc,What time does the clock show?,A. 10:10 | B. 11:10 | C. 10:02 | D. 2:50,A,10:10,,,
G3:S40-B2-Q4,S40-B2-Q4,1232,40,BACKWARD 2,4,2.MD.C.7,sa,"At 8:45, which number does the minute hand point to?",,,9,,,
G3:S40-B2-Q5,S40-B2-Q5,1233,40,BACKWARD 2,5,2.MD.C.7,tf,"At 3:30, the minute hand points to the 3.",A. True | B. False,B,False,,,
G3:S40-F1-Q1,S40-F1-Q1,1235,40,FORWARD 1,1,4.MD.A.2,sa,A field trip goes from 9:40 a.m. to 12:15 p.m. Use a number line to find how long the trip is.,,,2 hours 35 minutes,,,155 minutes is also correct.
G3:S40-F1-Q2,S40-F1-Q2,1236,40,FORWARD 1,2,4.MD.A.2,tf,"On a number line, the jump from 10:45 a.m. to 12:30 p.m. is 1 hour 45 minutes.",A. True | B. False,A,True,,,
G3:S40-F1-Q3,S40-F1-Q3,1237,40,FORWARD 1,3,4.MD.A.2,mc,A jump of 1 hour 20 minutes starts at 2:50 p.m. on a number line. Where does it end?,A. 3:70 p.m. | B. 4:10 p.m. | C. 3:10 p.m. | D. 4:20 p.m.,B,4:10 p.m.,,,
G3:S40-F1-Q4,S40-F1-Q4,1238,40,FORWARD 1,4,4.MD.A.2,plot_text,A show starts at 7:35 p.m. and lasts 1 hour 40 minutes. Show the jumps on the number line. When does the show end?,,,9:15 p.m.,"Jumps from 7:35 p.m. that total 1 hour 40 minutes, ending at 9:15 p.m.",,"Grade both: the jumps, and 9:15 p.m."
G3:S40-F1-Q5,S40-F1-Q5,1239,40,FORWARD 1,5,4.MD.A.2,tf,"On a number line, the jump from 11:50 a.m. to 1:05 p.m. is 1 hour 25 minutes.",A. True | B. False,B,False,,,
G3:S40-F2-Q1,S40-F2-Q1,1241,40,FORWARD 2,1,5.MD.A.1,sa,How many minutes are in 1/4 of an hour?,,,15 minutes,,,
G3:S40-F2-Q2,S40-F2-Q2,1242,40,FORWARD 2,2,5.MD.A.1,tf,1 1/2 hours is 90 minutes.,A. True | B. False,A,True,,,
G3:S40-F2-Q3,S40-F2-Q3,1243,40,FORWARD 2,3,5.MD.A.1,mc,A trip takes 2 1/4 hours. How many minutes is that?,A. 135 | B. 150 | C. 225 | D. 125,A,135,,,
G3:S40-F2-Q4,S40-F2-Q4,1244,40,FORWARD 2,4,5.MD.A.1,sa,Mia reads for 0.5 hour and then for 0.75 hour. How many minutes does she read in all?,,,75 minutes,,,
G3:S40-F2-Q5,S40-F2-Q5,1245,40,FORWARD 2,5,5.MD.A.1,tf,2/3 of an hour is 45 minutes.,A. True | B. False,B,False,,,
G3:S41-M-Q1,S41-M-Q1,1248,41,MAIN,1,3.MD.A.2,sa,How many liters of water are in the container?,,,6 liters,,,
G3:S41-M-Q2,S41-M-Q2,1249,41,MAIN,2,3.MD.A.2,mc,Which object has a mass of about 1 kilogram?,A. A grape | B. A paper clip | C. A pineapple | D. A car,C,A pineapple,,,
G3:S41-M-Q3,S41-M-Q3,1250,41,MAIN,3,3.MD.A.2,tf,A bathtub holds more than 1 liter of water.,A. True | B. False,A,True,,,
G3:S41-M-Q4,S41-M-Q4,1251,41,MAIN,4,3.MD.A.2,sa,Would you measure the mass of a bean in grams or in kilograms?,,,Grams,,,
G3:S41-M-Q5,S41-M-Q5,1252,41,MAIN,5,3.MD.A.2,plot,Shade the container to show 3 liters.,,,The container shaded from the bottom up to the 3-liter mark,,,
G3:S41-B1-Q1,S41-B1-Q1,1254,41,BACKWARD 1,1,2.MD.A.3,sa,About how long is a new pencil: 7 inches or 7 feet?,,,7 inches,,,
G3:S41-B1-Q2,S41-B1-Q2,1255,41,BACKWARD 1,2,2.MD.A.3,tf,A door is about 2 meters tall.,A. True | B. False,A,True,,,
G3:S41-B1-Q3,S41-B1-Q3,1256,41,BACKWARD 1,3,2.MD.A.3,mc,Which is the best estimate of the length of a car?,A. 40 meters | B. 4 inches | C. 4 centimeters | D. 4 meters,D,4 meters,,,
G3:S41-B1-Q4,S41-B1-Q4,1257,41,BACKWARD 1,4,2.MD.A.3,sa,About how long is a paper clip: 3 centimeters or 3 meters?,,,3 centimeters,,,
G3:S41-B1-Q5,S41-B1-Q5,1258,41,BACKWARD 1,5,2.MD.A.3,tf,A school bus is about 12 inches long.,A. True | B. False,B,False,,,
G3:S41-B2-Q1,S41-B2-Q1,1260,41,BACKWARD 2,1,2.MD.A.1,tf,A meter stick is a good tool for measuring the length of a classroom.,A. True | B. False,A,True,,,
G3:S41-B2-Q2,S41-B2-Q2,1261,41,BACKWARD 2,2,2.MD.A.1,mc,Which tool is best for measuring the length of a crayon?,A. A ruler | B. A clock | C. A scale | D. A measuring cup,A,A ruler,,,
G3:S41-B2-Q3,S41-B2-Q3,1262,41,BACKWARD 2,3,2.MD.A.1,sa,How long is the eraser?,,,2 inches,,,
G3:S41-B2-Q4,S41-B2-Q4,1263,41,BACKWARD 2,4,2.MD.A.1,sa,Name a tool you can use to measure the length of a hallway.,,,A measuring tape,,,A yardstick or a meter stick is also correct.
G3:S41-B2-Q5,S41-B2-Q5,1264,41,BACKWARD 2,5,2.MD.A.1,tf,A clock is a tool for measuring length.,A. True | B. False,B,False,,,
G3:S41-F1-Q1,S41-F1-Q1,1266,41,FORWARD 1,1,4.MD.A.1,sa,How many grams are in 3 kilograms?,,,"3,000 grams",,,
G3:S41-F1-Q2,S41-F1-Q2,1267,41,FORWARD 1,2,4.MD.A.1,tf,"1 liter = 1,000 milliliters",A. True | B. False,A,True,,,
G3:S41-F1-Q3,S41-F1-Q3,1268,41,FORWARD 1,3,4.MD.A.1,mc,Which is heaviest?,"A. 200 grams | B. 2 kilograms | C. 1,500 grams | D. 20 grams",B,2 kilograms,,,
G3:S41-F1-Q4,S41-F1-Q4,1269,41,FORWARD 1,4,4.MD.A.1,sa,Complete the table.,,,"2,000; 4,000",,,
G3:S41-F1-Q5,S41-F1-Q5,1270,41,FORWARD 1,5,4.MD.A.1,tf,5 kilograms = 500 grams,A. True | B. False,B,False,,,
G3:S41-F2-Q1,S41-F2-Q1,1272,41,FORWARD 2,1,5.MD.A.1,sa,Convert. 2.5 kilograms = ___ grams,,,"2,500",,,
G3:S41-F2-Q2,S41-F2-Q2,1273,41,FORWARD 2,2,5.MD.A.1,tf,750 milliliters = 0.75 liter,A. True | B. False,A,True,,,
G3:S41-F2-Q3,S41-F2-Q3,1274,41,FORWARD 2,3,5.MD.A.1,mc,"Convert. 3,200 grams = ___ kilograms",A. 32 | B. 320 | C. 3.2 | D. 0.32,C,3.2,,,
G3:S41-F2-Q4,S41-F2-Q4,1275,41,FORWARD 2,4,5.MD.A.1,sa,Convert. 1.25 liters = ___ milliliters,,,"1,250",,,
G3:S41-F2-Q5,S41-F2-Q5,1276,41,FORWARD 2,5,5.MD.A.1,tf,400 grams = 4 kilograms,A. True | B. False,B,False,,,
G3:S42-M-Q1,S42-M-Q1,1279,42,MAIN,1,3.MD.A.2,sa,A pot holds 9 liters of soup. 4 liters are served. How many liters are left?,,,5 liters,,,
G3:S42-M-Q2,S42-M-Q2,1280,42,MAIN,2,3.MD.A.2,sa,Each bag of rice has a mass of 5 kilograms. What is the mass of 6 bags?,,,30 kilograms,,,
G3:S42-M-Q3,S42-M-Q3,1281,42,MAIN,3,3.MD.A.2,mc,A 36-liter tank is filled with a 4-liter bucket. How many full buckets fill the tank?,A. 8 | B. 9 | C. 40 | D. 32,B,9,,,
G3:S42-M-Q4,S42-M-Q4,1282,42,MAIN,4,3.MD.A.2,tf,A 450-gram melon and a 300-gram apple have a total mass of 850 grams.,A. True | B. False,B,False,,,
G3:S42-M-Q5,S42-M-Q5,1283,42,MAIN,5,3.MD.A.2,tf,24 liters of juice are shared equally among 3 jugs. Each jug gets 6 liters.,A. True | B. False,B,False,,,
G3:S42-B1-Q1,S42-B1-Q1,1285,42,BACKWARD 1,1,2.MD.B.5,sa,A rope is 85 cm long. 38 cm is cut off. How long is the rope now?,,,47 cm,,,
G3:S42-B1-Q2,S42-B1-Q2,1286,42,BACKWARD 1,2,2.MD.B.5,tf,An 80-inch shelf with 35 inches cut off is 45 inches long.,A. True | B. False,A,True,,,
G3:S42-B1-Q3,S42-B1-Q3,1287,42,BACKWARD 1,3,2.MD.B.5,mc,A path is 64 m long. Ana has walked 29 m. How far does she have left?,A. 25 m | B. 93 m | C. 35 m | D. 45 m,C,35 m,,,
G3:S42-B1-Q4,S42-B1-Q4,1288,42,BACKWARD 1,4,2.MD.B.5,sa,A stick is 74 inches long. Lu cuts off 26 inches. How long is the stick now?,,,48 inches,,,
G3:S42-B1-Q5,S42-B1-Q5,1289,42,BACKWARD 1,5,2.MD.B.5,tf,A 90-cm board with 45 cm cut off is 55 cm long.,A. True | B. False,B,False,,,
G3:S42-B2-Q1,S42-B2-Q1,1291,42,BACKWARD 2,1,2.NBT.B.5,sa,Add. 45 + 30,,,75,,,
G3:S42-B2-Q2,S42-B2-Q2,1292,42,BACKWARD 2,2,2.NBT.B.5,tf,60 + 25 = 85,A. True | B. False,A,True,,,
G3:S42-B2-Q3,S42-B2-Q3,1293,42,BACKWARD 2,3,2.NBT.B.5,mc,38 + 27 = ?,A. 11 | B. 55 | C. 75 | D. 65,D,65,,,
G3:S42-B2-Q4,S42-B2-Q4,1294,42,BACKWARD 2,4,2.NBT.B.5,sa,Add. 54 + 19,,,73,,,
G3:S42-B2-Q5,S42-B2-Q5,1295,42,BACKWARD 2,5,2.NBT.B.5,tf,29 + 46 = 65,A. True | B. False,B,False,,,
G3:S42-F1-Q1,S42-F1-Q1,1297,42,FORWARD 1,1,4.MD.A.2,sa,A jug holds 2 liters. Ella pours out 750 milliliters. How many milliliters are left?,,,"1,250 milliliters",,,
G3:S42-F1-Q2,S42-F1-Q2,1298,42,FORWARD 1,2,4.MD.A.2,tf,Four 250-gram bags of nuts have a total mass of 1 kilogram.,A. True | B. False,A,True,,,
G3:S42-F1-Q3,S42-F1-Q3,1299,42,FORWARD 1,3,4.MD.A.2,mc,A 3-kilogram bag of flour is split into 6 equal bags. What is the mass of each bag?,"A. 2 grams | B. 50 grams | C. 500 grams | D. 5,000 grams",C,500 grams,,,
G3:S42-F1-Q4,S42-F1-Q4,1300,42,FORWARD 1,4,4.MD.A.2,sa,A box has a mass of 1 kg 200 g. Another box has a mass of 850 g. What is their total mass in grams?,,,"2,050 grams",,,
G3:S42-F1-Q5,S42-F1-Q5,1301,42,FORWARD 1,5,4.MD.A.2,tf,A 5-liter jug fills exactly 8 cups that each hold 500 milliliters.,A. True | B. False,B,False,,,
G3:S42-F2-Q1,S42-F2-Q1,1303,42,FORWARD 2,1,5.MD.A.1,sa,A 1.5-liter bottle fills 6 equal cups. How many milliliters go in each cup?,,,250 milliliters,,,
G3:S42-F2-Q2,S42-F2-Q2,1304,42,FORWARD 2,2,5.MD.A.1,tf,"3 bags that each have a mass of 0.4 kg have a total mass of 1,200 grams.",A. True | B. False,A,True,,,
G3:S42-F2-Q3,S42-F2-Q3,1305,42,FORWARD 2,3,5.MD.A.1,mc,A 2.4-kg cheese is cut into 8 equal pieces. What is the mass of each piece?,A. 0.03 kilogram | B. 3 kilograms | C. 300 grams | D. 30 grams,C,300 grams,,,
G3:S42-F2-Q4,S42-F2-Q4,1306,42,FORWARD 2,4,5.MD.A.1,sa,"A tank has 4.5 liters of water. 1,750 mL leaks out. How many liters are left?",,,2.75 liters,,,
G3:S42-F2-Q5,S42-F2-Q5,1307,42,FORWARD 2,5,5.MD.A.1,tf,Five 350-mL glasses hold 1.5 liters in all.,A. True | B. False,B,False,,,
G3:S43-M-Q1,S43-M-Q1,1310,43,MAIN,1,3.MD.B.3,plot,"Make a picture graph of the data. Each ● stands for 2 votes. Apples: 6 votes, Bananas: 10 votes, Grapes: 4 votes",,,Apples: 3 symbols; Bananas: 5 symbols; Grapes: 2 symbols (each ● = 2 votes),,,
G3:S43-M-Q2,S43-M-Q2,1311,43,MAIN,2,3.MD.B.3,mc,"In a picture graph, each ● stands for 5 books. Ty read 20 books. How many ● should be drawn for Ty?",A. 4 | B. 20 | C. 5 | D. 15,A,4,,,
G3:S43-M-Q3,S43-M-Q3,1312,43,MAIN,3,3.MD.B.3,sa,A picture graph has the key ● = 3 cars. The row for red cars has 5 ●. How many red cars are there?,,,15,,,
G3:S43-M-Q4,S43-M-Q4,1313,43,MAIN,4,3.MD.B.3,tf,"If ● = 4 students, then 7 ● stand for 28 students.",A. True | B. False,A,True,,,
G3:S43-M-Q5,S43-M-Q5,1314,43,MAIN,5,3.MD.B.3,sa,"Data: Dogs 8, Cats 12, Fish 4. You will make a picture graph with ● = 4 pets. How many ● go in each row?",,,2; 3; 1,,,All three are required.
G3:S43-B1-Q1,S43-B1-Q1,1316,43,BACKWARD 1,1,2.MD.D.10,plot,"Make a picture graph. Draw one ● for each pet. Dogs: 4, Cats: 3, Birds: 2",,,Dogs: 4 symbols; Cats: 3 symbols; Birds: 2 symbols,,,
G3:S43-B1-Q2,S43-B1-Q2,1317,43,BACKWARD 1,2,2.MD.D.10,tf,"In a picture graph where ● = 1 child, 5 ● stand for 5 children.",A. True | B. False,A,True,,,
G3:S43-B1-Q3,S43-B1-Q3,1318,43,BACKWARD 1,3,2.MD.D.10,mc,Use the picture graph. How many children chose soccer?,A. 5 | B. 4 | C. 2 | D. 3,B,4,,,
G3:S43-B1-Q4,S43-B1-Q4,1319,43,BACKWARD 1,4,2.MD.D.10,sa,Use the picture graph. How many more children chose swim than tennis?,,,1,,,
G3:S43-B1-Q5,S43-B1-Q5,1320,43,BACKWARD 1,5,2.MD.D.10,tf,"In the picture graph, tennis has the most votes.",A. True | B. False,B,False,,,
G3:S43-B2-Q1,S43-B2-Q1,1322,43,BACKWARD 2,1,2.NBT.A.2,sa,Skip-count by 5s from 5. What is the 4th number?,,,20,,,
G3:S43-B2-Q2,S43-B2-Q2,1323,43,BACKWARD 2,2,2.NBT.A.2,tf,"Skip-counting by 10s: 10, 20, 30, 40, 50.",A. True | B. False,A,True,,,
G3:S43-B2-Q3,S43-B2-Q3,1324,43,BACKWARD 2,3,2.NBT.A.2,mc,"Skip-count by 5s. 5, 10, 15, 20, ___",A. 21 | B. 30 | C. 35 | D. 25,D,25,,,
G3:S43-B2-Q4,S43-B2-Q4,1325,43,BACKWARD 2,4,2.NBT.A.2,sa,Skip-count by 10s from 10. What is the 7th number?,,,70,,,
G3:S43-B2-Q5,S43-B2-Q5,1326,43,BACKWARD 2,5,2.NBT.A.2,tf,"Skip-counting by 5s: 5, 10, 15, 25.",A. True | B. False,B,False,,,
G3:S43-F1-Q1,S43-F1-Q1,1328,43,FORWARD 1,1,4.MD.B.4,plot,"Make a line plot of the data. Bean lengths (inches): 1/4, 1/2, 1/2, 3/4, 1/2, 1",,,"Line plot: 1 X at 1/4, 3 X's at 1/2, 1 X at 3/4, 1 X at 1",,,
G3:S43-F1-Q2,S43-F1-Q2,1329,43,FORWARD 1,2,4.MD.B.4,tf,A line plot shows each data value as an X above a number line.,A. True | B. False,A,True,,,
G3:S43-F1-Q3,S43-F1-Q3,1330,43,FORWARD 1,3,4.MD.B.4,mc,"Which number line works best for a line plot of 1/8, 3/8, and 5/8 inch?",A. A line from 0 to 1 marked in halves | B. A line from 0 to 1 marked in eighths | C. A line from 0 to 8 marked in ones | D. A line from 1 to 2 marked in fourths,B,A line from 0 to 1 marked in eighths,,,
G3:S43-F1-Q4,S43-F1-Q4,1331,43,FORWARD 1,4,4.MD.B.4,sa,"Lengths (inches): 1/2, 3/4, 1/2, 1/2 In a line plot of the data, how many X's go above 1/2?",,,3,,,
G3:S43-F1-Q5,S43-F1-Q5,1332,43,FORWARD 1,5,4.MD.B.4,tf,"In a line plot of 1/4, 1/4, and 3/4, there are 3 X's above 1/4.",A. True | B. False,B,False,,,
G3:S43-F2-Q1,S43-F2-Q1,1334,43,FORWARD 2,1,5.MD.B.2,sa,The line plot shows rainfall on 5 days. What is the total rainfall?,,,2 1/2 inches,,,20/8 and 5/2 inches are also correct.
G3:S43-F2-Q2,S43-F2-Q2,1335,43,FORWARD 2,2,5.MD.B.2,tf,The two days with 1/4 inch of rain had 1/2 inch in all.,A. True | B. False,A,True,,,
G3:S43-F2-Q3,S43-F2-Q3,1336,43,FORWARD 2,3,5.MD.B.2,mc,What is the difference between the greatest and the least rainfall?,A. 3/8 inch | B. 1/2 inch | C. 5/8 inch | D. 7/8 inch,C,5/8 inch,,,
G3:S43-F2-Q4,S43-F2-Q4,1337,43,FORWARD 2,4,5.MD.B.2,sa,"If the total rainfall had been spread equally over the 5 days, how much would have fallen each day?",,,1/2 inch,,,
G3:S43-F2-Q5,S43-F2-Q5,1338,43,FORWARD 2,5,5.MD.B.2,tf,"The total of 1/2, 1/4, and 1/8 is 3/14.",A. True | B. False,B,False,,,
G3:S44-M-Q1,S44-M-Q1,1341,44,MAIN,1,3.MD.B.3,plot,"Make a bar graph of the data. The scale counts by 2s. Red: 8, Blue: 12, Green: 6, Yellow: 10",,,"Bars that reach 8 for Red, 12 for Blue, 6 for Green, and 10 for Yellow",,,
G3:S44-M-Q2,S44-M-Q2,1342,44,MAIN,2,3.MD.B.3,mc,A bar graph has a scale that counts by 2s. A bar ends halfway between 6 and 8. What number does the bar show?,A. 14 | B. 7 | C. 8 | D. 6,B,7,,,
G3:S44-M-Q3,S44-M-Q3,1343,44,MAIN,3,3.MD.B.3,tf,"On a bar graph with a scale that counts by 10s, a bar for 40 ends on the fourth line above 0.",A. True | B. False,A,True,,,
G3:S44-M-Q4,S44-M-Q4,1344,44,MAIN,4,3.MD.B.3,sa,"Which scale is better for a bar graph of 10, 25, 40, and 35: counting by 1s or counting by 5s? Explain.",,,Counting by 5s,,,"All the numbers are multiples of 5 and go up to 40, so counting by 5s fits them with fewer lines. Both parts are required."
G3:S44-M-Q5,S44-M-Q5,1345,44,MAIN,5,3.MD.B.3,tf,"On a bar graph with a scale that counts by 2s, a bar for 9 ends exactly on a labeled line.",A. True | B. False,B,False,,,
G3:S44-B1-Q1,S44-B1-Q1,1347,44,BACKWARD 1,1,2.MD.D.10,plot,"Make a bar graph. Apples: 4, Pears: 2, Plums: 5",,,"Bars that reach 4 for Apples, 2 for Pears, and 5 for Plums",,,
G3:S44-B1-Q2,S44-B1-Q2,1348,44,BACKWARD 1,2,2.MD.D.10,tf,"In a bar graph, a taller bar shows a greater number.",A. True | B. False,A,True,,,
G3:S44-B1-Q3,S44-B1-Q3,1349,44,BACKWARD 1,3,2.MD.D.10,mc,Use the bar graph. How many children chose red?,A. 4 | B. 5 | C. 3 | D. 6,B,5,,,
G3:S44-B1-Q4,S44-B1-Q4,1350,44,BACKWARD 1,4,2.MD.D.10,sa,Use the bar graph. How many more children chose red than blue?,,,2,,,
G3:S44-B1-Q5,S44-B1-Q5,1351,44,BACKWARD 1,5,2.MD.D.10,tf,"In the bar graph, green has the most votes.",A. True | B. False,B,False,,,
G3:S44-B2-Q1,S44-B2-Q1,1353,44,BACKWARD 2,1,2.MD.B.6,sa,What number is at point A?,,,15,,,
G3:S44-B2-Q2,S44-B2-Q2,1354,44,BACKWARD 2,2,2.MD.B.6,tf,"On a number line that counts by 10s, 30 comes right after 20.",A. True | B. False,A,True,,,
G3:S44-B2-Q3,S44-B2-Q3,1355,44,BACKWARD 2,3,2.MD.B.6,mc,"A number line counts by 2s: 0, 2, 4, 6, 8. What number is halfway between 4 and 6?",A. 5 | B. 10 | C. 7 | D. 3,A,5,,,
G3:S44-B2-Q4,S44-B2-Q4,1356,44,BACKWARD 2,4,2.MD.B.6,sa,What number is at point B?,,,30,,,
G3:S44-B2-Q5,S44-B2-Q5,1357,44,BACKWARD 2,5,2.MD.B.6,tf,"On a number line that counts by 5s, the mark after 25 is 35.",A. True | B. False,B,False,,,
G3:S44-F1-Q1,S44-F1-Q1,1359,44,FORWARD 1,1,4.OA.A.2,sa,Use the bar graph. How many times as many students chose soccer as chose golf?,,,4 times,,,
G3:S44-F1-Q2,S44-F1-Q2,1360,44,FORWARD 1,2,4.OA.A.2,tf,Use the bar graph. Twice as many students chose swim as chose golf.,A. True | B. False,B,False,,,
G3:S44-F1-Q3,S44-F1-Q3,1361,44,FORWARD 1,3,4.OA.A.2,mc,Use the bar graph. Which sport was chosen by 3 times as many students as golf?,A. Swim | B. Golf | C. Soccer | D. Tennis,A,Swim,,,
G3:S44-F1-Q4,S44-F1-Q4,1362,44,FORWARD 1,4,4.OA.A.2,sa,Use the bar graph. How many times as many students chose soccer as chose tennis?,,,2 times,,,
G3:S44-F1-Q5,S44-F1-Q5,1363,44,FORWARD 1,5,4.OA.A.2,tf,Use the bar graph. Soccer was chosen by 4 times as many students as golf.,A. True | B. False,A,True,,,
G3:S44-F2-Q1,S44-F2-Q1,1365,44,FORWARD 2,1,5.G.A.2,plot,"A plant grows 2 cm each week. Graph the points (week, height): (0, 0), (1, 2), (2, 4), and (3, 6).",,,"Points plotted at (0, 0), (1, 2), (2, 4), and (3, 6)",,,
G3:S44-F2-Q2,S44-F2-Q2,1366,44,FORWARD 2,2,5.G.A.2,tf,"On the graph, the point (2, 4) shows a height of 4 cm in week 2.",A. True | B. False,A,True,,,
G3:S44-F2-Q3,S44-F2-Q3,1367,44,FORWARD 2,3,5.G.A.2,mc,"A store sells 5 hats each day. Which point (days, hats) shows the total sold after 3 days?","A. (3, 5) | B. (15, 3) | C. (3, 15) | D. (5, 3)",C,"(3, 15)",,,
G3:S44-F2-Q4,S44-F2-Q4,1368,44,FORWARD 2,4,5.G.A.2,sa,Use the graph. What is the height in week 3?,,,9 cm,,,
G3:S44-F2-Q5,S44-F2-Q5,1369,44,FORWARD 2,5,5.G.A.2,tf,"The point (4, 0) is on the y-axis.",A. True | B. False,B,False,,,
G3:S45-M-Q1,S45-M-Q1,1372,45,MAIN,1,3.MD.B.3,sa,Use the bar graph. How many more books were read on Wednesday than on Tuesday?,,,12,,,
G3:S45-M-Q2,S45-M-Q2,1373,45,MAIN,2,3.MD.B.3,sa,Use the bar graph. How many books were read on Monday and Thursday together?,,,26,,,
G3:S45-M-Q3,S45-M-Q3,1374,45,MAIN,3,3.MD.B.3,mc,Use the bar graph. How many fewer books were read on Thursday than on Wednesday?,A. 32 | B. 12 | C. 8 | D. 6,C,8,,,
G3:S45-M-Q4,S45-M-Q4,1375,45,MAIN,4,3.MD.B.3,tf,Use the picture graph. Ana picked 6 more apples than Ben.,A. True | B. False,A,True,,,
G3:S45-M-Q5,S45-M-Q5,1376,45,MAIN,5,3.MD.B.3,sa,Use the picture graph. How many apples did the three children pick in all?,,,36,,,
G3:S45-B1-Q1,S45-B1-Q1,1378,45,BACKWARD 1,1,2.MD.D.10,sa,Use the bar graph. How many more dogs are there than cats?,,,3,,,
G3:S45-B1-Q2,S45-B1-Q2,1379,45,BACKWARD 1,2,2.MD.D.10,tf,Use the bar graph. There are 13 pets in all.,A. True | B. False,A,True,,,
G3:S45-B1-Q3,S45-B1-Q3,1380,45,BACKWARD 1,3,2.MD.D.10,mc,Use the bar graph. How many fewer fish are there than dogs?,A. 9 | B. 2 | C. 7 | D. 5,D,5,,,
G3:S45-B1-Q4,S45-B1-Q4,1381,45,BACKWARD 1,4,2.MD.D.10,sa,Use the bar graph. How many cats and fish are there together?,,,6,,,
G3:S45-B1-Q5,S45-B1-Q5,1382,45,BACKWARD 1,5,2.MD.D.10,tf,Use the bar graph. There are 3 more fish than cats.,A. True | B. False,B,False,,,
G3:S45-B2-Q1,S45-B2-Q1,1384,45,BACKWARD 2,1,2.OA.A.1,sa,Ty has 45 cards. Al has 28 cards. How many more cards does Ty have?,,,17,,,
G3:S45-B2-Q2,S45-B2-Q2,1385,45,BACKWARD 2,2,2.OA.A.1,tf,A red ribbon is 50 cm long and a blue ribbon is 35 cm long. The red ribbon is 15 cm longer.,A. True | B. False,A,True,,,
G3:S45-B2-Q3,S45-B2-Q3,1386,45,BACKWARD 2,3,2.OA.A.1,mc,A school has 62 boys and 48 girls. How many fewer girls than boys are there?,A. 24 | B. 16 | C. 14 | D. 110,C,14,,,
G3:S45-B2-Q4,S45-B2-Q4,1387,45,BACKWARD 2,4,2.OA.A.1,sa,Kim read 33 pages. Jo read 19 more pages than Kim. How many pages did Jo read?,,,52,,,
G3:S45-B2-Q5,S45-B2-Q5,1388,45,BACKWARD 2,5,2.OA.A.1,tf,Ann has 70 stamps. Bo has 25 fewer stamps than Ann. Bo has 95 stamps.,A. True | B. False,B,False,,,
G3:S45-F1-Q1,S45-F1-Q1,1390,45,FORWARD 1,1,4.MD.B.4,sa,The line plot shows leaf lengths. What is the difference between the longest and the shortest leaf?,,,5/8 inch,,,
G3:S45-F1-Q2,S45-F1-Q2,1391,45,FORWARD 1,2,4.MD.B.4,tf,The two 3/8-inch leaves have a total length of 6/8 inch.,A. True | B. False,A,True,,,
G3:S45-F1-Q3,S45-F1-Q3,1392,45,FORWARD 1,3,4.MD.B.4,mc,How many leaves are longer than 3/8 inch?,A. 4 | B. 2 | C. 1 | D. 3,D,3,,,
G3:S45-F1-Q4,S45-F1-Q4,1393,45,FORWARD 1,4,4.MD.B.4,sa,What is the total length of the two 1/2-inch leaves?,,,1 inch,,,
G3:S45-F1-Q5,S45-F1-Q5,1394,45,FORWARD 1,5,4.MD.B.4,tf,The shortest leaf is 1/4 inch long.,A. True | B. False,B,False,,,
G3:S45-F2-Q1,S45-F2-Q1,1396,45,FORWARD 2,1,5.MD.B.2,sa,The line plot shows the water in 5 cups. What is the total amount of water?,,,1 1/2 liters,,,12/8 and 3/2 liters are also correct.
G3:S45-F2-Q2,S45-F2-Q2,1397,45,FORWARD 2,2,5.MD.B.2,tf,"If all the water were poured into one jug, the jug would hold 1 1/2 liters.",A. True | B. False,A,True,,,
G3:S45-F2-Q3,S45-F2-Q3,1398,45,FORWARD 2,3,5.MD.B.2,mc,"If the water were shared equally among the 5 cups, how much would each cup hold?",A. 3/10 liter | B. 1 1/2 liters | C. 1/4 liter | D. 1/5 liter,A,3/10 liter,,,
G3:S45-F2-Q4,S45-F2-Q4,1399,45,FORWARD 2,4,5.MD.B.2,sa,How much more water is in the fullest cup than in the cup with the least water?,,,3/8 liter,,,
G3:S45-F2-Q5,S45-F2-Q5,1400,45,FORWARD 2,5,5.MD.B.2,tf,The two cups with 1/4 liter hold 1/8 liter in all.,A. True | B. False,B,False,,,
G3:S46-M-Q1,S46-M-Q1,1403,46,MAIN,1,3.MD.B.4,sa,"How long is the pencil, to the nearest quarter inch?",,,3 1/4 inches,,,
G3:S46-M-Q2,S46-M-Q2,1404,46,MAIN,2,3.MD.B.4,sa,"How long is the leaf, to the nearest half inch?",,,2 1/2 inches,,,
G3:S46-M-Q3,S46-M-Q3,1405,46,MAIN,3,3.MD.B.4,mc,"How long is the crayon, to the nearest quarter inch?",A. 3 3/4 inches | B. 3 inches | C. 2 1/2 inches | D. 2 3/4 inches,D,2 3/4 inches,,,
G3:S46-M-Q4,S46-M-Q4,1406,46,MAIN,4,3.MD.B.4,tf,The key is 1 1/2 inches long.,A. True | B. False,A,True,,,
G3:S46-M-Q5,S46-M-Q5,1407,46,MAIN,5,3.MD.B.4,tf,The straw is 4 1/4 inches long.,A. True | B. False,B,False,,,
G3:S46-B1-Q1,S46-B1-Q1,1409,46,BACKWARD 1,1,2.MD.A.1,sa,How long is the eraser?,,,3 inches,,,
G3:S46-B1-Q2,S46-B1-Q2,1410,46,BACKWARD 1,2,2.MD.A.1,tf,A ruler can show inches or centimeters.,A. True | B. False,A,True,,,
G3:S46-B1-Q3,S46-B1-Q3,1411,46,BACKWARD 1,3,2.MD.A.1,mc,How long is the clip?,A. 2 inches | B. 1 inch | C. 4 inches | D. 3 inches,A,2 inches,,,
G3:S46-B1-Q4,S46-B1-Q4,1412,46,BACKWARD 1,4,2.MD.A.1,sa,A string goes from 0 to 6 on a centimeter ruler. How long is it?,,,6 cm,,,
G3:S46-B1-Q5,S46-B1-Q5,1413,46,BACKWARD 1,5,2.MD.A.1,tf,A nail that reaches from 0 to 5 on an inch ruler is 4 inches long.,A. True | B. False,B,False,,,
G3:S46-B2-Q1,S46-B2-Q1,1415,46,BACKWARD 2,1,1.MD.A.2,sa,A pencil is as long as 5 paper clips laid end to end. How many paper clips long is it?,,,5,,,
G3:S46-B2-Q2,S46-B2-Q2,1416,46,BACKWARD 2,2,1.MD.A.2,tf,"When you measure with paper clips, there should be no gaps or overlaps.",A. True | B. False,A,True,,,
G3:S46-B2-Q3,S46-B2-Q3,1417,46,BACKWARD 2,3,1.MD.A.2,mc,A book is 8 cubes long. A box is 2 cubes longer. How many cubes long is the box?,A. 6 cubes | B. 16 cubes | C. 8 cubes | D. 10 cubes,D,10 cubes,,,
G3:S46-B2-Q4,S46-B2-Q4,1418,46,BACKWARD 2,4,1.MD.A.2,sa,A rug is 9 shoes long. A mat is 3 shoes shorter. How many shoes long is the mat?,,,6,,,
G3:S46-B2-Q5,S46-B2-Q5,1419,46,BACKWARD 2,5,1.MD.A.2,tf,"If the paper clips overlap when you measure, the count is still correct.",A. True | B. False,B,False,,,
G3:S46-F1-Q1,S46-F1-Q1,1421,46,FORWARD 1,1,4.NF.B.3.d,sa,A pencil is 3 1/4 inches long and a crayon is 2 3/4 inches long. How long are they laid end to end?,,,6 inches,,,
G3:S46-F1-Q2,S46-F1-Q2,1422,46,FORWARD 1,2,4.NF.B.3.d,tf,Ribbons of 2 1/2 inches and 1 3/4 inches laid end to end are 4 1/4 inches long.,A. True | B. False,A,True,,,
G3:S46-F1-Q3,S46-F1-Q3,1423,46,FORWARD 1,3,4.NF.B.3.d,mc,A snail crawls 1 1/4 inches and then 2 2/4 inches. How far does it crawl in all?,A. 3 3/4 inches | B. 4 inches | C. 3 1/4 inches | D. 1 1/4 inches,A,3 3/4 inches,,,
G3:S46-F1-Q4,S46-F1-Q4,1424,46,FORWARD 1,4,4.NF.B.3.d,sa,"Three sticks are 1/2 inch, 3/4 inch, and 1/4 inch long. What is their total length?",,,1 1/2 inches,,,1 2/4 inches and 6/4 inches are also correct.
G3:S46-F1-Q5,S46-F1-Q5,1425,46,FORWARD 1,5,4.NF.B.3.d,tf,"Three beads that are each 3/4 inch long, in a row, are 2 inches long.",A. True | B. False,B,False,,,
G3:S46-F2-Q1,S46-F2-Q1,1427,46,FORWARD 2,1,5.MD.A.1,sa,How many feet is 30 inches?,,,2 1/2 feet,,,2.5 feet is also correct.
G3:S46-F2-Q2,S46-F2-Q2,1428,46,FORWARD 2,2,5.MD.A.1,tf,18 inches = 1 1/2 feet,A. True | B. False,A,True,,,
G3:S46-F2-Q3,S46-F2-Q3,1429,46,FORWARD 2,3,5.MD.A.1,mc,How many inches are in 2 1/4 feet?,A. 27 | B. 24 | C. 25 | D. 29,A,27,,,
G3:S46-F2-Q4,S46-F2-Q4,1430,46,FORWARD 2,4,5.MD.A.1,sa,A board is 1 3/4 yards long. How many feet is that?,,,5 1/4 feet,,,
G3:S46-F2-Q5,S46-F2-Q5,1431,46,FORWARD 2,5,5.MD.A.1,tf,9 inches = 3/4 yard,A. True | B. False,B,False,,,
G3:S47-M-Q1,S47-M-Q1,1434,47,MAIN,1,3.MD.B.4,plot,"Make a line plot of the data. Pencil lengths (inches): 4, 4 1/2, 5, 4 1/2, 4 1/4, 4 1/2",,,"Line plot: 1 X at 4, 1 X at 4 1/4, 3 X's at 4 1/2, 1 X at 5",,,
G3:S47-M-Q2,S47-M-Q2,1435,47,MAIN,2,3.MD.B.4,sa,"Shell lengths (inches): 2, 2 1/2, 2 1/2, 3, 2 1/2 In a line plot of the data, how many X's go above 2 1/2?",,,3,,,
G3:S47-M-Q3,S47-M-Q3,1436,47,MAIN,3,3.MD.B.4,mc,"Which number line is best for a line plot of 1 1/4, 1 1/2, 1 3/4, and 2 inches?","A. From 1 to 2, marked in halves | B. From 0 to 10, marked in ones | C. From 1 to 2, marked in quarters | D. From 0 to 1, marked in halves",C,"From 1 to 2, marked in quarters",,,
G3:S47-M-Q4,S47-M-Q4,1437,47,MAIN,4,3.MD.B.4,tf,The line plot shows that 2 leaves are 3/4 inch long.,A. True | B. False,A,True,,,
G3:S47-M-Q5,S47-M-Q5,1438,47,MAIN,5,3.MD.B.4,plot,"Make a line plot of the data. Ribbon lengths (inches): 3, 3 1/2, 4, 3, 3 1/2, 3",,,"Line plot: 3 X's at 3, 2 X's at 3 1/2, 1 X at 4",,,
G3:S47-B1-Q1,S47-B1-Q1,1440,47,BACKWARD 1,1,2.MD.D.9,plot,"Make a line plot of the data. Lengths (inches): 5, 6, 6, 8, 6",,,"Line plot: 1 X at 5, 3 X's at 6, 1 X at 8",,,
G3:S47-B1-Q2,S47-B1-Q2,1441,47,BACKWARD 1,2,2.MD.D.9,tf,A line plot shows each measurement as an X above a number line.,A. True | B. False,A,True,,,
G3:S47-B1-Q3,S47-B1-Q3,1442,47,BACKWARD 1,3,2.MD.D.9,mc,"Which number line fits a line plot of 3, 4, 4, and 7?",A. A number line from 10 to 20 | B. A number line from 5 to 9 | C. A number line from 0 to 10 | D. A number line from 0 to 4,C,A number line from 0 to 10,,,
G3:S47-B1-Q4,S47-B1-Q4,1443,47,BACKWARD 1,4,2.MD.D.9,sa,"Lengths (cm): 9, 10, 10, 12 In a line plot of the data, how many X's go above 10?",,,2,,,
G3:S47-B1-Q5,S47-B1-Q5,1444,47,BACKWARD 1,5,2.MD.D.9,tf,"A line plot of 2, 2, 2, and 3 has 2 X's above 2.",A. True | B. False,B,False,,,
G3:S47-B2-Q1,S47-B2-Q1,1446,47,BACKWARD 2,1,2.MD.B.6,sa,What number is at point A?,,,7,,,
G3:S47-B2-Q2,S47-B2-Q2,1447,47,BACKWARD 2,2,2.MD.B.6,tf,"On a number line, numbers get greater to the right.",A. True | B. False,A,True,,,
G3:S47-B2-Q3,S47-B2-Q3,1448,47,BACKWARD 2,3,2.MD.B.6,mc,Which number is between 4 and 6 on a number line?,A. 7 | B. 3 | C. 10 | D. 5,D,5,,,
G3:S47-B2-Q4,S47-B2-Q4,1449,47,BACKWARD 2,4,2.MD.B.6,sa,What number is at point B?,,,12,,,
G3:S47-B2-Q5,S47-B2-Q5,1450,47,BACKWARD 2,5,2.MD.B.6,tf,"On a number line, 9 is to the left of 6.",A. True | B. False,B,False,,,
G3:S47-F1-Q1,S47-F1-Q1,1452,47,FORWARD 1,1,4.MD.B.4,plot,"Make a line plot of the data. Screw lengths (inches): 3/8, 1/2, 3/8, 5/8, 3/4, 3/8",,,"Line plot: 3 X's at 3/8, 1 X at 1/2, 1 X at 5/8, 1 X at 3/4",,,
G3:S47-F1-Q2,S47-F1-Q2,1453,47,FORWARD 1,2,4.MD.B.4,tf,1/2 inch and 4/8 inch go above the same mark on a line plot marked in eighths.,A. True | B. False,A,True,,,
G3:S47-F1-Q3,S47-F1-Q3,1454,47,FORWARD 1,3,4.MD.B.4,mc,"Lengths (inches): 1/4, 2/8, 3/8, 1/4 In a line plot marked in eighths, how many X's go above 2/8?",A. 4 | B. 1 | C. 3 | D. 2,C,3,,,
G3:S47-F1-Q4,S47-F1-Q4,1455,47,FORWARD 1,4,4.MD.B.4,plot,"Make a line plot of the data. Bead sizes (inches): 1/8, 1/4, 1/4, 1/2",,,"Line plot: 1 X at 1/8, 2 X's at 1/4, 1 X at 1/2",,,
G3:S47-F1-Q5,S47-F1-Q5,1456,47,FORWARD 1,5,4.MD.B.4,tf,A line plot marked in eighths has a mark for 1/3 inch.,A. True | B. False,B,False,,,
G3:S47-F2-Q1,S47-F2-Q1,1458,47,FORWARD 2,1,5.MD.B.2,sa,The line plot shows the juice in 4 glasses. What is the total amount of juice?,,,2 cups,,,
G3:S47-F2-Q2,S47-F2-Q2,1459,47,FORWARD 2,2,5.MD.B.2,tf,"If the juice were shared equally among the 4 glasses, each glass would hold 1/2 cup.",A. True | B. False,A,True,,,
G3:S47-F2-Q3,S47-F2-Q3,1460,47,FORWARD 2,3,5.MD.B.2,mc,How much more juice is in the fullest glass than in the emptiest glass?,A. 3/4 cup | B. 1 cup | C. 1/2 cup | D. 1/4 cup,C,1/2 cup,,,
G3:S47-F2-Q4,S47-F2-Q4,1461,47,FORWARD 2,4,5.MD.B.2,sa,The juice in the two 1/2-cup glasses is poured together. How much juice is that?,,,1 cup,,,
G3:S47-F2-Q5,S47-F2-Q5,1462,47,FORWARD 2,5,5.MD.B.2,tf,The glasses with less than 1/2 cup hold 3/4 cup in all.,A. True | B. False,B,False,,,
G3:S48-M-Q1,S48-M-Q1,1465,48,MAIN,1,3.MD.C.5.a,tf,"A square with sides 1 unit long is a unit square, and its area is 1 square unit.",A. True | B. False,A,True,,,
G3:S48-M-Q2,S48-M-Q2,1466,48,MAIN,2,3.MD.C.5.a,mc,Which shape is a unit square?,A. A rectangle 1 cm by 2 cm | B. A square with sides 1 cm long | C. A circle 1 cm across | D. A square with sides 2 cm long,B,A square with sides 1 cm long,,,
G3:S48-M-Q3,S48-M-Q3,1467,48,MAIN,3,3.MD.C.5.a,sa,What is the area of a square with sides 1 inch long?,,,1 square inch,,,
G3:S48-M-Q4,S48-M-Q4,1468,48,MAIN,4,3.MD.C.5.a,sa,Why can unit squares be used to measure area?,,,"Each unit square has an area of 1 square unit, so counting how many unit squares cover a shape gives its area.",,,Must say that a unit square has an area of 1 square unit and that area is found by counting how many cover the shape.
G3:S48-M-Q5,S48-M-Q5,1469,48,MAIN,5,3.MD.C.5.a,tf,A square with sides 1 meter long has an area of 1 square centimeter.,A. True | B. False,B,False,,,
G3:S48-B1-Q1,S48-B1-Q1,1471,48,BACKWARD 1,1,2.G.A.2,sa,How many same-size squares are in the rectangle?,,,12,,,
G3:S48-B1-Q2,S48-B1-Q2,1472,48,BACKWARD 1,2,2.G.A.2,tf,A rectangle split into 2 rows of 3 same-size squares has 6 squares.,A. True | B. False,A,True,,,
G3:S48-B1-Q3,S48-B1-Q3,1473,48,BACKWARD 1,3,2.G.A.2,mc,A rectangle has 4 rows of 2 same-size squares. How many squares are there?,A. 2 | B. 6 | C. 8 | D. 4,C,8,,,
G3:S48-B1-Q4,S48-B1-Q4,1474,48,BACKWARD 1,4,2.G.A.2,sa,How many same-size squares are in each column of the rectangle?,,,3,,,
G3:S48-B1-Q5,S48-B1-Q5,1475,48,BACKWARD 1,5,2.G.A.2,tf,A rectangle split into 3 rows of 3 same-size squares has 6 squares.,A. True | B. False,B,False,,,
G3:S48-B2-Q1,S48-B2-Q1,1477,48,BACKWARD 2,1,1.G.A.1,tf,Every square has 4 sides of the same length.,A. True | B. False,A,True,,,
G3:S48-B2-Q2,S48-B2-Q2,1478,48,BACKWARD 2,2,1.G.A.1,mc,Which is a defining attribute of a square?,A. It is big. | B. 4 equal sides and 4 square corners | C. It is turned on a corner. | D. It is blue.,B,4 equal sides and 4 square corners,,,
G3:S48-B2-Q3,S48-B2-Q3,1479,48,BACKWARD 2,3,1.G.A.1,sa,How many sides does a square have?,,,4,,,
G3:S48-B2-Q4,S48-B2-Q4,1480,48,BACKWARD 2,4,1.G.A.1,sa,Is a very small square still a square?,,,Yes,,,
G3:S48-B2-Q5,S48-B2-Q5,1481,48,BACKWARD 2,5,1.G.A.1,tf,A shape with 3 sides can be a square.,A. True | B. False,B,False,,,
G3:S48-F1-Q1,S48-F1-Q1,1483,48,FORWARD 1,1,4.MD.A.3,sa,Find the area of a rectangle that is 12 m by 7 m.,,,84 square meters,,,
G3:S48-F1-Q2,S48-F1-Q2,1484,48,FORWARD 1,2,4.MD.A.3,tf,A 9-by-11 rectangle has an area of 99 square units.,A. True | B. False,A,True,,,
G3:S48-F1-Q3,S48-F1-Q3,1485,48,FORWARD 1,3,4.MD.A.3,mc,A rug is 15 feet by 6 feet. What is its area?,A. 21 square feet | B. 42 square feet | C. 90 square feet | D. 96 square feet,C,90 square feet,,,
G3:S48-F1-Q4,S48-F1-Q4,1486,48,FORWARD 1,4,4.MD.A.3,sa,A square has sides that are 13 cm long. What is its area?,,,169 square cm,,,
G3:S48-F1-Q5,S48-F1-Q5,1487,48,FORWARD 1,5,4.MD.A.3,tf,A rectangle that is 20 in. by 5 in. has an area of 50 square inches.,A. True | B. False,B,False,,,
G3:S48-F2-Q1,S48-F2-Q1,1489,48,FORWARD 2,1,5.MD.C.3.a,tf,"A cube with edges 1 unit long is a unit cube, and its volume is 1 cubic unit.",A. True | B. False,A,True,,,
G3:S48-F2-Q2,S48-F2-Q2,1490,48,FORWARD 2,2,5.MD.C.3.a,mc,Which can be used to measure volume?,A. A clock | B. A ruler | C. A unit square | D. A unit cube,D,A unit cube,,,
G3:S48-F2-Q3,S48-F2-Q3,1491,48,FORWARD 2,3,5.MD.C.3.a,sa,What is the volume of a cube with edges 1 cm long?,,,1 cubic centimeter,,,
G3:S48-F2-Q4,S48-F2-Q4,1492,48,FORWARD 2,4,5.MD.C.3.a,sa,How is a unit cube like a unit square?,,,"A unit square measures area (1 square unit), and a unit cube measures volume (1 cubic unit).",,,Must say that each is the unit that measures its quantity: 1 square unit of area and 1 cubic unit of volume.
G3:S48-F2-Q5,S48-F2-Q5,1493,48,FORWARD 2,5,5.MD.C.3.a,tf,A unit cube has a volume of 6 cubic units because it has 6 faces.,A. True | B. False,B,False,,,
G3:S49-M-Q1,S49-M-Q1,1496,49,MAIN,1,3.MD.C.5.b,sa,Each small square is 1 square unit. What is the area of the shape?,,,7 square units,,,
G3:S49-M-Q2,S49-M-Q2,1497,49,MAIN,2,3.MD.C.5.b,tf,A shape covered by 15 unit squares with no gaps or overlaps has an area of 15 square units.,A. True | B. False,A,True,,,
G3:S49-M-Q3,S49-M-Q3,1498,49,MAIN,3,3.MD.C.5.b,mc,A rectangle is covered by 12 unit squares with no gaps or overlaps. What is its area?,A. 12 square units | B. 6 square units | C. 24 square units | D. 12 units,A,12 square units,,,
G3:S49-M-Q4,S49-M-Q4,1499,49,MAIN,4,3.MD.C.5.b,sa,"Ben covers a shape with unit squares, but he leaves gaps between them. He counts 10 squares. Is the area exactly 10 square units? Explain.",,,No,,,"The squares must cover the shape with no gaps or overlaps. With gaps, the area is more than 10 square units. Both parts are required."
G3:S49-M-Q5,S49-M-Q5,1500,49,MAIN,5,3.MD.C.5.b,tf,"If unit squares overlap, counting them gives the exact area.",A. True | B. False,B,False,,,
G3:S49-B1-Q1,S49-B1-Q1,1502,49,BACKWARD 1,1,1.MD.A.2,sa,A crayon is as long as 6 cubes laid end to end with no gaps. How many cubes long is it?,,,6,,,
G3:S49-B1-Q2,S49-B1-Q2,1503,49,BACKWARD 1,2,1.MD.A.2,tf,Length units laid end to end must have no gaps or overlaps.,A. True | B. False,A,True,,,
G3:S49-B1-Q3,S49-B1-Q3,1504,49,BACKWARD 1,3,1.MD.A.2,mc,Which shows the correct way to measure with paper clips?,A. Clips in a pile | B. Clips that overlap | C. Clips with spaces between them | D. Clips end to end with no gaps,D,Clips end to end with no gaps,,,
G3:S49-B1-Q4,S49-B1-Q4,1505,49,BACKWARD 1,4,1.MD.A.2,sa,A desk is 9 hands long. A table is 4 hands longer. How many hands long is the table?,,,13,,,
G3:S49-B1-Q5,S49-B1-Q5,1506,49,BACKWARD 1,5,1.MD.A.2,tf,"If the cubes overlap when you measure, the count is still correct.",A. True | B. False,B,False,,,
G3:S49-B2-Q1,S49-B2-Q1,1508,49,BACKWARD 2,1,2.G.A.2,sa,How many same-size squares fill the rectangle?,,,10,,,
G3:S49-B2-Q2,S49-B2-Q2,1509,49,BACKWARD 2,2,2.G.A.2,tf,A rectangle split into 3 rows of 4 same-size squares has 12 squares.,A. True | B. False,A,True,,,
G3:S49-B2-Q3,S49-B2-Q3,1510,49,BACKWARD 2,3,2.G.A.2,mc,How many same-size squares fill the rectangle?,A. 6 | B. 9 | C. 12 | D. 3,B,9,,,
G3:S49-B2-Q4,S49-B2-Q4,1511,49,BACKWARD 2,4,2.G.A.2,sa,A rectangle has 5 rows of 2 same-size squares. How many squares fill it?,,,10,,,
G3:S49-B2-Q5,S49-B2-Q5,1512,49,BACKWARD 2,5,2.G.A.2,tf,A rectangle with 2 rows of 4 same-size squares has 6 squares.,A. True | B. False,B,False,,,
G3:S49-F1-Q1,S49-F1-Q1,1514,49,FORWARD 1,1,4.MD.A.3,sa,A rectangle has an area of 48 square feet and a length of 8 feet. What is its width?,,,6 feet,,,
G3:S49-F1-Q2,S49-F1-Q2,1515,49,FORWARD 1,2,4.MD.A.3,tf,A rectangle with an area of 72 square cm and a width of 6 cm has a length of 12 cm.,A. True | B. False,A,True,,,
G3:S49-F1-Q3,S49-F1-Q3,1516,49,FORWARD 1,3,4.MD.A.3,mc,A garden has an area of 90 square meters. One side is 9 meters long. How long is the other side?,A. 81 m | B. 18 m | C. 10 m | D. 99 m,C,10 m,,,
G3:S49-F1-Q4,S49-F1-Q4,1517,49,FORWARD 1,4,4.MD.A.3,sa,A square has an area of 64 square inches. How long is each side?,,,8 inches,,,
G3:S49-F1-Q5,S49-F1-Q5,1518,49,FORWARD 1,5,4.MD.A.3,tf,A rectangle with an area of 56 square units and a length of 7 units has a width of 9 units.,A. True | B. False,B,False,,,
G3:S49-F2-Q1,S49-F2-Q1,1520,49,FORWARD 2,1,5.MD.C.3.b,sa,A box is filled with 30 unit cubes with no gaps or overlaps. What is its volume?,,,30 cubic units,,,
G3:S49-F2-Q2,S49-F2-Q2,1521,49,FORWARD 2,2,5.MD.C.3.b,tf,A solid built from 18 unit cubes has a volume of 18 cubic units.,A. True | B. False,A,True,,,
G3:S49-F2-Q3,S49-F2-Q3,1522,49,FORWARD 2,3,5.MD.C.3.b,mc,A prism has 4 layers with 6 unit cubes in each layer. What is its volume?,A. 46 cubic units | B. 10 cubic units | C. 24 square units | D. 24 cubic units,D,24 cubic units,,,
G3:S49-F2-Q4,S49-F2-Q4,1523,49,FORWARD 2,4,5.MD.C.3.b,sa,How many unit cubes fill a box with a volume of 36 cubic units?,,,36,,,
G3:S49-F2-Q5,S49-F2-Q5,1524,49,FORWARD 2,5,5.MD.C.3.b,tf,"If the cubes in a box have gaps between them, counting them gives the exact volume.",A. True | B. False,B,False,,,
G3:S50-M-Q1,S50-M-Q1,1527,50,MAIN,1,3.MD.C.6,sa,Each square is 1 square centimeter. What is the area of the shape?,,,9 square centimeters,,,
G3:S50-M-Q2,S50-M-Q2,1528,50,MAIN,2,3.MD.C.6,sa,Each square is 1 square foot. What is the area of the rug?,,,10 square feet,,,
G3:S50-M-Q3,S50-M-Q3,1529,50,MAIN,3,3.MD.C.6,mc,Each square is 1 square inch. What is the area of the shape?,A. 6 square inches | B. 8 inches | C. 12 square inches | D. 8 square inches,D,8 square inches,,,
G3:S50-M-Q4,S50-M-Q4,1530,50,MAIN,4,3.MD.C.6,tf,Each square is 1 square meter. The shape has an area of 6 square meters.,A. True | B. False,A,True,,,
G3:S50-M-Q5,S50-M-Q5,1531,50,MAIN,5,3.MD.C.6,tf,Each square is 1 square unit. The shape has an area of 11 square units.,A. True | B. False,B,False,,,
G3:S50-B1-Q1,S50-B1-Q1,1533,50,BACKWARD 1,1,K.CC.B.5,sa,How many squares are in the grid?,,,8,,,
G3:S50-B1-Q2,S50-B1-Q2,1534,50,BACKWARD 1,2,K.CC.B.5,tf,"Counting each square once, a row of 6 squares has 6 squares.",A. True | B. False,A,True,,,
G3:S50-B1-Q3,S50-B1-Q3,1535,50,BACKWARD 1,3,K.CC.B.5,mc,How many squares are shaded?,A. 4 | B. 6 | C. 10 | D. 5,D,5,,,
G3:S50-B1-Q4,S50-B1-Q4,1536,50,BACKWARD 1,4,K.CC.B.5,sa,How many squares are in the grid?,,,15,,,
G3:S50-B1-Q5,S50-B1-Q5,1537,50,BACKWARD 1,5,K.CC.B.5,tf,"When you count objects, you may count one object twice.",A. True | B. False,B,False,,,
G3:S50-B2-Q1,S50-B2-Q1,1539,50,BACKWARD 2,1,2.MD.A.3,sa,Would you measure the length of a classroom in meters or in centimeters?,,,Meters,,,
G3:S50-B2-Q2,S50-B2-Q2,1540,50,BACKWARD 2,2,2.MD.A.3,tf,A centimeter is shorter than a meter.,A. True | B. False,A,True,,,
G3:S50-B2-Q3,S50-B2-Q3,1541,50,BACKWARD 2,3,2.MD.A.3,mc,Which unit is best for the length of a bug?,A. Meters | B. Feet | C. Yards | D. Centimeters,D,Centimeters,,,
G3:S50-B2-Q4,S50-B2-Q4,1542,50,BACKWARD 2,4,2.MD.A.3,sa,Would you measure a book in inches or in feet?,,,Inches,,,
G3:S50-B2-Q5,S50-B2-Q5,1543,50,BACKWARD 2,5,2.MD.A.3,tf,A foot is shorter than an inch.,A. True | B. False,B,False,,,
G3:S50-F1-Q1,S50-F1-Q1,1545,50,FORWARD 1,1,4.MD.A.3,sa,A classroom floor is 9 m by 8 m. What is its area?,,,72 square meters,,,
G3:S50-F1-Q2,S50-F1-Q2,1546,50,FORWARD 1,2,4.MD.A.3,tf,A 14-ft by 10-ft deck has an area of 140 square feet.,A. True | B. False,A,True,,,
G3:S50-F1-Q3,S50-F1-Q3,1547,50,FORWARD 1,3,4.MD.A.3,mc,A poster is 24 in. by 18 in. What is its area?,A. 84 square inches | B. 422 square inches | C. 42 square inches | D. 432 square inches,D,432 square inches,,,
G3:S50-F1-Q4,S50-F1-Q4,1548,50,FORWARD 1,4,4.MD.A.3,sa,A garden is 25 ft by 4 ft. What is its area?,,,100 square feet,,,
G3:S50-F1-Q5,S50-F1-Q5,1549,50,FORWARD 1,5,4.MD.A.3,tf,A 16-cm by 5-cm card has an area of 42 square cm.,A. True | B. False,B,False,,,
G3:S50-F2-Q1,S50-F2-Q1,1551,50,FORWARD 2,1,5.MD.C.4,sa,A box holds 2 layers of 6 cubes. Each cube is 1 cubic centimeter. What is the volume of the box?,,,12 cubic centimeters,,,
G3:S50-F2-Q2,S50-F2-Q2,1552,50,FORWARD 2,2,5.MD.C.4,tf,A stack of 3 layers of 4 one-inch cubes has a volume of 12 cubic inches.,A. True | B. False,A,True,,,
G3:S50-F2-Q3,S50-F2-Q3,1553,50,FORWARD 2,3,5.MD.C.4,mc,A prism is made of 20 cubes that are each 1 cubic foot. What is its volume?,A. 20 square feet | B. 20 cubic feet | C. 40 cubic feet | D. 20 feet,B,20 cubic feet,,,
G3:S50-F2-Q4,S50-F2-Q4,1554,50,FORWARD 2,4,5.MD.C.4,sa,A figure is built from 15 unit cubes. What is its volume?,,,15 cubic units,,,
G3:S50-F2-Q5,S50-F2-Q5,1555,50,FORWARD 2,5,5.MD.C.4,tf,A box that holds 2 layers of 9 one-centimeter cubes has a volume of 11 cubic centimeters.,A. True | B. False,B,False,,,
G3:S51-M-Q1,S51-M-Q1,1558,51,MAIN,1,3.MD.C.7.a,sa,The rectangle is tiled with unit squares. Count the squares. Then multiply the side lengths. Do you get the same area?,,,15; 3 × 5 = 15; yes,,,All three parts are required.
G3:S51-M-Q2,S51-M-Q2,1559,51,MAIN,2,3.MD.C.7.a,mc,A rectangle is tiled with 4 rows of 6 unit squares. Which equation gives its area?,A. 4 + 6 = 10 | B. 6 - 4 = 2 | C. 4 × 6 = 24 | D. 4 + 4 + 6 + 6 = 20,C,4 × 6 = 24,,,
G3:S51-M-Q3,S51-M-Q3,1560,51,MAIN,3,3.MD.C.7.a,tf,A rectangle 5 units long and 2 units wide can be tiled with 10 unit squares.,A. True | B. False,A,True,,,
G3:S51-M-Q4,S51-M-Q4,1561,51,MAIN,4,3.MD.C.7.a,plot_text,"Draw a rectangle 4 units long and 3 units wide on the grid, and show its unit squares. Write a multiplication equation for its area.",,,4 × 3 = 12,A 4-by-3 rectangle on the grid with its 12 unit squares,,"Grade both: the 4-by-3 rectangle, and the equation (3 × 4 = 12 is also correct)."
G3:S51-M-Q5,S51-M-Q5,1562,51,MAIN,5,3.MD.C.7.a,tf,Tiling a 6-by-3 rectangle takes 9 unit squares.,A. True | B. False,B,False,,,
G3:S51-B1-Q1,S51-B1-Q1,1564,51,BACKWARD 1,1,2.OA.C.4,sa,How many squares are in 3 rows of 5 squares? Write an addition equation.,,,5 + 5 + 5 = 15,,,3 + 3 + 3 + 3 + 3 = 15 is also correct.
G3:S51-B1-Q2,S51-B1-Q2,1565,51,BACKWARD 1,2,2.OA.C.4,tf,An array of 4 rows of 4 has 16 objects.,A. True | B. False,A,True,,,
G3:S51-B1-Q3,S51-B1-Q3,1566,51,BACKWARD 1,3,2.OA.C.4,mc,Which addition matches 2 rows of 5 squares?,A. 2 + 2 | B. 5 + 2 + 5 | C. 5 + 5 | D. 2 + 5,C,5 + 5,,,
G3:S51-B1-Q4,S51-B1-Q4,1567,51,BACKWARD 1,4,2.OA.C.4,sa,How many squares are in 5 rows of 3 squares?,,,15,,,
G3:S51-B1-Q5,S51-B1-Q5,1568,51,BACKWARD 1,5,2.OA.C.4,tf,3 + 3 + 3 + 3 matches 3 rows of 3 squares.,A. True | B. False,B,False,,,
G3:S51-B2-Q1,S51-B2-Q1,1570,51,BACKWARD 2,1,2.G.A.2,plot,Draw lines to split the rectangle into 2 rows of 4 same-size squares.,,,"One line across the middle and three lines from top to bottom, making 2 rows of 4 same-size squares",,,
G3:S51-B2-Q2,S51-B2-Q2,1571,51,BACKWARD 2,2,2.G.A.2,tf,A rectangle split into 3 rows and 2 columns has 6 same-size squares.,A. True | B. False,A,True,,,
G3:S51-B2-Q3,S51-B2-Q3,1572,51,BACKWARD 2,3,2.G.A.2,mc,A rectangle is split into 2 rows and 3 columns of same-size squares. How many squares are there?,A. 4 | B. 9 | C. 6 | D. 5,C,6,,,
G3:S51-B2-Q4,S51-B2-Q4,1573,51,BACKWARD 2,4,2.G.A.2,sa,A rectangle is split into 4 rows and 4 columns of same-size squares. How many squares are there?,,,16,,,
G3:S51-B2-Q5,S51-B2-Q5,1574,51,BACKWARD 2,5,2.G.A.2,tf,A rectangle split into 5 rows and 1 column has 6 squares.,A. True | B. False,B,False,,,
G3:S51-F1-Q1,S51-F1-Q1,1576,51,FORWARD 1,1,4.MD.A.3,sa,Write a formula for the area A of a rectangle with length l and width w.,,,A = l × w,,,A = w × l is also correct.
G3:S51-F1-Q2,S51-F1-Q2,1577,51,FORWARD 1,2,4.MD.A.3,tf,A rectangle with l = 13 and w = 6 has A = 78.,A. True | B. False,A,True,,,
G3:S51-F1-Q3,S51-F1-Q3,1578,51,FORWARD 1,3,4.MD.A.3,mc,Use A = l × w. What is the area when l = 25 cm and w = 4 cm?,A. 104 square cm | B. 58 square cm | C. 29 square cm | D. 100 square cm,D,100 square cm,,,
G3:S51-F1-Q4,S51-F1-Q4,1579,51,FORWARD 1,4,4.MD.A.3,sa,Find the area of a rectangle with l = 18 ft and w = 5 ft.,,,90 square feet,,,
G3:S51-F1-Q5,S51-F1-Q5,1580,51,FORWARD 1,5,4.MD.A.3,tf,A rectangle with l = 11 and w = 9 has A = 40.,A. True | B. False,B,False,,,
G3:S51-F2-Q1,S51-F2-Q1,1582,51,FORWARD 2,1,5.MD.C.5.a,sa,"A box is packed with unit cubes: 3 cubes long, 2 cubes wide, and 4 cubes tall. Count the cubes and then multiply. Do you get the same volume?",,,24; 3 × 2 × 4 = 24; yes,,,All three parts are required.
G3:S51-F2-Q2,S51-F2-Q2,1583,51,FORWARD 2,2,5.MD.C.5.a,tf,A prism 5 units by 2 units by 3 units can be packed with 30 unit cubes.,A. True | B. False,A,True,,,
G3:S51-F2-Q3,S51-F2-Q3,1584,51,FORWARD 2,3,5.MD.C.5.a,mc,Which equation gives the volume of a prism 4 by 3 by 2?,A. 2 × 4 + 3 = 11 | B. 4 + 3 + 2 = 9 | C. 4 × 3 = 12 | D. 4 × 3 × 2 = 24,D,4 × 3 × 2 = 24,,,
G3:S51-F2-Q4,S51-F2-Q4,1585,51,FORWARD 2,4,5.MD.C.5.a,sa,A prism has a base area of 6 square units and a height of 5 units. What is its volume?,,,30 cubic units,,,
G3:S51-F2-Q5,S51-F2-Q5,1586,51,FORWARD 2,5,5.MD.C.5.a,tf,A 2-by-2-by-2 cube can be packed with 6 unit cubes.,A. True | B. False,B,False,,,
G3:S52-M-Q1,S52-M-Q1,1589,52,MAIN,1,3.MD.C.7.b,sa,A rug is 6 feet long and 4 feet wide. What is its area?,,,24 square feet,,,
G3:S52-M-Q2,S52-M-Q2,1590,52,MAIN,2,3.MD.C.7.b,sa,Find the area of the rectangle.,,,35 square meters,,,
G3:S52-M-Q3,S52-M-Q3,1591,52,MAIN,3,3.MD.C.7.b,mc,A garden is 8 yards long and 9 yards wide. What is its area?,A. 34 square yards | B. 72 yards | C. 72 square yards | D. 17 square yards,C,72 square yards,,,
G3:S52-M-Q4,S52-M-Q4,1592,52,MAIN,4,3.MD.C.7.b,tf,A poster 3 feet by 2 feet has an area of 5 square feet.,A. True | B. False,B,False,,,
G3:S52-M-Q5,S52-M-Q5,1593,52,MAIN,5,3.MD.C.7.b,tf,A tile 8 inches by 8 inches has an area of 16 square inches.,A. True | B. False,B,False,,,
G3:S52-B1-Q1,S52-B1-Q1,1595,52,BACKWARD 1,1,2.MD.A.1,sa,How long is the side?,,,3 inches,,,
G3:S52-B1-Q2,S52-B1-Q2,1596,52,BACKWARD 1,2,2.MD.A.1,tf,"To measure with a ruler, line up one end of the side with 0.",A. True | B. False,A,True,,,
G3:S52-B1-Q3,S52-B1-Q3,1597,52,BACKWARD 1,3,2.MD.A.1,mc,How long is the edge?,A. 4 inches | B. 3 inches | C. 6 inches | D. 5 inches,A,4 inches,,,
G3:S52-B1-Q4,S52-B1-Q4,1598,52,BACKWARD 1,4,2.MD.A.1,sa,A side reaches from 0 to 7 on a centimeter ruler. How long is it?,,,7 cm,,,
G3:S52-B1-Q5,S52-B1-Q5,1599,52,BACKWARD 1,5,2.MD.A.1,tf,A side that reaches from 0 to 2 on an inch ruler is 3 inches long.,A. True | B. False,B,False,,,
G3:S52-B2-Q1,S52-B2-Q1,1601,52,BACKWARD 2,1,2.OA.C.4,sa,A tray has 4 rows of 5 cups. Use repeated addition to find the number of cups.,,,20,,,5 + 5 + 5 + 5 = 20.
G3:S52-B2-Q2,S52-B2-Q2,1602,52,BACKWARD 2,2,2.OA.C.4,tf,3 rows of 5 tiles is 5 + 5 + 5 = 15 tiles.,A. True | B. False,A,True,,,
G3:S52-B2-Q3,S52-B2-Q3,1603,52,BACKWARD 2,3,2.OA.C.4,mc,Which addition gives the number of squares in 2 rows of 4?,A. 2 + 2 + 4 | B. 4 + 4 | C. 2 + 4 | D. 4 + 2,B,4 + 4,,,
G3:S52-B2-Q4,S52-B2-Q4,1604,52,BACKWARD 2,4,2.OA.C.4,sa,How many tiles are in 3 rows of 3?,,,9,,,
G3:S52-B2-Q5,S52-B2-Q5,1605,52,BACKWARD 2,5,2.OA.C.4,tf,4 rows of 4 tiles is 4 + 4 = 16 tiles.,A. True | B. False,B,False,,,
G3:S52-F1-Q1,S52-F1-Q1,1607,52,FORWARD 1,1,4.MD.A.3,sa,A patio is 12 feet by 11 feet. What is its area?,,,132 square feet,,,
G3:S52-F1-Q2,S52-F1-Q2,1608,52,FORWARD 1,2,4.MD.A.3,tf,A 15-m by 20-m field has an area of 300 square meters.,A. True | B. False,A,True,,,
G3:S52-F1-Q3,S52-F1-Q3,1609,52,FORWARD 1,3,4.MD.A.3,mc,A wall is 9 ft tall and 14 ft wide. What is its area?,A. 126 square feet | B. 46 square feet | C. 23 square feet | D. 116 square feet,A,126 square feet,,,
G3:S52-F1-Q4,S52-F1-Q4,1610,52,FORWARD 1,4,4.MD.A.3,sa,A pool is 25 m long and 10 m wide. What is its area?,,,250 square meters,,,
G3:S52-F1-Q5,S52-F1-Q5,1611,52,FORWARD 1,5,4.MD.A.3,tf,A 13-cm by 7-cm card has an area of 81 square cm.,A. True | B. False,B,False,,,
G3:S52-F2-Q1,S52-F2-Q1,1613,52,FORWARD 2,1,5.NF.B.4.b,sa,Find the area of a rectangle that is 2/3 m by 3/4 m.,,,1/2 square meter,,,6/12 square meter is also correct.
G3:S52-F2-Q2,S52-F2-Q2,1614,52,FORWARD 2,2,5.NF.B.4.b,tf,A rectangle 2 1/2 ft by 2 ft has an area of 5 square feet.,A. True | B. False,A,True,,,
G3:S52-F2-Q3,S52-F2-Q3,1615,52,FORWARD 2,3,5.NF.B.4.b,mc,A square has sides that are 1/3 yard long. What is its area?,A. 1/6 square yard | B. 4/3 square yards | C. 2/3 square yard | D. 1/9 square yard,D,1/9 square yard,,,
G3:S52-F2-Q4,S52-F2-Q4,1616,52,FORWARD 2,4,5.NF.B.4.b,sa,A rug is 4 feet by 1 1/2 feet. What is its area?,,,6 square feet,,,
G3:S52-F2-Q5,S52-F2-Q5,1617,52,FORWARD 2,5,5.NF.B.4.b,tf,A rectangle 1/2 inch by 1/4 inch has an area of 3/4 square inch.,A. True | B. False,B,False,,,
G3:S53-M-Q1,S53-M-Q1,1620,53,MAIN,1,3.MD.C.7.c,sa,The 4-by-8 rectangle is split into a 4-by-5 part (shaded) and a 4-by-3 part. Write the area as a sum of two products. Then find the total area.,,,4 × 5 + 4 × 3; 32 square units,,,4 × 3 + 4 × 5 is also correct. Both parts are required.
G3:S53-M-Q2,S53-M-Q2,1621,53,MAIN,2,3.MD.C.7.c,mc,A 6-by-9 rectangle is split into a 6-by-4 part and a 6-by-5 part. Which expression gives its area?,A. 4 × 5 + 6 | B. 6 × 4 + 6 × 5 | C. 6 × 4 × 5 | D. 6 + 4 + 5,B,6 × 4 + 6 × 5,,,
G3:S53-M-Q3,S53-M-Q3,1622,53,MAIN,3,3.MD.C.7.c,tf,The area of a 3-by-7 rectangle equals 3 × 5 + 3 × 2.,A. True | B. False,A,True,,,
G3:S53-M-Q4,S53-M-Q4,1623,53,MAIN,4,3.MD.C.7.c,plot_text,Draw one line along the grid to split the 5-by-6 rectangle into two smaller rectangles. Write the total area as a sum of the two areas.,,,5 × 4 + 5 × 2 = 30,One straight line along the grid lines that splits the rectangle into two rectangles (for example 5 by 4 and 5 by 2),,"Grade both: any split into two rectangles, and a matching sum equal to 30 (for example 5 × 3 + 5 × 3 = 30 or 2 × 6 + 3 × 6 = 30)."
G3:S53-M-Q5,S53-M-Q5,1624,53,MAIN,5,3.MD.C.7.c,tf,A 2-by-10 rectangle split into a 2-by-6 part and a 2-by-4 part has an area of 2 × 6 × 4.,A. True | B. False,B,False,,,
G3:S53-B1-Q1,S53-B1-Q1,1626,53,BACKWARD 1,1,2.OA.C.4,sa,An array has 3 rows of 5 dots. A line splits it into 3 rows of 3 and 3 rows of 2. How many dots are in each part? How many are there in all?,,,9 and 6; 15,,,Both parts are required.
G3:S53-B1-Q2,S53-B1-Q2,1627,53,BACKWARD 1,2,2.OA.C.4,tf,Splitting an array of 4 rows of 5 into 4 rows of 2 and 4 rows of 3 keeps 20 dots in all.,A. True | B. False,A,True,,,
G3:S53-B1-Q3,S53-B1-Q3,1628,53,BACKWARD 1,3,2.OA.C.4,mc,An array of 2 rows of 5 is split into 2 rows of 2 and 2 rows of 3. How many dots are in the 2-rows-of-3 part?,A. 5 | B. 4 | C. 10 | D. 6,D,6,,,
G3:S53-B1-Q4,S53-B1-Q4,1629,53,BACKWARD 1,4,2.OA.C.4,sa,The dashed line splits the array. How many dots are there in all?,,,12,,,
G3:S53-B1-Q5,S53-B1-Q5,1630,53,BACKWARD 1,5,2.OA.C.4,tf,An array of 5 rows of 4 split into two parts has 10 dots in all.,A. True | B. False,B,False,,,
G3:S53-B2-Q1,S53-B2-Q1,1632,53,BACKWARD 2,1,2.NBT.B.5,sa,Add. 20 + 15,,,35,,,
G3:S53-B2-Q2,S53-B2-Q2,1633,53,BACKWARD 2,2,2.NBT.B.5,tf,30 + 24 = 54,A. True | B. False,A,True,,,
G3:S53-B2-Q3,S53-B2-Q3,1634,53,BACKWARD 2,3,2.NBT.B.5,mc,40 + 32 = ?,A. 62 | B. 8 | C. 82 | D. 72,D,72,,,
G3:S53-B2-Q4,S53-B2-Q4,1635,53,BACKWARD 2,4,2.NBT.B.5,sa,Add. 18 + 12,,,30,,,
G3:S53-B2-Q5,S53-B2-Q5,1636,53,BACKWARD 2,5,2.NBT.B.5,tf,35 + 25 = 50,A. True | B. False,B,False,,,
G3:S53-F1-Q1,S53-F1-Q1,1638,53,FORWARD 1,1,4.NBT.B.5,sa,Use the area model to find 6 × 47.,,,282,,,
G3:S53-F1-Q2,S53-F1-Q2,1639,53,FORWARD 1,2,4.NBT.B.5,tf,8 × 53 = 8 × 50 + 8 × 3,A. True | B. False,A,True,,,
G3:S53-F1-Q3,S53-F1-Q3,1640,53,FORWARD 1,3,4.NBT.B.5,mc,Which two parts of an area model show 4 × 26?,A. 20 × 6 and 4 | B. 4 × 2 and 4 × 6 | C. 4 × 20 and 6 | D. 4 × 20 and 4 × 6,D,4 × 20 and 4 × 6,,,
G3:S53-F1-Q4,S53-F1-Q4,1641,53,FORWARD 1,4,4.NBT.B.5,work,Use an area model or the distributive property to find 7 × 38. Show your work.,,,266,,"Any valid area model or chain of equations, for example 7 × 30 + 7 × 8 = 210 + 56, or 7 × 40 - 7 × 2 = 280 - 14. The product without a model or equations earns partial credit.",
G3:S53-F1-Q5,S53-F1-Q5,1642,53,FORWARD 1,5,4.NBT.B.5,tf,5 × 64 = 5 × 60 + 4,A. True | B. False,B,False,,,
G3:S53-F2-Q1,S53-F2-Q1,1644,53,FORWARD 2,1,5.NBT.B.5,sa,Use partial products to find 34 × 26.,,,884,,,30 × 20 + 30 × 6 + 4 × 20 + 4 × 6 = 600 + 180 + 80 + 24 = 884.
G3:S53-F2-Q2,S53-F2-Q2,1645,53,FORWARD 2,2,5.NBT.B.5,tf,25 × 43 = 25 × 40 + 25 × 3,A. True | B. False,A,True,,,
G3:S53-F2-Q3,S53-F2-Q3,1646,53,FORWARD 2,3,5.NBT.B.5,mc,Which partial products give 12 × 35?,A. 12 × 30 + 5 | B. 10 × 35 + 2 × 35 | C. 10 × 35 + 2 | D. 10 × 30 + 2 × 5,B,10 × 35 + 2 × 35,,,
G3:S53-F2-Q4,S53-F2-Q4,1647,53,FORWARD 2,4,5.NBT.B.5,work,Use the standard algorithm to multiply. Show your work. 48 × 27,,,"1,296",,The standard multiplication algorithm with the partial products or regrouping shown. A correct product without the algorithm earns partial credit.,
G3:S53-F2-Q5,S53-F2-Q5,1648,53,FORWARD 2,5,5.NBT.B.5,tf,16 × 25 = 16 × 20 + 5,A. True | B. False,B,False,,,
G3:S54-M-Q1,S54-M-Q1,1651,54,MAIN,1,3.MD.C.7.d,sa,Find the area of the figure. Split it into two rectangles and add their areas.,,,24 and 12; 36 square meters,,,"Any correct split is accepted (for example 3 × 7 = 21 and 5 × 3 = 15, total 36). Both parts are required."
G3:S54-M-Q2,S54-M-Q2,1652,54,MAIN,2,3.MD.C.7.d,mc,A figure is split into a 6-by-4 rectangle and a 2-by-3 rectangle that do not overlap. What is the area of the figure?,A. 24 square units | B. 15 square units | C. 144 square units | D. 30 square units,D,30 square units,,,
G3:S54-M-Q3,S54-M-Q3,1653,54,MAIN,3,3.MD.C.7.d,tf,The area of a figure made of two rectangles that do not overlap is the sum of the areas of the rectangles.,A. True | B. False,A,True,,,
G3:S54-M-Q4,S54-M-Q4,1654,54,MAIN,4,3.MD.C.7.d,sa,Find the area of the figure.,,,44 square feet,,,"For example, 10 × 2 = 20 and 6 × 4 = 24, so 20 + 24 = 44."
G3:S54-M-Q5,S54-M-Q5,1655,54,MAIN,5,3.MD.C.7.d,tf,The figure has an area of 50 square centimeters.,A. True | B. False,B,False,,,
G3:S54-B1-Q1,S54-B1-Q1,1657,54,BACKWARD 1,1,1.G.A.2,tf,Two rectangles can be put together to make a new shape.,A. True | B. False,A,True,,,
G3:S54-B1-Q2,S54-B1-Q2,1658,54,BACKWARD 1,2,1.G.A.2,mc,Two same-size squares are put side by side. What shape do they make?,A. A triangle | B. A rectangle | C. A circle | D. A hexagon,B,A rectangle,,,
G3:S54-B1-Q3,S54-B1-Q3,1659,54,BACKWARD 1,3,1.G.A.2,sa,How many same-size squares make a rectangle that is 3 squares long and 1 square wide?,,,3,,,
G3:S54-B1-Q4,S54-B1-Q4,1660,54,BACKWARD 1,4,1.G.A.2,sa,A shape is made of one square and one rectangle put together. How many smaller shapes make it?,,,2,,,
G3:S54-B1-Q5,S54-B1-Q5,1661,54,BACKWARD 1,5,1.G.A.2,tf,Putting two rectangles together always makes a square.,A. True | B. False,B,False,,,
G3:S54-B2-Q1,S54-B2-Q1,1663,54,BACKWARD 2,1,2.NBT.B.5,sa,Add. 24 + 18,,,42,,,
G3:S54-B2-Q2,S54-B2-Q2,1664,54,BACKWARD 2,2,2.NBT.B.5,tf,36 + 30 = 66,A. True | B. False,A,True,,,
G3:S54-B2-Q3,S54-B2-Q3,1665,54,BACKWARD 2,3,2.NBT.B.5,mc,45 + 27 = ?,A. 62 | B. 72 | C. 18 | D. 82,B,72,,,
G3:S54-B2-Q4,S54-B2-Q4,1666,54,BACKWARD 2,4,2.NBT.B.5,sa,Add. 32 + 49,,,81,,,
G3:S54-B2-Q5,S54-B2-Q5,1667,54,BACKWARD 2,5,2.NBT.B.5,tf,28 + 16 = 34,A. True | B. False,B,False,,,
G3:S54-F1-Q1,S54-F1-Q1,1669,54,FORWARD 1,1,4.MD.A.3,sa,A room is made of a 12-ft by 10-ft rectangle and a 5-ft by 4-ft rectangle. What is its total area?,,,140 square feet,,,
G3:S54-F1-Q2,S54-F1-Q2,1670,54,FORWARD 1,2,4.MD.A.3,tf,A garden made of a 15-m by 6-m bed and a 6-m by 6-m bed has an area of 126 square meters.,A. True | B. False,A,True,,,
G3:S54-F1-Q3,S54-F1-Q3,1671,54,FORWARD 1,3,4.MD.A.3,mc,A deck is a 20-ft by 8-ft rectangle with a 6-ft by 5-ft hole cut out for a tree. What is the area of the deck?,A. 160 square feet | B. 30 square feet | C. 130 square feet | D. 190 square feet,C,130 square feet,,,
G3:S54-F1-Q4,S54-F1-Q4,1672,54,FORWARD 1,4,4.MD.A.3,sa,A parking lot is made of a 30-m by 15-m part and a 10-m by 15-m part. What is its area?,,,600 square meters,,,
G3:S54-F1-Q5,S54-F1-Q5,1673,54,FORWARD 1,5,4.MD.A.3,tf,A figure made of a 9-by-7 rectangle and a 3-by-4 rectangle has an area of 23 square units.,A. True | B. False,B,False,,,
G3:S54-F2-Q1,S54-F2-Q1,1675,54,FORWARD 2,1,5.MD.C.5.c,sa,Two prisms that do not overlap have volumes of 20 and 18 cubic units. What is their total volume?,,,38 cubic units,,,
G3:S54-F2-Q2,S54-F2-Q2,1676,54,FORWARD 2,2,5.MD.C.5.c,tf,A 2-by-3-by-4 prism and a 2-by-3-by-1 prism together have a volume of 30 cubic units.,A. True | B. False,A,True,,,
G3:S54-F2-Q3,S54-F2-Q3,1677,54,FORWARD 2,3,5.MD.C.5.c,mc,A solid is a 4-by-2-by-3 prism joined to a 2-by-2-by-3 prism. What is its volume?,A. 24 cubic units | B. 36 cubic units | C. 288 cubic units | D. 12 cubic units,B,36 cubic units,,,
G3:S54-F2-Q4,S54-F2-Q4,1678,54,FORWARD 2,4,5.MD.C.5.c,sa,A building is a 10-by-6-by-3 prism with a 4-by-6-by-3 prism attached. What is its total volume?,,,252 cubic units,,,
G3:S54-F2-Q5,S54-F2-Q5,1679,54,FORWARD 2,5,5.MD.C.5.c,tf,The volume of two joined prisms is the product of their volumes.,A. True | B. False,B,False,,,
G3:S55-M-Q1,S55-M-Q1,1682,55,MAIN,1,3.MD.D.8,sa,Find the perimeter of the rectangle.,,,22 cm,,,
G3:S55-M-Q2,S55-M-Q2,1683,55,MAIN,2,3.MD.D.8,sa,"A triangle has sides of 6 in., 8 in., and 10 in. What is its perimeter?",,,24 inches,,,
G3:S55-M-Q3,S55-M-Q3,1684,55,MAIN,3,3.MD.D.8,mc,A square has sides that are 9 m long. What is its perimeter?,A. 81 m | B. 18 m | C. 27 m | D. 36 m,D,36 m,,,
G3:S55-M-Q4,S55-M-Q4,1685,55,MAIN,4,3.MD.D.8,tf,A pentagon with five sides that are each 5 ft long has a perimeter of 25 ft.,A. True | B. False,A,True,,,
G3:S55-M-Q5,S55-M-Q5,1686,55,MAIN,5,3.MD.D.8,sa,Find the perimeter of the figure.,,,30 meters,,,8 + 3 + 5 + 4 + 3 + 7 = 30.
G3:S55-B1-Q1,S55-B1-Q1,1688,55,BACKWARD 1,1,2.MD.B.5,sa,"A fence has parts that are 12 ft, 15 ft, and 20 ft long. What is the total length?",,,47 feet,,,
G3:S55-B1-Q2,S55-B1-Q2,1689,55,BACKWARD 1,2,2.MD.B.5,tf,Ribbons of 18 cm and 25 cm have a total length of 43 cm.,A. True | B. False,A,True,,,
G3:S55-B1-Q3,S55-B1-Q3,1690,55,BACKWARD 1,3,2.MD.B.5,mc,"Three sticks are 9 in., 14 in., and 21 in. long. What is their total length?",A. 44 inches | B. 54 inches | C. 34 inches | D. 23 inches,A,44 inches,,,
G3:S55-B1-Q4,S55-B1-Q4,1691,55,BACKWARD 1,4,2.MD.B.5,sa,"A path has two parts, 35 m and 46 m long. How long is the path?",,,81 meters,,,
G3:S55-B1-Q5,S55-B1-Q5,1692,55,BACKWARD 1,5,2.MD.B.5,tf,"Boards of 30 in., 30 in., and 15 in. have a total length of 65 in.",A. True | B. False,B,False,,,
G3:S55-B2-Q1,S55-B2-Q1,1694,55,BACKWARD 2,1,2.NBT.B.6,sa,Add. 12 + 15 + 12 + 15,,,54,,,
G3:S55-B2-Q2,S55-B2-Q2,1695,55,BACKWARD 2,2,2.NBT.B.6,tf,20 + 8 + 20 + 8 = 56,A. True | B. False,A,True,,,
G3:S55-B2-Q3,S55-B2-Q3,1696,55,BACKWARD 2,3,2.NBT.B.6,mc,9 + 16 + 9 + 16 = ?,A. 40 | B. 41 | C. 25 | D. 50,D,50,,,
G3:S55-B2-Q4,S55-B2-Q4,1697,55,BACKWARD 2,4,2.NBT.B.6,sa,Add. 30 + 25 + 18,,,73,,,
G3:S55-B2-Q5,S55-B2-Q5,1698,55,BACKWARD 2,5,2.NBT.B.6,tf,11 + 11 + 11 + 11 = 40,A. True | B. False,B,False,,,
G3:S55-F1-Q1,S55-F1-Q1,1700,55,FORWARD 1,1,4.MD.A.3,sa,Use P = 2 × l + 2 × w to find the perimeter of a 15-m by 9-m rectangle.,,,48 m,,,
G3:S55-F1-Q2,S55-F1-Q2,1701,55,FORWARD 1,2,4.MD.A.3,tf,A 25-ft by 10-ft rectangle has a perimeter of 70 ft.,A. True | B. False,A,True,,,
G3:S55-F1-Q3,S55-F1-Q3,1702,55,FORWARD 1,3,4.MD.A.3,mc,A square field has sides that are 45 yd long. What is its perimeter?,"A. 135 yd | B. 2,025 yd | C. 180 yd | D. 90 yd",C,180 yd,,,
G3:S55-F1-Q4,S55-F1-Q4,1703,55,FORWARD 1,4,4.MD.A.3,sa,A rectangle is 36 cm long and 14 cm wide. What is its perimeter?,,,100 cm,,,
G3:S55-F1-Q5,S55-F1-Q5,1704,55,FORWARD 1,5,4.MD.A.3,tf,A 30-m by 20-m rectangle has a perimeter of 50 m.,A. True | B. False,B,False,,,
G3:S55-F2-Q1,S55-F2-Q1,1706,55,FORWARD 2,1,5.NF.A.2,sa,A rectangle is 3/4 ft by 1/2 ft. What is its perimeter?,,,2 1/2 feet,,,5/2 feet is also correct.
G3:S55-F2-Q2,S55-F2-Q2,1707,55,FORWARD 2,2,5.NF.A.2,tf,"A triangle with sides of 1/2 m, 1/3 m, and 1/6 m has a perimeter of 1 m.",A. True | B. False,A,True,,,
G3:S55-F2-Q3,S55-F2-Q3,1708,55,FORWARD 2,3,5.NF.A.2,mc,A square has sides that are 5/8 inch long. What is its perimeter?,A. 1 1/4 inches | B. 5/32 inch | C. 2 1/2 inches | D. 20/32 inch,C,2 1/2 inches,,,
G3:S55-F2-Q4,S55-F2-Q4,1709,55,FORWARD 2,4,5.NF.A.2,sa,A rectangle is 2 1/4 yd by 1 1/2 yd. What is its perimeter?,,,7 1/2 yards,,,
G3:S55-F2-Q5,S55-F2-Q5,1710,55,FORWARD 2,5,5.NF.A.2,tf,A rectangle 2/3 m by 1/6 m has a perimeter of 5/6 m.,A. True | B. False,B,False,,,
G3:S56-M-Q1,S56-M-Q1,1713,56,MAIN,1,3.MD.D.8,sa,A rectangle has a perimeter of 20 cm. Its length is 6 cm. What is its width?,,,4 cm,,,
G3:S56-M-Q2,S56-M-Q2,1714,56,MAIN,2,3.MD.D.8,sa,A triangle has a perimeter of 30 in. Two of its sides are 9 in. and 12 in. How long is the third side?,,,9 inches,,,
G3:S56-M-Q3,S56-M-Q3,1715,56,MAIN,3,3.MD.D.8,mc,A square has a perimeter of 28 m. How long is each side?,A. 24 m | B. 112 m | C. 7 m | D. 14 m,C,7 m,,,
G3:S56-M-Q4,S56-M-Q4,1716,56,MAIN,4,3.MD.D.8,tf,A rectangle with a perimeter of 18 ft and a length of 5 ft has a width of 8 ft.,A. True | B. False,B,False,,,
G3:S56-M-Q5,S56-M-Q5,1717,56,MAIN,5,3.MD.D.8,sa,"A quadrilateral has a perimeter of 40 cm. Three of its sides are 10 cm, 12 cm, and 8 cm. How long is the fourth side?",,,10 cm,,,
G3:S56-B1-Q1,S56-B1-Q1,1719,56,BACKWARD 1,1,2.OA.A.1,sa,A fence will be 50 m long. 32 m are built. How many meters are left to build?,,,18,,,
G3:S56-B1-Q2,S56-B1-Q2,1720,56,BACKWARD 1,2,2.OA.A.1,tf,Kim needs 45 beads. She has 27 beads. She needs 18 more.,A. True | B. False,A,True,,,
G3:S56-B1-Q3,S56-B1-Q3,1721,56,BACKWARD 1,3,2.OA.A.1,mc,A path is 80 ft long. Lu walked some of it and has 35 ft left. How far did she walk?,A. 35 ft | B. 45 ft | C. 55 ft | D. 115 ft,B,45 ft,,,
G3:S56-B1-Q4,S56-B1-Q4,1722,56,BACKWARD 1,4,2.OA.A.1,sa,A lot has some cars and 14 trucks. There are 40 vehicles in all. How many cars are there?,,,26,,,
G3:S56-B1-Q5,S56-B1-Q5,1723,56,BACKWARD 1,5,2.OA.A.1,tf,"A tape is 60 cm long. 25 cm are used, so 45 cm are left.",A. True | B. False,B,False,,,
G3:S56-B2-Q1,S56-B2-Q1,1725,56,BACKWARD 2,1,1.OA.D.8,sa,Find the unknown number. 12 + ? = 20,,,8,,,
G3:S56-B2-Q2,S56-B2-Q2,1726,56,BACKWARD 2,2,1.OA.D.8,tf,"In ? + 9 = 15, the unknown number is 6.",A. True | B. False,A,True,,,
G3:S56-B2-Q3,S56-B2-Q3,1727,56,BACKWARD 2,3,1.OA.D.8,mc,18 = 10 + ?,A. 9 | B. 8 | C. 10 | D. 28,B,8,,,
G3:S56-B2-Q4,S56-B2-Q4,1728,56,BACKWARD 2,4,1.OA.D.8,sa,Find the unknown number. ? + 7 = 19,,,12,,,
G3:S56-B2-Q5,S56-B2-Q5,1729,56,BACKWARD 2,5,1.OA.D.8,tf,"In 11 + ? = 17, the unknown number is 5.",A. True | B. False,B,False,,,
G3:S56-F1-Q1,S56-F1-Q1,1731,56,FORWARD 1,1,4.MD.A.3,sa,A rectangle has a perimeter of 64 m and a length of 20 m. What is its width?,,,12 m,,,
G3:S56-F1-Q2,S56-F1-Q2,1732,56,FORWARD 1,2,4.MD.A.3,tf,A square with a perimeter of 96 in. has sides that are 24 in. long.,A. True | B. False,A,True,,,
G3:S56-F1-Q3,S56-F1-Q3,1733,56,FORWARD 1,3,4.MD.A.3,mc,A rectangle has a perimeter of 50 ft and a width of 9 ft. What is its length?,A. 32 ft | B. 25 ft | C. 41 ft | D. 16 ft,D,16 ft,,,
G3:S56-F1-Q4,S56-F1-Q4,1734,56,FORWARD 1,4,4.MD.A.3,sa,A rectangular garden has a perimeter of 100 yd. Its length is 30 yd. Write an equation with a letter for the width. Then solve it.,,,2 × 30 + 2 × w = 100; w = 20 yd,,,Any equivalent equation with a letter (such as 100 = 2 × (30 + w)) is correct. Both parts are required.
G3:S56-F1-Q5,S56-F1-Q5,1735,56,FORWARD 1,5,4.MD.A.3,tf,A rectangle with a perimeter of 44 cm and a length of 15 cm has a width of 14 cm.,A. True | B. False,B,False,,,
G3:S56-F2-Q1,S56-F2-Q1,1737,56,FORWARD 2,1,5.NF.A.2,sa,A triangle has a perimeter of 3 ft. Two of its sides are 3/4 ft and 1 1/4 ft. How long is the third side?,,,1 foot,,,
G3:S56-F2-Q2,S56-F2-Q2,1738,56,FORWARD 2,2,5.NF.A.2,tf,A square with a perimeter of 5 m has sides that are 1 1/4 m long.,A. True | B. False,A,True,,,
G3:S56-F2-Q3,S56-F2-Q3,1739,56,FORWARD 2,3,5.NF.A.2,mc,A rectangle has a perimeter of 6 in. and a length of 1 3/4 in. What is its width?,A. 4 1/4 in. | B. 3 1/4 in. | C. 1 1/4 in. | D. 2 1/2 in.,C,1 1/4 in.,,,
G3:S56-F2-Q4,S56-F2-Q4,1740,56,FORWARD 2,4,5.NF.A.2,sa,A rectangle has a perimeter of 4 yd and a width of 2/3 yd. What is its length?,,,1 1/3 yards,,,4/3 yards is also correct.
G3:S56-F2-Q5,S56-F2-Q5,1741,56,FORWARD 2,5,5.NF.A.2,tf,A square with a perimeter of 2 m has sides that are 1/4 m long.,A. True | B. False,B,False,,,
G3:S57-M-Q1,S57-M-Q1,1744,57,MAIN,1,3.MD.D.8,plot_text,Draw two different rectangles on the grid that each have a perimeter of 12 units. What is the area of each rectangle?,,,"For example, 2 by 4: 8 square units; 1 by 5: 5 square units","Two different rectangles with a perimeter of 12 units each (from 1 by 5, 2 by 4, and 3 by 3)",,"Grade both: two different rectangles with perimeter 12, and their correct areas (1 by 5 = 5, 2 by 4 = 8, 3 by 3 = 9 square units)."
G3:S57-M-Q2,S57-M-Q2,1745,57,MAIN,2,3.MD.D.8,mc,Which rectangle has the same area as a 4-by-6 rectangle but a different perimeter?,A. 2 by 10 | B. 3 by 8 | C. 4 by 5 | D. 5 by 5,B,3 by 8,,,
G3:S57-M-Q3,S57-M-Q3,1746,57,MAIN,3,3.MD.D.8,tf,A 2-by-6 rectangle and a 3-by-4 rectangle have the same area but different perimeters.,A. True | B. False,A,True,,,
G3:S57-M-Q4,S57-M-Q4,1747,57,MAIN,4,3.MD.D.8,sa,A 1-by-8 rectangle and a 2-by-4 rectangle both have an area of 8 square units. Find the perimeter of each.,,,18 units; 12 units,,,Both parts are required.
G3:S57-M-Q5,S57-M-Q5,1748,57,MAIN,5,3.MD.D.8,tf,Two rectangles with the same perimeter always have the same area.,A. True | B. False,B,False,,,
G3:S57-B1-Q1,S57-B1-Q1,1750,57,BACKWARD 1,1,2.G.A.1,plot,Draw a rectangle on the grid.,,,A closed 4-sided shape with 4 square corners,,,
G3:S57-B1-Q2,S57-B1-Q2,1751,57,BACKWARD 1,2,2.G.A.1,tf,A rectangle has 4 sides and 4 corners.,A. True | B. False,A,True,,,
G3:S57-B1-Q3,S57-B1-Q3,1752,57,BACKWARD 1,3,2.G.A.1,mc,"Which shape has 4 sides, with opposite sides the same length, and 4 square corners?",A. Triangle | B. Rectangle | C. Hexagon | D. Pentagon,B,Rectangle,,,
G3:S57-B1-Q4,S57-B1-Q4,1753,57,BACKWARD 1,4,2.G.A.1,sa,How many sides does a rectangle have?,,,4,,,
G3:S57-B1-Q5,S57-B1-Q5,1754,57,BACKWARD 1,5,2.G.A.1,tf,A rectangle has 3 corners.,A. True | B. False,B,False,,,
G3:S57-B2-Q1,S57-B2-Q1,1756,57,BACKWARD 2,1,2.OA.C.4,sa,An array has 2 rows of 6 dots. Another array has 3 rows of 4 dots. How many dots does each array have?,,,12; 12,,,Both parts are required.
G3:S57-B2-Q2,S57-B2-Q2,1757,57,BACKWARD 2,2,2.OA.C.4,tf,An array of 4 rows of 5 and an array of 5 rows of 4 have the same number of dots.,A. True | B. False,A,True,,,
G3:S57-B2-Q3,S57-B2-Q3,1758,57,BACKWARD 2,3,2.OA.C.4,mc,Which array has 10 dots?,A. 2 rows of 5 | B. 3 rows of 3 | C. 4 rows of 3 | D. 2 rows of 4,A,2 rows of 5,,,
G3:S57-B2-Q4,S57-B2-Q4,1759,57,BACKWARD 2,4,2.OA.C.4,sa,How many dots are in 3 rows of 5?,,,15,,,
G3:S57-B2-Q5,S57-B2-Q5,1760,57,BACKWARD 2,5,2.OA.C.4,tf,An array of 2 rows of 3 and an array of 3 rows of 3 have the same number of dots.,A. True | B. False,B,False,,,
G3:S57-F1-Q1,S57-F1-Q1,1762,57,FORWARD 1,1,4.MD.A.3,sa,A rectangle is 10 m by 6 m. Find its area and its perimeter.,,,60 square meters; 32 m,,,Both parts are required.
G3:S57-F1-Q2,S57-F1-Q2,1763,57,FORWARD 1,2,4.MD.A.3,tf,A 9-by-4 rectangle and a 12-by-3 rectangle have the same area.,A. True | B. False,A,True,,,
G3:S57-F1-Q3,S57-F1-Q3,1764,57,FORWARD 1,3,4.MD.A.3,mc,Which rectangle has a perimeter of 30 ft and an area of 50 square feet?,A. 15 ft by 2 ft | B. 25 ft by 2 ft | C. 6 ft by 9 ft | D. 10 ft by 5 ft,D,10 ft by 5 ft,,,
G3:S57-F1-Q4,S57-F1-Q4,1765,57,FORWARD 1,4,4.MD.A.3,sa,A 2-by-10 rectangle and a 6-by-6 square both have a perimeter of 24 cm. Which has the greater area?,,,The 6-by-6 square,,,6 by 6 has an area of 36 square cm and 2 by 10 has 20 square cm.
G3:S57-F1-Q5,S57-F1-Q5,1766,57,FORWARD 1,5,4.MD.A.3,tf,A 7-by-7 square and an 8-by-6 rectangle have the same perimeter and the same area.,A. True | B. False,B,False,,,
G3:S57-F2-Q1,S57-F2-Q1,1768,57,FORWARD 2,1,5.MD.C.5.b,sa,Give the dimensions of two different prisms that each have a volume of 24 cubic units.,,,2 by 3 by 4; 1 by 4 by 6,,,Any two different sets of whole-number dimensions with a product of 24 are correct.
G3:S57-F2-Q2,S57-F2-Q2,1769,57,FORWARD 2,2,5.MD.C.5.b,tf,A 2-by-2-by-6 prism and a 3-by-4-by-2 prism have the same volume.,A. True | B. False,A,True,,,
G3:S57-F2-Q3,S57-F2-Q3,1770,57,FORWARD 2,3,5.MD.C.5.b,mc,Which prism has a volume of 36 cubic units?,A. 6 by 6 by 2 | B. 2 by 2 by 8 | C. 3 by 4 by 4 | D. 3 by 3 by 4,D,3 by 3 by 4,,,
G3:S57-F2-Q4,S57-F2-Q4,1771,57,FORWARD 2,4,5.MD.C.5.b,sa,A box is 5 by 2 by 3. Another box is 3 by 2 by ? and has the same volume. What is the missing dimension?,,,5,,,
G3:S57-F2-Q5,S57-F2-Q5,1772,57,FORWARD 2,5,5.MD.C.5.b,tf,A 1-by-1-by-10 prism and a 2-by-2-by-2 prism have the same volume.,A. True | B. False,B,False,,,
G3:S58-M-Q1,S58-M-Q1,1775,58,MAIN,1,3.G.A.1,mc,"What do a rhombus, a rectangle, and a square always have in common?",A. They all have 4 sides. | B. They all have 4 square corners. | C. They all have 4 sides of equal length. | D. They all have 3 sides.,A,They all have 4 sides.,,,
G3:S58-M-Q2,S58-M-Q2,1776,58,MAIN,2,3.G.A.1,tf,A trapezoid and a square are both quadrilaterals.,A. True | B. False,A,True,,,
G3:S58-M-Q3,S58-M-Q3,1777,58,MAIN,3,3.G.A.1,sa,A closed shape has 4 straight sides and 4 angles. What category does it belong to?,,,Quadrilaterals,,,"""Quadrilateral"" is also correct."
G3:S58-M-Q4,S58-M-Q4,1778,58,MAIN,4,3.G.A.1,sa,"Name an attribute that every rectangle and every square share, and an attribute that a square must have but a rectangle might not.",,,4 square corners; 4 sides of equal length,,,"Any correct shared attribute (4 sides, 4 square corners, opposite sides of equal length) is correct for the first part. The second part must be 4 sides of equal length. Both parts are required."
G3:S58-M-Q5,S58-M-Q5,1779,58,MAIN,5,3.G.A.1,tf,A triangle is a quadrilateral because it has straight sides.,A. True | B. False,B,False,,,
G3:S58-B1-Q1,S58-B1-Q1,1781,58,BACKWARD 1,1,2.G.A.1,sa,How many sides does a hexagon have?,,,6,,,
G3:S58-B1-Q2,S58-B1-Q2,1782,58,BACKWARD 1,2,2.G.A.1,tf,A quadrilateral has 4 sides.,A. True | B. False,A,True,,,
G3:S58-B1-Q3,S58-B1-Q3,1783,58,BACKWARD 1,3,2.G.A.1,mc,Which shape has 5 angles?,A. Triangle | B. Quadrilateral | C. Hexagon | D. Pentagon,D,Pentagon,,,
G3:S58-B1-Q4,S58-B1-Q4,1784,58,BACKWARD 1,4,2.G.A.1,sa,What is a closed shape with 3 straight sides called?,,,Triangle,,,
G3:S58-B1-Q5,S58-B1-Q5,1785,58,BACKWARD 1,5,2.G.A.1,tf,A pentagon has 6 sides.,A. True | B. False,B,False,,,
G3:S58-B2-Q1,S58-B2-Q1,1787,58,BACKWARD 2,1,1.G.A.1,tf,A square can be any color and still be a square.,A. True | B. False,A,True,,,
G3:S58-B2-Q2,S58-B2-Q2,1788,58,BACKWARD 2,2,1.G.A.1,mc,Which is a defining attribute of a triangle?,A. It has 3 sides. | B. It is red. | C. It is big. | D. It points up.,A,It has 3 sides.,,,
G3:S58-B2-Q3,S58-B2-Q3,1789,58,BACKWARD 2,3,1.G.A.1,sa,Is size a defining attribute of a rectangle?,,,No,,,
G3:S58-B2-Q4,S58-B2-Q4,1790,58,BACKWARD 2,4,1.G.A.1,sa,A closed shape has 4 straight sides. Name one shape it could be.,,,A square,,,"Any quadrilateral (rectangle, rhombus, trapezoid, and so on) is correct."
G3:S58-B2-Q5,S58-B2-Q5,1791,58,BACKWARD 2,5,1.G.A.1,tf,A shape must be blue to be a hexagon.,A. True | B. False,B,False,,,
G3:S58-F1-Q1,S58-F1-Q1,1793,58,FORWARD 1,1,4.G.A.2,sa,A quadrilateral has exactly one pair of parallel sides. What is it called?,,,Trapezoid,,,
G3:S58-F1-Q2,S58-F1-Q2,1794,58,FORWARD 1,2,4.G.A.2,tf,A rectangle has two pairs of parallel sides.,A. True | B. False,A,True,,,
G3:S58-F1-Q3,S58-F1-Q3,1795,58,FORWARD 1,3,4.G.A.2,mc,Which shape must have four right angles?,A. Rhombus | B. Parallelogram | C. Square | D. Trapezoid,C,Square,,,
G3:S58-F1-Q4,S58-F1-Q4,1796,58,FORWARD 1,4,4.G.A.2,sa,Name a quadrilateral that has two pairs of parallel sides and no right angles.,,,A rhombus that is not a square,,,Any parallelogram that is not a rectangle is correct. A square or a rectangle is not correct.
G3:S58-F1-Q5,S58-F1-Q5,1797,58,FORWARD 1,5,4.G.A.2,tf,Every quadrilateral has at least one pair of parallel sides.,A. True | B. False,B,False,,,
G3:S58-F2-Q1,S58-F2-Q1,1799,58,FORWARD 2,1,5.G.B.3,tf,"All rectangles have 4 right angles, and every square is a rectangle, so every square has 4 right angles.",A. True | B. False,A,True,,,
G3:S58-F2-Q2,S58-F2-Q2,1800,58,FORWARD 2,2,5.G.B.3,mc,A shape is a square. Which statement must be true?,A. It has 5 sides. | B. It is a rectangle. | C. It has exactly one pair of parallel sides. | D. It is a triangle.,B,It is a rectangle.,,,
G3:S58-F2-Q3,S58-F2-Q3,1801,58,FORWARD 2,3,5.G.B.3,sa,Every parallelogram has opposite sides of equal length. A rhombus is a parallelogram. What must be true about the opposite sides of a rhombus?,,,They are equal in length.,,,
G3:S58-F2-Q4,S58-F2-Q4,1802,58,FORWARD 2,4,5.G.B.3,sa,Does every rectangle have 4 sides? Explain using categories.,,,Yes,,,"A rectangle is a quadrilateral, and every quadrilateral has 4 sides. Both parts are required."
G3:S58-F2-Q5,S58-F2-Q5,1803,58,FORWARD 2,5,5.G.B.3,tf,Every rhombus is a square.,A. True | B. False,B,False,,,
G3:S59-M-Q1,S59-M-Q1,1806,59,MAIN,1,3.G.A.1,plot_text,"Draw a quadrilateral that is not a rhombus, not a rectangle, and not a square. What makes your shape a quadrilateral?",,,It is a closed shape with 4 straight sides and 4 angles.,"Any closed shape with 4 straight sides that does not have 4 equal sides and does not have 4 square corners (for example a trapezoid with exactly one pair of parallel sides, or a kite)",,"Grade both: a quadrilateral that is not a rhombus, rectangle, or square, and the reason. A rhombus, rectangle, or square is not correct."
G3:S59-M-Q2,S59-M-Q2,1807,59,MAIN,2,3.G.A.1,mc,"Which shape is a quadrilateral but is NOT a rhombus, a rectangle, or a square?",A. A square | B. A rhombus | C. A rectangle whose length and width are different | D. A trapezoid with exactly one pair of parallel sides,D,A trapezoid with exactly one pair of parallel sides,,,
G3:S59-M-Q3,S59-M-Q3,1808,59,MAIN,3,3.G.A.1,tf,"A square is a rectangle, and it is also a rhombus.",A. True | B. False,A,True,,,
G3:S59-M-Q4,S59-M-Q4,1809,59,MAIN,4,3.G.A.1,mc,A shape has 4 sides of equal length and no square corners. What is it?,A. A triangle | B. A rectangle whose length and width are different | C. A square | D. A rhombus that is not a square,D,A rhombus that is not a square,,,
G3:S59-M-Q5,S59-M-Q5,1810,59,MAIN,5,3.G.A.1,tf,Every quadrilateral is a rectangle.,A. True | B. False,B,False,,,
G3:S59-B1-Q1,S59-B1-Q1,1812,59,BACKWARD 1,1,2.G.A.1,plot,Draw a shape with 4 sides.,,,Any closed shape with 4 straight sides,,,
G3:S59-B1-Q2,S59-B1-Q2,1813,59,BACKWARD 1,2,2.G.A.1,tf,A closed shape with 4 angles has 4 sides.,A. True | B. False,A,True,,,
G3:S59-B1-Q3,S59-B1-Q3,1814,59,BACKWARD 1,3,2.G.A.1,mc,Which shape has 4 sides?,A. Triangle | B. Quadrilateral | C. Pentagon | D. Hexagon,B,Quadrilateral,,,
G3:S59-B1-Q4,S59-B1-Q4,1815,59,BACKWARD 1,4,2.G.A.1,plot,Draw a shape with 3 angles.,,,Any closed shape with 3 straight sides and 3 angles,,,
G3:S59-B1-Q5,S59-B1-Q5,1816,59,BACKWARD 1,5,2.G.A.1,tf,A closed shape with 5 sides has 4 angles.,A. True | B. False,B,False,,,
G3:S59-B2-Q1,S59-B2-Q1,1818,59,BACKWARD 2,1,1.G.A.1,tf,A square has 4 sides of equal length.,A. True | B. False,A,True,,,
G3:S59-B2-Q2,S59-B2-Q2,1819,59,BACKWARD 2,2,1.G.A.1,sa,How many square corners does a rectangle have?,,,4,,,
G3:S59-B2-Q3,S59-B2-Q3,1820,59,BACKWARD 2,3,1.G.A.1,mc,Which shape always has 4 square corners?,A. Rectangle | B. Triangle | C. Hexagon | D. Circle,A,Rectangle,,,
G3:S59-B2-Q4,S59-B2-Q4,1821,59,BACKWARD 2,4,1.G.A.1,sa,Is a rectangle that is turned on its corner still a rectangle?,,,Yes,,,
G3:S59-B2-Q5,S59-B2-Q5,1822,59,BACKWARD 2,5,1.G.A.1,tf,A rectangle must have 4 sides of equal length.,A. True | B. False,B,False,,,
G3:S59-F1-Q1,S59-F1-Q1,1824,59,FORWARD 1,1,4.G.A.1,plot_text,Draw a quadrilateral with exactly one pair of parallel sides. What is it called?,,,Trapezoid,A quadrilateral with exactly one pair of parallel sides,,"Grade both: the quadrilateral with exactly one pair of parallel sides, and its name."
G3:S59-F1-Q2,S59-F1-Q2,1825,59,FORWARD 1,2,4.G.A.1,tf,"A rectangle has 4 right angles, so the sides that meet at each corner are perpendicular.",A. True | B. False,A,True,,,
G3:S59-F1-Q3,S59-F1-Q3,1826,59,FORWARD 1,3,4.G.A.1,mc,Which quadrilateral always has perpendicular sides?,A. A trapezoid with no right angles | B. A parallelogram with no right angles | C. A rectangle | D. A rhombus that is not a square,C,A rectangle,,,
G3:S59-F1-Q4,S59-F1-Q4,1827,59,FORWARD 1,4,4.G.A.1,sa,How many pairs of parallel sides does a square have?,,,2,,,
G3:S59-F1-Q5,S59-F1-Q5,1828,59,FORWARD 1,5,4.G.A.1,tf,A rhombus that is not a square has perpendicular sides.,A. True | B. False,B,False,,,
G3:S59-F2-Q1,S59-F2-Q1,1830,59,FORWARD 2,1,5.G.B.4,mc,Which list goes from the most general category to the most specific?,"A. Square, rectangle, parallelogram, quadrilateral | B. Parallelogram, square, quadrilateral, rectangle | C. Quadrilateral, parallelogram, rectangle, square | D. Rectangle, quadrilateral, square, parallelogram",C,"Quadrilateral, parallelogram, rectangle, square",,,
G3:S59-F2-Q2,S59-F2-Q2,1831,59,FORWARD 2,2,5.G.B.4,tf,Every square is a rhombus.,A. True | B. False,A,True,,,
G3:S59-F2-Q3,S59-F2-Q3,1832,59,FORWARD 2,3,5.G.B.4,sa,"Which of these categories does every square belong to? quadrilateral, parallelogram, rectangle, rhombus",,,"All four: quadrilateral, parallelogram, rectangle, and rhombus",,,All four are required.
G3:S59-F2-Q4,S59-F2-Q4,1833,59,FORWARD 2,4,5.G.B.4,tf,Every rectangle is a square.,A. True | B. False,B,False,,,
G3:S59-F2-Q5,S59-F2-Q5,1834,59,FORWARD 2,5,5.G.B.4,mc,A parallelogram has 4 right angles and 4 sides of equal length. What is its most specific name?,A. Rhombus | B. Quadrilateral | C. Rectangle | D. Square,D,Square,,,
G3:S60-M-Q1,S60-M-Q1,1837,60,MAIN,1,3.G.A.2,plot,Draw lines to split the rectangle into 4 parts with equal areas.,,,"Lines that split the rectangle into 4 parts of equal area (for example 3 lines from top to bottom 2 units apart, or one line across and one line down through the middle)",,,
G3:S60-M-Q2,S60-M-Q2,1838,60,MAIN,2,3.G.A.2,plot,Draw lines to split the square into 3 parts with equal areas.,,,"Two lines that split the square into 3 parts of equal area (for example 2 lines from top to bottom, 2 units apart)",,,
G3:S60-M-Q3,S60-M-Q3,1839,60,MAIN,3,3.G.A.2,mc,Which line always splits a rectangle into 2 parts with equal areas?,"A. A line from a corner to the middle of the opposite side | B. Any line that crosses the rectangle | C. A line through the middle from one long side to the opposite long side, parallel to the short sides | D. A line close to one end",C,"A line through the middle from one long side to the opposite long side, parallel to the short sides",,,
G3:S60-M-Q4,S60-M-Q4,1840,60,MAIN,4,3.G.A.2,tf,One diagonal splits a square into 2 triangles with equal areas.,A. True | B. False,A,True,,,
G3:S60-M-Q5,S60-M-Q5,1841,60,MAIN,5,3.G.A.2,tf,"If a rectangle is split into 4 parts, the parts always have equal areas.",A. True | B. False,B,False,,,
G3:S60-B1-Q1,S60-B1-Q1,1843,60,BACKWARD 1,1,2.G.A.3,plot,Draw a line to split the rectangle into 2 equal shares.,,,One line that splits the rectangle into 2 equal shares (halves),,,
G3:S60-B1-Q2,S60-B1-Q2,1844,60,BACKWARD 1,2,2.G.A.3,tf,A rectangle can be split into 3 equal shares called thirds.,A. True | B. False,A,True,,,
G3:S60-B1-Q3,S60-B1-Q3,1845,60,BACKWARD 1,3,2.G.A.3,mc,How many equal shares are there when a shape is split into halves?,A. 2 | B. 3 | C. 1 | D. 4,A,2,,,
G3:S60-B1-Q4,S60-B1-Q4,1846,60,BACKWARD 1,4,2.G.A.3,plot,Draw lines to split the square into 4 equal shares.,,,Lines that split the square into 4 equal shares (fourths),,,
G3:S60-B1-Q5,S60-B1-Q5,1847,60,BACKWARD 1,5,2.G.A.3,tf,Two shares of different sizes are halves.,A. True | B. False,B,False,,,
G3:S60-B2-Q1,S60-B2-Q1,1849,60,BACKWARD 2,1,2.G.A.2,plot,Draw lines to split the square into 3 rows of 3 same-size squares.,,,"Two lines across and two lines from top to bottom, making 3 rows of 3 same-size squares",,,
G3:S60-B2-Q2,S60-B2-Q2,1850,60,BACKWARD 2,2,2.G.A.2,tf,Splitting a square into 2 rows of 2 same-size squares makes 4 squares.,A. True | B. False,A,True,,,
G3:S60-B2-Q3,S60-B2-Q3,1851,60,BACKWARD 2,3,2.G.A.2,mc,A rectangle is split into 1 row of 4 same-size squares. How many squares are there?,A. 4 | B. 8 | C. 1 | D. 5,A,4,,,
G3:S60-B2-Q4,S60-B2-Q4,1852,60,BACKWARD 2,4,2.G.A.2,sa,A rectangle is split into 2 rows of 3 same-size squares. How many squares are there?,,,6,,,
G3:S60-B2-Q5,S60-B2-Q5,1853,60,BACKWARD 2,5,2.G.A.2,tf,A rectangle split into 3 rows of 2 same-size squares has 5 squares.,A. True | B. False,B,False,,,
G3:S60-F1-Q1,S60-F1-Q1,1855,60,FORWARD 1,1,4.G.A.3,plot,Draw all the lines of symmetry of the rectangle.,,,"Two lines: one vertical line and one horizontal line, each through the middle",,,
G3:S60-F1-Q2,S60-F1-Q2,1856,60,FORWARD 1,2,4.G.A.3,tf,A line of symmetry splits a figure into two matching parts.,A. True | B. False,A,True,,,
G3:S60-F1-Q3,S60-F1-Q3,1857,60,FORWARD 1,3,4.G.A.3,mc,How many lines of symmetry does a square have?,A. 2 | B. 1 | C. 4 | D. 0,C,4,,,
G3:S60-F1-Q4,S60-F1-Q4,1858,60,FORWARD 1,4,4.G.A.3,sa,How many lines of symmetry does a triangle with three sides of equal length have?,,,3,,,
G3:S60-F1-Q5,S60-F1-Q5,1859,60,FORWARD 1,5,4.G.A.3,tf,Every line that splits a rectangle into two parts with equal areas is a line of symmetry.,A. True | B. False,B,False,,,
G3:S60-F2-Q1,S60-F2-Q1,1861,60,FORWARD 2,1,5.NF.B.4.b,sa,A square with an area of 1 square unit is split into 4 equal small squares. What is the area of each small square?,,,1/4 square unit,,,
G3:S60-F2-Q2,S60-F2-Q2,1862,60,FORWARD 2,2,5.NF.B.4.b,tf,A rectangle 1/2 unit by 1/3 unit has an area of 1/6 square unit.,A. True | B. False,A,True,,,
G3:S60-F2-Q3,S60-F2-Q3,1863,60,FORWARD 2,3,5.NF.B.4.b,mc,A unit square is split into 3 equal columns and 2 equal rows. What is the area of each small rectangle?,A. 1/5 square unit | B. 1/6 square unit | C. 1/3 square unit | D. 6 square units,B,1/6 square unit,,,
G3:S60-F2-Q4,S60-F2-Q4,1864,60,FORWARD 2,4,5.NF.B.4.b,sa,A rectangle 3/4 unit by 1/2 unit is tiled with rectangles that are 1/4 unit by 1/2 unit. How many tiles fit? What is the area of the rectangle?,,,3; 3/8 square unit,,,Both parts are required.
G3:S60-F2-Q5,S60-F2-Q5,1865,60,FORWARD 2,5,5.NF.B.4.b,tf,A unit square split into 8 equal parts has parts with an area of 1/4 square unit each.,A. True | B. False,B,False,,,
G3:S61-M-Q1,S61-M-Q1,1868,61,MAIN,1,3.G.A.2,sa,The rectangle is split into parts with equal areas. What fraction of the whole area is each part?,,,1/4,,,
G3:S61-M-Q2,S61-M-Q2,1869,61,MAIN,2,3.G.A.2,mc,A circle is split into 8 parts with equal areas. What fraction of the area is one part?,A. 7/8 | B. 1/7 | C. 1/8 | D. 8/1,C,1/8,,,
G3:S61-M-Q3,S61-M-Q3,1870,61,MAIN,3,3.G.A.2,tf,"If a hexagon is split into 6 parts with equal areas, each part is 1/6 of the area of the hexagon.",A. True | B. False,A,True,,,
G3:S61-M-Q4,S61-M-Q4,1871,61,MAIN,4,3.G.A.2,plot_text,Split the square into 2 parts with equal areas. What fraction of the area of the square is each part?,,,1/2,One line that splits the square into 2 parts with equal areas,,"Grade both: a split into 2 equal-area parts, and 1/2."
G3:S61-M-Q5,S61-M-Q5,1872,61,MAIN,5,3.G.A.2,tf,A rectangle split into 3 parts with equal areas has parts that are each 1/4 of the area.,A. True | B. False,B,False,,,
G3:S61-B1-Q1,S61-B1-Q1,1874,61,BACKWARD 1,1,2.G.A.3,sa,A circle is split into 4 equal shares. What is one share called?,,,A fourth,,,"""A quarter"" is also correct."
G3:S61-B1-Q2,S61-B1-Q2,1875,61,BACKWARD 1,2,2.G.A.3,tf,One of 2 equal shares is called a half.,A. True | B. False,A,True,,,
G3:S61-B1-Q3,S61-B1-Q3,1876,61,BACKWARD 1,3,2.G.A.3,mc,A rectangle is split into 3 equal shares. What is one share called?,A. A fourth | B. A third | C. A whole | D. A half,B,A third,,,
G3:S61-B1-Q4,S61-B1-Q4,1877,61,BACKWARD 1,4,2.G.A.3,sa,A shape is split into 2 equal shares. What do the 2 shares make together?,,,The whole,,,"""Two halves"" is also correct."
G3:S61-B1-Q5,S61-B1-Q5,1878,61,BACKWARD 1,5,2.G.A.3,tf,One of 4 equal shares is called a third.,A. True | B. False,B,False,,,
G3:S61-B2-Q1,S61-B2-Q1,1880,61,BACKWARD 2,1,1.G.A.3,sa,A square is cut into 4 equal parts. What is one part called?,,,A quarter,,,"""A fourth"" is also correct."
G3:S61-B2-Q2,S61-B2-Q2,1881,61,BACKWARD 2,2,1.G.A.3,tf,Two halves make a whole.,A. True | B. False,A,True,,,
G3:S61-B2-Q3,S61-B2-Q3,1882,61,BACKWARD 2,3,1.G.A.3,mc,A pizza is cut into 2 equal parts. What is each part called?,A. A quarter | B. A third | C. A half | D. A whole,C,A half,,,
G3:S61-B2-Q4,S61-B2-Q4,1883,61,BACKWARD 2,4,1.G.A.3,sa,How many halves are in one whole?,,,2,,,
G3:S61-B2-Q5,S61-B2-Q5,1884,61,BACKWARD 2,5,1.G.A.3,tf,One of 4 equal parts is called a half.,A. True | B. False,B,False,,,
G3:S61-F1-Q1,S61-F1-Q1,1886,61,FORWARD 1,1,4.NF.B.3.a,sa,A rectangle is split into 6 equal parts. 2 parts are red and 3 parts are blue. What fraction of the rectangle is red or blue?,,,5/6,,,
G3:S61-F1-Q2,S61-F1-Q2,1887,61,FORWARD 1,2,4.NF.B.3.a,tf,2/8 + 3/8 means joining 2 eighths and 3 eighths of the same whole.,A. True | B. False,A,True,,,
G3:S61-F1-Q3,S61-F1-Q3,1888,61,FORWARD 1,3,4.NF.B.3.a,mc,"A square is split into 4 equal parts. 1 part is shaded, and then 2 more parts are shaded. Which equation shows the shaded fraction?",A. 1/4 + 2/4 = 2/4 | B. 1/4 + 2/4 = 3/8 | C. 1/4 + 2/4 = 3/4 | D. 1/2 + 2/4 = 3/4,C,1/4 + 2/4 = 3/4,,,
G3:S61-F1-Q4,S61-F1-Q4,1889,61,FORWARD 1,4,4.NF.B.3.a,sa,A pie is cut into 8 equal pieces. 3 pieces are eaten. What fraction of the pie is left?,,,5/8,,,
G3:S61-F1-Q5,S61-F1-Q5,1890,61,FORWARD 1,5,4.NF.B.3.a,tf,1/3 + 1/3 = 2/6,A. True | B. False,B,False,,,
G3:S61-F2-Q1,S61-F2-Q1,1892,61,FORWARD 2,1,5.NF.A.2,sa,1/2 of a garden is corn and 1/3 of it is beans. What fraction of the garden is corn or beans?,,,5/6,,,
G3:S61-F2-Q2,S61-F2-Q2,1893,61,FORWARD 2,2,5.NF.A.2,tf,1/4 of a field is grass and 1/2 is dirt. Together they are 3/4 of the field.,A. True | B. False,A,True,,,
G3:S61-F2-Q3,S61-F2-Q3,1894,61,FORWARD 2,3,5.NF.A.2,mc,A flag is 1/3 red and 1/6 white. What fraction of the flag is red or white?,A. 1/18 | B. 1/2 | C. 2/6 | D. 2/9,B,1/2,,,
G3:S61-F2-Q4,S61-F2-Q4,1895,61,FORWARD 2,4,5.NF.A.2,sa,A cake is 3/8 chocolate and 1/4 vanilla. What fraction of the cake is chocolate or vanilla?,,,5/8,,,
G3:S61-F2-Q5,S61-F2-Q5,1896,61,FORWARD 2,5,5.NF.A.2,tf,1/2 of a wall is blue and 1/3 is green. The rest of the wall is 1/5 of it.,A. True | B. False,B,False,,,
